478 1593 5.60164 -6.23829 -28.7657 -2.49896 0.0177646 -0.0161511 -0.685554 -0.727625 
478 1599 4.84756 0.361125 -28.8183 -2.51488 0.00926808 0.00194804 -0.736564 -0.676302 
478 1605 5.45 3.5625 -28.9462 -2.69376 0.0509345 -0.00437073 -0.360356 -0.931413 
484 1581 4.75279 -19.4507 -20.4702 -6.88755 -0.0501964 0.0691755 -0.699717 -0.709289 
484 1587 5.96651 -13.3227 -20.8581 -6.8315 -0.0433419 0.0736925 -0.690637 -0.71813 
484 1593 6.25991 -6.92454 -21.4916 -6.9014 -0.0461877 0.0671462 -0.675342 -0.732988 
484 1599 5.68283 -0.335127 -21.6731 -6.76769 -0.0508789 0.0891585 -0.725364 -0.680668 
484 1605 5.59369 2.88403 -21.8789 -6.85952 -0.0403562 0.0472046 -0.348995 -0.935065 
484 1611 5.13902 3.21909 -25.3291 -7.39752 -0.0547707 0.00694724 0.0270108 -0.998109 
490 1577 5.71193 -25.8476 -11.7904 -3.76989 -0.0602837 0.0798107 -0.667043 -0.738275 
490 1583 5.27249 -19.6573 -12.7147 -3.98076 -0.0460444 0.0566738 -0.613968 -0.785946 
490 1589 6.89531 -13.3343 -13.6927 -4.23124 -0.0488101 0.063269 -0.612176 -0.786673 
490 1595 6.68118 -7.05849 -15.0961 -4.51929 -0.0457727 0.0533649 -0.6518 -0.755125 
490 1601 7.64507 -0.703094 -15.63 -4.65383 0.0168831 0.0999709 -0.598978 -0.794321 
490 1607 5.50431 0.47171 -16.4112 -4.79855 -0.0673187 0.00572989 -0.123601 -0.990029 
490 1613 5.2186 -0.0634687 -21.7483 -5.64146 -0.104673 -0.0163937 0.0998239 -0.989348 
490 1619 6.80857 -2.21668 -27.6396 -6.59572 -0.123691 -0.0101812 0.26217 -0.957008 
490 1811 5.22619 0.767845 -28.8138 -6.83122 0.0149718 0.100564 -0.872794 -0.477382 
496 1575 5.61077 -29.2775 -1.04401 -1.35512 -0.05022 0.0540627 -0.575927 -0.814164 
496 1581 6.36924 -22.9421 -2.78898 -1.68988 -0.0453931 0.045749 -0.598083 -0.798839 
496 1587 7.30412 -17.1272 -4.79707 -1.90955 -0.0386196 0.0488515 -0.588627 -0.806003 
496 1593 6.97013 -11.102 -7.07092 -2.23847 -0.0426167 0.0422498 -0.571341 -0.818516 
496 1599 6.17876 -4.78149 -8.99537 -2.40303 -0.0464155 0.0642869 -0.628202 -0.774 
496 1605 6.01238 -1.74107 -10.0582 -2.65521 -0.027297 0.0220087 -0.220585 -0.974737 
496 1611 5.55758 -2.35248 -13.4723 -3.04419 -0.0355179 -0.0121548 0.160987 -0.986242 
496 1617 6.90692 -5.06065 -19.2792 -3.93184 -0.0468484 -0.0130524 0.213495 -0.975733 
496 1623 7.1986 -9.16656 -24.0905 -4.3381 0.0955787 0.0294426 -0.37604 0.92119 
496 1640 6.26278 -9.66424 -27.0495 -4.72623 -0.0289211 0.0530867 -0.689315 -0.721935 
496 1646 6.84035 -5.24043 -28.4683 -4.99171 -0.0742 0.0483338 -0.396568 -0.913724 
496 1800 6.28078 -4.71942 -28.1617 -4.86768 0.0306104 0.0893835 -0.967333 0.235244 
496 1806 6.59643 -4.86279 -24.782 -4.40462 0.00200362 0.0419581 -0.993849 -0.102468 
496 1812 5.85545 -3.03387 -22.4245 -4.24331 0.00598401 0.0696403 -0.786999 -0.612982 
496 1818 6.17717 1.86772 -23.2641 -4.15453 -0.00619628 0.0517333 -0.59156 -0.804576 
496 1824 5.60972 7.89928 -25.2601 -4.29783 -0.0387608 0.0370707 -0.571501 -0.818847 
502 1575 6.30108 -29.6162 -0.270299 -0.360238 -0.0604448 0.0731327 -0.647196 -0.756397 
502 1581 6.99259 -22.9971 -0.843907 -0.487234 -0.0542723 0.0637724 -0.668228 -0.739229 
502 1587 7.97719 -16.9759 -1.70808 -0.615935 -0.0503788 0.0670721 -0.658892 -0.747546 
502 1593 7.92143 -10.5892 -2.88376 -0.834946 -0.0524975 0.0597441 -0.643592 -0.761225 
502 1599 6.51621 -4.03603 -3.60461 -0.864053 -0.056838 0.0823283 -0.695657 -0.711374 
502 1605 6.52588 -0.843468 -4.06291 -1.04985 -0.0445201 0.0376464 -0.308161 -0.949546 
502 1611 5.59229 -0.817614 -7.54669 -1.55271 -0.0545064 -0.00241277 0.0696471 -0.996079 
502 1617 6.84152 -2.35754 -13.7225 -2.7115 -0.0658765 -0.00805257 0.122809 -0.990209 
502 1623 6.7809 -5.50315 -19.1822 -3.41907 0.114137 0.0317836 -0.28884 0.950018 
502 1629 7.59122 -7.64287 -22.8676 -4.1791 -0.0129451 0.00683386 -0.0481317 -0.998734 
502 1635 7.39917 -7.70715 -22.7074 -4.11408 -0.0501723 0.0601953 -0.610068 -0.788464 
502 1641 6.65397 -4.46786 -22.1714 -3.99413 -0.0171772 0.104247 -0.717195 -0.688817 
502 1647 6.92281 -0.0305233 -23.3001 -4.28447 -0.0493997 0.0806542 -0.421457 -0.901903 
502 1653 5.02754 4.41117 -27.7673 -5.50102 -0.021985 0.0611606 -0.402644 -0.913047 
502 1792 5.76463 5.283 -28.056 -5.76884 0.0904109 -0.00582716 -0.891928 0.443008 
502 1798 6.58146 0.808236 -23.882 -4.42471 0.0814763 0.0307217 -0.952679 0.291241 
502 1804 6.82272 -1.04235 -20.1886 -3.698 0.0245847 -0.0295847 -0.995968 0.0810401 
502 1810 6.1537 -0.453267 -17.0493 -3.12525 0.00406241 0.103327 -0.922316 -0.372345 
502 1816 6.372 3.06366 -16.2259 -2.89954 -0.0417943 0.0603071 -0.704585 -0.705816 
502 1822 4.78109 9.38664 -16.9137 -2.96296 -0.0286073 0.0706106 -0.649205 -0.756789 
502 1828 5.44713 15.817 -18.1776 -2.98507 -0.0438751 0.0477688 -0.600003 -0.797364 
508 1575 6.04318 -29.6928 2.23807 -0.0715286 0.0222927 -0.000860033 -0.698586 -0.715179 
508 1581 7.58458 -23.1251 2.76724 -0.25271 0.0296449 -0.0143911 -0.713736 -0.699639 
508 1587 7.89665 -16.8702 2.63617 -0.177035 0.0367964 -0.00901238 -0.707043 -0.706155 
508 1593 7.48022 -10.4363 2.2595 -0.152123 0.0351895 -0.0141936 -0.691396 -0.721479 
508 1599 6.50726 -3.83865 2.34516 -0.0445223 0.0234364 0.000216715 -0.742657 -0.669262 
508 1605 6.23984 -0.595287 2.20317 -0.138284 0.0655141 0.00351765 -0.368126 -0.927458 
508 1611 5.70481 -0.137078 -1.2446 0.154639 0.0609738 0.00551328 0.00859156 -0.998087 
508 1617 7.12498 -0.943189 -7.63796 0.444456 0.0486483 0.00764624 0.061921 -0.996865 
508 1623 7.36189 -3.39474 -13.4582 1.03564 0.00299998 0.000703093 -0.231562 0.972815 
508 1629 7.83631 -5.02782 -17.4557 1.19593 0.100806 0.00680698 -0.108765 -0.98892 
508 1635 7.85079 -5.11813 -17.2986 1.21725 0.0404933 -0.00890335 -0.659677 -0.750405 
508 1641 7.34598 -1.95197 -16.3597 1.21739 0.0606163 0.0260894 -0.764735 -0.640956 
508 1647 7.18115 2.56152 -16.9836 1.13731 0.0524514 0.0327921 -0.482386 -0.873772 
508 1653 4.59789 7.57083 -21.0495 0.920993 0.0834603 0.0198617 -0.462157 -0.882638 
508 1659 4.63086 13.4098 -24.1868 0.656527 0.083368 0.0104584 -0.508602 -0.856892 
508 1797 7.14626 4.23261 -18.2828 1.0709 0.0552685 -0.0992669 -0.923387 0.366672 
508 1803 7.3666 1.46717 -14.989 1.08642 0.0175272 -0.0744567 -0.984421 0.158319 
508 1809 6.68194 1.16715 -11.1511 0.83332 0.0373 -0.0183172 -0.974433 -0.220803 
508 1815 5.79638 3.64122 -9.59316 0.78202 0.0183968 -0.0480423 -0.746807 -0.663048 
508 1821 5.5693 10.143 -9.42503 0.975781 0.0487335 -0.0202022 -0.719215 -0.692782 
508 1827 5.71395 16.4971 -9.65339 1.07287 0.0504556 -0.0127579 -0.674118 -0.736788 
508 1833 4.63856 23.2063 -9.74346 1.3613 0.0453006 -0.0250735 -0.718376 -0.693725 
514 1576 7.63526 -29.1037 4.66813 -0.68221 0.014793 0.0190671 -0.766707 -0.641543 
514 1582 8.16604 -22.7119 5.73506 -0.568795 0.0113936 0.0232738 -0.750267 -0.660627 
514 1588 8.60847 -16.4833 6.54932 -0.43988 0.0250424 0.00689059 -0.752976 -0.657535 
514 1594 8.37864 -9.97395 7.0718 -0.210105 0.0220164 0.015773 -0.755353 -0.654758 
514 1600 6.29638 -3.64337 8.23191 -0.0391395 0.0297141 0.0309893 -0.758011 -0.650827 
514 1606 7.39597 -1.49453 8.3476 -0.0228426 0.0223062 0.0161143 -0.353765 -0.934929 
514 1612 5.65333 -0.330026 3.86748 0.11261 0.0127108 0.00663588 -0.0321576 -0.99938 
514 1618 6.77311 -0.257319 -2.48527 0.118974 -0.0168759 0.0286315 0.049622 -0.998215 
514 1624 6.19453 -2.15454 -8.61218 0.333745 0.0117147 -0.0177098 -0.161749 0.986603 
514 1630 6.21966 -2.98073 -11.9053 0.199393 0.0860061 0.0351528 -0.284925 -0.954036 
514 1636 7.04764 -2.93375 -11.6454 0.192045 0.0349045 0.0241944 -0.781934 -0.621912 
514 1642 6.41583 0.93095 -9.91157 0.38759 0.0523828 0.0815908 -0.819489 -0.564834 
514 1648 6.80856 5.54877 -10.646 0.298184 0.0468651 0.0799803 -0.506851 -0.857035 
514 1654 5.68017 11.0657 -13.7591 -0.109822 0.0622486 0.0468694 -0.553835 -0.828972 
514 1792 5.76565 11.0193 -13.5616 -0.167157 0.0716052 -0.0845755 -0.818928 0.563096 
514 1798 6.5309 5.53834 -10.5656 0.293859 0.0731985 -0.0509543 -0.902468 0.421422 
514 1804 6.79686 2.75787 -7.42124 0.290098 0.044829 -0.11687 -0.968979 0.2131 
514 1810 6.12817 2.47799 -4.19865 0.289288 0.0459713 0.0291465 -0.968609 -0.242557 
514 1816 6.38477 5.64202 -2.44657 0.458265 0.0316739 0.00876566 -0.795059 -0.605641 
514 1822 4.77625 11.9127 -1.43245 0.659872 0.0454659 0.0258144 -0.747802 -0.661859 
514 1828 5.42389 18.4376 -0.923924 1.02365 0.035984 0.00686902 -0.702931 -0.710314 
520 1576 7.18187 -25.9262 -14.0968 3.06958 0.0180411 -0.0756993 -0.950124 -0.302006 
520 1582 7.801 -22.1461 -8.9716 2.01389 0.0157564 -0.0730446 -0.942306 -0.326307 
520 1588 8.02604 -18.3344 -4.15686 1.03909 0.0336268 -0.0831288 -0.943135 -0.320087 
520 1594 7.76592 -14.0179 0.77178 0.152558 0.027901 -0.0751499 -0.944799 -0.317693 
520 1600 6.31628 -10.3286 5.9312 -0.877178 0.0292745 -0.0589297 -0.947459 -0.313036 
520 1606 7.11019 -8.8374 7.49472 -1.2266 0.0733155 -0.0573992 -0.679833 -0.727432 
520 1612 5.73946 -4.89616 5.18305 -0.796817 0.0905073 -0.0473632 -0.407557 -0.907448 
520 1618 7.16986 -0.448388 0.709114 -0.0882628 0.0605526 -0.0321436 -0.332019 -0.940778 
520 1624 6.49107 2.53473 -4.8105 1.0743 -0.0715513 0.0296975 0.223684 0.971578 
520 1630 6.50318 4.29687 -7.73921 1.53984 0.130695 -0.012015 -0.629378 -0.765936 
520 1636 7.38465 4.12681 -7.5062 1.46896 0.0312475 -0.0640537 -0.958206 -0.27706 
520 1642 6.96848 5.71641 -3.56874 0.802553 0.0201231 0.000331945 -0.977159 -0.211556 
520 1648 7.07791 9.45273 -0.976056 0.0838828 0.0566351 0.00280141 -0.799363 -0.598166 
520 1654 5.83928 15.6035 0.567192 -0.828594 0.0753038 -0.0205027 -0.830301 -0.551824 
520 1796 6.63566 11.5643 -0.67924 -0.211718 0.0115373 -0.0855212 -0.625459 0.77547 
520 1802 7.65227 6.6746 -1.14826 0.21296 -0.00276188 -0.107748 -0.749209 0.653505 
520 1808 6.96131 3.29263 0.571707 0.028956 -0.0196072 -0.0580421 -0.940374 0.334579 
520 1814 7.45184 2.96319 3.1789 -0.450029 0.010908 -0.15858 -0.970504 -0.181258 
520 1820 5.55012 6.28592 8.19277 -1.2829 0.0331982 -0.088396 -0.942229 -0.321385 
520 1826 5.42252 10.227 13.2932 -2.20247 0.0430041 -0.0755846 -0.938416 -0.334386 
520 1832 4.77498 14.44 18.3329 -2.97383 0.0421967 -0.0750867 -0.954407 -0.285812 
526 1573 8.1467 -8.83978 -27.6574 4.13344 -0.0150645 -0.0525006 -0.99788 0.0353962 
526 1579 8.26399 -9.71613 -21.3302 3.14139 -0.0127314 -0.0375743 -0.997041 0.065843 
526 1585 7.84984 -10.2555 -15.1571 2.16908 0.0037014 -0.0571535 -0.9951 0.0805931 
526 1591 8.59718 -11.0568 -8.76789 1.18553 0.0064757 -0.065756 -0.996339 0.0542494 
526 1597 7.50381 -11.7047 -2.33431 0.264933 -0.00891673 -0.0559124 -0.991208 0.119583 
526 1603 6.77398 -12.5438 2.72062 -0.580561 0.0276061 -0.00313171 -0.985922 -0.164883 
526 1609 7.07064 -11.2222 3.42641 -0.721843 0.0114767 -0.106368 -0.80122 -0.588728 
526 1615 5.78355 -4.81938 4.15776 -0.622758 0.0567558 -0.0612975 -0.676877 -0.73134 
526 1621 7.30192 1.49041 3.13404 -0.3683 -0.0271432 0.0548915 0.562048 0.824835 
526 1627 6.14756 6.97863 1.27483 0.0355401 0.103375 0.00982514 -0.70257 -0.703997 
526 1633 6.18831 7.39075 1.14093 0.102515 0.0197182 -0.0774957 -0.975741 -0.203804 
526 1639 6.9911 6.77232 2.42362 -0.0942952 0.00860903 -0.133729 -0.960408 0.244251 
526 1645 5.56234 5.47521 6.90215 -0.843995 -0.0039999 -0.0935311 -0.993408 -0.0661565 
526 1651 5.84315 8.24465 12.3819 -2.08366 0.0390283 -0.020203 -0.952461 -0.301475 
526 1657 5.24997 10.9607 18.0865 -3.51584 0.0246975 -0.023463 -0.991222 -0.127743 
526 1793 5.62704 9.15885 14.0283 -2.49578 0.0229567 -0.0197692 -0.190586 0.981203 
526 1799 6.91382 5.84543 8.96889 -1.2785 -0.0128432 -0.0170767 -0.328391 0.9443 
526 1805 6.35683 2.784 6.78278 -0.824098 -0.0285605 -0.0487807 -0.541984 0.838486 
526 1811 5.70485 -0.314251 6.93035 -1.0356 -0.0190278 -0.00470099 -0.907392 0.419827 
526 1817 6.39952 -1.87613 10.9692 -1.45167 0.00567004 -0.036862 -0.993471 0.107818 
526 1823 5.32345 -2.69689 17.1019 -2.27224 0.0189685 -0.0492428 -0.99672 0.06135 
526 1829 5.08588 -3.06129 23.6784 -3.06437 0.0046691 -0.0504489 -0.996709 0.0632778 
532 1567 8.56515 -10.2268 -27.0972 2.4929 -0.0173073 -0.0204757 -0.999023 0.0351182 
532 1573 7.73073 -10.3614 -20.7845 1.90909 -0.0204054 -0.019794 -0.999589 -0.00374609 
532 1579 8.00174 -10.7113 -14.3832 1.31781 -0.0158145 -0.00433992 -0.999526 0.0260552 
532 1585 7.1224 -10.8085 -8.06334 0.756537 -0.0010204 -0.0249938 -0.998837 0.041218 
532 1591 7.69634 -11.106 -1.64057 0.183109 0.000418701 -0.0338786 -0.999316 0.0148313 
532 1597 6.91876 -11.2501 4.89063 -0.312326 -0.0123594 -0.022969 -0.996378 0.0809386 
532 1603 6.35949 -11.6362 10.0714 -0.821363 0.0182803 0.0270594 -0.978176 -0.205195 
532 1609 6.95398 -10.2722 10.6828 -0.907679 -0.0156928 -0.0830639 -0.780044 -0.619988 
532 1615 5.86289 -3.87696 10.8726 -0.939478 0.0266256 -0.0464363 -0.649484 -0.758488 
532 1621 7.24574 2.33294 9.31272 -0.759573 0.00391824 0.0422727 0.530709 0.84649 
532 1627 6.38808 7.66839 7.00355 -0.587858 0.0769537 0.0239177 -0.674202 -0.734138 
532 1633 6.63028 8.09396 6.82889 -0.567021 0.00535202 -0.0498398 -0.968887 -0.242374 
532 1639 7.19355 7.55645 8.18247 -0.612558 0.00496846 -0.100973 -0.973113 0.206954 
532 1645 5.56064 6.64423 12.8063 -1.04006 -0.0147021 -0.0610088 -0.992599 -0.10397 
532 1651 5.99432 9.77432 18.1215 -1.9372 0.0210714 0.00902178 -0.940334 -0.339481 
532 1657 5.2463 12.9395 23.7053 -3.01353 0.013286 0.00998474 -0.985814 -0.167014 
532 1793 5.77992 10.843 19.7614 -2.2448 0.0578815 -0.0072415 -0.229458 0.971569 
532 1799 7.18536 7.13465 14.8444 -1.35778 0.0154141 -0.000940712 -0.36571 0.930601 
532 1805 6.70799 3.91213 12.8918 -1.02427 -0.00610875 -0.0252422 -0.575923 0.817091 
532 1811 6.03854 1.07109 13.0567 -1.03188 -0.0139063 0.0314252 -0.919883 0.390685 
532 1817 6.30992 -0.396259 17.4532 -1.28957 0.00301283 -0.00459461 -0.99763 0.0685865 
532 1823 5.67145 -0.77718 23.6679 -1.79675 0.0123871 -0.0180872 -0.99953 0.0214086 
538 1561 7.93273 -12.1981 -26.2849 2.69528 -0.0251577 -0.0320497 -0.999131 0.00874635 
538 1567 8.54481 -12.1269 -19.8162 2.05201 -0.0128166 -0.0246669 -0.999575 -0.00879397 
538 1573 8.34851 -11.6952 -13.5183 1.39598 -0.0155399 -0.0232088 -0.998484 -0.0474249 
538 1579 8.39736 -11.5046 -7.0993 0.766231 -0.0110674 -0.00864738 -0.999754 -0.0171723 
538 1585 7.82785 -11.0146 -0.860341 0.140387 0.00364307 -0.0293895 -0.999559 -0.00239123 
538 1591 8.53631 -10.7402 5.63778 -0.481148 0.00518713 -0.0379021 -0.998853 -0.028812 
538 1597 7.47511 -10.309 12.1442 -1.03447 -0.00778947 -0.0271037 -0.998915 0.0370678 
538 1603 6.64747 -10.2825 17.3143 -1.5978 0.0251527 0.0228979 -0.968436 -0.24693 
538 1609 7.03942 -8.86202 17.8034 -1.68918 -0.012152 -0.0827629 -0.752198 -0.653606 
538 1615 5.73187 -2.43108 17.439 -1.55794 0.0326913 -0.0448244 -0.615311 -0.78633 
538 1621 7.30067 3.6164 15.3875 -1.35714 -0.000625579 0.039032 0.492907 0.869206 
538 1627 6.15524 8.72297 12.6238 -1.05906 0.0856077 0.0227622 -0.64099 -0.762421 
538 1633 6.18058 9.10858 12.4202 -0.999168 0.00967577 -0.0506001 -0.95726 -0.284604 
538 1639 7.01858 8.70828 13.7951 -1.12159 0.0066137 -0.107376 -0.9807 0.163262 
538 1645 5.54279 8.17984 18.4634 -1.61802 -0.0111843 -0.064604 -0.98676 -0.148344 
538 1651 5.84661 11.8237 23.4736 -2.5456 0.031042 0.0042225 -0.924223 -0.380566 
538 1792 5.75399 13.4878 25.8298 -3.15205 0.0492256 -0.0274698 -0.265593 0.962436 
538 1798 6.41959 9.59865 21.0535 -2.02765 0.0307805 -0.00992266 -0.421593 0.906208 
538 1804 6.81571 6.02026 18.8932 -1.70924 0.0567851 -0.0903736 -0.602299 0.791103 
538 1810 5.99814 2.8067 19.1813 -1.69285 -0.0171356 0.00179326 -0.899839 0.435882 
538 1816 6.23786 1.64775 22.6059 -1.93477 0.0075256 -0.0331052 -0.998335 0.0466409 
544 1554 8.22726 -10.116 -28.0656 1.40668 0.00086431 -0.00199047 -0.999927 0.0118799 
544 1560 8.82957 -10.26 -21.59 1.05739 0.00272179 -0.00113944 -0.999571 0.0291335 
544 1566 8.60344 -10.6347 -15.378 0.775623 0.00222962 -0.00558754 -0.998917 0.0461315 
544 1572 7.88072 -10.8401 -8.87972 0.398905 0.00804309 -0.00177671 -0.999732 0.0216375 
544 1578 8.12821 -11.0519 -2.6506 0.0731456 0.00623194 -0.00173971 -0.996549 0.0827518 
544 1584 7.37404 -11.2229 3.8418 -0.148965 0.00364034 -0.00339476 -0.999976 0.00485909 
544 1590 7.23681 -11.5434 10.1827 -0.506597 0.00425362 0.00682133 -0.99994 0.00744486 
544 1596 6.95508 -11.6103 16.6955 -0.758449 0.00712256 -0.000523107 -0.999831 0.016953 
544 1602 6.06852 -12.1247 22.6487 -1.09285 0.0165706 0.0496656 -0.991941 -0.115376 
544 1608 6.08877 -11.7339 23.3135 -1.11775 -0.0169851 -0.0707915 -0.81943 -0.568538 
544 1614 5.77665 -5.37334 23.9021 -0.992333 -7.78688e-06 -0.0292451 -0.6945 -0.718898 
544 1620 7.68951 0.848698 22.7433 -0.839787 0.016926 0.0429519 0.561574 0.826137 
544 1626 6.32176 6.74518 20.0481 -0.450841 0.0130114 -0.00312371 -0.61277 -0.790148 
544 1632 7.14116 7.68923 19.8213 -0.443585 0.0155729 -0.0205749 -0.943076 -0.331574 
544 1638 6.76065 7.63217 20.0462 -0.468592 0.0208004 -0.0686546 -0.971183 0.227284 
544 1644 5.89524 6.08178 25.0132 -0.775538 -0.00217961 0.0147195 -0.99942 -0.0306376 
544 1798 6.10529 7.33998 28.4511 -0.972115 0.0577354 -0.00479072 -0.379768 0.923266 
544 1804 6.84258 4.00562 26.0042 -0.829453 0.0863551 -0.0787049 -0.568345 0.814452 
544 1810 5.83277 0.745448 25.9823 -0.901035 0.000617783 0.0200671 -0.879281 0.475881 
544 1816 6.33233 -0.698627 29.2785 -1.0013 0.01832 -0.00923335 -0.995682 0.0905338 
550 1548 8.17141 -12.0368 -27.3278 2.10874 0.0151826 -0.0228604 -0.999525 0.0140304 
550 1554 8.18374 -11.9346 -20.7757 1.53859 0.0116595 -0.016962 -0.999504 -0.0238293 
550 1560 8.82933 -11.5971 -14.3863 1.0219 0.0127333 -0.0167184 -0.999754 -0.00712524 
550 1566 8.57173 -11.5552 -8.07824 0.542374 0.010958 -0.0206718 -0.999674 0.0102167 
550 1572 7.9937 -11.2762 -1.60825 -0.0119012 0.0175491 -0.0163912 -0.999613 -0.014023 
550 1578 8.34534 -11.0195 4.59377 -0.523124 0.0126176 -0.0176987 -0.998701 0.0460904 
550 1584 8.00761 -10.7443 11.0299 -0.935657 0.0128864 -0.018658 -0.999274 -0.0306114 
550 1590 8.03088 -10.5881 17.4469 -1.45965 0.0150684 -0.00731978 -0.99947 -0.027921 
550 1596 7.53941 -10.1721 23.9488 -1.91199 0.0178838 -0.0151512 -0.999551 -0.0186457 
550 1617 6.89572 -0.358318 30.0388 -2.10761 0.0495687 0.00371666 -0.657073 -0.752187 
550 1623 6.94225 5.43771 27.5563 -1.46929 -0.023722 0.0344922 0.517339 0.854756 
550 1629 7.84127 9.41547 25.8389 -1.33923 0.0828311 0.0367959 -0.775122 -0.625276 
550 1635 7.62415 9.25439 25.7515 -1.30637 0.0251202 -0.0189312 -0.997072 -0.0697055 
556 1543 7.96016 -12.07 -26.1766 3.63102 0.00696037 -0.0487557 -0.998721 -0.0114543 
556 1549 8.60201 -11.8087 -19.6883 2.64722 -0.00279316 -0.0187008 -0.999816 0.0031582 
556 1555 8.68331 -11.6539 -13.2212 1.66052 -0.00480024 -0.0537805 -0.998388 -0.0174965 
556 1561 8.60876 -11.2783 -7.01747 0.78805 -0.0115763 -0.0526656 -0.998401 0.0169512 
556 1567 8.55717 -11.2962 -0.58865 -0.127461 0.00145103 -0.0462311 -0.99893 -0.00057933 
556 1573 7.76608 -10.9459 5.65384 -1.02606 0.000326974 -0.043168 -0.998277 -0.0397302 
556 1579 7.81824 -10.8236 12.0372 -1.9163 0.00419268 -0.0287108 -0.999535 -0.00935018 
556 1585 6.49765 -10.465 18.3257 -2.79279 0.0170699 -0.0499374 -0.998589 0.00596181 
556 1591 6.93524 -10.2827 24.7389 -3.6912 0.0194399 -0.058026 -0.997918 -0.0203843 
562 1537 8.70316 -11.1845 -26.5546 3.18901 -0.0133903 -0.0251278 -0.999525 -0.0118118 
562 1543 8.35846 -11.2362 -20.1326 2.40838 -0.0102544 -0.0313834 -0.999454 0.00150544 
562 1549 8.41077 -11.1676 -13.6064 1.64951 -0.0199111 -0.000898445 -0.999671 0.0161652 
562 1555 8.63384 -11.2188 -7.09315 0.863065 -0.0230523 -0.0377875 -0.99901 -0.00434515 
562 1561 8.3956 -11.013 -0.922161 0.196031 -0.0290887 -0.0360659 -0.998469 0.0302207 
562 1567 8.42479 -11.2258 5.53109 -0.493815 -0.0167394 -0.0298901 -0.999335 0.0124545 
562 1573 8.05625 -11.0652 11.8378 -1.20563 -0.0193948 -0.0273147 -0.999095 -0.0262277 
562 1579 8.07632 -11.1507 18.2383 -1.88126 -0.0153948 -0.0126252 -0.999795 0.00381202 
562 1585 7.17855 -10.9374 24.5178 -2.5602 -0.000521151 -0.0330369 -0.999276 0.0188865 
568 1531 8.84134 -12.1961 -26.14 2.79847 -0.031687 -0.00797514 -0.999105 -0.0268527 
568 1537 8.63748 -11.9917 -19.7343 2.17089 -0.0204483 -0.0136411 -0.999229 -0.0306272 
568 1543 8.36507 -11.8083 -13.3059 1.52846 -0.0173725 -0.0204973 -0.999494 -0.0170016 
568 1549 8.90795 -11.4992 -6.7754 0.905767 -0.0266003 0.00847585 -0.999607 -0.00261967 
568 1555 8.68993 -11.3036 -0.240435 0.265322 -0.0294851 -0.0254824 -0.998992 -0.0222622 
568 1561 8.62311 -10.881 5.98038 -0.271228 -0.035171 -0.0237335 -0.999025 0.0122125 
568 1567 8.25575 -10.8478 12.4524 -0.805879 -0.0223496 -0.0176263 -0.999578 -0.00575169 
568 1573 7.388 -10.4622 18.7423 -1.35413 -0.0252705 -0.0151684 -0.998567 -0.0446668 
568 1579 7.42136 -10.3008 25.157 -1.89954 -0.0197448 -0.00027826 -0.999698 -0.0146253 
574 1525 8.771 -12.2895 -25.9894 3.15709 -0.0184707 -0.0168665 -0.999342 -0.0262769 
574 1531 8.85737 -11.795 -19.6732 2.38928 -0.0302381 -0.0136462 -0.999092 -0.026732 
574 1537 8.98168 -11.5939 -13.3011 1.70128 -0.0188359 -0.0192409 -0.99918 -0.0302217 
574 1543 8.53259 -11.4189 -6.8576 0.993461 -0.0159965 -0.0254408 -0.9994 -0.0172236 
574 1549 8.50256 -11.1162 -0.333105 0.300834 -0.0247009 0.00406819 -0.999684 -0.00247334 
574 1555 8.49171 -10.9224 6.17857 -0.411648 -0.0285661 -0.0314845 -0.998843 -0.0224774 
574 1561 8.22122 -10.4952 12.3494 -1.0195 -0.0344203 -0.0299231 -0.998888 0.0119605 
574 1567 7.88266 -10.4703 18.7794 -1.61622 -0.0222129 -0.0230156 -0.999471 -0.00586014 
574 1573 7.22153 -10.0778 25.161 -2.26373 -0.0250991 -0.0211003 -0.998457 -0.0448195 
580 1519 8.64803 -13.285 -25.8129 3.77181 -0.0125051 -0.0336234 -0.950126 -0.309795 
580 1525 9.00072 -11.9212 -19.4679 2.74707 -0.00976785 -0.0292068 -0.999329 -0.0198304 
580 1531 9.18573 -11.5046 -13.3576 1.8864 -0.0225705 -0.0262803 -0.999193 -0.020307 
580 1537 8.83068 -11.369 -6.97524 1.02173 -0.0111672 -0.0320266 -0.999147 -0.0235699 
580 1543 8.51684 -11.2764 -0.569112 0.146169 -0.00829852 -0.0388465 -0.999158 -0.0102859 
580 1549 8.95984 -11.0473 5.91561 -0.723874 -0.017813 -0.00976544 -0.999786 0.00394258 
580 1555 8.57912 -10.9241 12.3976 -1.59497 -0.020003 -0.0436624 -0.998719 -0.0159112 
580 1561 8.50502 -10.5787 18.5945 -2.35992 -0.0264728 -0.0430392 -0.998553 0.0183841 
580 1567 7.74095 -10.635 25.0464 -3.12094 -0.014087 -0.0352575 -0.999279 0.000486385 
586 1511 8.25397 -16.7443 -23.8479 3.90122 0.0471489 -0.0367388 -0.765148 -0.641075 
586 1517 8.38759 -12.3771 -22.1514 3.21523 -0.00201277 -0.0160684 -0.927213 -0.374184 
586 1523 8.95497 -10.153 -16.5983 2.27893 -0.0164703 -0.0285979 -0.999343 -0.0150027 
586 1529 9.05544 -10.3282 -10.1922 1.43081 -0.0190781 -0.0221701 -0.999463 -0.0147433 
586 1535 8.9964 -10.6364 -3.75588 0.663411 -0.0249787 -0.0267025 -0.998232 0.0468566 
586 1541 8.57726 -11.0233 2.73525 -0.0831623 -0.0216168 -0.0215063 -0.99862 0.0427578 
586 1547 8.31096 -11.3091 9.02405 -0.78071 -0.0301078 -0.0328702 -0.998089 0.0427847 
586 1553 8.36869 -11.8009 15.5049 -1.54225 -0.0275871 -0.026322 -0.998341 0.0431511 
586 1559 7.60104 -12.0211 22.1746 -2.26518 -0.0265591 -0.0372165 -0.998304 0.0360467 
592 1505 7.40455 -23.6304 -17.7014 3.33986 0.0486534 -0.0169674 -0.718779 -0.693326 
592 1511 8.43893 -17.4379 -17.0747 2.49618 0.0569925 -0.0245211 -0.758423 -0.648803 
592 1517 8.53176 -12.986 -15.4838 1.94977 0.0143724 -0.00718093 -0.923631 -0.382946 
592 1523 9.06835 -10.6279 -10.0311 1.11699 0.00190448 -0.0266747 -0.999343 -0.0244632 
592 1529 9.31033 -10.675 -3.62207 0.325179 -0.00144481 -0.019077 -0.999532 -0.0238658 
592 1535 8.98653 -10.8462 2.76765 -0.4458 -0.00752777 -0.0258852 -0.99892 0.0378382 
592 1541 8.57323 -11.0813 9.29721 -1.16913 -0.0044454 -0.0208091 -0.999211 0.0335438 
592 1547 8.52543 -11.2111 15.642 -1.90553 -0.0117061 -0.031617 -0.998879 0.0332149 
592 1553 8.57537 -11.5525 22.0344 -2.65289 -0.00936223 -0.0249744 -0.999079 0.0336169 
598 1502 7.74004 -27.7253 -9.67676 2.63769 0.0518704 -0.0150035 -0.705871 -0.70628 
598 1508 8.27459 -21.312 -9.91606 2.05091 0.0797356 -0.00397463 -0.683286 -0.725774 
598 1514 8.75084 -15.8494 -9.61091 1.46941 0.0655605 0.0253509 -0.821652 -0.565638 
598 1520 8.6824 -11.7341 -5.82867 0.709502 0.00893473 -0.0241929 -0.977087 -0.211271 
598 1526 9.17251 -10.8156 0.30771 -0.109677 -0.0131134 -0.0260971 -0.999532 -0.0090979 
598 1532 8.88294 -10.4778 6.76592 -0.90334 -0.0221075 -0.0355152 -0.998918 -0.020339 
598 1538 8.79894 -10.3798 13.1274 -1.66014 -0.00912047 -0.0238629 -0.99961 -0.0112458 
598 1544 8.52184 -10.3231 19.5847 -2.32897 -0.0104064 -0.0289397 -0.999479 -0.00974587 
598 1550 8.20303 -10.2498 25.9431 -3.09058 -0.00154399 -0.0276833 -0.99911 -0.0317782 
604 1499 7.46706 -29.4394 -2.87867 3.15121 -0.0323165 -0.0843374 -0.828113 -0.553238 
604 1505 7.58352 -24.4198 -2.86043 2.67999 0.0348859 -0.0340833 -0.691984 -0.720263 
604 1511 8.46065 -18.23 -2.76687 1.65965 0.0383792 -0.038145 -0.733473 -0.677561 
604 1517 8.6303 -13.6997 -1.50544 0.933015 -0.00641642 -0.0130842 -0.9079 -0.418934 
604 1523 9.13355 -10.9458 3.81041 0.0152121 -0.0201598 -0.0246157 -0.997476 -0.063475 
604 1529 9.25325 -10.5359 10.2169 -0.752162 -0.0232539 -0.0169838 -0.997625 -0.0625732 
604 1535 8.92018 -10.2238 16.4596 -1.46117 -0.0292766 -0.021866 -0.999332 -0.00085217 
604 1541 8.24299 -9.98323 23.1006 -2.15121 -0.0259745 -0.0164157 -0.999515 -0.00515055 
610 1435 5.81893 6.95367 -28.3633 3.01067 0.00671491 -0.0336806 -0.772426 0.634176 
610 1441 7.88084 3.24917 -26.9046 2.81079 -0.0351695 -0.00636348 -0.65627 0.753679 
610 1447 7.25742 -2.22179 -27.119 2.7917 -0.0180149 -0.0354965 -0.778762 0.626056 
610 1453 7.71375 -8.49538 -27.0343 2.82956 -0.0324277 -0.0360377 -0.674175 0.736979 
610 1499 7.51193 -29.2646 3.56041 1.42245 -0.0187871 -0.072431 -0.82338 -0.562536 
610 1505 7.95342 -24.2869 3.53233 1.1992 0.042657 -0.0208091 -0.686114 -0.725944 
610 1511 8.5276 -18.0506 3.4231 0.368007 0.0505008 -0.0247401 -0.728693 -0.682528 
610 1517 8.42941 -13.5165 4.69337 -0.186729 0.00704303 -0.00390856 -0.905447 -0.424384 
610 1523 8.95453 -10.6654 9.96428 -0.984911 -0.0037908 -0.0199354 -0.997361 -0.069712 
610 1529 8.93143 -10.1383 16.417 -1.73906 -0.00665264 -0.0138444 -0.997501 -0.0689682 
610 1535 8.61516 -9.73276 22.8534 -2.39612 -0.0120761 -0.0177111 -0.999745 -0.00708572 
616 1424 5.95662 20.5263 -20.9802 2.36493 0.00473358 -0.00253087 -0.635856 0.771789 
616 1430 6.06409 14.2185 -21.7408 2.29004 -0.0241044 -0.0189017 -0.669971 0.741755 
616 1436 5.5747 7.87107 -21.0881 2.20374 -0.0171991 -0.0126288 -0.80829 0.588398 
616 1442 6.60933 4.79161 -20.2567 2.02211 0.0124872 -0.0406311 -0.572564 0.818757 
616 1448 4.82874 -1.59051 -20.7206 2.02377 -0.0388313 -0.0265159 -0.709658 0.702975 
616 1454 6.94643 -7.87634 -21.3866 2.15969 -0.0308342 -0.0349217 -0.67012 0.740789 
616 1460 7.11378 -14.3888 -21.8443 2.39763 -0.00635108 -0.0524851 -0.743686 0.666435 
616 1466 7.59325 -19.9869 -18.3289 2.46575 -0.00392865 -0.0489542 -0.892775 0.447818 
616 1472 6.20709 -24.5057 -13.9014 2.45246 -0.0172046 -0.0440373 -0.942128 0.331902 
616 1478 7.02465 -28.1108 -8.37008 2.17178 -0.0205024 -0.0382743 -0.971097 0.234703 
616 1501 6.88085 -29.179 7.68651 1.17223 0.0490679 0.0269378 -0.767876 -0.638148 
616 1507 8.23405 -22.6331 8.16831 0.442132 0.0496118 -0.00770971 -0.739399 -0.671393 
616 1513 8.27397 -16.8366 8.69618 -0.284215 0.0568013 0.00984268 -0.779398 -0.623871 
616 1519 8.74518 -12.8001 11.5416 -1.04084 -0.0208604 -0.0181275 -0.957902 -0.285762 
616 1525 8.90119 -11.7492 17.8644 -1.79795 -0.0140288 -0.0111892 -0.999829 0.00456787 
616 1531 8.79823 -11.6766 24.1397 -2.43809 -0.0274683 -0.00698009 -0.999586 0.00493159 
622 1419 5.72525 24.3798 -15.876 1.65416 -0.00403263 -0.0191804 -0.696529 0.717261 
622 1425 6.10776 18.1354 -16.3718 1.73177 -0.00862318 -0.0186289 -0.659738 0.751216 
622 1431 7.15044 11.8474 -16.2601 1.7195 0.0120714 -0.0554556 -0.739984 0.670225 
622 1437 8.14852 6.07902 -15.0207 1.57823 0.00130628 -0.0382557 -0.875551 0.481607 
622 1443 5.53588 2.54709 -14.5082 1.41996 -0.0183568 -0.0133428 -0.610754 0.791495 
622 1449 5.64568 -3.7381 -14.1713 1.46984 -0.0151512 -0.0488238 -0.704091 0.708268 
622 1455 7.80327 -10.1869 -14.362 1.59695 -0.0326956 -0.0367709 -0.715819 0.69655 
622 1461 7.55637 -16.6235 -14.1138 1.93363 0.0056485 -0.0561628 -0.818672 0.571481 
622 1467 7.78354 -21.617 -9.71416 1.98319 -0.0240335 -0.0407323 -0.908426 0.415362 
622 1473 7.21584 -25.5838 -4.61531 1.9139 -0.0231306 -0.0313179 -0.975267 0.217575 
622 1479 7.40434 -28.336 1.00951 1.45106 -0.0231837 -0.0315481 -0.982843 0.180243 
622 1504 7.6126 -24.6963 16.3488 -0.147416 0.0394519 -0.0291984 -0.668668 -0.741939 
622 1510 8.20783 -18.4056 16.0301 -0.782809 0.051918 -0.0102306 -0.74881 -0.660669 
622 1516 8.18101 -13.6149 16.6867 -1.37954 -0.00142333 -0.0234585 -0.887266 -0.460659 
622 1522 8.11087 -10.0665 21.6075 -2.31774 -0.0103087 -0.00856488 -0.995022 -0.0987476 
622 1528 8.00256 -9.55206 28.0479 -2.98844 -0.0264103 -0.0114025 -0.998995 -0.0343766 
628 1416 6.15557 26.6712 -12.3602 1.00355 -0.00559846 -0.0111342 -0.744306 0.667723 
628 1422 7.45484 20.1944 -11.9777 1.11628 -0.00190447 -0.00747971 -0.727081 0.686509 
628 1428 7.92835 13.8315 -11.6269 1.08236 -0.0096632 -0.00420869 -0.741299 0.671092 
628 1434 6.44775 7.64823 -10.2783 0.930506 -0.0201908 0.00557231 -0.791176 0.61123 
628 1440 5.30169 3.23044 -8.28256 0.63072 -0.0899735 0.0514561 -0.751591 0.651436 
628 1446 6.38452 -1.4218 -7.94612 0.727536 -0.0303211 -0.0479737 -0.779953 0.623259 
628 1452 5.55007 -7.46744 -7.12045 0.780832 -0.026007 -0.0485923 -0.739562 0.670828 
628 1458 6.83002 -14.1085 -6.28605 0.843349 -0.0239108 -0.0720501 -0.713582 0.696447 
628 1464 6.65071 -19.6821 -3.26718 1.04446 -0.0208484 -0.0567374 -0.942522 0.32863 
628 1470 5.9096 -23.0036 1.60163 1.1082 -0.0234004 -0.0135698 -0.9452 0.325368 
628 1476 5.90305 -26.3745 7.88088 0.623679 -0.0195458 -0.0520175 -0.977569 0.203154 
628 1509 7.82152 -16.6733 24.4523 -1.58273 0.0532035 -0.0239516 -0.653175 -0.754956 
628 1515 7.92866 -11.8003 24.2457 -2.08784 0.0356879 0.00475559 -0.827534 -0.560259 
628 1521 7.93766 -7.03777 28.0163 -3.02186 0.000778963 -0.0296178 -0.979038 -0.201511 
634 1412 5.83109 21.7145 -20.298 1.41323 0.037097 -0.0314508 -0.878058 0.476076 
634 1418 6.52111 16.2462 -16.8526 1.10203 0.0331353 -0.0270017 -0.863793 0.502031 
634 1424 6.45843 10.94 -13.4282 0.957044 0.0346247 -0.0125443 -0.867007 0.496933 
634 1430 6.61256 5.79164 -9.78978 0.665791 0.00374808 -0.014891 -0.889975 0.455751 
634 1436 6.65444 1.34656 -5.17441 0.309578 0.0100302 -0.00567209 -0.964257 0.264717 
634 1442 7.40381 -0.393723 -2.54034 0.0604356 0.0261517 -0.0527642 -0.824963 0.56211 
634 1448 5.63504 -5.43741 1.38455 -0.142258 -0.0135598 -0.0158564 -0.913095 0.407212 
634 1454 7.81633 -10.6408 5.02083 -0.243092 -0.0117382 -0.0274526 -0.889539 0.455883 
634 1460 7.98318 -15.923 8.91641 -0.187552 0.0048246 -0.0485791 -0.931895 0.359429 
634 1466 8.06003 -17.7168 15.308 -0.190692 0.00987403 -0.0383036 -0.993909 0.102862 
634 1472 7.22368 -18.2813 21.3828 -0.0619869 -0.00188255 -0.0239381 -0.999518 -0.0196979 
640 1406 7.8494 10.6842 -26.8695 -0.322308 0.028489 -0.0285293 -0.964459 0.26114 
640 1412 6.84783 8.22133 -23.0809 -0.324929 0.027757 -0.0115441 -0.980933 0.192006 
640 1418 7.13495 5.79623 -17.2264 -0.201476 0.0282948 -0.00766916 -0.975287 0.218988 
640 1424 6.49541 3.44677 -11.3696 0.0361984 0.0346949 0.0064861 -0.97606 0.214618 
640 1430 6.81057 1.18961 -5.52102 0.0295604 0.00100574 0.0129491 -0.985516 0.169083 
640 1436 5.57895 0.245559 0.874504 0.119248 0.00692392 0.0195603 -0.999144 -0.0357917 
640 1442 6.80057 0.360682 4.03229 0.0605369 0.0175922 -0.0312058 -0.95659 0.289228 
640 1448 4.66866 -1.64779 10.1586 0.157744 -0.0159365 0.0172816 -0.993 0.115755 
640 1454 6.65694 -3.7878 16.0853 0.374032 -0.0133508 0.00363913 -0.985408 0.169646 
640 1460 6.73766 -5.86541 22.2422 0.729693 -0.00762089 -0.0217981 -0.997572 0.0657045 
640 1466 7.02312 -3.72307 28.5547 1.13445 -0.00805128 -0.0128166 -0.979996 -0.198438 
646 1399 6.52831 2.65519 -29.2389 1.01264 0.0157554 0.0233045 -0.979943 0.197284 
646 1405 7.03963 0.35738 -23.5186 0.778863 0.0208706 -0.0281736 -0.992659 0.115756 
646 1411 7.14658 -0.525455 -19.0892 0.578855 0.0170311 -0.0239768 -0.998091 0.0543163 
646 1417 6.91226 -0.544319 -12.8668 0.406501 0.00838724 -0.0195557 -0.999768 -0.00342309 
646 1423 7.02881 -0.510455 -6.3308 0.244585 0.00930137 -0.0246057 -0.999561 -0.0135973 
646 1429 7.63717 -0.300265 0.113152 0.0769617 0.00721381 0.0271915 -0.998244 -0.052138 
646 1435 6.64819 0.802736 6.36984 -0.272728 0.0104979 -0.0340267 -0.99026 -0.134596 
646 1441 7.86288 2.47891 9.98546 -0.438914 0.000996957 0.00999586 -0.999428 0.0322818 
646 1447 7.18862 2.68033 15.478 -0.56666 -0.00686755 -0.0169842 -0.989153 -0.145741 
646 1453 7.73198 3.22704 21.7069 -0.62102 -0.0186057 -0.0115066 -0.999737 0.00692205 
646 1459 8.09488 3.47625 28.3388 -0.595764 -0.0111725 -0.0450633 -0.998311 -0.0349188 
652 1393 6.61665 5.89124 -28.4093 2.03845 0.0288891 -0.0513017 -0.997999 -0.023063 
652 1399 6.9117 4.75126 -22.4043 1.56749 0.00479396 0.00822428 -0.970408 0.241285 
652 1405 7.24395 1.94184 -16.928 1.1749 0.013222 -0.0442458 -0.985729 0.16188 
652 1411 7.5006 0.685183 -12.5696 0.812761 0.0103236 -0.040977 -0.994133 0.0995704 
652 1417 7.37134 0.120957 -6.42718 0.459882 0.00385035 -0.0363967 -0.998484 0.0411119 
652 1423 7.10243 -0.414978 -0.0112963 0.122618 0.00667087 -0.0420921 -0.998593 0.0315697 
652 1429 7.68097 -0.85244 6.31472 -0.308883 0.00118363 0.0100281 -0.999928 -0.0064903 
652 1435 5.6282 -0.174732 12.6879 -0.857601 0.0106155 -0.0527922 -0.994583 -0.0889138 
652 1441 6.67725 1.18236 16.467 -1.13808 -0.00196333 -0.00949668 -0.996994 0.076871 
652 1447 5.89382 0.807081 21.89 -1.49372 -0.00774591 -0.0378964 -0.994167 -0.100681 
652 1453 6.49647 0.787579 28.1793 -1.81451 -0.0217993 -0.0317907 -0.99794 0.0512768 
658 1387 6.67389 3.34558 -28.7146 1.14397 0.0358115 -0.0254026 -0.996052 -0.0771549 
658 1393 6.72208 3.87546 -22.5837 1.03399 0.03353 -0.0370676 -0.996447 -0.0677942 
658 1399 6.75507 3.26506 -16.4811 0.818089 0.0177025 0.0206797 -0.97965 0.198858 
658 1405 7.29361 0.931511 -10.7711 0.543708 0.0227776 -0.0310703 -0.992373 0.117094 
658 1411 7.39171 0.0469756 -6.35837 0.31647 0.0190826 -0.0271694 -0.997922 0.0552269 
658 1417 7.06781 0.0127013 -0.121408 0.118661 0.0109873 -0.0221519 -0.999691 -0.00262271 
658 1423 6.85982 0.0180455 6.43667 -0.0494547 0.0128068 -0.0268482 -0.99948 -0.0124126 
658 1429 7.40762 0.223068 12.8789 -0.255644 0.0106767 0.0245047 -0.998352 -0.0507745 
658 1435 6.11596 1.28228 19.1227 -0.652965 0.0131116 -0.0359362 -0.990355 -0.133167 
658 1441 7.09487 2.93746 22.7442 -0.810106 0.00431543 0.00743213 -0.999387 0.0339345 
658 1447 6.2804 3.12638 28.2243 -0.968344 -0.00402738 -0.019325 -0.989337 -0.144299 
664 1381 7.65536 7.05348 -28.2989 0.584361 0.0291346 -0.0154793 -0.999374 -0.012784 
664 1387 6.74746 6.70129 -21.8873 0.384396 0.0268079 -0.0150015 -0.999498 -0.00775854 
664 1393 6.77239 6.38988 -15.64 0.506301 0.0273433 -0.0257453 -0.999291 0.00249926 
664 1399 6.97141 4.9275 -9.68709 0.355338 0.00896286 0.0327514 -0.963296 0.266286 
664 1405 7.41035 1.81948 -4.24449 0.23919 0.0167663 -0.0192454 -0.98182 0.188092 
664 1411 7.62962 0.347122 -0.0498725 0.0901678 0.0118605 -0.0163498 -0.99187 0.125641 
664 1417 7.40006 -0.536329 6.03018 0.0345225 0.0037369 -0.0117783 -0.997661 0.0672241 
664 1423 6.89981 -1.40919 12.4696 0.0252357 0.0067874 -0.0167167 -0.998157 0.0579472 
664 1429 7.33253 -2.18016 18.7539 -0.100677 -0.00126249 0.0346945 -0.999198 0.0199268 
664 1435 4.93772 -1.88027 25.1628 -0.293934 0.00883377 -0.0283212 -0.997577 -0.0629233 
664 1441 5.81716 -0.702118 29.0317 -0.308172 0.00024894 0.0144805 -0.994601 0.102758 
670 1375 5.84606 2.9363 -28.7091 -0.753901 0.0131763 -0.0068997 -0.98892 -0.1477 
670 1381 8.09992 3.8225 -22.3504 -0.374512 0.0274277 0.00330537 -0.997174 -0.0698572 
670 1387 7.00499 4.18835 -15.9198 -0.337819 0.0261303 0.00726622 -0.997437 -0.0662132 
670 1393 6.87626 4.56916 -9.79973 -0.0631013 0.0236298 -0.00388951 -0.998104 -0.0567006 
670 1399 6.80544 3.81599 -3.70865 0.154068 0.0165982 0.0548907 -0.976089 0.209672 
670 1405 7.33665 1.33936 1.91418 0.276022 0.0188277 0.00278159 -0.991582 0.128076 
670 1411 7.41224 0.350554 6.3255 0.3556 0.0130223 0.00621409 -0.997685 0.0664589 
670 1417 7.02681 0.165021 12.5603 0.579938 0.00320818 0.0107657 -0.999894 0.00921107 
670 1423 6.4058 0.0497694 19.1086 0.951924 0.00808304 0.00618404 -0.999948 -0.000998617 
670 1429 6.85997 0.10675 25.6072 1.15802 0.00282917 0.0583599 -0.997504 -0.0396428 
676 1368 5.76201 -2.5686 -29.5284 1.49032 0.00104776 -0.0430131 -0.995843 -0.0802898 
676 1374 5.70928 -0.442052 -23.4538 1.10196 -0.0137447 -0.0421256 -0.981071 -0.188511 
676 1380 7.58034 1.55087 -17.2333 0.886177 -0.00822811 -0.0371859 -0.985489 -0.165411 
676 1386 6.7957 2.81656 -10.9916 0.544403 -0.0108843 -0.0263761 -0.99684 -0.0741335 
676 1392 6.56216 3.94225 -4.75203 0.409628 0.00574459 -0.0404564 -0.995276 -0.0880712 
676 1398 7.60784 4.37582 1.55339 0.0685725 0.012059 -0.0132433 -0.997834 0.0632987 
676 1404 6.13456 2.7863 7.38554 -0.230326 -0.00162558 0.0281965 -0.990653 0.133451 
676 1410 7.49716 2.28227 11.7244 -0.379942 -0.00190659 -0.0355379 -0.998393 0.0441079 
676 1416 7.10877 2.67512 17.8405 -0.657046 0.00201546 -0.026252 -0.996088 -0.0843506 
676 1422 6.77035 3.45119 24.2631 -0.793114 0.00599896 -0.0264576 -0.997898 -0.0588466 
682 1346 4.51385 1.88745 -29.2998 0.738909 -0.00970514 -0.0319242 -0.953282 0.300232 
682 1352 5.31084 0.806696 -27.353 0.564307 -0.00916792 -0.0524187 -0.993574 -0.0998915 
682 1358 4.94084 2.1441 -25.8238 0.61253 0.030925 0.0631279 -0.935672 -0.345799 
682 1364 4.78476 2.21045 -25.445 0.809366 0.0448138 -0.104967 -0.970793 0.211033 
682 1370 5.29016 1.59302 -21.2687 0.67033 0.00357301 -0.027377 -0.997116 -0.0706979 
682 1376 6.44844 3.21537 -14.8224 0.535422 0.00899071 -0.0206281 -0.996958 -0.0746171 
682 1382 6.74446 3.97242 -8.49682 0.422181 0.0191157 -0.0217352 -0.999564 0.00587414 
682 1388 7.38176 4.20953 -2.09092 0.323433 0.00432706 -0.0364353 -0.996783 -0.0712621 
682 1394 7.4223 4.31383 3.94898 0.159429 0.024536 -0.0139242 -0.998772 0.0407333 
682 1400 7.67013 2.87868 10.1513 0.0442072 0.0371567 -0.0155221 -0.966404 0.253854 
682 1406 7.34944 0.782276 15.755 -0.199918 0.0129342 -0.0550422 -0.994193 0.0915651 
682 1412 5.66089 -0.178666 20.1549 -0.287485 0.018644 -0.0381265 -0.998903 0.0197807 
682 1418 6.2506 -0.525239 26.5419 -0.590011 0.0157585 -0.0342602 -0.998176 0.047152 
688 1335 5.46608 9.77878 -23.4798 1.04917 -0.00479897 -0.0207608 -0.634421 0.772694 
688 1341 5.36366 3.97495 -23.9418 1.18744 -0.0428155 0.0262079 -0.735516 0.675645 
688 1347 5.73548 1.64219 -21.9656 1.21308 -0.0226474 -0.0172719 -0.975233 0.21934 
688 1353 6.18044 0.952816 -20.5815 1.05179 -0.0222371 -0.0657222 -0.980366 -0.184576 
688 1359 6.21934 2.40767 -18.8183 1.03497 0.00783783 0.00162943 -0.964418 -0.264262 
688 1365 5.29022 2.03507 -18.3148 1.05474 0.0206618 -0.0483405 -0.95857 0.279964 
688 1371 5.7138 1.72816 -13.6025 0.850171 -0.0103073 -0.0458569 -0.994968 -0.088488 
688 1377 8.01996 3.28392 -7.09821 0.558548 0.0104067 -0.0394973 -0.998366 -0.0399715 
688 1383 6.35863 3.93301 -0.654671 0.142453 0.0183886 -0.0367423 -0.999122 0.00814843 
688 1389 6.8138 4.08024 5.77912 -0.273942 0.0152694 -0.0471845 -0.998757 -0.00498211 
688 1395 7.13687 3.95961 11.8682 -0.552269 0.00202102 -0.0384283 -0.997334 0.062006 
688 1401 7.24219 2.14256 17.7383 -0.851364 -0.00249907 -0.040599 -0.976076 0.21359 
688 1407 7.21479 0.300893 23.0253 -1.14992 -0.0186956 0.00237314 -0.984788 0.172738 
688 1413 6.04191 -0.583408 27.8846 -1.45899 -0.00386611 -0.0382725 -0.99926 0.00011 
694 1330 4.55202 13.5652 -15.4014 -0.526033 0.020674 0.0289441 -0.532295 0.845811 
694 1336 5.63536 7.78732 -17.4968 -0.580607 0.0265147 0.00388422 -0.696959 0.716611 
694 1342 5.91234 2.55426 -17.6165 -0.479111 -0.00314697 0.0249246 -0.803436 0.594861 
694 1348 4.9025 0.609775 -14.7 -0.182536 -0.0240334 0.0568538 -0.964835 0.255506 
694 1354 6.10373 0.404785 -13.7903 -0.243292 -0.0114167 0.0160628 -0.961205 -0.275131 
694 1360 6.08834 1.85203 -12.533 -0.234014 0.00159343 0.0157238 -0.982746 -0.184282 
694 1366 6.05875 1.19613 -11.3798 -0.0883704 0.0282432 -0.0283768 -0.98377 0.17491 
694 1372 5.6416 1.66525 -6.1609 -0.108151 0.000424244 -0.00706118 -0.987317 -0.158605 
694 1378 8.59944 3.3377 0.297993 0.223241 0.000654381 -0.0148237 -0.998215 -0.0578474 
694 1384 6.99687 3.97738 6.53717 0.347815 0.0196059 -0.00703052 -0.999776 0.00385366 
694 1390 8.39035 4.47966 12.8274 0.351083 0.00600891 -0.00269664 -0.99869 0.0507491 
694 1396 6.81583 4.41078 19.1486 0.383073 0.0181092 -0.00915855 -0.996909 0.0758993 
694 1402 7.47836 2.57981 25.0887 0.524891 0.0118023 -0.00227111 -0.986469 0.163509 
694 1408 7.52751 1.19293 29.709 0.484283 -0.00426566 0.125955 -0.976248 0.176231 
700 1327 5.50842 14.7647 -9.6292 0.125696 0.00017359 -0.000664035 -0.723484 0.690341 
700 1333 6.99297 9.18446 -11.4342 0.291375 -0.00912087 -0.00164025 -0.554636 0.832042 
700 1339 7.08969 2.97189 -11.7494 0.304429 -0.0214267 -0.000848089 -0.715088 0.698705 
700 1345 6.16127 -0.0451925 -10.7781 0.305445 0.00463597 -0.0798759 -0.945861 0.314556 
700 1351 7.06183 -1.19485 -7.79509 0.266826 -0.00913389 -0.0139157 -0.997153 -0.0735434 
700 1357 7.57633 0.065522 -6.81889 0.23907 0.0054022 -0.0255946 -0.900334 -0.434414 
700 1363 7.0301 0.345111 -6.38046 0.277912 0.018351 -0.107741 -0.992513 0.0545208 
700 1369 6.64821 0.00982765 -3.06602 0.143308 -0.00433732 -0.0891886 -0.987971 -0.126255 
700 1375 6.95154 2.35404 3.16807 -0.0575519 0.0111144 -0.049864 -0.978921 -0.197745 
700 1381 7.62403 3.91736 9.41869 -0.252391 0.026312 -0.0372834 -0.991789 -0.119466 
700 1387 7.00124 4.92708 15.7767 -0.69211 0.024663 -0.0366363 -0.992248 -0.116164 
700 1393 6.46905 5.94345 21.7479 -0.774823 0.0233892 -0.0468274 -0.992825 -0.107515 
700 1399 6.08974 5.84107 27.8198 -1.142 0.00764006 0.0141659 -0.987451 0.157105 
706 1320 4.61583 17.0599 -15.0687 -1.40918 0.00453863 0.0273762 -0.854505 0.518701 
706 1326 5.28098 11.7028 -11.7655 -1.00739 0.00640981 0.0309268 -0.887004 0.460681 
706 1332 5.78842 6.01859 -10.0024 -0.733104 0.0120371 0.0327021 -0.746405 0.664579 
706 1338 6.16274 0.154015 -7.87404 -0.370439 -0.00354633 0.0336097 -0.874019 0.484714 
706 1344 6.30758 -2.7281 -5.27764 -0.101765 -0.0183069 -0.00437894 -0.989094 0.14608 
706 1350 5.7881 -2.4227 -1.87214 0.0906592 -0.0288111 0.0177294 -0.97356 -0.225912 
706 1356 5.6135 -1.17624 -1.46805 0.0386019 -0.0858873 -0.0723377 -0.741464 -0.66153 
706 1362 6.21389 -0.26853 -1.3354 0.0887657 -0.023052 -0.0324436 -0.957313 -0.286301 
706 1368 6.41051 0.411066 1.08516 0.208702 -0.0193823 -0.0206152 -0.949392 -0.312817 
706 1374 6.3437 5.13077 5.45437 0.141928 -0.0335584 -0.0185191 -0.909417 -0.414115 
706 1380 8.02628 9.72986 10.0732 0.250898 -0.0272147 -0.0171292 -0.919504 -0.391763 
706 1386 7.15918 13.74 15.045 0.0963451 -0.0229278 -0.00311391 -0.951657 -0.306291 
706 1392 6.13807 17.3859 19.9038 0.0637781 -0.012658 -0.0196908 -0.946349 -0.322299 
712 1313 4.72537 19.6838 -21.3491 -0.847155 -0.0383486 0.0104118 -0.935903 0.35001 
712 1319 5.80728 15.335 -16.8996 -0.715344 -0.0145034 -0.00316702 -0.896021 0.443763 
712 1325 6.14475 10.4081 -12.8724 -0.500957 -0.0308743 -2.57179e-05 -0.91521 0.401793 
712 1331 6.62124 5.202 -9.95329 -0.138316 -0.0228765 0.0101321 -0.793914 0.607515 
712 1337 7.1564 -0.365684 -7.04488 0.123797 -0.0321137 -0.00793318 -0.89299 0.448859 
712 1343 7.65124 -3.56572 -4.03075 0.30466 -0.0419702 0.0142162 -0.98582 0.161851 
712 1349 6.91184 -2.98064 -0.439589 0.214724 -0.0311018 -0.0213594 -0.979832 -0.196226 
712 1355 6.56803 -2.65757 -0.101452 0.164021 -0.0228321 -0.0379246 -0.738792 -0.672478 
712 1361 6.77176 -0.705902 -0.0509179 0.12539 -0.0237584 -0.0561594 -0.894416 -0.443059 
712 1367 7.02749 -0.214442 1.85385 0.00190236 -0.0175222 -0.0513534 -0.95829 -0.280601 
712 1373 6.06945 4.53268 5.29752 -0.374497 -0.0198195 -0.0534463 -0.857509 -0.511301 
712 1379 8.38535 9.98492 9.18624 -0.861896 -0.00704838 -0.0635541 -0.887437 -0.456472 
712 1385 6.94058 14.6413 13.2793 -1.4588 -0.00822422 -0.0484929 -0.927729 -0.369999 
712 1391 7.02699 19.1515 17.6725 -1.90887 0.00159597 -0.030149 -0.931437 -0.362649 
718 1313 5.23875 27.8128 8.35147 1.03062 0.0421005 0.0495122 -0.606852 0.792154 
718 1319 5.96411 21.9604 6.41271 0.764759 0.0760182 0.0409756 -0.524205 0.847202 
718 1325 5.75801 16.1588 3.76736 0.465622 0.058463 0.0372764 -0.563007 0.823538 
718 1331 5.46666 11.1567 0.305935 0.000715936 0.0691032 0.0262214 -0.349691 0.933945 
718 1337 6.33551 6.05252 -3.34433 -0.497325 0.0624651 0.0275339 -0.52005 0.851403 
718 1343 6.44604 1.93216 -4.94849 -0.634446 0.0240515 0.0647704 -0.747843 0.66027 
718 1349 6.0705 -0.960242 -2.76108 -0.298464 0.0214545 0.0584312 -0.9341 0.351543 
718 1355 6.03178 -1.08984 -2.32979 -0.297766 -0.0158454 0.0547421 -0.982184 -0.179073 
718 1361 5.99118 -0.260839 -0.607256 0.0818483 0.0212491 0.0372693 -0.994521 0.0953277 
718 1367 5.69825 -1.79386 0.68139 0.170857 0.0401005 0.0423626 -0.962205 0.266006 
718 1373 5.65926 -2.79498 6.42347 0.901859 0.0133934 0.044414 -0.998756 0.0182866 
718 1379 8.59591 -3.95258 12.9561 1.85853 0.0392169 0.0407769 -0.995349 0.0779684 
718 1385 6.99274 -5.54625 18.9033 2.52769 0.040158 0.0532524 -0.982675 0.172919 
718 1391 7.08207 -7.46199 24.8321 3.17724 0.0380378 0.0713578 -0.979889 0.182427 
724 1313 6.59503 11.8868 27.0225 3.73434 0.051856 -0.00250546 -0.223401 0.973343 
724 1319 7.24078 9.52688 21.3687 2.95372 0.0805869 0.00266674 -0.120747 0.989403 
724 1325 7.12198 7.77387 15.2195 2.10419 0.0676574 -0.00518859 -0.167108 0.983601 
724 1331 7.00109 7.18537 9.27011 1.43009 0.0647305 -0.0159626 0.0721371 0.995164 
724 1337 7.16892 6.72134 3.06568 0.604307 0.074426 -0.0168324 -0.116641 0.990239 
724 1343 7.78461 5.23223 -1.02384 0.0784313 0.042344 0.0115072 -0.40629 0.91269 
724 1349 6.69904 1.70519 -1.88307 -0.127223 0.0588073 0.0271562 -0.702048 0.709178 
724 1355 6.46094 1.27953 -1.73287 -0.14631 0.036375 0.044888 -0.967381 0.246651 
724 1361 6.70004 0.441534 0.0339413 0.133779 0.0722713 0.0275714 -0.862436 0.500221 
724 1367 6.90631 -1.47356 -0.248857 -0.0258512 0.0858226 0.0261216 -0.761387 0.642061 
724 1373 5.6459 -6.52972 2.76424 0.194 0.0675775 0.0348197 -0.898635 0.43206 
724 1379 7.62044 -12.2308 6.19311 0.17519 0.090222 0.0333054 -0.8689 0.485555 
724 1385 6.24215 -17.8702 8.89444 0.172648 0.0819018 0.0394336 -0.818437 0.567361 
724 1391 4.91484 -23.6908 11.2798 0.210539 0.0713695 0.0621043 -0.812665 0.575001 
730 1315 6.38412 25.8046 13.3964 2.14659 0.102518 0.0670319 -0.609978 0.782894 
730 1321 5.34307 20.3429 10.085 1.75063 0.0835955 0.0677761 -0.485798 0.867421 
730 1327 6.17673 14.6645 6.86425 1.14486 0.0876736 0.0615094 -0.484351 0.868294 
730 1333 6.44065 10.9214 2.17158 0.287723 0.0906902 0.0386396 -0.284013 0.95374 
730 1339 6.40221 5.9495 -1.51485 -0.342561 0.0700424 0.0580953 -0.474951 0.875294 
730 1345 5.53607 3.02643 -2.30198 -0.389361 0.0819935 0.0231191 -0.814641 0.573675 
730 1351 6.3979 0.394793 -0.530231 0.0142688 0.00767934 0.095939 -0.970097 0.222821 
730 1357 6.31574 0.928511 0.915361 0.325548 -0.0167388 0.0866971 -0.984509 -0.151481 
730 1363 6.39395 0.875205 1.38784 0.398443 0.0743502 0.00951966 -0.938154 0.338008 
730 1369 5.90218 -1.33728 4.02767 0.962137 0.0283462 0.0267176 -0.984977 0.168235 
730 1375 6.36954 -2.83199 10.2804 2.34522 0.0254172 0.0699332 -0.992621 0.095742 
730 1381 6.68811 -5.12142 16.1036 3.53819 0.0442805 0.0814842 -0.980463 0.173473 
730 1387 5.11075 -6.48868 20.1337 4.03321 0.0410514 0.0776497 -0.985286 0.14662 
736 1315 7.43302 23.6307 -16.557 2.35712 0.0192732 -0.0755923 -0.938185 0.337228 
736 1321 6.89294 18.3268 -13.0289 1.90452 -0.00238123 -0.0466995 -0.8799 0.472853 
736 1327 7.15877 13.0642 -9.37227 1.32281 -0.00068939 -0.0499748 -0.878586 0.474962 
736 1333 6.90403 7.1644 -7.99417 1.10735 -0.0192012 -0.0468408 -0.754312 0.654561 
736 1339 7.47432 1.73335 -5.15778 0.611863 -0.0202418 -0.0458731 -0.874492 0.482442 
736 1345 6.29275 -0.391489 -2.77026 0.320396 0.00859626 -0.119171 -0.991544 0.0506534 
736 1351 6.64113 0.126764 0.395396 0.0360896 0.026166 -0.0400449 -0.941115 -0.334686 
736 1357 6.92428 1.68328 0.555229 0.113768 0.0460197 -0.0396258 -0.751284 -0.657179 
736 1363 7.01921 2.1467 0.818052 0.120505 0.0229644 -0.142873 -0.966364 -0.212603 
736 1369 6.02248 3.62058 3.79375 -0.130175 0.0138827 -0.1116 -0.915566 -0.386124 
736 1375 6.10691 8.78887 7.97868 -0.358914 0.0415027 -0.0746078 -0.888737 -0.450397 
736 1381 4.76899 12.979 12.6088 -0.877949 0.0455506 -0.081022 -0.921896 -0.376124 
736 1387 4.57902 17.3031 17.3438 -1.47988 0.0532422 -0.0716339 -0.921965 -0.376848 
742 1310 5.32658 9.25569 -28.051 -0.0929835 0.00983603 -0.00912259 -0.999366 -0.032973 
742 1316 6.7925 8.94901 -21.9577 0.0230428 0.00656386 -0.00224138 -0.995055 0.099085 
742 1322 6.4781 6.80254 -16.1031 0.0255009 0.0344393 0.00909946 -0.987424 0.154026 
742 1328 5.42935 4.76296 -9.76046 -0.00849962 0.0248973 0.0199287 -0.964705 0.261396 
742 1334 6.65504 0.765163 -4.96571 0.063942 0.0150818 0.0192195 -0.961703 0.273004 
742 1340 6.93636 -1.33779 0.885468 0.105434 0.0103375 -0.0137929 -0.989615 0.142705 
742 1346 6.27576 -0.565031 3.54048 0.213043 -0.0219211 -0.00693349 -0.935396 -0.352854 
742 1352 5.89782 1.01182 5.06722 0.191907 -0.038224 -0.0234147 -0.719387 -0.693162 
742 1358 5.31694 2.72841 4.0821 0.19933 0.0602608 0.0417619 -0.51955 -0.851288 
742 1364 5.49059 3.12133 4.08175 0.440028 -0.0236087 -0.0987442 -0.893737 -0.436952 
742 1370 5.28646 7.13797 5.72896 0.405905 -0.0124268 -0.0128775 -0.740251 -0.672092 
742 1376 4.52819 11.1126 5.08389 0.417114 -0.00498346 -0.0109105 -0.712825 -0.701239 
748 1306 6.18193 -11.1757 -27.0311 2.05069 0.0326134 -0.0548176 -0.935088 -0.348629 
748 1312 7.7993 -6.9324 -22.3136 1.73139 0.0290989 -0.0502636 -0.965673 -0.253184 
748 1318 7.69351 -4.12634 -16.5352 1.33183 0.00774043 -0.0452951 -0.995346 -0.0846982 
748 1324 7.76603 -2.44564 -10.5133 0.87342 0.0251314 -0.0470014 -0.988435 -0.141967 
748 1330 6.86912 -1.19405 -4.43982 0.381141 0.0141405 -0.0393598 -0.998023 0.0469177 
748 1336 6.80842 -1.06552 1.86433 -0.0563977 0.0120512 -0.0633878 -0.984842 -0.161006 
748 1342 7.07025 0.580259 6.76204 -0.34875 0.0179457 -0.0273677 -0.947661 -0.317596 
748 1348 5.97751 4.04569 7.7881 -0.401148 0.0503801 0.0116912 -0.764092 -0.643031 
748 1354 7.71185 4.93783 7.46463 -0.387058 0.0404265 -0.00944968 -0.324752 -0.944887 
748 1360 6.16238 5.6167 5.79282 -0.203442 0.0439054 -0.0215068 -0.411961 -0.909889 
748 1366 5.32107 6.95599 6.10367 -0.143124 0.0116132 -0.0768371 -0.704485 -0.705452 
748 1372 4.79466 11.563 3.6949 -0.0437851 0.0242228 -0.0363533 -0.433465 -0.900111 
754 1300 7.87925 -6.24128 -29.0518 1.37851 0.0315184 -0.0296852 -0.973126 -0.226165 
754 1306 5.40008 -4.05569 -23.0345 1.1017 0.0271268 -0.0368554 -0.97829 -0.202123 
754 1312 7.4828 -1.4494 -17.1985 0.860843 0.0235962 -0.0302907 -0.993909 -0.103294 
754 1318 6.46964 -0.522164 -10.8739 0.701427 0.00292536 -0.0272734 -0.997352 0.0673469 
754 1324 6.22424 -0.945026 -4.79271 0.274436 0.0357785 -0.0274089 -0.998729 0.0225836 
754 1330 5.68909 -1.36913 1.62984 0.151712 0.0149389 -0.0174671 -0.979919 0.198065 
754 1336 6.31887 -3.11296 7.67064 -0.162777 0.00947389 -0.0450363 -0.998888 -0.0101932 
754 1342 6.32669 -2.99028 12.8894 -0.327485 0.00747021 -0.0105264 -0.98508 -0.171611 
754 1348 5.54908 -0.0335816 14.7539 -0.387644 0.0287783 0.0241546 -0.852518 -0.521345 
754 1354 6.635 0.922596 14.8211 -0.359432 0.0214283 -0.00511713 -0.464004 -0.885559 
754 1360 5.69257 2.0947 13.4029 -0.285402 0.0250748 -0.0178171 -0.545391 -0.837617 
754 1366 5.05202 3.26134 14.0104 -0.225823 0.00148342 -0.0699759 -0.804762 -0.589457 
760 1294 6.9891 -14.4499 -25.8959 0.831437 0.0168587 -0.0257636 -0.897621 -0.439692 
760 1300 8.07508 -10.1039 -21.3651 0.71323 0.0334948 -0.0278407 -0.951823 -0.30354 
760 1306 6.26789 -7.01633 -15.7228 0.469751 0.0251985 -0.0316469 -0.95864 -0.281731 
760 1312 8.0122 -3.49253 -10.4661 0.370006 0.0244325 -0.0269974 -0.982068 -0.184976 
760 1318 7.64644 -1.52643 -4.29669 0.230077 0.00607097 -0.0215188 -0.999649 -0.0142215 
760 1324 7.71875 -0.711687 1.91282 0.0463294 0.023174 -0.0220319 -0.99685 -0.072581 
760 1330 6.83604 -0.329527 8.0865 -0.144072 0.0183882 -0.0137764 -0.992885 0.116842 
760 1336 6.49818 -1.09348 14.3824 -0.307199 0.0105755 -0.0393878 -0.994991 -0.0912629 
760 1342 6.7842 -0.157374 19.4843 -0.373816 0.0103965 -0.00458883 -0.968199 -0.249925 
760 1348 5.86206 3.12181 20.9763 -0.372458 0.0331755 0.0319748 -0.807308 -0.588329 
760 1354 7.23092 4.05419 20.7888 -0.387366 0.0177685 -0.00113058 -0.390888 -0.920266 
760 1360 5.60661 4.95125 19.2169 -0.293763 0.0229396 -0.0112372 -0.476007 -0.87907 
760 1366 4.79917 6.19911 19.6723 -0.24436 -0.00204402 -0.061657 -0.754831 -0.653012 
766 1289 6.92397 -16.8202 -24.1318 0.765356 0.0236092 -0.0199956 -0.819172 -0.572712 
766 1295 7.16612 -11.3731 -20.1818 0.705031 0.0109235 -0.0286709 -0.935151 -0.352918 
766 1301 8.15108 -7.70352 -15.2 0.612407 0.014866 -0.0322346 -0.971856 -0.232885 
766 1307 5.54073 -5.3455 -9.13282 0.386046 0.013369 -0.0251567 -0.973757 -0.2258 
766 1313 7.28678 -2.60989 -3.38972 0.26895 0.0126895 -0.0046353 -0.994328 -0.105492 
766 1319 6.48641 -1.64358 2.86537 0.0695891 0.0249454 -0.0319674 -0.999161 -0.00579835 
766 1325 6.27676 -1.33283 9.34144 -0.12159 0.0112389 -0.0215908 -0.998378 -0.0514756 
766 1331 6.08664 -2.19285 15.268 -0.388603 0.00900713 -0.0256607 -0.982097 0.186404 
766 1337 5.85227 -3.06943 21.5184 -0.64788 0.00862736 -0.0284634 -0.999558 0.000447427 
766 1343 6.069 -2.62898 25.8644 -0.741852 0.0188381 0.00973 -0.954706 -0.296793 
766 1349 4.91883 0.588624 27.5739 -0.610366 0.013649 -0.00635253 -0.788804 -0.614461 
766 1355 5.13371 1.01641 27.5458 -0.745224 0.0105532 0.000812303 -0.361507 -0.932309 
766 1361 5.14281 2.22153 25.9543 -0.402883 0.00150784 -0.0287803 -0.600918 -0.798791 
772 1281 6.35088 -7.72689 -28.5324 1.11408 0.0166987 -0.0254487 -0.887159 -0.460458 
772 1287 7.39035 -2.61694 -24.9688 0.969934 0.0261978 -0.0285995 -0.896257 -0.441835 
772 1293 7.20773 0.539197 -19.4059 0.837287 0.0188696 -0.0224248 -0.993632 -0.108793 
772 1299 8.07488 1.22875 -13.0726 0.650431 0.012464 -0.0289979 -0.996363 0.079148 
772 1305 6.13919 -0.356678 -6.92508 0.350257 0.0094231 -0.0239028 -0.992678 0.118024 
772 1311 7.36582 -1.18742 -0.350125 0.182597 0.0159941 -0.0298017 -0.99219 0.120066 
772 1317 7.61079 -3.42993 5.56183 -0.137647 0.0127581 -0.0189258 -0.961463 0.273987 
772 1323 6.94322 -7.02705 10.7613 -0.155575 0.00627483 -0.0193447 -0.955019 0.295846 
772 1329 6.19092 -10.6335 15.8665 -0.611362 -0.00859191 -0.0272857 -0.889406 0.456222 
772 1335 5.28149 -15.6413 19.6483 -0.628176 0.00990011 -0.0388817 -0.942637 0.3314 
778 1274 6.27746 -18.2732 -23.5456 1.36448 0.0113489 -0.0431615 -0.808503 -0.586798 
778 1280 6.24102 -12.5263 -20.8277 1.25771 0.014657 -0.0387044 -0.853538 -0.519385 
778 1286 7.00926 -6.58206 -18.0469 0.869124 0.0169376 -0.0435305 -0.846809 -0.529843 
778 1292 8.02607 -2.11175 -13.9606 0.783115 0.00845713 -0.039677 -0.964823 -0.259752 
778 1298 7.2354 0.0407939 -7.80625 0.5537 0.0222142 -0.0344691 -0.994613 -0.095203 
778 1304 7.58343 -0.0457457 -1.43005 0.227014 0.0243178 -0.0282732 -0.997294 0.0633506 
778 1310 5.18258 0.238622 5.16447 0.00329538 0.00142985 -0.0344742 -0.999404 -0.000583437 
778 1316 6.77348 -0.471452 11.2471 -0.140325 -0.0064521 -0.0261043 -0.990838 0.132349 
778 1322 6.08422 -3.01344 16.9898 -0.360269 0.019714 -0.0118717 -0.982151 0.186679 
778 1334 4.95442 -9.74371 27.7233 -0.605052 0.000116442 -0.00157509 -0.952377 0.304918 
784 1270 7.7328 -21.0491 -19.8549 0.613626 0.0186613 -0.0304287 -0.816017 -0.576925 
784 1276 7.78527 -15.1658 -17.4243 0.563049 0.0196647 -0.0295009 -0.838416 -0.543877 
784 1282 6.40248 -9.51893 -14.2029 0.507779 0.0381895 -0.0215577 -0.834636 -0.549053 
784 1288 7.72271 -4.08153 -11.1791 0.335551 0.0310609 -0.0106645 -0.897834 -0.439107 
784 1294 7.10213 -0.741833 -5.5564 0.3696 0.0218826 -0.0216512 -0.987476 -0.154735 
784 1300 8.18041 0.264921 0.675795 0.214213 0.0380814 -0.0186594 -0.999055 -0.00953907 
784 1306 5.72969 -0.341704 7.01836 -0.0100783 0.0305409 -0.0254635 -0.999121 0.0132385 
784 1312 7.80284 -0.402893 13.3689 -0.140856 0.0272877 -0.0201021 -0.993006 0.113098 
784 1318 6.57762 -2.26492 19.5958 -0.265245 0.0086632 -0.0177385 -0.959558 0.280817 
784 1324 6.62054 -5.07801 25.1101 -0.371083 0.0212669 -0.0135482 -0.974157 0.224461 
790 1265 6.15469 -15.5811 -25.0359 0.941312 0.00747433 -0.0248895 -0.954606 -0.296737 
790 1271 8.05678 -11.2139 -20.1826 0.696726 -0.00253267 -0.0234945 -0.935704 -0.351993 
790 1277 8.05413 -7.09967 -15.4431 0.5727 0.00369744 -0.0280774 -0.955653 -0.293131 
790 1283 6.61399 -3.44712 -10.1294 0.426822 0.011501 -0.0198598 -0.946567 -0.321688 
790 1289 6.92478 -0.268693 -4.9478 0.322095 0.0119171 -0.0130804 -0.990157 -0.138839 
790 1295 7.25766 -0.213004 1.76597 0.237242 0.00393334 -0.022351 -0.993671 0.110014 
790 1301 8.21064 -2.12129 7.68034 0.184545 0.00762578 -0.0214611 -0.972149 0.233256 
790 1307 5.4329 -5.64171 13.1574 0.0741323 0.0041286 -0.0158529 -0.970694 0.239759 
790 1313 6.88121 -8.62659 18.7335 0.000676101 -0.0046833 0.00749581 -0.934166 0.356729 
790 1319 5.76899 -13.0892 23.1799 -0.0207566 0.0190631 -0.00888666 -0.893981 0.447612 
796 1260 7.37541 -14.6062 -25.2851 1.29857 0.0088232 -0.0509649 -0.928722 -0.367153 
796 1266 8.24192 -11.3164 -19.5394 1.0665 0.00609106 -0.0382904 -0.960272 -0.276361 
796 1272 8.03925 -7.50172 -14.1203 0.863619 0.00957853 -0.0394153 -0.953365 -0.299083 
796 1278 7.85887 -4.12863 -8.89575 0.603358 0.00713706 -0.0354836 -0.977349 -0.208517 
796 1284 6.2794 -1.13467 -3.25857 0.375384 0.00799617 -0.0598001 -0.972204 -0.226227 
796 1290 7.65844 1.15823 2.51364 0.0876578 0.00809598 -0.0426413 -0.997803 -0.0500625 
796 1296 7.24952 0.0465791 8.99451 0.0457419 0.0190442 -0.0351324 -0.986766 0.157147 
796 1302 8.05564 -3.07719 14.5885 -0.148358 0.0195429 -0.0114571 -0.935659 0.352178 
796 1308 5.32005 -7.01484 19.6216 -0.190789 0.0088898 -0.0185546 -0.968735 0.247243 
796 1314 7.21279 -10.9281 24.5511 -0.204239 0.0126993 -0.00956137 -0.927146 0.374364 
802 1254 6.53601 -5.01532 -28.6875 1.36146 -0.00319804 -0.03644 -0.995729 -0.0847647 
802 1260 8.03003 -3.63744 -22.6459 1.04127 0.00231643 -0.0474651 -0.986016 -0.159731 
802 1266 8.19249 -3.0263 -16.3448 0.79909 -0.000284605 -0.0352461 -0.997903 -0.0542952 
802 1272 8.19481 -1.91195 -9.7237 0.538654 0.00585878 -0.0353733 -0.9963 -0.0781067 
802 1278 7.97471 -1.16246 -3.58183 0.266981 0.00278261 -0.0316554 -0.999383 0.0149822 
802 1284 6.33492 -0.905704 2.81075 0.021974 0.00973368 -0.0551173 -0.998429 -0.00268356 
802 1290 7.74383 -1.34244 8.93007 -0.240602 0.00843533 -0.036744 -0.983461 0.177155 
802 1296 7.06256 -5.19747 14.3838 -0.186283 0.0164088 -0.0230916 -0.926608 0.374961 
802 1302 8.00534 -10.4264 18 -0.168596 0.012677 0.00232281 -0.834053 0.551533 
802 1308 5.01546 -16.2276 20.8644 -0.0934617 0.00534887 -0.00822113 -0.889113 0.457583 
808 1248 6.05507 0.124339 -29.438 0.968281 -0.00562074 -0.0323338 -0.999389 0.0119914 
808 1254 6.41038 0.116512 -22.6052 0.728419 0.00239675 -0.0299161 -0.999548 0.00196143 
808 1260 8.02273 0.476729 -16.5519 0.503934 0.00763429 -0.0399987 -0.996329 -0.0752989 
808 1266 8.45081 0.0359491 -10.1532 0.305372 0.0063728 -0.0272096 -0.999126 0.0310818 
808 1272 8.08747 -0.0200754 -3.5091 0.176304 0.010769 -0.0276529 -0.999534 0.00714577 
808 1278 7.80072 -0.322469 2.71519 0.00934108 0.0083506 -0.0231025 -0.994621 0.100629 
808 1284 6.14739 -1.16717 9.04888 -0.142158 0.0165596 -0.0457419 -0.995391 0.0826479 
808 1290 7.48622 -2.64868 15.0323 -0.305415 0.0143616 -0.0279064 -0.965083 0.260058 
808 1296 7.03134 -7.32999 19.691 -0.159541 0.0234485 -0.0157326 -0.891653 0.451838 
808 1302 7.79881 -13.156 22.406 -0.149302 0.0189779 0.00749234 -0.783272 0.621344 
814 1242 7.89104 2.37549 -29.2997 0.574048 0.00213093 -0.0168919 -0.997788 0.0642557 
814 1248 6.34641 1.84656 -23.1254 0.429236 0.0027368 -0.0241176 -0.998711 0.0445742 
814 1254 6.80667 1.42903 -16.3988 0.343972 0.0104642 -0.0228735 -0.99913 0.033274 
814 1260 8.00521 1.36157 -10.1421 0.196772 0.0160859 -0.0325319 -0.998416 -0.0430026 
814 1266 8.08677 0.475855 -3.8511 0.146928 0.0126279 -0.0213861 -0.997671 0.0635344 
814 1272 7.98255 0.0202364 2.84188 0.044518 0.0193726 -0.0211711 -0.998816 0.0392904 
814 1278 7.66951 -0.688083 9.00118 -0.0613785 0.0168916 -0.0182267 -0.990896 0.132318 
814 1284 6.00332 -1.91397 15.2765 -0.134902 0.0264796 -0.0414783 -0.992184 0.114669 
814 1290 7.43426 -3.77439 21.1337 -0.296184 0.025313 -0.0250706 -0.956059 0.291 
814 1296 6.67116 -8.75741 25.5001 -0.210501 0.0318737 -0.0137774 -0.876398 0.480334 
820 1236 7.39448 2.26286 -29.3492 0.272587 0.000936656 -0.0213145 -0.999645 0.0159836 
820 1242 7.47431 1.7794 -23.027 0.320088 -0.00365209 -0.0102082 -0.998464 0.0543312 
820 1248 6.17717 1.40212 -16.7592 0.23294 0.00165608 -0.0204224 -0.999195 0.0344825 
820 1254 6.55025 1.07589 -9.93983 0.148952 0.00931451 -0.0176866 -0.999495 0.0247075 
820 1260 8.04337 1.17846 -3.86256 0.0666224 0.0141609 -0.0264679 -0.998134 -0.0531655 
820 1266 8.40928 0.440555 2.50627 0.0473995 0.0130872 -0.0144272 -0.998379 0.0534711 
820 1272 7.97284 0.104176 9.18874 0.0606153 0.0190057 -0.0144334 -0.999289 0.0291731 
820 1278 7.62309 -0.484885 15.3719 0.0600984 0.0165947 -0.0108996 -0.992268 0.122516 
820 1284 5.94164 -1.61266 21.6613 0.0667109 0.0247027 -0.0331036 -0.993652 0.104637 
820 1290 7.28158 -3.34816 27.574 0.00171107 0.0253935 -0.017062 -0.959228 0.280972 
826 1231 7.27539 -4.25827 -28.7379 3.43029 0.00772796 -0.076163 -0.994533 -0.0710252 
826 1237 7.83068 -2.96109 -22.2634 2.6928 0.0157984 -0.078673 -0.99525 -0.0551207 
826 1243 8.35953 -2.20231 -16.0751 1.99207 0.019112 -0.0471917 -0.995549 -0.0793097 
826 1249 6.38247 -1.30602 -9.80277 1.23478 0.0187331 -0.0687416 -0.995191 -0.0672267 
826 1255 8.52755 -0.233198 -3.54919 0.531551 0.0275859 -0.055974 -0.992123 -0.108615 
826 1261 6.59614 1.13534 2.6952 -0.193468 0.0255898 -0.0744623 -0.991484 -0.103727 
826 1267 8.00075 1.51302 9.07539 -0.897251 0.00993978 -0.076482 -0.996046 -0.0440805 
826 1273 5.72306 2.56319 15.5696 -1.47288 0.00237495 -0.073248 -0.99559 -0.0585631 
826 1279 5.5555 2.9937 21.7424 -2.32121 0.00883607 -0.0601068 -0.997849 0.0246106 
826 1285 5.75452 3.25175 28.1527 -3.04382 0.0166444 -0.0728743 -0.997133 0.0117458 
832 1226 7.17821 1.57685 -29.3479 2.32246 0.01155 -0.0441201 -0.998909 0.0100333 
832 1232 7.33298 1.19967 -22.6868 1.81712 0.0156007 -0.0447448 -0.998863 -0.00514693 
832 1238 5.59693 1.22775 -16.3423 1.42034 0.00423622 -0.0583897 -0.99789 0.0280775 
832 1244 7.6442 0.737692 -9.88464 0.858056 0.000420178 -0.0569138 -0.996965 0.053113 
832 1250 6.10169 0.327863 -3.71275 0.33124 -0.00169545 -0.0431135 -0.997212 0.0608891 
832 1256 8.39025 0.219922 2.71819 -0.0901339 0.0119953 -0.0340934 -0.999339 -0.00400077 
832 1262 6.66871 0.29169 9.19159 -0.54806 0.0234689 -0.0407919 -0.997609 0.0506109 
832 1268 8.15773 -0.759847 15.6219 -1.00593 0.025034 -0.0517487 -0.998337 0.0042075 
832 1274 6.41803 -1.00317 22.0275 -1.37065 0.0211402 -0.0432613 -0.998632 0.020406 
832 1280 5.28831 -2.0355 28.3 -1.814 0.0201005 -0.0356184 -0.994064 0.10082 
838 1220 7.17259 -5.29064 -29.3291 1.29914 0.00920873 -0.0384029 -0.995871 -0.0817431 
838 1226 7.55782 -3.92387 -22.7458 1.06261 0.0131083 -0.0288308 -0.994813 -0.0966686 
838 1232 7.55655 -2.87245 -16.1346 0.773763 0.01785 -0.0298712 -0.99309 -0.112076 
838 1238 5.96536 -1.50168 -9.8687 0.548066 0.00668821 -0.0401418 -0.996057 -0.0788311 
838 1244 8.34123 -0.598332 -3.47483 0.224867 0.0039202 -0.0401667 -0.997771 -0.0531412 
838 1250 6.45822 0.304223 2.83858 -0.0457777 0.000475881 -0.0268596 -0.998663 -0.0441745 
838 1256 8.4308 1.53112 8.99326 -0.235805 0.0140163 -0.0174292 -0.993677 -0.110024 
838 1262 6.14532 2.95075 15.4363 -0.408449 0.0258234 -0.0274062 -0.997697 -0.0564143 
838 1268 7.69752 3.3057 21.9078 -0.662357 0.0250511 -0.0373356 -0.993733 -0.102338 
838 1274 6.04832 4.41447 28.1334 -0.91 0.0237521 -0.0312927 -0.995548 -0.0856839 
844 1214 5.92281 -3.41603 -29.6263 0.462967 0.00904336 -0.030287 -0.977318 -0.209404 
844 1220 6.9002 -1.5654 -23.5472 0.28175 0.0114021 -0.0213166 -0.999601 -0.0145896 
844 1226 7.2994 -1.09975 -16.7001 0.285542 0.0143065 -0.010993 -0.999405 -0.0293921 
844 1232 7.36383 -0.958721 -10.0225 0.251311 0.017484 -0.0123902 -0.99876 -0.0449284 
844 1238 5.54255 -0.431301 -3.68473 0.21104 0.0088668 -0.0229847 -0.999625 -0.0119901 
844 1244 7.53159 -0.414941 2.78253 0.143586 0.00387214 -0.0230211 -0.999633 0.0137412 
844 1250 5.96251 -0.343407 8.99614 0.0338453 0.00265 -0.00965831 -0.999704 0.0221513 
844 1256 7.95343 0.056758 15.4213 0.0491828 0.0147285 -0.00131099 -0.998952 -0.0433212 
844 1262 5.80169 0.62993 21.9006 0.0519908 0.0283319 -0.00972599 -0.99949 0.0110388 
844 1268 7.56028 0.091258 28.3924 0.00224719 0.0268442 -0.0198763 -0.998788 -0.0361595 
850 1208 7.2312 -0.818335 -29.9103 0.841018 0.014873 -0.0335946 -0.989449 -0.140147 
850 1214 6.11449 0.340005 -23.5021 0.724218 0.0141182 -0.0359821 -0.989579 -0.138706 
850 1220 7.29882 1.25858 -17.1712 0.527752 0.0114868 -0.0281777 -0.997885 0.057439 
850 1226 7.58739 0.753127 -10.4264 0.408681 0.0137474 -0.0184762 -0.998841 0.0422587 
850 1232 7.55095 -0.0466558 -3.82927 0.234743 0.0182128 -0.0192536 -0.999284 0.0269959 
850 1238 5.87904 -0.452025 2.60965 0.106022 0.0100579 -0.0299327 -0.997698 0.0600078 
850 1244 8.24268 -1.34191 8.95763 -0.0930226 0.00592851 -0.0313327 -0.99578 0.0860529 
850 1250 6.33067 -2.22509 15.3338 -0.24929 0.000554904 -0.0184317 -0.995301 0.0950554 
850 1256 8.10018 -2.72481 21.5691 -0.343351 0.012889 -0.00745431 -0.999467 0.0290664 
850 1262 5.31795 -3.13819 28.1595 -0.380261 0.0246739 -0.0135078 -0.996158 0.0829364 
856 1202 7.00493 -10.5882 -27.553 1.26846 0.00715157 -0.0442941 -0.914558 -0.401958 
856 1208 7.24167 -6.93607 -22.5839 0.977279 0.00577476 -0.0414952 -0.963635 -0.263918 
856 1214 5.98297 -4.22644 -16.5734 0.83931 0.00197556 -0.0432704 -0.963949 -0.262538 
856 1220 6.93784 -1.72232 -10.7152 0.495416 0.00213641 -0.0344846 -0.997049 -0.0685469 
856 1226 7.26567 -0.526876 -3.99012 0.332005 0.00502621 -0.0241039 -0.99617 -0.0838935 
856 1232 7.32906 0.334958 2.61805 0.137649 0.00753548 -0.0263803 -0.994692 -0.0991713 
856 1238 5.35762 1.55112 8.85993 -0.0762076 -0.00168179 -0.0381315 -0.997064 -0.0663877 
856 1244 7.33598 2.27055 15.2794 -0.317263 -0.00724412 -0.03579 -0.998513 -0.0404751 
856 1250 5.70069 3.02284 21.4751 -0.596833 -0.00741944 -0.0221221 -0.999201 -0.0324557 
856 1256 7.46956 4.10997 27.8348 -0.702494 0.00462357 -0.0145347 -0.99511 -0.0975862 
862 1196 6.16654 -5.31755 -28.7182 1.31251 0.0179182 -0.0450616 -0.97202 -0.229838 
862 1202 7.2057 -2.65049 -23.1951 1.0881 0.0249246 -0.0424256 -0.964412 -0.259785 
862 1208 7.42949 -0.646613 -17.326 0.835675 0.0219335 -0.0420489 -0.992384 -0.113684 
862 1214 6.21468 0.153 -10.8503 0.590973 0.0196003 -0.0431909 -0.99256 -0.112143 
862 1220 7.34104 0.747357 -4.51831 0.29639 0.0159287 -0.0374149 -0.995615 0.0842412 
862 1226 7.53737 -0.123119 2.17943 0.0619891 0.0174085 -0.0278924 -0.997085 0.0688557 
862 1232 7.44384 -1.27197 8.75381 -0.258143 0.0225895 -0.0289828 -0.997875 0.053804 
862 1238 5.70042 -2.01989 15.1467 -0.48288 0.0147374 -0.0413779 -0.995285 0.0864799 
862 1244 8.05952 -3.25256 21.4955 -0.844877 0.0102566 -0.0409313 -0.992759 0.112468 
862 1250 6.2204 -4.48006 27.8648 -1.12529 0.00440217 -0.0273637 -0.992197 0.121559 
868 1189 6.61969 -7.62962 -28.7927 1.09613 -0.00489656 -0.0287471 -0.99864 0.0432186 
868 1195 6.4776 -7.43296 -22.5143 1.1519 0.0180208 -0.0279443 -0.978716 -0.202509 
868 1201 7.03896 -4.5558 -17.1459 0.809944 0.0120232 -0.0305816 -0.959999 -0.278067 
868 1207 7.52262 -1.8192 -11.7716 0.523117 0.00141788 -0.0284209 -0.99028 -0.136147 
868 1213 5.82966 -0.515501 -5.25329 0.346412 0.00736963 -0.0376421 -0.990412 -0.132714 
868 1219 7.19864 0.865752 0.850127 0.0746502 0.00595405 -0.0349509 -0.999359 0.00497167 
868 1225 7.16651 0.451373 7.69855 0.0225609 -0.0110326 -0.0236549 -0.999232 0.029223 
868 1231 6.92506 -0.0728895 14.32 -0.309665 -0.00595136 -0.0310058 -0.998034 0.0541383 
868 1237 7.27033 -0.426753 20.9099 -0.465124 0.00241265 -0.0319149 -0.997102 0.0690092 
868 1243 7.42223 -1.22378 27.1712 -0.623601 0.00257485 -0.00080458 -0.998998 0.0446696 
874 1183 6.5527 -0.0901098 -29.7186 0.794988 -0.02379 -0.0319789 -0.975018 0.218521 
874 1189 7.02454 -2.12902 -23.5462 0.807154 -0.0154846 -0.0237245 -0.988895 0.145892 
874 1195 6.8331 -3.19874 -17.2829 0.767849 0.00943144 -0.0216212 -0.994597 -0.101099 
874 1201 7.38143 -1.50106 -11.549 0.589423 0.00118048 -0.0273295 -0.98344 -0.179158 
874 1207 7.59382 0.0566834 -5.53574 0.316772 -0.00943187 -0.0240711 -0.999123 -0.0329324 
874 1213 6.01106 -0.0120825 1.13161 0.125903 -0.00297853 -0.0324009 -0.999036 -0.0294704 
874 1219 7.67622 0.0829384 7.36018 -0.0458558 -0.00424823 -0.0293246 -0.993686 0.108218 
874 1225 7.40158 -1.69206 13.8971 -0.0351113 -0.0212976 -0.0184558 -0.990806 0.132319 
874 1231 7.001 -3.56501 20.2382 -0.308488 -0.0150947 -0.025568 -0.987115 0.157236 
874 1237 7.22294 -5.28 26.6781 -0.332503 -0.00628154 -0.0243981 -0.984735 0.172228 
880 1177 5.20422 4.5404 -29.2837 0.0342848 -0.00276407 -0.0381828 -0.97651 0.212043 
880 1183 6.35617 2.43924 -23.2925 0.0880788 -0.00719454 -0.0231693 -0.964788 0.261908 
880 1189 6.9846 -0.174391 -17.2516 0.220233 -0.00189314 -0.0125052 -0.981835 0.189316 
880 1195 6.6329 -1.79991 -11.2119 0.442258 0.0162914 -0.00865289 -0.998231 -0.0565134 
880 1201 7.14485 -0.611635 -5.22412 0.30308 0.0104203 -0.0139546 -0.990845 -0.133879 
880 1207 7.5284 0.427369 0.761818 0.175107 0.00185118 -0.0122018 -0.99986 0.0112978 
880 1213 5.77003 -0.218308 7.36037 0.200637 0.00949397 -0.0197346 -0.999655 0.0145273 
880 1219 7.17041 -0.678461 13.6039 0.14449 0.00978834 -0.0172029 -0.988156 0.152172 
880 1225 6.94621 -3.03558 19.945 0.314602 -0.00782685 -0.00792315 -0.984239 0.176494 
880 1231 6.52139 -5.50595 26.2327 0.185805 -0.000781383 -0.0144044 -0.979452 0.201161 
886 1172 6.52668 14.6338 -25.1474 -0.46106 -0.00923998 -0.0152379 -0.959737 0.280335 
886 1178 7.57881 10.5885 -19.9753 -0.248652 -0.0133334 -0.0176246 -0.959587 0.280543 
886 1184 7.13144 6.86833 -14.7811 -0.0884412 -0.0059305 -0.0156919 -0.916405 0.3999 
886 1190 7.12068 3.10803 -9.56365 0.0785394 -0.0126604 -0.0113353 -0.945514 0.325138 
886 1196 6.73097 0.69142 -3.98528 0.264022 -0.00857455 -0.0272504 -0.999584 0.00393659 
886 1202 7.52056 0.520062 2.20147 0.225947 -0.00169673 -0.0257852 -0.999318 -0.0263712 
886 1208 7.55386 -0.396607 8.35936 0.125533 -0.00268572 -0.0212041 -0.992395 0.121223 
886 1214 6.04185 -2.63719 14.5125 0.187702 -0.00544692 -0.0226488 -0.992138 0.122965 
886 1220 7.03199 -4.98906 20.4292 0.190033 -0.00725632 -0.0112841 -0.949204 0.314374 
886 1226 6.97077 -8.80878 26.0046 0.394896 -0.00924789 -0.00196074 -0.954083 0.299394 
892 1166 5.59727 8.21982 -28.4056 -0.437864 -0.00259622 -0.0227659 -0.985858 0.166009 
892 1172 6.02055 6.61163 -22.307 -0.206331 -0.00223667 -0.0162809 -0.994022 0.107936 
892 1178 7.22179 4.53944 -16.1306 -0.134821 -0.0066349 -0.0197843 -0.993854 0.108718 
892 1184 6.66674 2.81506 -9.87432 -0.0188044 -0.00036448 -0.0198003 -0.972387 0.232532 
892 1190 7.02762 1.09173 -3.6333 0.0920695 -0.00639536 -0.0128823 -0.987883 0.154531 
892 1196 6.55156 0.715266 2.36377 0.35105 -0.00780807 -0.0281932 -0.984837 -0.170998 
892 1202 7.33578 2.69535 8.29631 0.185281 0.000507314 -0.0266128 -0.979469 -0.199828 
892 1208 7.37488 4.01481 14.2159 0.0110522 0.00308501 -0.0235111 -0.998239 -0.0543723 
892 1214 5.74358 4.01023 20.791 0.0713633 -0.000537012 -0.0244573 -0.998271 -0.0534507 
892 1220 6.56517 3.85019 27.1789 -0.0104096 1.80024e-05 -0.0136413 -0.989518 0.143765 
898 1161 7.0063 -1.01872 -29.118 -0.371242 0.00830615 -0.0261792 -0.999451 0.0185253 
898 1167 7.36934 -0.912519 -22.7299 -0.192837 0.00670199 -0.0246025 -0.999665 -0.00445648 
898 1173 6.64932 -0.552927 -16.4939 -0.0893323 0.00126779 -0.0180646 -0.999815 -0.0064466 
898 1179 7.25322 -0.495804 -10.0068 -0.0440292 0.00380408 -0.00801331 -0.995454 -0.0948248 
898 1185 4.95574 -0.314833 -3.56327 0.0194094 0.0144837 -0.0137389 -0.999622 0.0189079 
898 1191 7.1569 -0.00709343 2.85689 0.0392271 0.0257932 0.00278213 -0.999103 -0.0334833 
898 1197 6.50189 2.07045 8.51545 0.264411 0.017251 -0.0331583 -0.944641 -0.32597 
898 1203 7.4374 5.88012 13.5064 0.210129 0.026502 -0.0346069 -0.943056 -0.329765 
898 1209 7.46631 8.78166 19.007 0.165938 0.022291 -0.0245387 -0.977754 -0.207118 
898 1215 5.79676 10.8423 25.2958 0.230701 0.0255932 -0.0254807 -0.974417 -0.221826 
904 1155 7.14687 0.757916 -29.1475 -0.0527326 0.0163147 -0.00614661 -0.999844 -0.00297181 
904 1161 6.81555 0.545545 -22.6924 -0.170036 0.021899 -0.0302296 -0.998215 0.0466231 
904 1167 7.10884 0.293167 -16.267 -0.0352911 0.0199182 -0.0280388 -0.999141 0.0230977 
904 1173 6.15941 0.325389 -10.0048 0.0566268 0.0143353 -0.0208291 -0.999483 0.0198535 
904 1179 6.99353 0.0393228 -3.50456 0.0219988 0.0173149 -0.0104587 -0.997476 -0.0680659 
904 1185 4.74617 -0.167606 2.91583 0.0333195 0.0273079 -0.0173971 -0.998474 0.0447264 
904 1191 7.01306 -0.157344 9.43589 0.0421026 0.0386152 0.00124327 -0.999236 -0.00585421 
904 1197 6.26173 1.5348 15.1604 0.55162 0.0223063 -0.0300777 -0.9533 -0.299694 
904 1203 7.28652 5.11991 20.3359 0.323216 0.0379878 -0.0337761 -0.95126 -0.304172 
904 1209 7.22424 7.72324 25.8779 0.26658 0.0341041 -0.0248291 -0.982565 -0.18107 
910 1149 7.18266 -0.440636 -29.0257 -0.0281792 0.0201471 -0.010965 -0.99927 0.0305455 
910 1155 7.13858 -0.343035 -22.5034 -0.217058 0.0201795 -0.00273982 -0.999617 -0.018745 
910 1161 7.16429 -0.354067 -16.0281 -0.2815 0.025305 -0.0268246 -0.99883 0.0312901 
910 1167 7.6174 -0.416221 -9.63912 -0.108946 0.0238142 -0.0249948 -0.999373 0.00789398 
910 1173 6.80746 -0.217118 -3.40628 0.00114554 0.0181754 -0.0182858 -0.999649 0.0060217 
910 1179 7.30307 -0.317077 3.09447 0.0432665 0.0210883 -0.00624977 -0.996347 -0.0825157 
910 1185 4.90046 -0.315932 9.50188 0.133102 0.0321061 -0.0138442 -0.998912 0.0308624 
910 1191 7.02782 -0.15724 15.9526 0.134668 0.0427582 0.0037416 -0.998873 -0.0202675 
910 1197 6.11847 1.78775 21.7056 0.403379 0.0359866 -0.0254557 -0.948303 -0.314291 
910 1203 7.15094 5.44669 26.7835 0.541268 0.0424374 -0.0278757 -0.946785 -0.317835 
916 1143 7.94622 -0.88275 -29.148 0.619003 -0.00341539 -0.00236194 -0.999949 0.00918603 
916 1149 7.39416 -0.910461 -22.4816 0.328063 -0.000469987 -0.0158831 -0.999715 0.0177922 
916 1155 7.44567 -0.646862 -16.02 0.0847705 0.000422479 -0.00944881 -0.999493 -0.0304117 
916 1161 6.88575 -0.503984 -9.55946 -0.0545627 0.0048532 -0.0330686 -0.999234 0.0203599 
916 1167 7.18235 -0.408642 -3.1417 0.0393373 0.00313249 -0.0310273 -0.999508 -0.00325313 
916 1173 6.17789 -0.0451358 3.12496 0.109441 -0.00249403 -0.0229683 -0.999713 -0.00632106 
916 1179 6.94364 0.0157442 9.63673 0.0487909 0.000582071 -0.0150397 -0.995414 -0.0944714 
916 1185 4.59293 0.16812 16.0712 0.0383197 0.0111766 -0.0195608 -0.999576 0.0184606 
916 1191 6.82081 0.513439 22.557 -0.00451896 0.0229641 -0.00221744 -0.999207 -0.0324667 
916 1197 5.88957 2.45084 28.2239 0.843974 -0.00656408 -0.0355207 -0.945432 -0.32381 
922 1137 8.12432 -0.459936 -29.1127 0.401117 0.0150171 0.0284985 -0.999031 -0.0299744 
922 1143 7.82713 -0.199684 -22.7298 0.210248 0.00234351 0.00705877 -0.999859 0.0150639 
922 1149 7.22897 -0.317089 -16.0766 0.0606126 0.00535799 -0.00658599 -0.999673 0.0241137 
922 1155 7.33224 -0.141718 -9.57971 -0.0768358 0.00550048 0.00059193 -0.99967 -0.0250723 
922 1161 6.92176 -0.0665673 -3.09631 -0.0891823 0.0104386 -0.0225336 -0.999373 0.025252 
922 1167 7.5316 -0.0568713 3.28648 0.145214 0.00875249 -0.0209153 -0.999741 0.00192976 
922 1173 6.56482 0.235799 9.55291 0.316304 0.00301808 -0.0135995 -0.999903 -0.000273221 
922 1179 7.27743 0.229422 16.0275 0.394142 0.00558156 -0.00431488 -0.996035 -0.0886769 
922 1185 4.54459 0.311339 22.4669 0.551164 0.0177395 -0.009702 -0.999498 0.0243832 
922 1191 6.66889 0.579286 28.8299 0.603899 0.0281514 0.00770885 -0.999206 -0.0271159 
928 1131 6.7693 1.74777 -28.9225 1.70009 0.0126961 -0.0172141 -0.997029 0.0739989 
928 1137 8.52938 1.44891 -22.5461 1.30181 0.0225652 0.0124105 -0.99966 0.00413094 
928 1143 8.26186 1.27124 -16.1793 0.903371 0.00956428 -0.0100514 -0.998714 0.0487708 
928 1149 7.59395 0.7214 -9.5291 0.510588 0.0129507 -0.0236956 -0.998001 0.0571312 
928 1155 7.62703 0.478859 -3.08762 0.17072 0.0143254 -0.0163786 -0.999722 0.00907675 
928 1161 6.88941 0.112411 3.3707 -0.058068 0.0188671 -0.0404601 -0.997239 0.0593468 
928 1167 7.28206 -0.298037 9.77195 -0.0581581 0.017412 -0.0379447 -0.998488 0.0357698 
928 1173 6.11276 -0.422587 16.0652 -0.0596829 0.01118 -0.0297226 -0.998969 0.0324384 
928 1179 6.88855 -0.86235 22.5761 -0.233745 0.0145085 -0.0211091 -0.9981 -0.0560374 
934 1125 7.17398 0.0833531 -29.039 1.41765 0.0278632 0.0220863 -0.999272 -0.0138575 
934 1131 6.94957 0.183655 -22.5188 1.11702 0.0162971 -0.0105728 -0.99882 0.0445163 
934 1137 8.5877 0.155672 -16.1982 0.789719 0.0244572 0.01786 -0.999226 -0.0250887 
934 1143 8.03711 0.369132 -9.83694 0.479593 0.0114932 -0.00441426 -0.999729 0.0197565 
934 1149 7.36883 0.195052 -3.17847 0.179367 0.0143008 -0.0182396 -0.999325 0.0285138 
934 1155 7.38539 0.317328 3.31625 -0.105954 0.0151746 -0.0106824 -0.999615 -0.0206217 
934 1161 6.85425 0.333177 9.8012 -0.256058 0.0193838 -0.034337 -0.998792 0.0293315 
934 1167 7.50401 0.28857 16.1843 -0.167288 0.0180886 -0.0321369 -0.999301 0.00617415 
934 1173 6.41183 0.529293 22.4683 -0.11796 0.0120912 -0.0244508 -0.999621 0.00371911 
934 1179 7.07528 0.465407 28.9448 -0.19959 0.0160265 -0.0144536 -0.996187 -0.0845279 
940 1077 6.02391 6.68652 -29.0657 2.67815 0.0450284 0.0131662 -0.815527 -0.576815 
940 1097 5.94873 9.61838 -28.2539 2.76525 0.0497344 0.000167304 -0.709102 -0.70335 
940 1111 5.43516 3.92953 -28.8514 2.6215 0.0260649 -0.0464117 -0.929412 0.365184 
940 1117 6.35938 -0.507892 -26.9332 2.21434 0.0145371 -0.0433146 -0.863586 0.502128 
940 1123 6.02817 -1.32877 -24.6678 2.08233 0.0127026 -0.0850732 -0.996237 0.0106027 
940 1129 8.16621 -0.944164 -18.09 1.49307 0.00790407 -0.0260625 -0.998853 -0.039381 
940 1135 8.35514 -0.738635 -11.8189 0.998316 0.0331723 -0.0253219 -0.997192 -0.0621842 
940 1141 8.17076 -0.0687352 -5.41802 0.494472 0.0347661 -0.0336011 -0.996985 -0.0606844 
940 1147 7.8733 0.184902 1.19329 -0.0497438 0.0149768 -0.0317576 -0.999377 -0.00368741 
940 1153 7.39241 0.343052 7.60156 -0.56195 0.0209859 -0.0336885 -0.996321 -0.0759547 
940 1159 6.63001 0.966193 14.0311 -0.956818 0.00646634 -0.0442336 -0.997666 -0.0516172 
940 1165 6.02823 1.34152 20.5613 -1.1347 0.0273971 -0.0540815 -0.997922 -0.021815 
940 1171 5.47486 1.74423 26.8764 -1.31154 0.0166416 -0.0459358 -0.998352 -0.0301113 
946 1068 5.24689 1.84846 -29.84 1.92055 -0.0029344 -0.044354 -0.995618 -0.0822721 
946 1074 6.33182 4.90466 -24.2741 1.72344 0.0101265 -0.0469173 -0.9188 -0.391793 
946 1080 6.71191 10.574 -22.326 1.33975 0.0353543 0.00370132 -0.698998 -0.714239 
946 1086 6.35726 16.8647 -22.7548 1.32136 0.00992315 -0.0265881 -0.716688 -0.696817 
946 1092 6.40331 15.7143 -22.3941 1.31848 0.0110804 -0.0165785 -0.674186 -0.738293 
946 1098 6.8288 9.24927 -22.0302 1.49882 0.00288342 -0.0331924 -0.778223 -0.627103 
946 1104 6.02265 6.38235 -24.5165 1.79541 -0.0121802 -0.0505509 -0.993356 -0.102662 
946 1110 5.52813 5.19704 -23.3044 1.61453 0.0020923 -0.0360545 -0.959652 0.278863 
946 1116 5.86378 0.513707 -20.6261 1.42019 0.00603717 -0.00426572 -0.817949 0.575243 
946 1122 5.89419 -0.56288 -19.2538 1.38941 -0.0133492 -0.135268 -0.988392 0.0678582 
946 1128 8.06595 -0.489837 -12.8905 0.969609 -0.0189976 -0.0448423 -0.997064 -0.0590949 
946 1134 8.30551 -0.246608 -6.41039 0.462145 0.0117721 -0.0219477 -0.998521 -0.0483219 
946 1140 8.58456 0.278225 -0.146609 0.0173793 0.0146514 -0.0290909 -0.997866 -0.0565901 
946 1146 7.52381 0.724697 6.29891 -0.421111 -0.0272218 -0.024245 -0.999334 0.00152533 
946 1152 6.17244 0.669586 13.0086 -0.909403 -0.0184143 -0.0216311 -0.998797 -0.0399717 
946 1158 7.16198 1.2462 19.4289 -1.28898 -0.0272615 -0.0360747 -0.99836 -0.0350965 
946 1164 6.22536 1.7045 25.8263 -1.34918 -0.00606807 -0.0419244 -0.998923 -0.0189273 
952 1069 6.35587 3.03245 -22.424 1.54665 -0.00472363 -0.0290938 -0.990248 -0.136159 
952 1075 6.85929 6.5181 -17.1344 1.28587 0.0102216 -0.0422853 -0.889995 -0.45389 
952 1081 6.61618 12.3422 -15.6536 1.00613 0.0122672 -0.0355454 -0.694567 -0.718445 
952 1087 7.35561 18.5669 -15.9033 0.856697 0.0305141 -0.0156491 -0.706335 -0.707047 
952 1093 6.27579 15.3278 -15.5213 1.0254 0.0216326 -0.0187118 -0.69264 -0.720716 
952 1099 6.17578 9.22508 -15.6717 1.17965 0.0103122 -0.0149407 -0.84182 -0.539453 
952 1105 5.7755 7.16087 -18.4429 1.35301 -0.00786567 -0.0642397 -0.997862 0.00906886 
952 1111 5.62244 5.35642 -16.0615 1.15277 0.00169071 -0.0309259 -0.923702 0.381858 
952 1117 6.64785 0.848077 -14.2684 1.03224 -0.00742041 -0.0243791 -0.855344 0.517433 
952 1123 6.29351 -0.0566445 -12.0577 0.9756 -0.0144194 -0.0796006 -0.99627 0.0300412 
952 1129 8.18976 0.0690619 -5.45868 0.422422 -0.0212643 -0.0224509 -0.999287 -0.0216639 
952 1135 8.40808 0.0489787 0.837678 -0.00886729 0.00532317 -0.021191 -0.998751 -0.0449329 
952 1141 8.14467 0.474942 7.25785 -0.489837 0.00631062 -0.0298682 -0.998608 -0.0430076 
952 1147 7.83251 0.468647 13.8732 -0.978156 -0.0132663 -0.0265304 -0.999465 0.0138006 
952 1153 7.31458 0.380365 20.2812 -1.42853 -0.00772095 -0.03055 -0.997811 -0.0581485 
952 1159 6.44682 0.771464 26.709 -1.79747 -0.0218381 -0.0408417 -0.998378 -0.0331053 
958 1064 5.07124 4.27594 -21.3328 1.30224 0.0171805 -0.0369326 -0.998928 0.0219748 
958 1070 6.41094 4.82317 -14.7316 1.10987 0.0182664 -0.0146776 -0.979869 -0.198263 
958 1076 6.50909 8.4631 -9.61762 1.07343 0.0356207 0.00884129 -0.887289 -0.459751 
958 1082 6.8562 14.3753 -8.48514 1.14763 0.0219247 -0.0102305 -0.693273 -0.720269 
958 1088 6.87747 20.5205 -8.2045 1.34632 0.0492109 0.0114768 -0.755131 -0.653623 
958 1094 6.70582 15.2264 -8.13927 1.19799 0.0517201 0.0160707 -0.723899 -0.687777 
958 1100 7.16816 9.6049 -9.01928 1.11878 0.0301037 0.000833881 -0.901735 -0.431239 
958 1106 6.06457 8.28617 -11.8681 1.17542 0.0257658 -0.106269 -0.986538 0.121593 
958 1112 6.2968 5.80678 -8.94993 0.99895 0.0108696 -0.0120401 -0.87475 0.484303 
958 1118 5.36206 1.44405 -7.66499 0.642677 0.00353313 -0.0375814 -0.888455 0.45741 
958 1124 6.09665 0.598318 -4.47976 0.365871 0.00386524 -0.0164543 -0.997985 0.0611599 
958 1130 7.09464 0.359466 1.87817 -0.0426426 0.019542 -0.0118881 -0.998925 0.0403165 
958 1136 7.94465 0.035259 8.27759 -0.480208 0.0299743 -0.023987 -0.998855 0.0285567 
958 1142 7.94018 0.0441749 14.7163 -0.938425 0.0145253 0.00252394 -0.998356 0.0553977 
958 1148 7.13501 -0.429176 21.3423 -1.3724 0.00168395 -0.0136304 -0.998519 0.0526468 
958 1154 6.29503 -0.760797 27.7916 -1.77065 0.0114825 -0.0211505 -0.999476 -0.0216589 
964 1064 4.95757 -4.60982 -15.5362 -0.763355 0.0058713 0.0132702 -0.974268 -0.224926 
964 1070 6.39553 -1.00725 -10.0167 -0.31407 -1.02169e-05 0.0325124 -0.900803 -0.433008 
964 1076 6.34175 4.61737 -7.28388 0.0587998 0.00902596 0.0453557 -0.746041 -0.664293 
964 1082 6.81703 10.3518 -9.09848 0.0589991 -0.0228596 0.0178724 -0.495183 -0.868304 
964 1088 7.02877 15.9225 -11.7801 -0.00764018 0.0132315 0.0390639 -0.570149 -0.820506 
964 1094 6.83967 11.2893 -9.20725 0.0668113 0.0146285 0.0374379 -0.531156 -0.84632 
964 1100 7.43658 5.90604 -7.3111 0.0756931 0.00282464 0.0417887 -0.767655 -0.639493 
964 1106 6.21949 3.40701 -9.15968 -0.0861447 0.00259817 -0.0559365 -0.990541 -0.125271 
964 1112 6.45836 2.615 -5.39476 0.0448501 0.0311436 0.0358993 -0.966074 0.253856 
964 1118 5.68416 -0.59849 -2.14549 -0.0354001 0.0157984 0.0114245 -0.974366 0.224124 
964 1124 5.92261 0.208033 1.07522 0.144129 -0.000464206 0.0370036 -0.981775 -0.186411 
964 1130 7.11913 2.9235 6.72033 0.372526 0.0146431 0.0371603 -0.977687 -0.206236 
964 1136 8.05048 5.77933 12.5375 0.609987 0.0172907 0.0185594 -0.975336 -0.219264 
964 1142 8.38874 8.84944 18.2435 0.807892 0.015623 0.0530526 -0.979673 -0.192825 
964 1148 7.6113 11.6068 24.3125 1.05647 -0.000949927 0.0414489 -0.980017 -0.194547 
970 1070 6.69385 -5.85763 -5.79932 0.556901 0.00848929 -0.0209621 -0.760386 -0.649078 
970 1076 6.69279 0.411258 -6.18297 0.526559 0.0344902 -0.00932904 -0.55234 -0.832853 
970 1082 6.91065 4.49707 -10.6023 0.59393 0.0129883 -0.0192657 -0.256234 -0.966336 
970 1088 6.77495 7.98884 -15.6842 0.780711 0.0485561 -0.0125272 -0.342695 -0.938108 
970 1094 7.01616 5.25686 -11.1487 0.626928 0.0519473 -0.0112287 -0.298393 -0.952962 
970 1100 7.20838 1.51831 -6.83168 0.570738 0.026212 -0.0133829 -0.578995 -0.8148 
970 1106 6.35346 -1.59311 -7.22062 0.612401 -0.0288903 -0.104736 -0.921595 -0.372637 
970 1112 6.36524 -0.434483 -3.58088 0.452513 0.00373521 -0.0154573 -0.999872 -0.00145259 
970 1118 5.65217 -1.63952 0.795457 0.0773853 -0.0138997 -0.0338536 -0.998831 -0.0315875 
970 1124 6.22666 0.620239 3.21024 -0.153457 -0.0052529 -0.0154984 -0.902062 -0.431296 
970 1130 7.1569 5.91049 6.77307 -0.572859 0.0110396 -0.020035 -0.892674 -0.450121 
970 1136 7.7659 11.1773 10.413 -1.01168 0.0148099 -0.0357039 -0.886898 -0.460346 
970 1142 7.60519 16.6431 13.8039 -1.47384 0.0141073 -0.0053289 -0.899516 -0.436627 
970 1148 6.60757 22.0309 17.7042 -1.89752 -0.00477572 -0.0133153 -0.898271 -0.439215 
976 1076 6.37036 3.55333 0.808225 0.181234 0.0374169 -0.00163129 -0.880038 -0.473424 
976 1082 6.93247 9.48385 1.76731 0.230766 0.0245646 -0.0214286 -0.681355 -0.731227 
976 1088 7.11855 15.6763 1.86666 0.261963 0.0517665 0.00406803 -0.744611 -0.665476 
976 1094 6.89763 10.3781 2.09129 0.209897 0.055465 0.00409592 -0.712538 -0.699426 
976 1100 7.38015 4.71304 1.36908 0.185699 0.0296624 -0.00811703 -0.895087 -0.444829 
976 1106 6.12669 3.30355 -1.40848 0.336395 0.019582 -0.114863 -0.987485 0.106289 
976 1112 6.36364 0.935496 1.57147 0.0539463 0.00274642 -0.0161568 -0.882072 0.47083 
976 1118 5.73722 -3.40011 3.03769 -0.297164 -0.0043792 -0.0436215 -0.895716 0.442459 
976 1124 5.8872 -4.13925 6.25995 -0.517581 -0.00139121 -0.0246866 -0.9987 0.0445666 
976 1130 6.57613 -4.2154 12.5084 -1.07275 0.0143959 -0.0216202 -0.999351 0.0249645 
976 1136 7.25924 -4.27497 18.9599 -1.60241 0.0254644 -0.0331899 -0.999043 0.012742 
976 1142 7.11839 -4.03749 25.3748 -2.17715 0.0121676 -0.00549624 -0.999132 0.0394486 
982 1082 7.00693 10.2758 8.18 -0.0502323 0.00635996 -0.0126479 -0.680723 -0.732404 
982 1088 6.60749 16.4448 8.24911 -0.019401 0.0343564 0.0120404 -0.743775 -0.667438 
982 1094 7.01407 11.1496 8.49884 -0.0331903 0.0372819 0.0132908 -0.711976 -0.701087 
982 1100 7.1727 5.49924 7.79724 0.0355468 0.0162125 0.00518723 -0.894499 -0.446746 
982 1106 6.3675 4.06083 4.99521 0.0453893 0.0145569 -0.0957912 -0.989646 0.105887 
982 1112 6.2499 1.70043 8.00067 -0.030278 0.00563534 0.001349 -0.88324 0.468885 
982 1118 5.61393 -2.60953 9.43641 -0.288398 -0.00185453 -0.0238976 -0.89667 0.442051 
982 1124 5.96753 -3.35126 12.6833 -0.42367 -0.00703113 -0.00630244 -0.999006 0.0435655 
982 1130 6.93562 -3.39926 19.0541 -0.739207 0.00853911 -0.00327526 -0.999698 0.0228098 
982 1136 6.69025 -3.45338 25.4627 -1.03481 0.0210981 -0.0140157 -0.99962 0.0109037 
988 1088 6.74626 15.4764 15.9398 0.0520229 0.022062 0.0170311 -0.770023 -0.637407 
988 1094 6.76107 10.1696 15.7361 0.164663 0.0248895 0.0163091 -0.739609 -0.672379 
988 1100 7.0795 4.5863 14.5715 0.270104 0.00470055 0.0115374 -0.911952 -0.410107 
988 1106 6.08783 3.37793 11.6647 0.295589 0.0124688 -0.0850397 -0.985491 0.146357 
988 1112 6.0337 0.826731 14.4542 0.252302 0.00319103 0.0146979 -0.862876 0.505191 
988 1118 5.75306 -3.63513 15.5986 0.0841029 -0.00337979 -0.0125631 -0.8785 0.477566 
988 1124 5.29541 -4.64122 18.7728 0.0976945 -0.0139172 0.00395702 -0.996367 0.0839231 
988 1130 6.23112 -5.20855 24.9989 -0.13623 0.000836101 0.00638554 -0.997937 0.0638837 
994 1094 6.77842 12.0081 21.0259 0.291368 0.0151013 0.0120667 -0.702677 -0.711246 
994 1100 6.75173 6.3296 20.4492 0.547453 -0.00481678 0.0101091 -0.88862 -0.458507 
994 1106 5.90889 4.83196 17.7138 0.524249 -0.000443154 -0.0787686 -0.992457 0.093937 
994 1112 5.79862 2.55445 20.723 0.573678 -0.00196426 0.02248 -0.888839 0.457664 
994 1118 5.57956 -1.74475 22.3026 0.494404 -0.0104603 -0.00271837 -0.902371 0.430824 
994 1124 5.4731 -2.41595 25.533 0.492936 -0.0225574 0.00913538 -0.999209 0.0314618 
1000 1100 6.60232 8.72784 25.4301 -1.89221 0.0309864 -0.0324393 -0.865863 -0.498266 
1000 1106 5.56854 6.96379 22.8415 -1.58741 0.00248912 -0.134214 -0.989812 0.0474645 
1000 1112 5.63433 5.02639 26.0654 -1.99725 -0.0150211 -0.0307016 -0.908763 0.415911 
1000 1118 5.46898 0.879669 28.0643 -2.36284 -0.0230655 -0.0574927 -0.920147 0.386642 
1006 1106 5.47927 22.118 12.8595 -2.74637 -0.00803413 -0.180448 -0.925574 -0.332698 
1006 1112 4.96506 22.9149 16.4359 -3.56097 -0.0104142 -0.090258 -0.994976 0.0420387 
1580 1806 5.53933 -14.6206 -25.8665 -0.448784 -0.0244206 -0.0143186 -0.754366 -0.655844 
1580 1812 5.23871 -11.9009 -26.8219 -0.673387 0.0304348 -0.0154406 -0.294289 -0.955107 
1586 1798 6.65027 -21.845 -19.7769 -1.28476 0.00476687 -0.0530386 -0.893424 -0.446046 
1586 1804 6.76124 -18.1603 -17.8063 -1.0357 -0.0722126 -0.0723653 -0.772893 -0.626247 
1586 1810 6.20462 -14.9214 -18.2265 -1.00364 0.0262656 0.0110361 -0.41139 -0.911014 
1586 1816 6.03786 -13.963 -21.7186 -1.0766 -0.00920692 -0.0029343 -0.0191678 -0.99977 
1592 1794 5.66006 -21.2565 -19.7003 -0.612851 0.00209007 -0.0705621 -0.974337 -0.21374 
1592 1800 6.19735 -17.424 -14.8799 -0.0947127 0.0133538 0.0260649 -0.936051 -0.350643 
1592 1806 6.66914 -14.5337 -13.4372 -0.0514073 -0.0239572 -0.0176695 -0.766175 -0.641942 
1592 1812 6.10066 -11.5466 -14.3554 -0.242579 0.031061 -0.0152779 -0.309692 -0.950207 
1592 1818 6.21883 -10.378 -19.1881 -0.287918 0.027855 -0.0211139 -0.0390447 -0.998626 
1592 1824 5.74712 -10.0995 -25.53 -0.38139 -0.00511687 -0.0167776 -0.0120294 -0.999774 
1598 1789 6.23038 -26.8336 -12.8787 -1.571 -0.0116107 -0.0662971 -0.946909 -0.314379 
1598 1795 7.75542 -23.2278 -7.88744 -0.919164 0.000835767 -0.0670765 -0.923191 -0.378442 
1598 1801 7.75792 -18.7278 -4.41562 -0.397931 -0.00616054 -0.0495376 -0.874806 -0.481894 
1598 1807 6.7022 -15.1721 -3.9392 -0.2583 -0.0129157 -0.0148828 -0.629149 -0.777035 
1598 1813 6.98773 -13.1959 -5.47917 -0.282281 -0.0458295 -0.0210278 -0.159499 -0.98591 
1598 1819 6.03232 -13.2607 -11.2494 -0.294284 -0.00729033 -0.00608811 0.0952544 -0.995408 
1598 1825 5.29362 -14.1688 -17.6035 -0.356679 0.000314513 -0.0113125 0.0788097 -0.996825 
1598 1831 5.44697 -15.3465 -24.1241 -0.365822 0.00103059 -0.00501586 0.0523378 -0.998616 
1604 1787 4.69446 -12.0789 -25.9256 -6.39177 0.0294978 0.022919 -0.995435 0.087829 
1604 1793 5.83193 -13.1183 -19.9026 -4.39895 0.0356299 0.0076916 -0.99738 0.0624894 
1604 1799 7.34413 -12.8931 -13.991 -2.75813 0.0185473 0.0487853 -0.995556 -0.0783861 
1604 1805 7.26251 -11.3286 -10.6011 -1.96593 -0.0267495 0.0651991 -0.948253 -0.309596 
1604 1811 5.90916 -8.49942 -9.22106 -1.7899 -0.0120245 0.0743216 -0.633753 -0.769863 
1604 1817 7.13194 -5.18541 -11.9241 -2.20342 -0.0561246 0.0366348 -0.356823 -0.931765 
1604 1823 6.19323 -1.42865 -16.8771 -3.11612 -0.0664241 0.0209389 -0.312498 -0.947362 
1604 1829 5.49938 2.22063 -22.305 -4.07991 -0.0722122 0.0344016 -0.315161 -0.945661 
1610 1784 5.01632 14.1813 -26.178 -0.603817 0.0645647 -0.0782361 -0.842407 0.529208 
1610 1790 6.06232 8.72694 -22.8273 -0.21316 0.0411302 -0.0621892 -0.859796 0.505164 
1610 1796 8.46462 3.67905 -19.2642 0.222277 0.0619857 -0.0808856 -0.922416 0.372511 
1610 1802 8.02547 0.617183 -15.3892 0.380186 0.0383905 -0.0778735 -0.974704 0.205949 
1610 1808 7.48111 0.229232 -11.5992 0.365653 0.0329463 0.00745185 -0.98655 -0.159934 
1610 1814 8.32085 2.31692 -9.89807 0.357688 -0.0216432 -0.0621135 -0.771644 -0.632644 
1610 1820 6.51693 8.36391 -10.0209 0.608185 0.0187725 -0.00684414 -0.673289 -0.739109 
1610 1826 5.93851 14.8791 -10.6527 0.805152 0.034793 0.000348193 -0.661887 -0.748796 
1610 1832 5.85308 21.3882 -11.3815 0.924492 0.0357105 -0.00203741 -0.699883 -0.713361 
1616 1785 5.24276 19.3808 -14.4856 -1.18592 0.0737408 -0.0533955 -0.796554 0.597673 
1616 1791 5.83547 13.0888 -12.7371 -0.739659 0.0652314 -0.0296497 -0.7702 0.633765 
1616 1797 8.96661 7.31044 -10.4175 -0.279892 0.0802978 -0.053464 -0.883491 0.458408 
1616 1803 7.87907 3.93262 -7.75506 0.0349749 0.0299578 -0.0341465 -0.964724 0.259316 
1616 1809 7.04515 2.85302 -4.11657 0.108982 0.0310372 0.0273271 -0.991957 -0.119632 
1616 1815 6.86594 4.9432 -2.14468 0.192033 -0.00453515 -0.014008 -0.813426 -0.581482 
1616 1821 6.7838 11.231 -0.612874 0.426842 0.0189781 0.013543 -0.787928 -0.615326 
1616 1827 6.76287 17.5224 0.494292 0.558689 0.0193128 0.0212904 -0.747437 -0.663711 
1616 1833 5.6591 24.0729 1.80596 0.838849 0.0173156 0.00898381 -0.787626 -0.615845 
1622 1784 6.28802 22.6209 -1.81393 -1.42831 0.0541506 -0.0662244 -0.652944 0.75256 
1622 1790 7.90134 16.3027 -2.06283 -0.875369 0.0271921 -0.0598198 -0.676538 0.73347 
1622 1796 9.59942 10.1208 -1.86616 -0.319669 0.0523904 -0.0767977 -0.774939 0.625162 
1622 1802 8.4546 5.4279 -0.306144 -0.0539452 0.0330936 -0.0842935 -0.872411 0.480311 
1622 1808 8.01717 3.02021 2.65331 -0.148871 0.0129852 -0.0112104 -0.991166 0.13151 
1622 1814 8.50398 3.81224 5.22528 -0.332841 -0.00276907 -0.0973028 -0.918775 -0.382593 
1622 1820 7.14159 8.9398 8.44691 -0.464511 0.0247581 -0.033073 -0.857418 -0.512959 
1622 1826 6.4368 14.7293 11.5041 -0.607212 0.0371497 -0.0220247 -0.849605 -0.525648 
1622 1832 6.26459 20.5328 14.5059 -0.742103 0.0380783 -0.0230081 -0.876131 -0.480017 
1628 1777 6.14692 27.7405 -10.9793 -3.7676 0.090703 -0.00174603 -0.867959 0.48828 
1628 1783 9.19401 21.7593 -8.67052 -3.02435 0.112416 0.0179663 -0.81408 0.569486 
1628 1789 9.35183 16.1075 -5.76454 -2.03538 0.0824262 0.00156783 -0.872787 0.481089 
1628 1795 9.84712 10.7905 -2.74474 -0.949826 0.0874926 0.0127764 -0.903279 0.419844 
1628 1801 8.36836 6.90764 1.32838 0.166424 0.0638144 0.0260553 -0.946278 0.315922 
1628 1807 7.57054 6.1666 4.79786 0.78167 0.00812692 0.0523606 -0.996707 -0.0613873 
1628 1813 8.11191 7.50279 6.88641 1.06142 -0.0451245 0.017772 -0.835928 -0.546692 
1628 1819 7.53575 13.2394 7.28584 1.23259 -0.0448161 0.0452224 -0.66869 -0.74081 
1628 1825 6.85903 19.6705 6.91189 1.24121 -0.0364748 0.0482215 -0.680215 -0.730514 
1628 1831 7.12383 26.2347 6.33786 1.28463 -0.0388015 0.0536983 -0.699498 -0.711557 
1634 1778 8.50083 -0.424659 -29.0556 -2.4302 0.018721 -0.0736553 -0.997013 -0.013768 
1634 1784 9.64882 -0.395304 -22.6132 -1.82645 0.0198889 -0.0832319 -0.996171 -0.0179041 
1634 1790 9.18696 0.501724 -16.3229 -1.22419 0.00868284 -0.057886 -0.997184 -0.0468898 
1634 1796 9.89096 1.68323 -10.2391 -0.554934 0.0104079 -0.0831225 -0.97761 -0.193034 
1634 1802 8.44729 3.99475 -5.87871 -0.144345 -0.0100618 -0.0667775 -0.930248 -0.360665 
1634 1808 8.31087 7.32604 -4.01146 0.00555258 0.0267158 0.00680984 -0.738499 -0.673691 
1634 1814 8.47366 9.72935 -5.23202 -0.00852322 -0.0649404 -0.0266916 -0.301588 -0.95085 
1634 1820 7.39107 12.0402 -10.8254 0.0338662 -0.0037494 -0.00484581 -0.160087 -0.987084 
1634 1826 6.52897 14.0892 -17.0533 0.0487612 0.0130339 -0.00671703 -0.144921 -0.989335 
1634 1832 6.93961 16.0442 -23.286 0.00716381 0.0138696 -0.00846863 -0.196762 -0.980317 
1640 1776 8.40703 -18.2094 -22.8352 -3.1666 -0.0344869 -0.0623552 -0.916496 -0.393647 
1640 1782 10.0319 -14.4055 -17.8444 -2.48727 -0.000994954 -0.0580412 -0.951971 -0.300636 
1640 1788 10.0998 -10.3347 -12.9005 -1.79182 -0.0246079 -0.0619462 -0.926964 -0.369181 
1640 1794 10.1546 -6.12173 -8.28958 -0.966004 -0.00617146 -0.0675171 -0.925271 -0.373199 
1640 1800 8.64363 -0.87955 -5.02242 -0.200554 0.0266492 0.0268215 -0.864834 -0.500632 
1640 1806 8.63888 2.5907 -4.70335 -0.0591353 -0.0187958 -0.00543089 -0.647766 -0.761588 
1640 1812 6.45206 4.84917 -6.41807 -0.1457 0.0299637 -0.0123677 -0.148111 -0.988439 
1640 1818 7.91482 4.40266 -11.3624 -0.23697 0.0236963 -0.0169695 0.126788 -0.991502 
1640 1824 7.08048 2.58405 -17.4631 -0.340398 -0.00821237 -0.00684194 0.153868 -0.988034 
1640 1830 7.85872 0.507705 -23.7344 -0.601557 -0.0114512 -0.0156816 0.086628 -0.996051 
1646 1772 8.65912 -1.98532 -29.2414 -1.87316 -0.0435812 -0.0651894 -0.987576 -0.136179 
1646 1778 9.71092 -1.01273 -23.076 -1.60658 -0.00479338 -0.0841839 -0.99552 0.0427892 
1646 1784 10.1205 -1.68615 -16.6474 -1.1284 -0.00520542 -0.0936203 -0.994847 0.0385726 
1646 1790 8.60421 -1.5479 -10.0928 -0.960007 -0.0307521 -0.048452 -0.998301 0.0100985 
1646 1796 9.94312 -0.890782 -4.08561 -0.214162 -0.012089 -0.0982648 -0.985576 -0.137252 
1646 1802 8.30256 0.955147 0.50322 -0.0246632 -0.0297552 -0.0877518 -0.946919 -0.307828 
1646 1808 8.29794 4.06729 2.71849 -0.116279 0.0118688 -0.0201205 -0.774327 -0.632355 
1646 1814 8.1902 6.58445 1.75292 -0.24083 -0.0615792 -0.0614545 -0.350028 -0.93269 
1646 1820 7.43912 9.48269 -3.54799 -0.236397 0.00266832 -0.0357384 -0.213045 -0.976385 
1646 1826 6.3701 12.1927 -9.53737 -0.21986 0.0207685 -0.0366029 -0.198359 -0.979225 
1646 1832 7.25552 14.812 -15.5126 -0.280662 0.0191379 -0.0386585 -0.249569 -0.967396 
1646 1838 5.33012 17.4704 -21.306 -0.23751 0.0186149 -0.0361436 -0.191171 -0.980714 
1652 1765 7.39079 3.57972 -29.1038 -5.02175 -0.0351615 0.023966 -0.954922 -0.293791 
1652 1771 8.30647 5.25271 -23.0323 -4.36471 -0.0187493 0.00283592 -0.997928 -0.061479 
1652 1777 9.40549 4.99107 -16.7879 -3.30684 0.0208076 -0.0267503 -0.994072 0.103304 
1652 1783 10.126 2.74707 -10.8988 -2.16851 0.0488874 -0.0163413 -0.978743 0.198509 
1652 1789 10.0296 1.15906 -4.73779 -0.977993 0.0145168 -0.0234262 -0.995101 0.0949453 
1652 1795 10.0552 -0.108905 1.1924 0.279252 0.0226285 -0.0212453 -0.999178 0.0260603 
1652 1801 7.97154 0.350256 6.77624 1.33618 0.00589003 -0.00675216 -0.996074 -0.0880734 
1652 1807 6.57608 2.41456 9.69979 1.70574 -0.027922 0.0160246 -0.889679 -0.455449 
1652 1813 7.22507 4.90018 10.1586 1.68281 -0.0683999 -0.017703 -0.54536 -0.835219 
1652 1819 7.14149 9.08821 6.22083 1.30574 -0.0434357 -0.000272494 -0.315532 -0.94792 
1652 1825 5.87805 13.175 1.22359 0.825025 -0.0338587 -9.90086e-05 -0.330352 -0.94325 
1652 1831 7.0543 17.1963 -3.92872 0.293785 -0.0368463 0.00600519 -0.355981 -0.933747 
1652 1843 5.24276 25.5613 -13.6768 -0.662992 -0.0295964 0.00530075 -0.371366 -0.928 
1658 1758 8.35706 -9.13298 -27.0145 -4.14577 0.00471939 0.123343 -0.922473 -0.365797 
1658 1764 8.47197 -5.03267 -23.1427 -3.82873 -0.0549043 0.00525705 -0.892594 -0.447474 
1658 1770 8.28156 -1.19623 -18.0911 -3.23768 -0.0332463 0.00507947 -0.974779 -0.220623 
1658 1776 9.62385 0.46948 -12.1857 -2.29472 -0.0113376 -0.0330624 -0.997255 -0.0652706 
1658 1782 9.92219 0.291246 -5.92713 -1.12654 0.0221426 -0.0183684 -0.999026 0.0334562 
1658 1788 9.95137 0.335447 0.402197 0.0448995 -0.0018727 -0.0290621 -0.998842 -0.0382903 
1658 1794 9.94766 0.689864 6.55522 1.32076 0.0163922 -0.0282139 -0.998531 -0.0432503 
1658 1800 8.16721 2.6936 12.3382 2.50461 0.0104181 0.0708325 -0.980512 -0.18295 
1658 1806 7.94429 5.22658 14.7311 2.84536 -0.0326941 0.0216673 -0.864705 -0.500747 
1658 1812 5.68596 8.0782 14.8345 2.74682 0.000974476 0.0176322 -0.46926 -0.882883 
1658 1818 7.38937 10.8257 10.72 2.37092 -0.00732304 0.00158851 -0.211605 -0.977327 
1658 1824 6.07615 13.255 4.84919 1.8817 -0.0403843 -0.000118172 -0.185219 -0.981867 
1658 1830 7.1794 15.5808 -1.29029 1.15901 -0.0400305 -0.00748684 -0.251506 -0.966999 
1658 1842 5.03477 20.8564 -12.9963 0.240127 -0.0361264 0.000421068 -0.257013 -0.965732 
1664 1764 8.40725 -6.16586 -16.7456 -2.5628 -0.0645572 0.00280601 -0.882742 -0.465393 
1664 1770 7.82936 -2.17308 -11.8745 -2.04953 -0.0442675 0.00467044 -0.969767 -0.239937 
1664 1776 9.37648 -0.172999 -5.99077 -1.11891 -0.0229282 -0.0324838 -0.995608 -0.0847582 
1664 1782 10.0263 -0.07164 0.245303 0.0492263 0.0109994 -0.0174434 -0.999684 0.0143521 
1664 1788 10.1439 0.259351 6.55949 1.22724 -0.0133806 -0.028754 -0.99779 -0.0583837 
1664 1794 10.1407 0.899046 12.6883 2.50995 0.00543196 -0.0286018 -0.99756 -0.06345 
1664 1800 7.89529 3.1496 18.3691 3.67359 0.00108659 0.0693457 -0.976538 -0.203872 
1664 1806 7.58377 5.76673 20.6785 3.97588 -0.0428953 0.0180307 -0.853918 -0.518324 
1664 1812 4.90068 8.57101 20.6279 3.83971 -0.00488171 0.00795754 -0.451259 -0.892344 
1664 1818 6.98957 11.1773 16.4558 3.3692 -0.0116007 -0.00909303 -0.191987 -0.981287 
1664 1824 5.63708 13.3762 10.4982 2.82535 -0.0439935 -0.00904955 -0.165038 -0.985264 
1664 1830 7.00255 15.4248 4.25585 1.9979 -0.0444796 -0.0174543 -0.23143 -0.971677 
1664 1842 4.78157 20.1906 -7.65621 0.926296 -0.0392881 -0.0109394 -0.237117 -0.970625 
1670 1770 8.28784 0.335062 -5.84366 -0.884441 -0.00818379 0.00207473 -0.996407 -0.0842672 
1670 1776 9.61707 0.276814 0.293286 0.0497609 0.0187159 -0.0367126 -0.996553 0.0719935 
1670 1782 9.91399 -1.66455 6.26095 1.11586 0.0493565 -0.0201623 -0.983931 0.170401 
1670 1788 9.83395 -3.40298 12.3654 2.19264 0.0273205 -0.0322773 -0.994209 0.0987907 
1670 1794 9.74584 -4.80186 18.3813 3.38849 0.04513 -0.0292313 -0.994127 0.0939119 
1670 1800 7.59139 -4.48893 24.4954 4.58312 0.0258144 0.0721276 -0.996053 -0.0448237 
1670 1806 7.51762 -2.75353 27.4838 5.01581 -0.0119968 0.0262607 -0.92598 -0.376466 
1670 1812 5.04635 -0.0196836 28.3362 5.03784 0.0137692 0.0381182 -0.585829 -0.809421 
1670 1818 7.03029 3.7412 25.1582 4.87721 0.00135098 0.0241318 -0.344296 -0.93855 
1670 1824 5.65225 7.69967 20.158 4.58299 -0.0319603 0.0180198 -0.319176 -0.946985 
1670 1830 6.86854 11.6486 14.8954 4.06849 -0.0285238 0.010226 -0.383043 -0.923234 
1670 1842 4.79482 19.942 5.08138 3.56506 -0.0259777 0.018524 -0.38847 -0.920909 
1670 1848 4.53135 24.3485 0.396602 3.13688 -0.0297754 0.0289371 -0.355804 -0.933638 
1676 1776 9.37518 0.182735 6.67017 0.53843 0.0269886 -0.0760579 -0.991629 0.100791 
1676 1782 10.0082 -2.10535 12.5615 1.08045 0.0529934 -0.0591388 -0.976449 0.200602 
1676 1788 10.1291 -4.19877 18.6178 1.63588 0.034215 -0.0720277 -0.988613 0.127618 
1676 1794 9.9946 -5.94967 24.6234 2.33356 0.0524096 -0.068376 -0.988623 0.123299 
1676 1821 6.22542 4.26118 29.5221 3.45766 0.014079 0.00957369 -0.385442 -0.922575 
1676 1827 6.41346 8.48896 24.7061 3.53664 0.0190656 0.0146623 -0.325975 -0.945072 
1676 1833 6.14188 12.9915 19.7855 3.65122 0.00988721 0.00520993 -0.384726 -0.922963 
1676 1839 4.60827 17.2113 14.9851 3.84432 0.00961466 0.0123706 -0.352863 -0.935544 
1682 1782 9.77762 -5.97742 17.3629 1.60262 0.0629711 -0.0430234 -0.933769 0.349655 
1682 1788 9.63885 -9.83914 22.4756 2.24712 0.0457892 -0.0580016 -0.957111 0.280138 
1682 1832 5.87124 5.16302 29.356 4.30063 0.00861247 0.0164678 -0.534377 -0.845042 
1872 2056 5.50826 -14.6761 -25.8734 -3.65124 -0.0283642 0.0368277 -0.569442 -0.820716 
1878 2047 7.80974 -17.2627 -23.4469 -2.74474 -0.075029 0.0204199 -0.852481 -0.516942 
1878 2053 7.07879 -11.0839 -22.3183 -2.88979 -0.074512 0.0139052 -0.681483 -0.727898 
1878 2059 6.55914 -5.45641 -23.3345 -3.4107 -0.0751454 0.000103683 -0.442543 -0.893593 
1878 2065 6.29533 -1.21847 -28.2131 -4.18448 -0.0669293 -0.0255647 -0.275367 -0.958666 
1884 2045 6.64499 -27.2173 -12.1171 -0.0976381 -0.0523124 -0.0142531 -0.789627 -0.611188 
1884 2051 7.28339 -21.0202 -12.1817 -0.760096 -0.0549576 -0.016483 -0.582946 -0.810483 
1884 2057 6.78266 -15.4543 -14.8606 -0.817661 -0.00904167 0.00262932 -0.418629 -0.908109 
1884 2063 7.28653 -12.8259 -20.3524 -1.12421 -0.0143155 -0.0206815 -0.124031 -0.991959 
1884 2069 7.61729 -11.4773 -26.7209 -1.14106 -0.00984465 -0.0313576 -0.101414 -0.994301 
1890 2042 6.38615 -6.55328 -28.6931 -6.24125 -0.0419336 0.0754989 -0.971494 -0.220775 
1890 2048 8.18593 -3.98232 -22.8067 -5.6441 -0.0543045 0.0640814 -0.965081 -0.248118 
1890 2054 6.50621 0.774234 -18.7773 -4.53841 -0.0620652 0.0885686 -0.884187 -0.454441 
1890 2060 6.80222 6.22016 -17.0496 -4.28179 -0.0709762 0.0624168 -0.663452 -0.742225 
1890 2066 6.51863 12.3894 -18.7214 -4.62765 -0.0798215 0.0491205 -0.572063 -0.814837 
1890 2072 6.43523 18.5386 -20.8405 -4.75038 -0.0981355 0.0485334 -0.605761 -0.788078 
1896 2037 7.56146 -1.59031 -29.1747 -1.89119 0.0123201 0.0171549 -0.998059 -0.0585772 
1896 2043 6.38424 -0.631332 -22.9269 -1.50048 -0.00920293 0.00918617 -0.991246 -0.131384 
1896 2049 7.08851 0.876669 -16.8743 -1.43027 -0.0142815 0.000536064 -0.976353 -0.215708 
1896 2055 6.49582 5.11737 -11.9337 -0.795822 0.000987191 0.022375 -0.929694 -0.367651 
1896 2061 7.49735 10.3722 -10.0546 -0.599753 0.00916757 0.0469222 -0.687601 -0.724513 
1896 2067 7.17923 16.7956 -10.8052 -0.347832 -0.00413786 0.0224371 -0.635901 -0.771433 
1896 2073 5.4243 23.182 -11.5403 0.149425 0.00520558 0.0157069 -0.653714 -0.756561 
1896 2079 7.29638 26.5835 -13.5976 1.08477 -0.0521535 0.0101797 -0.254568 -0.965594 
1902 2031 6.30326 -4.74666 -28.585 -0.45289 0.023429 -8.73035e-05 -0.996404 -0.0814211 
1902 2037 7.98265 -3.44338 -22.4436 -0.147519 -0.000940002 0.00108828 -0.996148 -0.0876765 
1902 2043 6.3451 -2.08761 -16.1991 -0.122162 -0.019677 -0.010393 -0.98682 -0.160286 
1902 2049 6.89146 -0.263061 -10.2684 -0.181318 -0.0275439 -0.0191773 -0.969161 -0.244133 
1902 2055 6.27463 4.28499 -5.57593 0.0106803 -0.00554371 0.00205171 -0.918707 -0.394895 
1902 2061 7.05565 9.64455 -3.99071 0.00170712 0.0115913 0.0251156 -0.667028 -0.744519 
1902 2067 6.37545 15.9723 -5.09657 0.0365603 -0.00216418 0.000774628 -0.61344 -0.789738 
1902 2073 4.91996 22.3595 -6.15782 0.386576 0.0064916 -0.00320047 -0.632484 -0.77454 
1902 2079 6.44985 25.6678 -8.42234 1.31047 -0.0411266 -0.00510594 -0.226184 -0.973203 
1908 2025 7.1203 -1.00527 -29.0253 -0.746714 0.0404928 -0.00799442 -0.995749 -0.0823467 
1908 2031 6.69686 -0.559481 -22.5201 -0.543375 0.04872 0.00956776 -0.998754 -0.00501959 
1908 2037 7.74118 -0.207384 -16.2331 -0.208789 0.0257185 0.00603963 -0.999587 -0.0112895 
1908 2043 6.41026 0.161269 -9.87458 -0.0382862 0.00565917 -0.00171147 -0.99638 -0.0848092 
1908 2049 7.08727 1.09212 -3.7179 -0.0718403 0.00162522 -0.0096559 -0.985454 -0.169662 
1908 2055 6.47146 4.83888 1.62055 0.521457 0.0170531 0.0165066 -0.946002 -0.323292 
1908 2061 7.47236 9.88772 3.98702 0.822146 0.0257618 0.0484453 -0.721109 -0.690646 
1908 2067 7.13438 16.3495 3.84079 1.26034 0.0134732 0.0246238 -0.671871 -0.740136 
1908 2073 5.408 22.7534 3.74632 1.93291 0.0220598 0.0197526 -0.688718 -0.724424 
1908 2079 7.02195 26.3068 2.02728 3.02125 -0.0366955 0.0179839 -0.300619 -0.952869 
1914 2019 7.70106 -0.63525 -29.0183 -2.06376 0.0507493 0.0120264 -0.99849 0.0172339 
1914 2025 7.27167 -0.294002 -22.6051 -1.50693 0.0221223 0.0175205 -0.997016 -0.0718523 
1914 2031 6.70667 0.0109326 -16.1151 -0.953293 0.0314215 0.0362495 -0.998837 0.00474764 
1914 2037 8.10222 0.227652 -9.86298 -0.240236 0.00767612 0.0342498 -0.999384 -0.000802121 
1914 2043 6.32287 0.472702 -3.49074 0.227419 -0.0131056 0.0221576 -0.996962 -0.0735108 
1914 2049 6.864 1.24088 2.64916 0.59483 -0.0231676 0.0129688 -0.987059 -0.158142 
1914 2055 6.2367 4.90391 8.03851 1.20862 -0.00851171 0.0360485 -0.948935 -0.313291 
1914 2061 6.97383 9.90956 10.5167 1.44938 -0.00776192 0.0564444 -0.727686 -0.68354 
1914 2067 6.18529 16.3183 10.5127 1.58991 -0.0208405 0.0296845 -0.678718 -0.733503 
1914 2073 4.81675 22.7928 10.558 2.02639 -0.0121887 0.0267277 -0.697036 -0.716434 
1914 2079 6.21217 26.4306 8.84698 2.83486 -0.0732528 0.0094369 -0.31041 -0.947729 
1920 2020 7.10441 0.564309 -21.6677 0.3815 0.0423891 -0.0239986 -0.998785 0.00744157 
1920 2026 7.47347 0.724814 -15.1261 0.435737 0.0335866 -0.00848464 -0.999397 0.00254102 
1920 2032 7.19787 0.50923 -8.82804 0.89699 0.0432677 0.00753691 -0.998559 0.0308307 
1920 2038 7.12028 0.597815 -2.44647 0.312038 0.0251458 -0.015471 -0.997471 0.0646456 
1920 2044 7.66769 0.685238 4.03786 0.767919 0.00745261 -0.0230323 -0.999648 -0.0108822 
1920 2050 6.93319 1.54313 10.2491 0.517931 -0.00397392 0.0263121 -0.979528 -0.199541 
1920 2056 6.31809 5.26888 15.5911 0.890605 0.00452524 0.0209219 -0.93678 -0.349263 
1920 2062 7.47815 10.612 17.5215 1.0622 0.0247262 0.0213744 -0.749358 -0.661358 
1920 2068 7.10206 17.0653 17.6761 1.39121 0.0227009 0.00485763 -0.710246 -0.70357 
1920 2074 6.27178 23.4199 18.0537 2.33004 0.0191436 0.0390203 -0.691438 -0.721127 
1926 2026 7.67051 -0.101459 -8.63203 0.743354 0.0114546 -0.0195329 -0.99832 -0.053336 
1926 2032 7.18341 0.395855 -2.38545 0.984866 0.0191569 -0.010898 -0.999429 -0.0256186 
1926 2038 7.44182 1.18443 3.93735 0.289958 0.000879779 -0.0284439 -0.999558 0.00860339 
1926 2044 7.65652 2.02082 10.3289 0.519283 -0.0145205 -0.038655 -0.996895 -0.0670523 
1926 2050 6.65345 3.54047 16.4338 0.0990071 -0.0243506 0.00960371 -0.966558 -0.25511 
1926 2056 6.03932 7.85666 21.3138 0.0896045 -0.0110617 0.000425174 -0.91554 -0.402074 
1926 2062 6.72941 13.3859 22.6351 -0.0414556 0.0155774 -0.0044655 -0.711331 -0.702671 
1926 2068 6.1623 19.8459 22.0401 0.0532936 0.0165007 -0.0208464 -0.669331 -0.742489 
1932 2032 7.18712 0.235732 4.05785 0.684942 0.0140277 -0.0208032 -0.99803 0.0575 
1932 2038 7.08354 -0.0465119 10.377 -0.290328 -0.00458693 -0.0438309 -0.994835 0.0914443 
1932 2044 7.55454 -0.278083 16.8621 -0.191182 -0.0202819 -0.054281 -0.998197 0.0156813 
1932 2050 6.83049 0.233009 23.0978 -0.89166 -0.026745 -0.00943318 -0.984126 -0.175189 
1932 2056 6.03153 3.68713 28.6263 -1.05189 -0.011004 -0.018777 -0.945375 -0.325257 
1938 2038 7.36665 1.01931 16.6885 -0.142047 0.00206848 -0.0284353 -0.998683 0.042661 
1938 2044 7.51012 1.41622 23.0091 0.0475979 -0.0138813 -0.039122 -0.998595 -0.0329505 
1938 2050 6.48157 2.51979 29.2991 -0.350995 -0.024324 0.00739392 -0.9747 -0.222068 
1944 2044 7.49867 3.06611 29.3583 0.270034 -0.0143995 -0.0328609 -0.997066 -0.0676114 
2355 2457 5.56589 8.45635 -28.3247 -0.0340636 -0.10822 -0.0435749 -0.312819 -0.942621 
2361 2463 5.58645 13.4471 -22.9338 -6.82603 -0.139177 0.0597896 -0.320346 -0.935111 
2367 2469 4.59128 7.79494 -27.9456 -4.9806 -0.0836521 -0.00918878 0.0267538 -0.996093 
2392 3081 6.16093 -15.2734 -11.2192 2.85452 0.0458186 -0.0766611 -0.960489 0.263599 
2398 3075 4.71387 1.88118 -22.0784 1.02289 0.0852654 -0.0180846 -0.959617 0.267467 
2398 3081 5.66472 3.05528 -8.6009 2.83442 0.0571787 0.0364039 -0.794104 0.60399 
2398 3087 4.91414 -3.20258 -14.5136 0.744548 0.0904836 0.0514342 -0.778823 0.618548 
2404 3074 5.51433 -24.1271 -17.9601 0.125935 0.0922368 -0.0591743 -0.941003 -0.320162 
2404 3080 5.4816 -22.1737 -11.6547 0.510429 -0.00047029 -0.0607964 -0.995591 0.0714291 
2404 3086 5.62799 -14.606 -3.93548 1.13495 0.0719899 0.000147277 -0.987551 0.139858 
2404 3092 6.26338 -17.5201 1.76414 1.07964 0.102166 0.0232804 -0.932646 0.345241 
2410 3074 5.19839 -26.2802 14.8329 0.371545 0.0427887 -0.110425 -0.61324 -0.780969 
2410 3080 4.96144 -17.5886 18.2608 0.895393 -0.0599879 -0.0109124 -0.841107 -0.53742 
2410 3086 5.57115 -9.46345 10.6776 1.33172 0.0746053 -0.0491339 -0.894622 -0.437804 
2410 3092 6.12353 -0.760495 14.9248 1.38267 0.099475 -0.0154514 -0.959888 -0.261687 
2416 3075 5.06227 1.95958 21.6513 1.23321 -0.0207173 -0.0791562 -0.172049 -0.981684 
2416 3081 6.09182 4.63322 14.5129 0.969973 0.0137694 -0.0678366 -0.559775 -0.825748 
2416 3087 5.22202 6.29428 12.5183 1.67493 0.0174844 -0.0751542 -0.514972 -0.853727 
2492 2808 6.50088 -11.0949 -27.6996 0.579627 -0.0182343 -0.0255513 -0.865735 0.499517 
2498 2796 7.59426 0.836804 -29.5354 -1.46433 -0.0186155 -0.0119739 -0.984535 -0.173782 
2498 2802 7.22296 0.165547 -26.2408 -1.32772 0.0247294 -0.0282037 -0.937989 0.34463 
2498 2808 7.18756 -5.28625 -23.2169 -1.13787 0.00828522 -0.00332205 -0.8002 0.599666 
2498 2814 5.28275 -11.491 -21.3071 -0.841634 0.0142075 0.00551442 -0.755338 0.655159 
2498 2820 5.71569 -17.6046 -20.6569 -0.715756 0.0105244 0.0108073 -0.70781 0.706242 
2504 2785 6.67413 -1.86832 -29.3801 1.32701 -0.00742458 -0.0287946 -0.992844 0.115654 
2504 2791 7.3151 -1.63723 -25.536 1.07926 -0.00630892 0.0104779 -0.930503 -0.366081 
2504 2797 7.35903 0.720252 -22.7038 0.993536 -0.00431501 -0.0194896 -0.996091 -0.0860468 
2504 2803 7.68129 -0.704168 -19.3301 0.825075 -0.0102506 -0.0203515 -0.909625 0.414805 
2504 2809 6.54068 -6.61736 -16.4758 0.767812 -0.0110154 -0.0335368 -0.810536 0.584625 
2504 2815 4.81516 -12.7979 -14.7376 0.814114 -0.0135419 0.0136848 -0.730207 0.682955 
2510 2779 7.68523 -2.83192 -29.0598 1.20364 -0.0129504 -0.0340572 -0.998107 0.0495403 
2510 2785 7.45068 -3.41654 -22.8726 1.09615 0.00109 -0.033145 -0.997131 0.0680478 
2510 2791 7.9446 -2.80579 -19.0507 0.841451 0.00575342 0.0111847 -0.912071 -0.40984 
2510 2797 8.08649 -0.218784 -16.5025 0.726727 0.00449623 -0.024226 -0.990734 -0.13356 
2510 2803 8.5624 -1.28566 -12.9711 0.549504 -0.00260397 -0.0276144 -0.928295 0.370809 
2510 2809 7.37444 -6.88186 -9.56627 0.291368 -0.00442771 -0.0426326 -0.837458 0.544818 
2510 2815 6.08999 -12.9629 -7.26754 0.157066 -0.00710685 0.00304608 -0.762273 0.647209 
2510 2821 5.88746 -18.9381 -6.07637 0.244597 0.00985453 -0.0221434 -0.759127 0.650491 
2510 2827 5.59093 -18.4502 -5.18405 0.430169 -0.0145368 -0.0289882 -0.677079 0.735196 
2516 2773 6.30217 2.6948 -29.0732 0.709446 -0.0114306 -0.0202477 -0.995493 0.0919418 
2516 2779 8.31942 1.19709 -22.7778 0.545719 -0.0199816 -0.0232518 -0.990813 0.131717 
2516 2785 7.7009 -0.376675 -16.7626 0.579853 -0.00584122 -0.0225362 -0.988472 0.149601 
2516 2791 8.08664 -0.421898 -12.8854 0.390331 -0.00938503 0.0160342 -0.942428 -0.333892 
2516 2797 8.12972 1.71924 -9.90757 0.33713 -0.00501863 -0.0129511 -0.998566 -0.0516949 
2516 2803 8.25951 0.094255 -6.65194 0.198468 -0.00728822 -0.0154449 -0.894944 0.445852 
2516 2809 6.79206 -5.99739 -4.16623 0.196604 -0.00655222 -0.0277878 -0.789885 0.612591 
2516 2815 5.16642 -12.3388 -2.88753 0.230155 -0.00909368 0.020033 -0.706306 0.707565 
2522 2773 7.00729 -7.10049 -21.8068 0.381534 -0.00915057 -0.0157845 -0.993111 -0.115746 
2522 2779 8.45033 -5.92852 -15.4171 0.198749 -0.0173649 -0.0144636 -0.996873 -0.0757223 
2522 2785 7.88588 -4.93136 -9.25 0.312736 -0.00317288 -0.0170877 -0.998211 -0.0571997 
2522 2791 8.24119 -3.40823 -5.68896 0.161801 -0.000938268 0.0253573 -0.853455 -0.520549 
2522 2797 8.31065 -0.256953 -3.85803 0.117565 -0.00161005 -0.00805276 -0.966509 -0.256503 
2522 2803 8.67233 -0.409189 -0.159734 0.0596081 -0.000889696 -0.0116769 -0.967594 0.252238 
2522 2809 7.35425 -4.98966 4.52094 -0.0446907 -0.00146632 -0.0273717 -0.89944 0.436183 
2522 2815 6.36619 -10.3202 8.25617 -0.0383672 0.00258847 0.0167729 -0.836721 0.547367 
2522 2821 6.24402 -15.8464 10.867 0.168401 0.0166334 -0.00883971 -0.834739 0.550323 
2522 2827 5.8605 -15.1804 11.6099 0.381735 -0.0113312 -0.017941 -0.762744 0.646352 
2528 2763 6.26182 -9.82224 -27.154 2.16817 -0.00507411 -0.0622792 -0.995068 -0.0770371 
2528 2769 7.88706 -8.34026 -20.7295 1.79054 -0.00539078 -0.0438817 -0.988345 -0.145667 
2528 2775 8.20262 -6.63007 -14.796 1.38585 0.00310586 -0.0492536 -0.994525 -0.0921162 
2528 2781 9.08813 -5.33496 -8.53295 0.888748 -0.012252 -0.0516869 -0.9978 -0.039668 
2528 2787 8.40049 -4.10499 -2.45795 0.340601 -0.00155518 -0.0145925 -0.982969 -0.183186 
2528 2793 8.5329 -1.52023 -0.440129 0.178221 0.048189 0.00107095 -0.803513 -0.593333 
2528 2799 7.34368 0.750024 1.87702 -0.0549134 0.00918361 -0.0161794 -0.996016 -0.0872135 
2528 2805 8.06815 -1.02051 6.23311 -0.444596 -0.00773926 -0.0617953 -0.929821 0.362703 
2528 2811 6.90417 -5.55675 10.6767 -0.808877 -0.0015533 -0.0699644 -0.906279 0.416846 
2528 2817 6.04339 -10.9187 14.1984 -1.2281 0.0123465 -0.0680074 -0.854469 0.514883 
2528 2823 6.18659 -18.1054 14.4359 0.198544 -0.0380247 -0.0122102 -0.765707 0.641949 
2534 2761 6.44166 11.1699 -26.6926 2.23366 -0.0190027 -0.0452421 -0.960747 0.273051 
2534 2767 7.34308 7.88541 -21.3448 1.84357 -0.029109 -0.0606751 -0.961019 0.268169 
2534 2773 8.3517 5.16063 -15.8134 1.54531 -0.0208969 -0.0579658 -0.970042 0.234994 
2534 2779 9.15841 1.88587 -10.1962 0.981488 -0.0296976 -0.0576417 -0.959785 0.273144 
2534 2785 8.05942 -1.42857 -4.74526 0.666862 -0.017684 -0.0520047 -0.954827 0.292042 
2534 2791 8.27191 -2.58654 -1.06778 0.24532 -0.011006 -0.0170398 -0.980951 -0.193195 
2534 2797 8.46839 -1.38623 2.35893 -0.0942223 -0.0117533 -0.0465781 -0.994398 0.0941531 
2534 2803 8.78221 -3.89899 5.05571 -0.320972 -0.027042 -0.0387265 -0.819258 0.571476 
2534 2809 7.30485 -10.4285 5.63805 -0.355241 -0.0266982 -0.0470005 -0.691034 0.720798 
2534 2815 6.48317 -16.92 5.00581 -0.172423 -0.0408807 0.000274052 -0.595298 0.802464 
2534 2821 6.44267 -22.863 3.39708 0.238487 -0.0158455 -0.0175936 -0.591701 0.80581 
2534 2827 6.02105 -22.8553 4.38614 0.427449 -0.0440126 -0.0300438 -0.489043 0.87063 
2540 2760 7.95708 28.4845 -7.24726 0.652583 0.0393359 0.00668473 -0.792113 0.60907 
2540 2766 7.22325 22.2423 -6.19218 0.607555 0.0478703 0.00504395 -0.759755 0.648425 
2540 2772 8.07428 16.1655 -4.59353 0.540552 0.0529334 0.00932206 -0.789248 0.611718 
2540 2778 8.50267 9.74382 -3.29987 0.380877 0.0570213 0.00380299 -0.751615 0.657122 
2540 2784 8.22353 3.59595 -2.38142 0.209723 0.0539933 -0.0012142 -0.771667 0.63373 
2540 2790 8.51115 -0.810608 -0.877032 0.103819 0.000975452 0.0450408 -0.944073 0.326643 
2540 2796 9.05423 -2.40572 2.38369 0.131498 0.0470466 -0.0137603 -0.907594 0.416978 
2540 2802 7.85738 -5.83373 2.80502 0.0457356 0.0848421 -0.0294003 -0.57202 0.81531 
2540 2808 7.77399 -10.6081 -1.2061 -0.47294 0.0494017 -0.0315067 -0.313425 0.947804 
2540 2814 4.77802 -14.56 -6.34618 -0.743983 0.0456966 -0.017667 -0.245883 0.96806 
2540 2820 5.65876 -15.17 -12.9123 -0.202263 0.0124353 -0.00290376 -0.106122 0.994271 
2546 2760 8.3058 10.9268 -25.4536 7.55398 0.0192296 -0.138375 -0.973686 0.180048 
2546 2766 7.7492 8.1664 -20.0282 6.03138 0.0198903 -0.143548 -0.961852 0.232033 
2546 2772 8.71556 5.96639 -14.2692 4.44701 0.0324003 -0.144219 -0.971473 0.185451 
2546 2778 8.93519 3.34333 -8.56859 2.68617 0.0255679 -0.150305 -0.958178 0.242178 
2546 2784 8.63321 0.533723 -3.21154 1.05989 0.0253705 -0.154695 -0.964523 0.212417 
2546 2790 8.87736 -0.788264 1.03789 -0.213901 0.0448162 -0.0883594 -0.985223 -0.139712 
2546 2796 9.13006 0.933523 4.20011 -0.948994 0.0455012 -0.161858 -0.984869 -0.0420105 
2546 2802 7.77604 -0.667854 7.09506 -1.88952 0.00703553 -0.182045 -0.866352 0.465021 
2546 2808 8.02791 -6.66887 8.43425 -2.77565 -0.0580643 -0.146127 -0.701329 0.695279 
2546 2814 5.60832 -13.1888 8.60339 -3.27994 -0.0620121 -0.130186 -0.651838 0.744522 
2546 2820 5.679 -19.6029 5.32662 -1.91273 -0.103446 -0.0805581 -0.540923 0.83079 
2546 2826 4.75377 -21.1335 7.36307 -3.55932 -0.209112 -0.0687865 -0.405199 0.88733 
2552 2755 7.65815 -0.598136 -28.8051 0.459064 0.0162993 -0.0155169 -0.999712 0.00832346 
2552 2761 7.81991 -0.294481 -22.4735 0.316579 0.0122592 -0.0215823 -0.999452 0.0219215 
2552 2767 7.85897 -0.567318 -16.0201 0.254972 -0.000270045 -0.0296623 -0.999403 0.0177136 
2552 2773 8.27995 -0.167744 -9.65119 0.277183 0.0083489 -0.0252453 -0.999519 -0.015986 
2552 2779 8.87595 -0.268874 -3.16662 0.071327 0.00262911 -0.0251112 -0.999433 0.022265 
2552 2785 7.73554 -0.51177 3.1418 0.020256 0.0160622 -0.02222 -0.998765 0.0414393 
2552 2791 7.80784 0.284991 6.95311 -0.176472 0.0143292 0.0286481 -0.900844 -0.432959 
2552 2797 7.82352 3.01581 9.37599 -0.122503 0.0175617 -0.0103734 -0.987046 -0.159138 
2552 2803 7.87397 2.16675 12.9247 -0.27396 0.0150251 -0.0234959 -0.937598 0.3466 
2552 2809 6.05611 -3.31624 16.6627 -0.540198 0.0129016 -0.0388695 -0.851237 0.52318 
2552 2815 4.9255 -9.2304 19.2688 -0.654433 0.0110482 0.00578217 -0.778091 0.628028 
2552 2821 5.68535 -16.536 18.334 0.304897 -0.00916272 0.0161758 -0.721261 0.692414 
2558 2749 6.39217 0.572591 -29.0635 0.0472751 0.0262118 -0.0171573 -0.999361 0.0171874 
2558 2755 7.77284 0.359065 -22.3166 0.0758631 0.0146949 -0.00758093 -0.999495 0.0271209 
2558 2761 8.16338 0.419605 -16.0412 0.0876155 0.0110257 -0.0120355 -0.999052 0.0403627 
2558 2767 8.57275 -0.074987 -9.57522 0.0905549 -0.00145829 -0.0235599 -0.999059 0.0363778 
2558 2773 8.66275 0.0489795 -3.29599 0.176462 0.00596306 -0.0201083 -0.999778 0.00206193 
2558 2779 9.16275 -0.293234 3.20989 0.016279 -0.000441751 -0.0191183 -0.998986 0.0407602 
2558 2785 7.64902 -0.772609 9.57427 0.0390347 0.0133149 -0.0162121 -0.997972 0.0600898 
2558 2791 7.77313 -0.12106 13.4138 -0.0836353 0.0088899 0.0318336 -0.908871 -0.415766 
2558 2797 8.32881 2.5279 15.9304 -0.0642022 0.0127789 -0.00724728 -0.9899 -0.141003 
2558 2803 8.28551 1.53542 19.4697 -0.132074 0.0137167 -0.0167936 -0.931165 0.363952 
2558 2809 6.781 -4.05709 22.9657 -0.410549 0.0138275 -0.035447 -0.841502 0.538912 
2558 2815 5.27783 -10.071 25.3671 -0.500055 0.0106586 0.00691859 -0.766087 0.642611 
2564 2743 5.63348 2.14754 -28.6524 -0.0378867 0.0313517 0.0206436 -0.998964 0.0257398 
2564 2749 6.56387 1.58969 -22.5804 0.0361902 0.0326035 -0.0170274 -0.998579 0.0385499 
2564 2755 7.809 1.08747 -15.8972 0.0997806 0.0210436 -0.0102272 -0.99857 0.0480711 
2564 2761 7.99733 0.889238 -9.55873 0.0101092 0.0174966 -0.0157288 -0.997812 0.0617892 
2564 2767 8.13893 0.124734 -3.11249 0.0153036 0.00540264 -0.0248567 -0.998058 0.0568569 
2564 2773 8.28242 -0.0077018 3.24261 0.101764 0.0133843 -0.020113 -0.999427 0.0236874 
2564 2779 8.65336 -0.649048 9.67276 -0.0477583 0.00818662 -0.0208096 -0.997812 0.0622142 
2564 2785 7.39619 -1.41588 15.9679 -0.0572772 0.0209669 -0.0178727 -0.996327 0.0810729 
2564 2791 7.5832 -0.904781 19.8092 -0.197129 0.0148777 0.0343974 -0.917162 -0.396748 
2564 2797 7.56374 1.58472 22.4213 -0.14229 0.0205507 -0.00637079 -0.992586 -0.119624 
2564 2803 7.21879 0.435259 25.8994 -0.274795 0.0222412 -0.0209665 -0.923037 0.383496 
2564 2809 5.43316 -5.36663 29.1715 -0.624335 0.0212451 -0.0372407 -0.830292 0.555678 
2570 2737 5.55893 2.78355 -28.6738 -0.00853011 0.0252195 -0.0151604 -0.999325 -0.0220074 
2570 2743 5.87052 2.31692 -22.2904 0.0229863 0.026231 0.0187208 -0.998888 0.0344263 
2570 2749 6.63061 1.6464 -16.2475 0.0225287 0.0285967 -0.0183593 -0.998303 0.0472978 
2570 2755 7.80316 1.02405 -9.5122 0.027276 0.0171588 -0.00926555 -0.998182 0.0570343 
2570 2761 8.20025 0.710446 -3.24931 0.00782986 0.0134017 -0.0142595 -0.99732 0.0704962 
2570 2767 8.68927 -0.178704 3.17268 -0.0154446 0.000899865 -0.0253417 -0.99747 0.0664139 
2570 2773 8.62887 -0.419065 9.45875 0.047076 0.00880116 -0.0224077 -0.999197 0.032018 
2570 2779 8.77304 -1.16639 15.8693 -0.125778 0.00371762 -0.0223387 -0.997233 0.0707994 
2570 2785 7.21215 -2.06836 22.2251 -0.15555 0.0155481 -0.0190851 -0.995689 0.0894301 
2570 2791 7.3138 -1.58772 26.0604 -0.266306 0.0108934 0.0306477 -0.920659 -0.389011 
2570 2797 7.88285 0.847987 28.7281 -0.301161 0.0150932 -0.0105935 -0.993628 -0.111187 
2576 2731 5.52036 3.90234 -28.6101 0.546841 0.0260032 -0.0384488 -0.997096 0.0603692 
2576 2737 5.79137 3.19291 -22.3519 0.401815 0.0326521 -0.023795 -0.999183 0.000927393 
2576 2743 5.86724 2.43086 -15.9542 0.251578 0.0328941 0.010129 -0.997746 0.0575985 
2576 2749 6.84701 1.48553 -9.91965 0.171592 0.0349775 -0.0280236 -0.996517 0.0703193 
2576 2755 7.73056 0.54821 -3.29228 0.0730536 0.0224064 -0.0218633 -0.996336 0.079592 
2576 2761 7.93306 -0.0395823 3.03959 -0.179196 0.0192053 -0.0264698 -0.995108 0.0932263 
2576 2767 7.7423 -1.22675 9.34211 -0.311157 0.00717903 -0.0355049 -0.995394 0.088758 
2576 2773 7.85287 -1.74103 15.7591 -0.402166 0.0154144 -0.0321843 -0.997842 0.0551162 
2576 2779 8.0947 -2.78269 22.1382 -0.650237 0.0111313 -0.030641 -0.995075 0.0936057 
2576 2785 6.70567 -3.9433 28.3762 -0.787513 0.0234393 -0.025145 -0.99312 0.11194 
2582 2725 6.40437 -1.00318 -28.9044 -0.261593 0.019844 -0.0270604 -0.998271 -0.0482685 
2582 2731 5.31347 -0.676391 -22.3185 -0.213407 0.0223196 -0.0274392 -0.999115 -0.0227693 
2582 2737 5.88099 -0.322947 -15.9922 -0.227752 0.0291589 -0.0137196 -0.99613 -0.0817706 
2582 2743 5.85702 -0.0437705 -9.61131 -0.14942 0.0325617 0.0202784 -0.998928 -0.025917 
2582 2749 6.74675 0.0257871 -3.51497 -0.110896 0.0325505 -0.0178831 -0.999227 -0.0129087 
2582 2755 7.54649 0.210886 3.28343 -0.067129 0.0212295 -0.00620098 -0.99975 -0.00334524 
2582 2761 7.89712 0.656758 9.54285 -0.0573458 0.0176496 -0.0116694 -0.999721 0.0104686 
2582 2767 8.24172 0.547557 16.0295 -0.0430325 0.00448236 -0.0227382 -0.999713 0.00599462 
2582 2773 8.12102 1.06163 22.3036 0.101433 0.0120022 -0.0179473 -0.999368 -0.0282517 
2582 2779 7.93827 1.07635 28.727 -0.00309757 0.00671171 -0.0169749 -0.999776 0.0106858 
2588 2719 5.98212 -1.58218 -28.7562 -0.780796 0.00381319 -0.0205288 -0.998925 -0.0413749 
2588 2725 6.50438 -1.27042 -22.3748 -0.587194 0.00729594 -0.0190147 -0.99792 -0.0611637 
2588 2731 5.96643 -0.774206 -15.8417 -0.419675 0.0107697 -0.0188931 -0.999122 -0.0358162 
2588 2737 6.07797 -0.264268 -9.58243 -0.279973 0.0179874 -0.00579682 -0.995278 -0.0952031 
2588 2743 6.01299 0.196262 -3.15874 -0.156563 0.0225203 0.0284531 -0.998564 -0.0394038 
2588 2749 6.91097 0.429641 2.97098 0.0125144 0.0207381 -0.00916165 -0.999409 -0.0258345 
2588 2755 7.52457 0.765256 9.65079 0.185502 0.00856683 -0.00282993 -0.999821 -0.0166153 
2588 2761 7.68876 1.39881 15.9756 0.206339 0.00571135 -0.00498881 -0.999968 -0.00257832 
2588 2767 7.49155 1.42747 22.3679 0.330658 -0.00699413 -0.0152206 -0.999839 -0.00646665 
2588 2773 6.94506 2.14797 28.7474 0.458925 -4.10361e-05 -0.0149567 -0.999069 -0.0404757 
2594 2712 6.86205 0.0106422 -29.749 -0.338206 0.00343548 -0.0149318 -0.999696 -0.0193427 
2594 2718 6.16225 -0.124726 -23.5001 -0.266329 0.0124238 -0.0219831 -0.999006 -0.0367396 
2594 2724 6.67907 -0.187096 -17.0534 -0.161658 0.0123445 -0.0244172 -0.999588 -0.00873126 
2594 2730 5.55868 -0.0461815 -10.6005 -0.0359111 0.0075856 -0.0321391 -0.999434 0.00642688 
2594 2736 6.0601 0.158587 -4.155 -0.102531 0.00825568 -0.0349964 -0.999298 -0.010504 
2594 2742 5.50952 0.353795 2.03601 0.00539497 0.0115818 -0.0196618 -0.999567 0.0185842 
2594 2748 6.70069 0.294164 8.37402 -0.0580608 0.0159909 -0.0153353 -0.999273 0.031031 
2594 2754 7.0028 0.246337 14.9422 -0.0411064 0.000399435 -0.00661701 -0.999978 -0.000142463 
2594 2760 7.51577 0.508325 21.4643 -0.0927671 0.00683843 -0.00835288 -0.999603 -0.0260198 
2594 2766 6.89232 0.229375 27.8276 -0.0231183 0.016816 -0.0188398 -0.99934 0.0261219 
2600 2703 6.91442 -5.11748 -29.3536 -0.645309 -0.00504387 0.00476339 -0.840752 -0.541375 
2600 2709 5.42431 -1.54053 -26.3636 -0.503445 -0.00819934 -0.0367426 -0.985535 -0.165239 
2600 2715 7.73316 -1.0363 -20.3158 -0.507457 0.00210755 -0.0398492 -0.999191 -0.00492796 
2600 2721 6.42747 -0.757505 -13.7531 -0.352324 0.00927165 -0.0264338 -0.999422 -0.0192378 
2600 2727 6.31743 -0.631569 -7.45961 -0.229547 0.00154011 -0.0169204 -0.999548 -0.0247941 
2600 2733 5.95934 0.0625045 -1.21079 -0.0503459 0.0136427 -0.00320931 -0.999233 -0.0365658 
2600 2739 6.65299 0.602802 5.36821 0.0788718 0.0190156 -0.0224784 -0.999348 -0.0209061 
2600 2745 4.75965 0.800205 11.7965 0.52884 0.00455877 -0.0162323 -0.999804 -0.0103808 
2600 2751 6.54921 0.874461 17.907 0.172955 0.00907737 -0.023703 -0.999588 0.0134089 
2600 2757 6.40523 1.31977 24.764 0.244038 -0.00170262 -0.0118688 -0.998929 -0.0446923 
2606 2706 6.52328 -0.365638 -21.6151 -0.33377 0.0124706 0.0105586 -0.928662 -0.370567 
2606 2712 7.31338 0.761683 -16.896 -0.242147 0.0115366 -0.0144337 -0.999821 0.00396729 
2606 2718 6.26249 0.361031 -10.6488 -0.169249 0.0207074 -0.0204647 -0.999491 -0.0130369 
2606 2724 6.88519 -0.0211728 -4.21587 -0.0451021 0.0203296 -0.0236112 -0.999404 0.014867 
2606 2730 5.61183 -0.180323 2.24918 0.0921332 0.0160431 -0.031069 -0.998939 0.0299771 
2606 2736 6.09294 -0.287933 8.68041 0.0492282 0.0171133 -0.0343581 -0.999179 0.0129735 
2606 2742 5.4936 -0.379727 14.8726 0.16289 0.0201709 -0.0201728 -0.998702 0.0422038 
2606 2748 6.71276 -0.745357 21.2124 0.113063 0.0245187 -0.0140493 -0.998099 0.0547701 
2606 2754 6.53724 -1.09883 27.687 0.157611 0.00850419 -0.00710585 -0.999669 0.0232105 
2612 2712 7.72756 -0.0898076 -10.2907 0.172766 -0.00267866 -0.030415 -0.999349 -0.019213 
2612 2718 6.20058 -0.178227 -4.08105 0.0638636 0.00614453 -0.0381408 -0.998614 -0.035746 
2612 2724 6.94548 -0.260262 2.39952 -0.0230608 0.00532487 -0.0395913 -0.999172 -0.00777443 
2612 2730 5.96495 -0.105961 8.80616 -0.0956113 0.00168753 -0.0473984 -0.998849 0.00719442 
2612 2736 5.87656 0.0901454 15.2682 -0.303808 0.00237824 -0.0500453 -0.998702 -0.00913419 
2612 2742 5.52786 0.338477 21.4345 -0.457366 0.00522151 -0.0363922 -0.999151 0.0185831 
2612 2748 6.63488 0.189035 27.7633 -0.617535 0.00927851 -0.0296128 -0.998992 0.032432 
2618 2718 6.23595 -0.230866 1.79077 -0.0280009 0.00111938 -0.0416878 -0.996364 -0.0742967 
2618 2724 6.94667 0.194412 8.22461 -0.150926 0.000444471 -0.0440838 -0.997959 -0.0461923 
2618 2730 5.57901 0.838845 14.6506 -0.282459 -0.00450138 -0.0510202 -0.998201 -0.0311782 
2618 2736 6.03919 1.52325 21.0264 -0.580234 -0.00310577 -0.0546897 -0.997355 -0.0477798 
2618 2742 5.25376 2.2308 27.1206 -0.71716 0.000194351 -0.0411015 -0.998957 -0.0198938 
2624 2724 6.85274 -3.68969 13.8995 -0.0214608 0.00226733 -0.0326695 -0.992656 0.11645 
2624 2730 5.78192 -5.12926 20.1165 -0.0193246 0.000760435 -0.0420485 -0.990371 0.131898 
2624 2736 5.61644 -6.5105 26.4249 -0.146201 0.000474958 -0.0439364 -0.992368 0.115217 
2630 2730 5.26391 -22.3734 9.9997 -1.33831 0.00156114 -0.0759289 -0.80552 0.587682 
2904 3227 5.22521 -24.2103 -5.86525 3.34324 -0.0949408 0.143297 -0.666348 -0.725556 
2904 3233 5.34744 -18.9557 -12.1563 2.25178 0.117766 0.0361371 0.431428 0.893697 
2904 3239 4.8602 -20.1114 -14.0936 0.189616 0.0685722 0.00560634 0.29412 0.953289 
2904 3245 5.9279 -11.7784 -20.7959 0.0569293 -0.0516266 -0.0256629 -0.521299 -0.851424 
2904 3251 8.51261 -11.1431 -22.6624 0.00238945 -0.0589488 -0.0188419 -0.555391 -0.829283 
2904 3257 7.96947 -5.47987 -25.0415 -0.121499 -0.0574574 -0.0175317 -0.580657 -0.811929 
2904 3263 6.41365 -1.50363 -28.7198 -0.327601 0.0363972 0.0339578 0.11478 0.992143 
2910 3226 5.03094 -23.0051 -6.25802 5.00105 -0.185288 -0.0294205 -0.774857 -0.603656 
2910 3238 5.41459 -18.3775 -10.2097 0.644978 0.0790728 0.0205588 0.334533 0.938836 
2910 3244 8.65362 -13.8956 -15.0726 0.168016 0.051944 0.0132503 0.425168 0.903525 
2910 3250 9.36036 -8.73922 -17.5988 0.220103 -0.0568543 -0.0367366 -0.587454 -0.806422 
2910 3256 8.93638 -2.65939 -19.1125 0.0638827 -0.0478074 -0.0346246 -0.663803 -0.745574 
2910 3262 7.97078 2.59404 -21.6885 -0.0772886 -0.000361322 0.0311394 0.290904 0.956245 
2916 3225 6.07312 -29.0783 1.9799 0.423541 -0.0608383 -0.02805 -0.835818 -0.544904 
2916 3231 5.47324 -24.1979 2.4062 0.495116 0.110228 0.0309443 0.545498 0.830256 
2916 3237 5.34558 -19.6126 -2.05904 0.376137 0.0426804 0.0150808 0.345189 0.937441 
2916 3243 7.17613 -15.064 -7.11107 0.352379 0.0250732 0.022845 0.366263 0.929893 
2916 3249 9.24594 -10.1114 -10.4384 0.69406 0.0336991 0.0496864 0.547924 0.834371 
2916 3255 8.86661 -4.33894 -12.4343 0.943899 -0.0243657 -0.0260232 -0.659463 -0.750891 
2916 3261 6.92928 1.47198 -14.7674 1.12616 -0.0254663 0.0423705 0.358843 0.932088 
2922 3226 5.58334 -27.1785 10.1582 -3.09066 0.00935863 -0.0662092 -0.77491 -0.628525 
2922 3232 6.98035 -22.7596 9.54932 -2.81786 0.00288272 0.0551705 0.465391 0.883379 
2922 3238 8.38969 -18.7682 4.85928 -1.7043 -0.020959 0.0323779 0.268368 0.962544 
2922 3244 10.6866 -14.7626 -0.473087 -0.650763 -0.0391062 0.0193973 0.358863 0.932369 
2922 3250 9.83524 -9.84292 -3.62916 0.307405 0.0219102 -0.0530359 -0.52681 -0.848044 
2922 3256 9.16011 -4.06461 -5.91891 0.811892 0.028145 -0.0591242 -0.606858 -0.792108 
2922 3262 8.2102 0.746758 -9.15539 1.42453 -0.0800449 0.0245023 0.219703 0.971969 
2928 3229 6.87223 -29.8435 1.70138 -2.2032 -0.0677081 0.028222 -0.796966 -0.599553 
2928 3235 9.05052 -24.019 1.10573 -1.348 0.0852361 -0.0142717 0.541381 0.836324 
2928 3241 8.92743 -18.0103 -1.88354 -1.33359 0.0791925 -0.0166973 0.543993 0.835177 
2928 3247 10.6318 -11.6988 -3.46488 -0.726942 0.0655772 -0.00373553 0.689913 0.720906 
2928 3253 9.5275 -5.6644 -3.11479 -0.373647 0.0554203 -0.0281665 0.713998 0.697382 
2928 3259 7.56226 0.444146 -2.12017 -0.0503852 0.028244 -0.01549 0.676431 0.735801 
2928 3265 7.05674 4.61947 -4.77536 -0.127157 0.0855869 -0.0034584 0.261046 0.961519 
2934 3228 8.11538 -15.8445 -24.818 2.02017 0.00176121 -0.0804657 -0.996028 -0.0380861 
2934 3234 8.4124 -13.7456 -20.7419 1.81087 -0.0353062 0.0917194 0.920119 0.379108 
2934 3240 9.58494 -8.20243 -16.6566 1.75921 -0.0167727 0.112761 0.906884 0.405665 
2934 3246 10.5794 -3.51783 -11.8765 1.52002 -0.0111368 0.116062 0.956621 0.266985 
2934 3252 9.56519 -1.01662 -6.63435 1.27486 -0.00703666 -0.115484 -0.972605 -0.201627 
2934 3258 8.80874 1.19988 -0.784037 0.185445 0.0153512 -0.0833248 -0.97673 -0.197025 
2934 3264 7.1971 4.91015 2.43584 -0.229071 -0.0367803 0.0988025 0.738263 0.666223 
2940 3209 5.81467 3.32171 -29.423 -2.24544 0.0400533 -0.0818597 -0.774638 0.625804 
2940 3215 8.94636 -3.01706 -28.5452 -1.93622 0.0422716 -0.0595824 -0.669395 0.739306 
2940 3221 9.73055 -8.45193 -27.2218 -1.65762 0.00595649 -0.0421174 -0.895438 0.44315 
2940 3227 10.7003 -10.9141 -22.6575 -1.45313 0.00120507 -0.0290781 -0.985923 0.164648 
2940 3233 9.67058 -10.0674 -17.8572 -1.21859 0.00286276 0.0253486 0.974352 0.223578 
2940 3239 9.20599 -6.21901 -13.1816 -0.566646 0.00848807 0.0414445 0.935152 0.351711 
2940 3245 10.5491 -2.24329 -8.08442 -0.238504 0.00474425 0.024678 0.977601 0.208961 
2940 3251 9.94856 -0.503014 -2.09462 0.164031 -0.00921555 -0.0448238 -0.996676 -0.0674065 
2940 3257 8.56196 0.422415 4.05558 0.300406 -0.00544391 -0.0465428 -0.998312 -0.034299 
2940 3263 6.6252 2.98855 8.82909 0.395751 -0.0133433 0.0376168 0.857124 0.513561 
2946 3200 6.67165 20.8563 -20.3225 -3.35606 0.0326387 0.0213782 -0.987873 0.150281 
2946 3206 7.29767 17.9843 -17.9169 -3.22245 0.0359116 0.0061967 -0.762696 0.645729 
2946 3212 8.8997 12.1474 -19.0472 -3.09702 0.0604685 -0.034302 -0.592121 0.802845 
2946 3218 10.1515 6.23572 -21.5011 -2.90944 0.055272 -0.0197502 -0.62123 0.781427 
2946 3224 10.3143 1.89743 -20.815 -2.61919 0.0478463 -0.0534653 -0.861852 0.502059 
2946 3230 9.92941 -1.49398 -17.2252 -2.24261 0.0121782 -0.0450773 -0.988056 0.146849 
2946 3236 9.62283 -1.58828 -11.404 -1.40161 -0.00776062 0.0166009 0.992332 0.122233 
2946 3242 10.446 0.147302 -4.97425 -0.465299 -0.00383549 0.0206547 0.996737 0.0779334 
2946 3248 11.3882 -0.0226963 1.35951 0.490905 -0.0129552 0.0254867 0.996482 -0.0787843 
2946 3254 9.65852 -1.60248 7.2907 0.986314 0.0186915 0.00438351 -0.986071 0.165214 
2946 3260 7.44592 -3.48795 13.0237 1.26766 -0.045073 -0.0155937 0.998445 0.0288707 
2952 3190 4.60636 22.7233 -18.6837 -2.37117 0.00228989 -0.0200636 0.983813 0.178059 
2952 3196 7.12972 24.8971 -13.0347 -2.29043 -0.0146139 -0.0120519 0.999791 0.00764445 
2952 3202 7.95457 23.522 -8.35748 -2.16965 0.0489919 -0.0346533 -0.901918 0.427718 
2952 3208 7.74399 19.3256 -8.04957 -2.08084 0.0509376 -0.0286139 -0.569498 0.819914 
2952 3214 9.41748 13.7732 -11.0407 -1.91434 0.0408927 -0.0326909 -0.431547 0.90057 
2952 3220 9.8161 8.47534 -14.3282 -1.68331 0.0541421 -0.0283991 -0.62827 0.775589 
2952 3226 9.8254 3.90222 -12.7418 -1.51418 0.0295441 -0.018562 -0.846901 0.530604 
2952 3232 9.89715 1.06265 -9.21716 -1.04069 -0.0224888 0.0455404 0.985183 -0.163811 
2952 3238 9.7346 0.718631 -3.05571 -0.315837 -0.0147467 0.0191284 0.998516 0.0488204 
2952 3244 10.2637 0.750572 3.5008 0.809716 -0.0292705 0.00518195 0.998789 -0.0392012 
2952 3250 9.7039 -1.33358 9.29978 1.30342 0.0227114 -0.0250859 -0.972229 0.231572 
2952 3256 8.99222 -4.58821 14.652 1.5865 0.0264076 -0.0156962 -0.944838 0.326094 
2952 3262 8.30287 -6.43405 20.1864 1.91218 -0.021712 -0.0313225 0.994263 0.0999389 
2958 3182 5.9143 21.4997 -19.4945 -2.05424 0.0272324 0.00248763 -0.931196 0.363491 
2958 3188 7.19844 20.7 -16.206 -2.02239 0.00890678 0.0418336 0.988463 0.145295 
2958 3194 6.6869 23.7192 -10.3995 -1.56785 -0.0143205 -0.0316375 0.975585 0.216857 
2958 3200 9.33734 23.9221 -5.11095 -1.81429 0.0194962 0.00261416 -0.977483 0.210093 
2958 3206 9.05892 20.8939 -3.08544 -1.64244 0.0192736 -0.00632085 -0.723299 0.690237 
2958 3212 9.82066 15.1659 -4.89841 -1.40029 0.0399904 -0.0400415 -0.543435 0.837542 
2958 3218 10.5107 9.58104 -7.98043 -1.084 0.0366064 -0.0251865 -0.574478 0.817313 
2958 3224 10.7978 5.17565 -7.79878 -0.753254 0.0363155 -0.0663489 -0.829648 0.55314 
2958 3230 10.0178 1.41134 -4.64979 -0.47868 0.00790044 -0.0657622 -0.976233 0.206356 
2958 3236 10.0957 0.715249 1.11084 -0.0299265 -0.00978803 0.0376062 0.997297 0.0623566 
2958 3242 10.6557 1.6042 7.76948 0.726291 -0.0029164 0.0421615 0.998947 0.017868 
2958 3248 11.3399 0.733588 14.0969 1.35562 -0.014501 0.0451405 0.989327 -0.137784 
2958 3254 9.43552 -1.58023 19.8381 1.66751 0.0114503 -0.0155106 -0.974417 0.223921 
2958 3260 7.3043 -4.18668 25.2982 1.72101 -0.0407842 0.00375581 0.998672 -0.0312555 
2964 3177 4.82952 6.39655 -28.8945 -2.51952 0.0301737 0.0280987 -0.998399 0.0387267 
2964 3183 6.64237 5.66229 -22.725 -2.44834 0.0342801 0.04766 -0.995215 -0.0781055 
2964 3189 6.75926 8.29301 -20.0926 -2.44442 0.00960456 -0.0148033 0.832614 0.553572 
2964 3195 7.59193 14.1318 -17.9837 -2.18206 -0.0101713 -0.0475041 0.87751 0.477091 
2964 3201 7.70327 17.2662 -13.771 -1.83065 0.0220076 0.0310562 -0.997918 -0.0520737 
2964 3207 9.36118 15.5959 -10.4295 -1.62149 0.0335254 -0.0052974 -0.882087 0.469862 
2964 3213 9.88811 9.73692 -8.16394 -1.21342 0.038079 -0.0346652 -0.804936 0.591123 
2964 3219 10.856 3.53934 -6.61505 -0.817758 0.0435444 -0.0334578 -0.84258 0.535764 
2964 3225 10.931 0.812234 -3.14843 -0.290412 0.0212291 -0.0433523 -0.978554 0.200256 
2964 3231 10.1363 0.856437 1.65564 0.0870162 0.0257735 0.0686334 0.976449 0.202909 
2964 3237 9.76869 4.75869 6.22013 0.922378 0.0129876 0.0134055 0.910076 0.414022 
2964 3243 9.93021 9.68345 10.7374 1.95357 0.021515 0.00763615 0.919858 0.391587 
2964 3249 10.1561 12.8354 15.7872 2.69824 0.0105569 0.0276902 0.981113 0.19115 
2964 3255 8.93142 14.7266 21.6615 3.40866 -0.0199061 -0.00274817 -0.99829 -0.0548881 
2970 3172 5.53628 -16.3007 -23.589 -3.76769 0.0127259 0.03755 -0.908772 -0.415405 
2970 3178 6.6834 -12.358 -18.5226 -3.13855 0.020796 0.0358614 -0.954769 -0.294445 
2970 3184 7.29811 -8.75912 -14.1119 -2.77967 -0.023791 -0.0763977 0.845536 0.527888 
2970 3190 7.79637 -4.59673 -14.738 -2.66524 0.0194609 -0.0484107 0.571073 0.81924 
2970 3196 9.08069 1.00283 -16.882 -2.46547 0.0145552 -0.04052 0.701803 0.711069 
2970 3202 9.68707 5.6921 -15.4888 -2.10515 -0.003595 -0.00618123 -0.941983 -0.335585 
2970 3208 9.30813 6.01494 -11.3521 -1.53939 0.0311825 -0.0066616 -0.983657 0.177206 
2970 3214 9.96853 2.99841 -5.79062 -0.788159 0.0273296 -0.0029658 -0.943174 0.33116 
2970 3220 10.218 -0.335854 -0.554397 -0.0364941 0.024663 -0.00108354 -0.994216 0.104528 
2970 3226 10.0829 1.14711 3.91416 0.603274 -0.00109591 0.0184299 -0.974533 -0.223484 
2970 3232 10.1724 4.75983 6.69737 1.38093 0.0431728 0.00477315 0.814291 0.57883 
2970 3238 10.1436 10.9102 6.95661 2.18148 0.0385914 -0.0116279 0.673547 0.738045 
2970 3244 10.2235 17.4242 6.80592 3.20396 0.0122275 -0.0120316 0.732492 0.68056 
2970 3250 9.48694 23.2888 8.84794 3.9802 -0.0247626 0.0154631 -0.852821 -0.521387 
2976 3168 5.56308 -29.1231 -2.49603 -2.22414 0.0395956 0.0273267 0.577442 0.815013 
2976 3174 6.64479 -23.8488 -2.45353 -1.73682 -0.0126547 -0.0216198 -0.793397 -0.608189 
2976 3180 6.98815 -17.6394 -0.585169 -1.59112 0.0136456 -0.0081566 -0.792957 -0.60907 
2976 3186 7.70258 -13.496 -0.0864156 -1.56302 0.0459204 0.0228225 0.520065 0.852586 
2976 3192 8.07843 -10.1689 -4.75597 -1.39838 0.0396056 -0.0085632 0.215939 0.975566 
2976 3198 8.11927 -6.32689 -9.25404 -1.20817 0.0182146 0.000790668 0.497993 0.866989 
2976 3204 9.3554 -2.2114 -9.29475 -0.855591 -0.0140788 -0.0429695 -0.885574 -0.462293 
2976 3210 9.05502 -0.266601 -4.61154 -0.478417 0.00837419 -0.0504692 -0.996188 -0.0706505 
2976 3216 10.0427 0.143258 1.56463 0.095772 0.0205715 -0.0380875 -0.99885 0.0206138 
2976 3222 10.2434 1.70356 6.50441 0.672304 -0.00742464 -0.0148271 -0.914644 -0.40392 
2976 3228 10.0543 6.39919 9.11363 1.28249 0.0131691 0.0263529 -0.76376 -0.644828 
2976 3234 10.363 11.2967 7.42748 1.72039 0.00047672 -0.00691299 0.482178 0.876046 
2976 3240 9.62307 16.19 3.54479 2.76017 0.030732 -0.00528099 0.466963 0.883727 
2976 3246 10.9432 21.7582 0.0449843 3.45858 0.0203379 0.00101751 0.590422 0.806838 
2976 3252 8.33504 27.5313 -1.22456 4.44808 -0.0296377 0.0097305 -0.64601 -0.762692 
2982 3168 5.2973 -29.4024 -4.9716 -2.34075 0.096731 0.0263375 0.697791 0.709251 
2982 3174 7.66934 -24.1426 -3.42657 -1.62323 -0.0278873 0.00545808 -0.878036 -0.477751 
2982 3180 7.96344 -18.7488 0.153985 -1.12673 0.00317554 0.0185128 -0.876977 -0.480165 
2982 3186 8.77566 -14.9746 1.8826 -0.927196 0.0609395 0.0119212 0.644729 0.761885 
2982 3192 8.89452 -10.3989 -1.55847 -0.965838 0.0653769 -0.0150517 0.364816 0.928659 
2982 3198 8.8912 -5.35213 -4.63854 -0.956206 0.0388723 -0.0163765 0.625126 0.779384 
2982 3204 9.90395 -1.50162 -3.49099 -0.474108 -0.0163259 -0.0180402 -0.946783 -0.320953 
2982 3210 9.38582 -0.989054 1.5875 0.183005 0.0200698 -0.0203717 -0.996151 0.0828602 
2982 3216 10.0827 -2.4606 7.52209 1.11219 0.0320135 -0.00771213 -0.984445 0.172578 
2982 3222 10.2964 -2.59826 12.5608 1.87397 -0.0101903 0.00809948 -0.966643 -0.255798 
2982 3228 10.0256 1.21713 16.5131 2.79357 -0.00473267 0.0520344 -0.852377 -0.520311 
2982 3234 10.2653 6.29061 16.4432 3.17581 0.0258257 -0.0222947 0.611727 0.790333 
2982 3240 9.9969 12.2342 14.0697 4.16154 0.0531633 -0.0176349 0.596459 0.800687 
2982 3246 10.5424 18.6373 12.3405 5.05139 0.0269963 -0.0115541 0.70703 0.706573 
2982 3252 5.88105 24.3307 12.7373 5.751 -0.0436095 0.0188182 -0.754767 -0.654271 
2988 3163 5.28054 -21.2822 -19.9592 -2.33125 0.0447966 -0.0372195 0.654417 0.753887 
2988 3169 5.14952 -18.2312 -18.8267 -2.0481 -0.016286 0.010118 -0.953195 -0.301747 
2988 3175 7.17873 -16.2048 -13.7478 -1.58399 0.0017232 0.0144959 -0.99595 -0.0887183 
2988 3181 7.57202 -14.9449 -7.37784 -0.900067 0.00487266 0.0482977 -0.9948 -0.0895377 
2988 3187 7.01771 -12.9815 -4.37576 -0.6116 0.0733442 0.0101412 0.839449 0.538371 
2988 3193 8.09059 -6.84841 -3.91528 -0.476485 0.0622892 -0.0114899 0.699204 0.712111 
2988 3199 8.17177 -1.5338 -2.03352 -0.258274 0.0179908 -0.0358205 0.915631 0.400016 
2988 3205 8.56962 -0.46564 1.64029 0.346014 0.0166792 0.00822006 -0.988599 0.149419 
2988 3211 9.9068 -4.18343 5.54395 1.08219 0.0348745 0.00142264 -0.887999 0.45852 
2988 3217 10.5233 -9.6938 8.75581 1.84367 0.040191 0.0183722 -0.871878 0.487726 
2988 3223 11.0871 -12.3654 12.4317 2.71682 -0.0153692 0.0301572 -0.998551 0.0418319 
2988 3229 9.92118 -12.2363 17.3277 3.36422 -0.0221034 0.0272736 -0.971148 -0.235878 
2988 3235 10.0993 -7.97389 21.0604 4.46713 0.0479105 -0.0162992 0.829987 0.555482 
2988 3241 8.88718 -1.99954 23.3957 5.42829 0.059731 -0.0141828 0.832369 0.550812 
2988 3247 9.73878 3.54412 26.721 6.36011 0.0427693 -0.000468709 0.917051 0.39647 
2994 3160 5.66312 3.53505 -28.8181 3.86406 -0.0392844 0.083889 0.941358 0.324446 
2994 3166 6.85783 6.60297 -24.8708 3.35486 -0.025469 0.0346916 0.997973 0.0468785 
2994 3172 6.42457 5.0088 -21.2421 2.90049 -0.00714025 -0.0627917 -0.948023 0.311864 
2994 3178 8.12822 0.304481 -16.91 2.33779 -0.0103459 -0.0586782 -0.899039 0.433796 
2994 3184 8.22391 -3.79846 -12.969 1.62295 0.00840894 0.0241487 0.981872 -0.187811 
2994 3190 8.38758 -2.83837 -8.89186 1.09947 -0.0127825 0.0570474 0.975116 0.213847 
2994 3196 9.1664 -0.268518 -3.5094 0.523624 -0.0076816 0.0683448 0.996583 0.0457462 
2994 3202 9.63549 -1.3142 1.25356 -0.0572865 0.00451267 -0.106452 -0.913224 0.393281 
2994 3208 9.41683 -5.43079 1.94694 0.025619 -0.0183186 -0.0718531 -0.59746 0.798463 
2994 3214 9.90848 -11.2715 -0.495839 0.749736 -0.0374209 -0.0629302 -0.464193 0.882703 
2994 3220 10.4628 -16.7857 -3.32641 1.51094 -0.017337 -0.0748777 -0.654359 0.752268 
2994 3226 9.8859 -21.2017 -1.45574 1.49976 -0.0214946 -0.0859188 -0.863493 0.496524 
2994 3232 9.82548 -23.7153 2.41865 1.35162 -0.00228765 0.126273 0.984037 -0.125383 
2994 3238 9.52114 -23.5469 8.57152 1.04674 -0.0138049 0.102152 0.990946 0.0860248 
2994 3244 7.99069 -22.8382 15.0456 0.912153 -0.0294833 0.093496 0.99511 0.0120554 
3000 3155 5.92363 22.7005 -18.988 1.63262 -0.0271197 0.0257384 0.997595 -0.0583674 
3000 3161 5.34297 21.9762 -12.2707 1.26435 -0.034523 0.0288182 0.998735 -0.0225024 
3000 3167 5.92763 21.1931 -8.22226 0.997363 -0.0371134 0.0295497 0.905079 -0.42259 
3000 3173 6.53288 16.6531 -6.89182 0.927981 0.00373989 -0.0147056 -0.703395 0.710637 
3000 3179 7.85687 10.2196 -7.40679 0.676334 0.0222483 -0.022521 -0.670316 0.741401 
3000 3185 8.14435 5.2053 -7.29779 0.393427 -0.00676403 0.00931958 0.873826 -0.486103 
3000 3191 7.27615 2.89388 -2.89541 0.303211 -0.022775 0.00055341 0.989265 -0.144344 
3000 3197 8.00421 0.502684 2.57528 0.0545776 -0.0255129 0.0541442 0.918924 -0.389868 
3000 3203 8.28068 -3.55787 4.35063 0.0495654 0.0517303 -0.0542018 -0.622627 0.778924 
3000 3209 9.07096 -6.7797 0.9903 0.198925 0.063739 -0.0414737 -0.185199 0.979754 
3000 3215 9.92386 -8.71083 -4.96325 0.788302 0.0521994 -0.0202279 -0.031733 0.997927 
3000 3221 10.4373 -11.0196 -10.1216 1.27653 0.015421 -0.0375559 -0.398404 0.916311 
3000 3227 10.5762 -15.9724 -11.7855 1.55497 0.00313002 -0.0334847 -0.643931 0.764344 
3000 3233 9.75844 -20.3481 -10.3381 1.71931 -0.00816345 0.0429709 0.888304 -0.457168 
3000 3239 8.33027 -24.2464 -5.65476 1.99983 -0.0189063 0.0522377 0.939856 -0.337022 
3000 3245 8.543 -28.5582 -0.852411 2.09783 -0.0113336 0.0365426 0.88103 -0.471511 
3006 3150 5.76428 22.0729 -19.055 0.754555 -0.029166 0.00597488 0.99947 -0.0131968 
3006 3156 6.09865 21.6138 -12.6319 0.78841 -0.0292293 0.0163213 0.999117 -0.0253907 
3006 3162 5.39584 21.305 -5.95643 1.02207 -0.0135236 0.00860403 0.99986 0.00488597 
3006 3168 6.93269 20.4409 -2.72067 0.58052 -0.053346 0.0740168 0.880419 -0.465337 
3006 3174 8.14997 15.2877 -1.35566 0.554504 0.0428468 -0.0435241 -0.704161 0.707408 
3006 3180 8.50796 8.80427 -1.53149 0.323988 0.0344705 -0.0167852 -0.705328 0.707843 
3006 3186 9.03313 4.68338 -0.955259 0.100919 -0.0509596 0.0675652 0.911501 -0.402498 
3006 3192 8.88532 2.68768 4.41251 0.0332013 -0.0238776 0.0463087 0.994726 -0.0883515 
3006 3198 8.85539 0.0659661 9.72589 -0.0522792 -0.0307513 0.036498 0.923626 -0.380311 
3006 3204 9.82939 -3.80035 10.7848 0.0345146 0.0584395 -0.0553346 -0.570607 0.81727 
3006 3210 9.32085 -7.02584 6.78176 0.210177 0.0538839 -0.0357951 -0.197087 0.97825 
3006 3216 9.87934 -9.03133 0.915859 0.7224 0.0393581 -0.0238038 -0.107076 0.993186 
3006 3222 10.1785 -11.6781 -3.44771 1.03532 0.0319845 -0.044504 -0.514671 0.855634 
3006 3228 9.59092 -17.0323 -4.85011 1.32502 0.000346301 -0.0133295 -0.737599 0.675108 
3006 3234 9.74518 -21.2753 -1.94725 1.27292 -0.0302005 0.0220533 0.929889 -0.365935 
3006 3240 7.94859 -25.0861 3.11854 2.00971 -0.0269585 0.0484244 0.936857 -0.345293 
3012 3144 7.54646 18.7147 -22.307 1.29525 -0.00568183 0.0333437 0.998597 0.0407364 
3012 3150 5.39818 19.5994 -15.9655 0.796322 -0.0246537 0.0173305 0.997237 0.0678948 
3012 3156 5.74747 20.2132 -9.58262 0.712835 -0.0299164 0.0295461 0.997564 0.0556689 
3012 3162 5.50331 21.0193 -3.0097 0.490416 -0.0327346 0.0292332 0.995439 0.0847045 
3012 3168 6.23048 20.5734 0.466269 0.390704 -0.0410526 0.0743907 0.91569 -0.3928 
3012 3174 7.20159 15.726 2.62331 0.397488 0.0307087 -0.0510169 -0.758253 0.649236 
3012 3180 7.88022 9.29032 3.46768 0.154527 0.0235239 -0.0231657 -0.759957 0.649134 
3012 3186 8.10094 5.30646 4.70356 -0.0677728 -0.0379039 0.0780716 0.94045 -0.328666 
3012 3192 8.12465 4.20504 10.3484 -0.204592 -0.0159765 0.056824 0.998224 -0.00800046 
3012 3198 8.14984 2.5036 16.0251 -0.334617 -0.0221823 0.0466332 0.951024 -0.304773 
3012 3204 9.28946 -1.22629 17.7369 -0.292089 0.0453064 -0.0607156 -0.634366 0.769312 
3012 3210 9.03529 -4.96256 14.3207 -0.0369922 0.042072 -0.0387567 -0.276088 0.959429 
3012 3216 9.55108 -7.9269 8.87281 0.557296 0.0289092 -0.0232713 -0.187555 0.981553 
3012 3222 9.51689 -11.2356 5.03921 0.885243 0.0219375 -0.0463807 -0.583181 0.81072 
3012 3228 9.04575 -16.7217 4.41569 1.30235 -0.00820687 -0.0164812 -0.789079 0.614016 
3012 3234 9.32966 -20.5284 8.27344 1.24356 -0.0208895 0.0273589 0.95768 -0.28577 
3012 3240 7.65168 -23.3297 13.5062 1.89056 -0.0172344 0.0566571 0.961237 -0.26929 
3018 3137 7.28861 21.7368 -19.8476 1.01617 -0.0363196 0.0122919 0.998392 -0.0417415 
3018 3143 7.46555 21.5751 -13.4939 0.690686 -0.0242433 0.0188545 0.997203 -0.0681461 
3018 3149 5.93308 21.4723 -7.27653 0.662763 -0.029745 0.0155844 0.99937 0.0115141 
3018 3155 6.50455 21.1628 -0.86173 0.622488 -0.0218718 0.0160756 0.999243 -0.0278607 
3018 3161 6.10403 20.8345 5.88124 0.432134 -0.0291533 0.02397 0.999248 0.00893049 
3018 3167 6.63037 20.2787 9.98071 0.316581 -0.0342507 0.0214778 0.918157 -0.394149 
3018 3173 7.26936 15.8446 11.5937 0.303369 0.00575262 -0.00442541 -0.725641 0.688035 
3018 3179 8.4457 9.38452 11.4795 0.116372 0.0243667 -0.0140505 -0.693632 0.719781 
3018 3185 8.92545 4.38932 11.9117 -0.11567 -0.00578046 0.000537446 0.888891 -0.458082 
3018 3191 8.32764 2.34382 16.4029 -0.157325 -0.0180781 -0.0062875 0.99335 -0.113533 
3018 3197 8.59094 0.273466 21.9783 -0.272313 -0.0198123 0.0457257 0.930904 -0.361849 
3018 3203 9.11678 -3.67281 24.0017 -0.231053 0.0501497 -0.0473481 -0.646766 0.759564 
3018 3209 9.26064 -7.07285 20.9105 -0.0292058 0.0685993 -0.0359314 -0.21641 0.973227 
3018 3215 9.49744 -9.39774 15.0639 0.512844 0.0580217 -0.0148992 -0.0645067 0.996118 
3018 3221 9.35761 -11.9571 10.0334 0.9718 0.017605 -0.0300677 -0.426762 0.903693 
3018 3227 9.14236 -16.7511 8.81329 0.964227 -0.00927827 -0.00209256 -0.646645 0.762732 
3018 3233 8.14799 -21.2944 10.507 1.58243 -0.00949815 0.0419609 0.9028 -0.427903 
3018 3239 7.52299 -24.8246 15.2973 1.8368 -0.0163819 0.045178 0.950018 -0.308473 
3024 3131 6.87956 17.9585 -22.7979 -1.50024 -0.018338 -0.0339243 0.996452 0.0748037 
3024 3137 7.23086 18.5245 -16.6116 -0.80413 -0.0345958 -0.0381466 0.997983 0.0371326 
3024 3143 7.48678 19.3392 -10.2544 -0.336361 -0.0248557 -0.0328105 0.9991 0.0102728 
3024 3149 5.70455 20.205 -4.15545 0.132157 -0.0243333 -0.0362921 0.994946 0.0904037 
3024 3155 6.07841 20.8467 2.16534 0.886408 -0.0197224 -0.0358751 0.997858 0.0510245 
3024 3161 5.51735 21.5552 8.84271 1.34276 -0.0248256 -0.027793 0.995475 0.0874123 
3024 3167 5.95767 21.6818 12.9535 1.69635 -0.0517716 -0.0274909 0.945846 -0.319279 
3024 3173 6.7006 17.5115 15.2435 1.84438 0.0382433 0.0353713 -0.775564 0.629116 
3024 3179 7.92866 11.1248 16.1493 1.77867 0.0592214 0.0238183 -0.746753 0.662031 
3024 3185 8.03252 6.25713 17.3524 1.67172 -0.0271948 -0.0474677 0.920231 -0.387533 
3024 3191 7.20216 4.94038 22.1203 2.19509 -0.0224558 -0.0597997 0.997338 -0.0351543 
3024 3197 7.79658 3.76504 27.9504 2.69264 -0.0335993 -0.00304491 0.957501 -0.286451 
3024 3207 8.87041 -2.3221 29.5366 2.96368 0.0668587 0.00212317 -0.411781 0.908825 
3024 3213 8.47982 -5.98061 24.4439 2.88745 0.0853463 -0.0245716 -0.276656 0.956856 
3024 3219 8.59367 -8.97393 18.8409 2.59808 0.0945954 -0.0139055 -0.337091 0.936604 
3024 3225 8.61371 -13.106 17.0538 2.81098 0.0855948 -0.0209483 -0.651125 0.753838 
3024 3231 7.64451 -17.6924 18.277 3.07369 -0.0618066 0.0585845 0.897558 -0.432593 
3030 3130 7.7052 19.5968 -15.8188 1.16929 -0.0316601 0.019829 0.998225 0.0463756 
3030 3136 8.30175 19.8095 -9.27593 0.98063 -0.0270161 0.0260181 0.999161 0.0164386 
3030 3142 7.30871 20.1536 -3.10078 0.887097 -0.0114385 0.021157 0.999421 0.0240671 
3030 3148 7.41208 20.2623 3.23308 0.751689 -0.0332933 0.0385561 0.998099 0.0346872 
3030 3154 6.64355 20.6419 9.64565 0.57272 -0.0330334 0.027813 0.998885 0.0190576 
3030 3160 5.91984 20.6489 16.2646 0.404458 -0.0372904 0.032865 0.998764 0.000267727 
3030 3166 6.66958 20.626 21.3034 0.229155 -0.0193514 -0.0162167 0.959886 -0.279252 
3030 3172 6.35632 17.1293 23.224 0.104076 0.0146909 -0.0177271 -0.796648 0.604004 
3030 3178 8.12577 10.717 23.7777 -0.0972513 0.0154846 -0.0150882 -0.710342 0.703524 
3030 3184 7.93746 5.03493 24.3725 -0.436909 0.00673418 -0.017516 0.866955 -0.498033 
3030 3190 8.12279 3.26353 28.211 -0.624286 -0.00825555 0.0121829 0.993165 -0.11579 
3030 3216 8.01945 -9.03036 27.6881 -0.0358777 0.0316995 -0.0316215 -0.144636 0.988471 
3030 3222 8.52776 -11.963 23.5255 0.311494 0.0255226 -0.0555346 -0.546809 0.835024 
3030 3228 7.91323 -17.3845 22.4796 0.499785 0.000945341 -0.0256693 -0.761856 0.647236 
3036 3136 7.44437 20.162 -2.55504 0.336479 -0.00952335 0.0322079 0.999368 0.0116658 
3036 3142 7.11076 20.4557 3.63401 0.075752 0.00546692 0.0219 0.99958 0.0181913 
3036 3148 7.07545 20.5125 9.875 -0.117103 -0.0158236 0.0421466 0.998535 0.030011 
3036 3154 6.28699 20.826 16.2795 -0.371345 -0.015518 0.0303443 0.999327 0.0135483 
3042 3142 7.33099 20.2644 10.7377 0.0573019 -0.00313575 0.0215943 0.999757 0.00307048 
3042 3148 7.15954 20.0864 17.126 -0.103823 -0.0239516 0.0391139 0.998849 0.0140333 
