# .PCD v0.7 - Point Cloud Data file format
VERSION 0.7
FIELDS x y z intensity
SIZE 4 4 4 4
TYPE F F F F
COUNT 1 1 1 1
WIDTH 7217
HEIGHT 1
VIEWPOINT 0 0 0 1 0 0 0
POINTS 7217
DATA ascii
-179.06467 -49.278774 -6.2404261 0
-178.95982 -47.012001 -6.1118145 0
-178.9612 -47.53286 -6.0815382 0
-178.91125 -47.119091 -6.0597715 0
-178.99019 -47.36171 -5.8713651 0
-178.91478 -46.048077 -5.8534708 0
-179.05112 -48.7467 -5.7187443 0
-179.00465 -48.44825 -5.7889724 0
-178.96799 -47.795818 -5.765378 0
-178.9635 -47.597141 -5.7568388 0
-178.92911 -47.379704 -5.7466912 0
-178.88188 -46.949894 -5.7322044 0
-178.8721 -44.768654 -5.7089911 0
-178.96959 -48.372295 -5.6738849 0
-178.93837 -47.935932 -5.6450534 0
-179.00153 -47.607117 -5.6825652 0
-178.9882 -46.980652 -5.6603546 0
-178.90833 -45.558037 -5.6112032 0
-178.86041 -44.39291 -5.6678386 0
-151.89197 -49.72023 -5.5277166 0
-152.05247 -49.581852 -5.5101604 0
-151.69052 -49.540714 -5.5220966 0
-165.65146 -49.496803 -5.5111566 0
-169.48495 -49.321587 -5.5593781 0
-169.47255 -49.181004 -5.5535407 0
-169.3875 -49.101387 -5.5448074 0
-170.94647 -48.94849 -5.5117483 0
-152.05299 -48.994202 -5.5153489 0
-152.00237 -48.361572 -5.5219111 0
-151.98053 -48.315346 -5.5242047 0
-151.86029 -48.212414 -5.5152416 0
-151.69083 -48.24818 -5.5096035 0
-151.87578 -47.730202 -5.5046659 0
-178.97232 -47.173183 -5.5517812 0
-151.91579 -47.170921 -5.522656 0
-178.90939 -46.101768 -5.5672755 0
-178.88779 -45.654804 -5.5330505 0
-178.83073 -42.708721 -5.523829 0
-178.78214 -41.274689 -5.5351982 0
-178.81102 -41.147118 -5.5243182 0
-178.78044 -41.066296 -5.5151105 0
-178.74345 -40.984478 -5.5001655 0
-178.30383 -37.773407 -5.5063195 0
-154.64362 -49.981678 -5.4208474 0
-152.02438 -49.989178 -5.4503713 0
-154.67329 -49.810017 -5.4069571 0
-153.36507 -49.61338 -5.4068074 0
-152.01561 -49.599648 -5.4379578 0
-151.98941 -49.516357 -5.4221811 0
-169.26636 -49.305393 -5.4741235 0
-154.65623 -49.310493 -5.4004579 0
-151.98238 -49.345779 -5.4424753 0
-151.9767 -49.225437 -5.4565716 0
-152.00079 -49.184566 -5.4383502 0
-154.60637 -49.081455 -5.4068055 0
-153.37135 -49.092709 -5.4031262 0
-151.98534 -48.920498 -5.4525285 0
-151.06467 -48.920033 -5.4908733 0
-170.92824 -48.879135 -5.449151 0
-150.79836 -48.847507 -5.4746771 0
-150.5222 -48.88271 -5.4445114 0
-150.41495 -48.805454 -5.4464536 0
-150.03474 -48.529858 -5.4300985 0
-152.04703 -48.452629 -5.4632716 0
-150.94438 -48.436516 -5.4633069 0
-152.09001 -48.262749 -5.4669046 0
-151.95587 -48.237728 -5.4491458 0
-151.50964 -48.224216 -5.4938078 0
-151.41017 -48.260078 -5.4765515 0
-151.94304 -48.163975 -5.4347453 0
-151.25783 -48.14275 -5.4799328 0
-178.99834 -48.00132 -5.4891591 0
-151.93503 -48.068901 -5.4533563 0
-151.54413 -48.010883 -5.4860287 0
-151.37274 -48.096115 -5.4770851 0
-151.08109 -48.096291 -5.4725933 0
-150.89261 -48.072746 -5.4615397 0
-150.63885 -48.041626 -5.4467463 0
-150.45024 -48.050476 -5.4333534 0
-151.91887 -47.919712 -5.4342918 0
-166.36447 -47.828667 -5.4556956 0
-151.90852 -47.765274 -5.4378805 0
-151.92157 -47.664867 -5.4415126 0
-151.89825 -47.686188 -5.4388738 0
-165.55458 -47.527409 -5.4623775 0
-165.21054 -47.555237 -5.4160657 0
-151.86557 -47.43158 -5.4611368 0
-167.68114 -47.120762 -5.4063549 0
-151.89351 -47.164761 -5.4461651 0
-151.86404 -47.081768 -5.4536791 0
-170.63484 -46.912674 -5.4410229 0
-151.84473 -46.81665 -5.4583974 0
-151.76115 -46.828133 -5.4821148 0
-151.86266 -46.776016 -5.4586687 0
-166.01758 -46.630985 -5.4489412 0
-151.86586 -46.664944 -5.4458828 0
-150.34798 -46.635262 -5.4034619 0
-174.75703 -46.523525 -5.4453835 0
-167.25938 -46.588036 -5.4711599 0
-151.81212 -46.564114 -5.4427671 0
-174.76599 -46.426003 -5.4302239 0
-170.1749 -46.433353 -5.4050479 0
-150.91066 -46.423592 -5.4207335 0
-150.59373 -46.441601 -5.4058647 0
-151.83644 -46.288925 -5.4595013 0
-151.65738 -46.125107 -5.4391956 0
-151.83458 -46.074551 -5.411346 0
-151.15715 -46.067142 -5.4059949 0
-151.71671 -45.86644 -5.4622231 0
-151.80579 -45.78141 -5.4639201 0
-178.87604 -45.639473 -5.4208264 0
-178.9301 -45.257553 -5.4879575 0
-151.77048 -45.273975 -5.4630151 0
-178.89328 -45.17028 -5.4834251 0
-151.74588 -44.949501 -5.4572406 0
-178.84052 -44.757698 -5.4641819 0
-151.70187 -44.66465 -5.4390225 0
-151.6779 -44.181789 -5.4518266 0
-151.19608 -44.040295 -5.4094377 0
-170.13757 -43.415714 -5.4318342 0
-170.10036 -43.295097 -5.4514108 0
-178.81894 -43.096897 -5.4119277 0
-178.80063 -42.868168 -5.4995055 0
-178.79585 -42.772049 -5.4913378 0
-170.02478 -42.597897 -5.401032 0
-178.74071 -42.492584 -5.4931064 0
-178.80112 -42.109486 -5.4940376 0
-178.77069 -41.290932 -5.4317493 0
-178.77477 -41.061749 -5.4195619 0
-178.7186 -40.570805 -5.4485006 0
-157.39894 -49.926029 -5.3246913 0
-155.37019 -49.969982 -5.3219037 0
-154.67659 -49.999672 -5.393847 0
-170.42734 -49.852554 -5.3403816 0
-157.47588 -49.820538 -5.3058224 0
-154.96738 -49.829723 -5.3392954 0
-154.68056 -49.866062 -5.3902102 0
-160.39519 -49.729366 -5.3064628 0
-157.50478 -49.712601 -5.3013606 0
-155.11664 -49.713409 -5.3322735 0
-153.12602 -49.79789 -5.3835049 0
-160.49669 -49.61018 -5.3045759 0
-154.94518 -49.514095 -5.3373256 0
-154.71568 -49.580769 -5.3920751 0
-154.69746 -49.522964 -5.3576846 0
-153.37735 -49.59803 -5.3903117 0
-155.17317 -49.487492 -5.330554 0
-155.05905 -49.409779 -5.3562388 0
-153.4222 -49.477726 -5.3810573 0
-154.67235 -49.311703 -5.3582721 0
-154.62895 -49.214291 -5.3985491 0
-153.72536 -49.170124 -5.3831024 0
-154.67035 -49.03722 -5.363143 0
-155.03241 -48.991264 -5.3058987 0
-179.0565 -48.831478 -5.3442678 0
-155.02501 -48.808533 -5.3116188 0
-154.97375 -48.817093 -5.314456 0
-154.82178 -48.842529 -5.3136439 0
-154.75012 -48.871662 -5.3273401 0
-154.68634 -48.84026 -5.333683 0
-154.0694 -48.881435 -5.37603 0
-155.11548 -48.77486 -5.3063059 0
-155.06995 -48.725746 -5.326889 0
-154.94411 -48.797791 -5.320179 0
-154.65419 -48.713608 -5.3450289 0
-179.00026 -48.634037 -5.3077917 0
-155.06578 -48.647198 -5.3035192 0
-154.60535 -48.550533 -5.3607578 0
-153.35274 -48.597004 -5.3938842 0
-153.13197 -48.502453 -5.3753672 0
-154.96111 -48.452637 -5.3077745 0
-154.53607 -48.438213 -5.3972135 0
-179.04637 -48.399082 -5.3177962 0
-153.09425 -48.392475 -5.3752618 0
-153.32098 -48.260033 -5.3882408 0
-153.06137 -48.272434 -5.3745899 0
-154.56529 -48.026684 -5.3880453 0
-152.95992 -48.007988 -5.3697839 0
-151.96826 -48.097904 -5.3900671 0
-154.53355 -47.929008 -5.3809114 0
-153.35489 -47.961407 -5.3869081 0
-154.63585 -47.768299 -5.3088398 0
-154.5432 -47.789803 -5.3495941 0
-154.51302 -47.647747 -5.3778586 0
-152.87732 -47.687973 -5.3665347 0
-154.24567 -47.554958 -5.3392038 0
-154.51183 -47.497097 -5.3785605 0
-154.47884 -47.387997 -5.3756857 0
-152.7753 -47.393654 -5.3593836 0
-170.57634 -47.248981 -5.3409152 0
-154.44734 -47.241882 -5.3778591 0
-154.39821 -47.175507 -5.3398809 0
-151.8969 -47.180893 -5.3987756 0
-162.84128 -47.026276 -5.3282914 0
-152.67279 -47.084007 -5.3560381 0
-154.32953 -46.914616 -5.36761 0
-154.48674 -46.870354 -5.318193 0
-154.36716 -46.744705 -5.3672285 0
-170.45421 -46.680664 -5.3978686 0
-154.34787 -46.648979 -5.3631668 0
-154.3214 -46.571888 -5.3600202 0
-153.93515 -46.588543 -5.322084 0
-153.22939 -46.581676 -5.3585911 0
-152.47475 -46.550274 -5.3461857 0
-172.79938 -46.477547 -5.3994904 0
-170.06352 -46.450542 -5.3712397 0
-150.36664 -46.428661 -5.3952413 0
-150.1348 -46.453499 -5.3842845 0
-154.45703 -46.24472 -5.3206124 0
-153.77983 -46.240189 -5.3134613 0
-178.88724 -46.108231 -5.3125548 0
-169.92827 -46.118187 -5.3551736 0
-154.40186 -46.192257 -5.3120136 0
-154.12427 -46.167641 -5.3488727 0
-153.74811 -46.160984 -5.3133664 0
-153.71854 -46.086594 -5.3085451 0
-153.68962 -46.0009 -5.3083925 0
-152.27779 -46.071514 -5.3406134 0
-151.01367 -46.014751 -5.3964214 0
-150.89383 -45.935825 -5.3904061 0
-154.03735 -45.810909 -5.3410549 0
-153.66081 -45.888298 -5.307313 0
-154.37054 -45.792995 -5.314424 0
-153.63383 -45.780338 -5.3065023 0
-150.6494 -45.783234 -5.3786387 0
-178.87364 -45.668816 -5.3306389 0
-153.61343 -45.648262 -5.3052559 0
-154.77473 -45.559132 -5.3107753 0
-153.99477 -45.542416 -5.3343453 0
-153.56314 -45.549492 -5.3031092 0
-178.83841 -45.407761 -5.3444428 0
-169.95399 -45.425587 -5.3381734 0
-153.50359 -45.454422 -5.3005185 0
-153.01517 -45.317272 -5.3289838 0
-151.83929 -45.135723 -5.3190432 0
-153.5713 -44.625278 -5.3054776 0
-151.31891 -44.682198 -5.3900137 0
-151.79677 -44.58387 -5.3247066 0
-178.84843 -44.478569 -5.3885264 0
-150.84323 -44.37249 -5.3939247 0
-150.49034 -43.958336 -5.3684049 0
-166.99167 -43.833145 -5.3512502 0
-170.5733 -43.511086 -5.3177772 0
-151.73338 -43.545429 -5.3319621 0
-150.84111 -43.562653 -5.3871675 0
-150.61395 -43.310993 -5.366785 0
-150.45921 -43.15144 -5.3567843 0
-167.35236 -43.005066 -5.3437796 0
-178.76814 -42.943703 -5.3313508 0
-166.57922 -42.789719 -5.3086967 0
-167.29482 -42.599655 -5.3205023 0
-167.28473 -42.3288 -5.3094826 0
-151.67618 -42.340786 -5.3467069 0
-178.81906 -41.598408 -5.3703136 0
-178.66107 -40.271008 -5.3770566 0
-179.89746 -39.313374 -5.3498497 0
-179.85698 -38.894276 -5.395112 0
-179.45726 -38.21698 -5.3154321 0
-172.80615 -37.972206 -5.3169413 0
-175.36459 -37.878872 -5.3289795 0
-161.25641 -49.977764 -5.2556005 0
-155.63437 -49.968346 -5.2768087 0
-170.44849 -49.890236 -5.2664728 0
-157.57799 -49.842091 -5.2829046 0
-156.72998 -49.883514 -5.2916551 0
-155.57262 -49.848602 -5.2743306 0
-155.38016 -49.80822 -5.2832284 0
-170.39819 -49.707687 -5.2063184 0
-157.32777 -49.78709 -5.2990355 0
-157.04401 -49.722328 -5.2734532 0
-155.51231 -49.795628 -5.2713437 0
-156.48843 -49.529125 -5.27457 0
-156.86028 -49.46244 -5.2618866 0
-159.44984 -49.316685 -5.2854462 0
-156.76071 -49.39933 -5.2617621 0
-156.41536 -49.342548 -5.2683973 0
-179.0135 -49.204987 -5.2221518 0
-160.45309 -49.238194 -5.2904463 0
-160.18398 -49.277489 -5.2728329 0
-159.1076 -49.287926 -5.2893243 0
-157.45811 -49.281494 -5.2423868 0
-156.75562 -49.200691 -5.2591386 0
-155.52838 -49.215221 -5.295372 0
-159.94475 -49.121456 -5.2336555 0
-159.10542 -49.164421 -5.251071 0
-157.44899 -49.11034 -5.237174 0
-179.04359 -49.078262 -5.228209 0
-159.04115 -49.02 -5.2737203 0
-158.22426 -49.096214 -5.2564321 0
-156.91974 -49.096645 -5.2495623 0
-159.81139 -48.942646 -5.2195592 0
-157.45628 -48.917919 -5.2302628 0
-156.83536 -48.933502 -5.2607403 0
-156.29457 -48.939808 -5.2545466 0
-155.35208 -48.996471 -5.2689252 0
-159.18169 -48.884274 -5.241025 0
-158.34134 -48.872166 -5.2632127 0
-158.11644 -48.87397 -5.2438188 0
-157.60014 -48.824726 -5.2304964 0
-155.31319 -48.840313 -5.2687535 0
-158.95715 -48.756931 -5.2626581 0
-161.26216 -48.61771 -5.2599673 0
-158.92754 -48.599117 -5.2191319 0
-159.99866 -48.414181 -5.237422 0
-159.1178 -48.472691 -5.2227144 0
-158.90674 -48.437435 -5.248661 0
-157.41409 -48.466896 -5.2231011 0
-156.87054 -48.49477 -5.207798 0
-155.06177 -48.496998 -5.2997704 0
-161.22086 -48.31076 -5.2604218 0
-160.15639 -48.352558 -5.2338119 0
-157.8412 -48.342674 -5.2126188 0
-156.39595 -48.311367 -5.2292962 0
-155.40289 -48.318733 -5.285718 0
-157.02933 -48.213017 -5.2064362 0
-156.60916 -48.274796 -5.2171345 0
-155.00536 -48.279709 -5.2939458 0
-161.06125 -48.139225 -5.2585592 0
-155.18365 -48.139156 -5.2676401 0
-179.01505 -48.062405 -5.2904415 0
-159.90965 -48.036942 -5.224297 0
-159.32295 -48.097233 -5.2091193 0
-156.14366 -48.084999 -5.2396693 0
-154.88387 -48.075256 -5.2797699 0
-159.63882 -47.976723 -5.2139254 0
-158.39598 -47.919262 -5.2108655 0
-156.17555 -47.919857 -5.2405047 0
-154.86948 -47.934654 -5.2759151 0
-154.7838 -47.92979 -5.2851992 0
-154.67841 -47.908485 -5.2784376 0
-160.29399 -47.885216 -5.2383485 0
-155.52341 -47.855213 -5.2827349 0
-155.46471 -47.820812 -5.2747087 0
-154.83359 -47.83847 -5.2682066 0
-159.07422 -47.792534 -5.2004123 0
-179.01755 -47.694397 -5.2637343 0
-156.34828 -47.562305 -5.2267694 0
-155.24643 -47.553467 -5.2524843 0
-154.86343 -47.579144 -5.264987 0
-178.94241 -47.487228 -5.2416296 0
-155.41533 -47.471966 -5.2718134 0
-154.58983 -47.478615 -5.2646198 0
-155.33612 -47.315956 -5.2600012 0
-178.90207 -47.179024 -5.2205296 0
-155.09558 -47.181919 -5.223597 0
-155.13686 -47.046913 -5.2408895 0
-154.60153 -47.044308 -5.2543068 0
-154.71382 -46.953388 -5.2456083 0
-156.32864 -46.851398 -5.2212434 0
-155.15991 -46.841003 -5.2366261 0
-154.65247 -46.855152 -5.2545767 0
-154.89687 -46.74049 -5.2092519 0
-155.08997 -46.682758 -5.2451205 0
-154.85063 -46.694992 -5.2010159 0
-178.95944 -46.492405 -5.2220373 0
-156.03178 -46.408417 -5.2180181 0
-170.18721 -46.351086 -5.2927742 0
-155.95729 -46.342236 -5.2136159 0
-170.11786 -46.294907 -5.2891326 0
-154.66249 -46.235859 -5.285902 0
-178.93643 -46.131847 -5.2092376 0
-170.16426 -46.185226 -5.2883072 0
-170.22083 -46.065708 -5.287004 0
-156.02513 -45.972225 -5.2023559 0
-178.92598 -45.875004 -5.2014828 0
-156.04469 -45.639542 -5.2008009 0
-155.41985 -45.644947 -5.2272406 0
-154.40503 -45.681675 -5.2970142 0
-155.63472 -45.410553 -5.2684436 0
-153.46645 -45.415291 -5.2964478 0
-155.59422 -45.399349 -5.2366781 0
-153.43472 -45.33609 -5.2963276 0
-154.70753 -45.220978 -5.2631001 0
-154.05894 -45.274506 -5.2966819 0
-154.44798 -44.950199 -5.2808242 0
-153.91609 -44.929108 -5.2579141 0
-155.53052 -44.838665 -5.2425442 0
-155.39423 -44.840309 -5.2171817 0
-154.44633 -44.860779 -5.276783 0
-155.22514 -44.751266 -5.2036109 0
-154.82399 -44.757599 -5.2375512 0
-153.14641 -44.749386 -5.2797599 0
-155.48564 -44.670784 -5.2173023 0
-155.27054 -44.676422 -5.2441087 0
-154.9241 -44.622322 -5.2244463 0
-154.37173 -44.668831 -5.2656455 0
-155.37288 -44.591343 -5.2104259 0
-154.43037 -44.594234 -5.2251539 0
-153.73531 -44.539474 -5.2807589 0
-154.58597 -44.314388 -5.2018514 0
-153.4926 -44.333462 -5.2965827 0
-153.00786 -44.38916 -5.2719455 0
-178.80881 -44.159962 -5.2532887 0
-153.50807 -44.109421 -5.2645006 0
-153.13382 -44.139431 -5.2470589 0
-152.77652 -44.120613 -5.2999969 0
-153.01529 -44.048813 -5.2420664 0
-170.33839 -43.606838 -5.2021885 0
-153.2476 -43.535774 -5.2549739 0
-152.50572 -43.514217 -5.2358079 0
-154.38817 -43.422482 -5.2323356 0
-153.12773 -43.380348 -5.2464223 0
-154.28461 -43.165203 -5.2177525 0
-152.14381 -43.101616 -5.2363796 0
-154.33049 -42.929058 -5.2373056 0
-153.01224 -42.976089 -5.2702012 0
-152.97214 -42.954536 -5.2641554 0
-152.98035 -42.808254 -5.2689328 0
-154.32361 -42.758877 -5.2105594 0
-154.38824 -42.617039 -5.2200108 0
-154.299 -42.695171 -5.2311816 0
-151.72934 -42.672951 -5.2363558 0
-170.20746 -42.58617 -5.2310777 0
-152.17932 -42.383434 -5.2262282 0
-166.33656 -42.26123 -5.2730808 0
-152.69101 -42.08556 -5.2471099 0
-170.1281 -41.984192 -5.2007136 0
-154.35851 -41.949226 -5.2125754 0
-151.67439 -41.934109 -5.2468863 0
-170.33386 -41.836174 -5.2907467 0
-151.91132 -41.848141 -5.2130833 0
-153.72011 -41.779289 -5.2196994 0
-153.20021 -41.74659 -5.2191854 0
-152.90462 -41.668812 -5.2189617 0
-152.55217 -41.686279 -5.2357087 0
-150.66745 -41.582321 -5.2929592 0
-152.40302 -41.282188 -5.2288036 0
-152.24312 -41.27137 -5.2279754 0
-178.67363 -40.54871 -5.2753186 0
-178.66174 -40.419403 -5.2713246 0
-167.6561 -39.741493 -5.2613082 0
-165.56741 -39.368168 -5.2958403 0
-151.54718 -39.339809 -5.2699375 0
-151.6037 -39.231655 -5.2170143 0
-165.19795 -38.83926 -5.2569985 0
-164.44139 -38.626698 -5.2044315 0
-165.49339 -38.340939 -5.2595081 0
-151.31444 -38.068726 -5.2005415 0
-177.81158 -37.811428 -5.2065096 0
-161.30048 -49.981155 -5.1848879 0
-179.03012 -48.586723 -5.196259 0
-161.27563 -48.559475 -5.1982484 0
-179.07397 -48.480938 -5.1623073 0
-178.99739 -48.41433 -5.1749244 0
-159.67224 -48.42366 -5.1950593 0
-159.60997 -48.26659 -5.184123 0
-156.40576 -48.266098 -5.1890321 0
-159.59695 -47.986717 -5.177135 0
-158.79504 -47.900951 -5.1906757 0
-157.43466 -47.985542 -5.1900511 0
-159.41057 -47.85062 -5.1592984 0
-158.77863 -47.846584 -5.1866817 0
-157.93588 -47.867535 -5.1828046 0
-161.1404 -47.570496 -5.1502609 0
-158.61267 -47.503475 -5.1690655 0
-156.64572 -47.547554 -5.1908593 0
-179.02252 -47.43013 -5.1255126 0
-178.97691 -47.36068 -5.1916265 0
-159.69293 -47.391003 -5.1872478 0
-159.4269 -47.339214 -5.1443601 0
-158.96176 -47.359615 -5.1542072 0
-158.66692 -47.357563 -5.1933846 0
-158.14526 -47.382545 -5.1836381 0
-157.92464 -47.205879 -5.1616006 0
-178.94833 -47.01041 -5.1749773 0
-159.62111 -47.000511 -5.1425056 0
-158.96954 -47.021927 -5.1536136 0
-158.59178 -47.095512 -5.1531005 0
-158.46634 -46.935116 -5.1436086 0
-156.20891 -46.915653 -5.1710229 0
-159.25285 -46.821854 -5.1191778 0
-155.91901 -46.853779 -5.1550827 0
-155.89384 -46.842113 -5.1539469 0
-160.17821 -46.705128 -5.1668811 0
-158.9856 -46.602264 -5.1356826 0
-172.78329 -46.531784 -5.1343021 0
-159.99612 -46.523853 -5.1452198 0
-159.23952 -46.53231 -5.1066904 0
-157.40205 -46.518734 -5.1325698 0
-161.77504 -46.427952 -5.1464481 0
-159.51849 -46.486961 -5.1487117 0
-157.74767 -46.408398 -5.1350164 0
-160.04646 -46.385662 -5.1455469 0
-157.64352 -46.282299 -5.1279969 0
-157.36157 -46.204514 -5.1255012 0
-178.92941 -46.139565 -5.1357851 0
-160.06328 -45.966488 -5.1328588 0
-159.07695 -45.981556 -5.112926 0
-157.51393 -45.956371 -5.1118517 0
-156.30411 -45.996586 -5.1655297 0
-157.08412 -45.845085 -5.114234 0
-155.9814 -45.860428 -5.1967854 0
-178.86162 -45.682106 -5.1318769 0
-160.04408 -45.581203 -5.1148205 0
-159.50032 -45.55555 -5.1187973 0
-159.22108 -45.548241 -5.1059055 0
-156.29417 -45.331989 -5.1598449 0
-156.25633 -45.202335 -5.1532254 0
-159.61263 -45.042221 -5.1097293 0
-156.21822 -45.067314 -5.1511998 0
-170.38696 -44.851395 -5.192596 0
-156.21416 -44.871849 -5.1460085 0
-159.73399 -44.629677 -5.1043324 0
-156.1951 -44.676659 -5.1401935 0
-155.55701 -44.622383 -5.1933403 0
-154.8792 -44.651558 -5.1846161 0
-154.55598 -44.640644 -5.194808 0
-156.1667 -44.526508 -5.1374159 0
-154.50613 -44.513668 -5.1895142 0
-155.70343 -44.486984 -5.1556687 0
-155.43623 -44.454514 -5.1810951 0
-156.13316 -44.366482 -5.1336622 0
-155.92818 -44.354782 -5.1264648 0
-155.29453 -44.334835 -5.1784387 0
-156.1046 -44.206367 -5.1301112 0
-155.40865 -44.219296 -5.1703343 0
-155.35468 -44.117729 -5.171072 0
-156.07574 -44.026318 -5.12502 0
-155.36076 -44.017277 -5.1753683 0
-155.13438 -44.078793 -5.1829967 0
-154.89844 -44.049519 -5.1792054 0
-155.24667 -43.900551 -5.1676888 0
-154.66583 -43.982155 -5.178586 0
-154.47911 -43.913006 -5.1518054 0
-155.79819 -43.814594 -5.1120276 0
-154.93257 -43.864513 -5.1669598 0
-154.47729 -43.841568 -5.1881766 0
-155.20131 -43.751053 -5.1426678 0
-154.42372 -43.746765 -5.1987877 0
-154.81854 -43.69775 -5.159503 0
-155.14139 -43.453159 -5.1273975 0
-154.47443 -43.467716 -5.1476545 0
-155.94145 -43.376659 -5.1041861 0
-155.13232 -43.336655 -5.1249895 0
-170.17055 -43.252949 -5.1931272 0
-155.12325 -43.220154 -5.122581 0
-154.86125 -43.233528 -5.1466126 0
-178.75102 -43.11198 -5.1982069 0
-154.90364 -43.174198 -5.148138 0
-154.65318 -42.853981 -5.1329656 0
-154.32368 -42.859112 -5.1989112 0
-154.77232 -42.791466 -5.1399746 0
-154.42709 -42.728779 -5.1585317 0
-178.88139 -42.663376 -5.1003437 0
-154.79347 -42.676964 -5.1184158 0
-154.39568 -42.64024 -5.1851687 0
-170.32933 -42.553413 -5.1797738 0
-170.19803 -42.592442 -5.1189556 0
-154.72572 -42.45974 -5.1404967 0
-154.64458 -42.372108 -5.1390381 0
-154.28676 -42.291489 -5.1899195 0
-154.43471 -42.158195 -5.1607189 0
-154.39584 -42.13192 -5.1478209 0
-178.72125 -42.022427 -5.1465011 0
-154.31166 -42.067989 -5.1891661 0
-154.64345 -41.938385 -5.1269059 0
-170.40643 -41.799412 -5.1102595 0
-154.43727 -41.516357 -5.1282215 0
-154.29585 -41.579948 -5.1745782 0
-154.60603 -41.453663 -5.1128016 0
-159.51343 -41.316067 -5.1112905 0
-159.26495 -41.33812 -5.1104245 0
-154.51698 -41.362907 -5.1392441 0
-154.33888 -41.300491 -5.1811438 0
-170.02303 -41.177479 -5.1667275 0
-154.49542 -41.170101 -5.1082873 0
-154.33818 -41.128803 -5.1188574 0
-154.48586 -41.077129 -5.1019263 0
-154.31378 -40.641918 -5.1123533 0
-153.95114 -40.672195 -5.145803 0
-154.56664 -40.576988 -5.1012716 0
-154.45656 -40.509041 -5.1421585 0
-154.49187 -40.405827 -5.1300755 0
-154.25528 -40.458057 -5.1905246 0
-154.4623 -40.3554 -5.1268802 0
-154.25111 -40.356907 -5.1576571 0
-154.41774 -40.299511 -5.1282897 0
-154.34996 -40.231281 -5.1385217 0
-154.27032 -40.072083 -5.1067548 0
-151.67384 -39.872559 -5.1812258 0
-154.16953 -39.512493 -5.1756978 0
-154.20517 -39.496971 -5.1003261 0
-154.19972 -39.442673 -5.1137176 0
-160.33321 -39.328281 -5.1214643 0
-151.61334 -39.379642 -5.1902752 0
-159.68597 -39.231041 -5.138938 0
-154.22966 -39.277645 -5.1087761 0
-154.26584 -39.133354 -5.1395183 0
-158.26447 -39.033081 -5.1032495 0
-159.28726 -38.753399 -5.1318617 0
-154.26251 -38.640686 -5.1049891 0
-163.98431 -38.521713 -5.1464663 0
-151.50487 -38.5681 -5.1578903 0
-165.15649 -38.318336 -5.1333122 0
-165.06879 -38.337578 -5.1184387 0
-166.59702 -38.237324 -5.1413713 0
-171.9381 -38.118961 -5.1138101 0
-167.01147 -38.195118 -5.122808 0
-173.27612 -38.051243 -5.1783605 0
-172.44183 -38.003342 -5.1046343 0
-176.12311 -37.904842 -5.1164608 0
-175.80908 -37.921341 -5.1481147 0
-174.63347 -37.939232 -5.1174197 0
-176.22501 -37.868652 -5.1586766 0
-151.07356 -37.878967 -5.191153 0
-151.47232 -37.733772 -5.1684637 0
-150.47319 -37.281754 -5.1577654 0
-151.41687 -36.244606 -5.1950946 0
-151.37666 -35.889973 -5.129797 0
-151.40114 -35.799156 -5.1940856 0
-151.36246 -35.399734 -5.1952171 0
-170.44077 -49.94883 -5.0372186 0
-170.50984 -49.850842 -5.0274639 0
-179.10397 -49.584473 -5.043951 0
-179.08333 -49.470387 -5.0580029 0
-179.05341 -48.856495 -5.0167465 0
-178.9996 -47.654938 -5.0913897 0
-160.8327 -46.330116 -5.0814939 0
-158.14928 -46.064686 -5.0981741 0
-178.92656 -45.744244 -5.0146785 0
-159.07774 -45.743874 -5.0761285 0
-157.44223 -45.451324 -5.0983071 0
-157.35735 -45.382587 -5.0863562 0
-156.75656 -45.352772 -5.0633507 0
-157.14185 -45.162987 -5.0754886 0
-157.08148 -45.130116 -5.0793862 0
-159.44398 -44.817139 -5.0927439 0
-159.21742 -44.655605 -5.0554771 0
-156.96855 -44.446014 -5.0574722 0
-157.32756 -43.94519 -5.0651989 0
-170.20619 -43.501488 -5.0540552 0
-170.18362 -43.386749 -5.0781822 0
-158.11624 -43.354801 -5.0800691 0
-155.61536 -43.226795 -5.099133 0
-170.18805 -43.19091 -5.053709 0
-159.96507 -43.077644 -5.0562949 0
-170.29526 -42.917465 -5.0627651 0
-155.53055 -42.779469 -5.0907226 0
-155.13672 -42.001675 -5.0838675 0
-155.15157 -41.866383 -5.0811577 0
-160.72063 -41.779476 -5.0688376 0
-155.22556 -41.412838 -5.0761929 0
-155.27176 -41.267105 -5.0646944 0
-155.23643 -40.516621 -5.0470018 0
-155.14328 -40.30019 -5.0484562 0
-167.66412 -39.67342 -5.0342436 0
-167.52348 -39.585243 -5.0687642 0
-169.56013 -39.465057 -5.0583491 0
-154.48235 -39.479721 -5.0850244 0
-169.09097 -39.323334 -5.031538 0
-169.08846 -39.204128 -5.0390458 0
-154.38411 -39.169903 -5.0738149 0
-160.56633 -39.04406 -5.052268 0
-159.90785 -39.060516 -5.0383067 0
-158.43347 -39.080128 -5.0815067 0
-158.39476 -39.022907 -5.0940013 0
-154.93869 -39.04586 -5.033505 0
-158.53897 -38.985767 -5.0827808 0
-153.92468 -38.966583 -5.07971 0
-158.62524 -38.81794 -5.0436902 0
-158.19193 -38.818115 -5.0916753 0
-154.22673 -38.849674 -5.0999022 0
-159.1897 -38.794685 -5.0923934 0
-158.19492 -38.79203 -5.05902 0
-158.82765 -38.633812 -5.0537467 0
-158.55664 -38.671741 -5.0332646 0
-154.52908 -38.658337 -5.0784521 0
-153.7177 -38.64497 -5.0651145 0
-159.64348 -38.597446 -5.0597186 0
-162.69283 -38.411682 -5.0914598 0
-162.35281 -38.443245 -5.0198464 0
-161.84937 -38.445 -5.0412073 0
-161.76927 -38.455978 -5.0655026 0
-161.06169 -38.443085 -5.006639 0
-158.52167 -38.404007 -5.0295949 0
-164.64278 -38.336201 -5.0238466 0
-166.53535 -38.217476 -5.0889521 0
-166.46268 -38.278187 -5.0487928 0
-166.09874 -38.218933 -5.0601892 0
-165.08226 -38.289181 -5.0517969 0
-172.50156 -38.046188 -5.0203667 0
-158.50075 -38.096348 -5.0183268 0
-157.00461 -38.036797 -5.0619874 0
-174.27281 -37.943344 -5.0999875 0
-173.92491 -37.964367 -5.0720363 0
-158.43452 -37.906563 -5.0144892 0
-154.18959 -37.843685 -5.073679 0
-158.39975 -37.639248 -5.0058575 0
-154.15182 -37.442886 -5.0627813 0
-154.10226 -36.935688 -5.050632 0
-154.11403 -36.575089 -5.0401239 0
-152.9799 -36.521416 -5.0133767 0
-154.07564 -36.21056 -5.058805 0
-154.05656 -36.086205 -5.0554204 0
-154.11636 -35.926876 -5.0268941 0
-154.04938 -35.876209 -5.0529923 0
-155.23174 -35.615963 -5.032361 0
-155.88536 -35.502468 -5.0112271 0
-155.66438 -35.512989 -5.0526071 0
-152.76721 -35.536579 -5.0413842 0
-154.97318 -35.479263 -5.0213194 0
-154.90273 -35.398861 -5.0641818 0
-154.23662 -34.937389 -5.0324893 0
-153.81497 -34.900703 -5.0070248 0
-154.77348 -34.745365 -5.0300632 0
-153.77469 -34.660503 -5.0144291 0
-154.0428 -34.337086 -5.017909 0
-153.95189 -34.252117 -5.0097456 0
-152.09923 -33.844875 -5.0141282 0
-151.18869 -30.414988 -5.0006938 0
-151.15973 -29.895592 -5.0069008 0
-179.05925 -49.99596 -4.9696403 0
-170.4057 -49.986748 -4.9874353 0
-179.03743 -48.517273 -4.9917121 0
-179.02734 -48.148018 -4.9704037 0
-174.935 -46.47958 -4.978519 0
-178.93585 -46.150333 -4.9480724 0
-178.92593 -45.725525 -4.9548669 0
-178.89619 -45.742657 -4.9717875 0
-178.86458 -45.29929 -4.9151206 0
-178.92137 -45.05891 -4.9297333 0
-161.36517 -43.925858 -4.9552698 0
-161.25581 -43.915623 -4.9495826 0
-178.84114 -43.481155 -4.9718752 0
-178.80502 -42.775745 -4.9454875 0
-168.00105 -39.636318 -4.9945889 0
-167.65901 -39.684231 -4.9809365 0
-167.52388 -39.68959 -4.9570661 0
-167.48126 -39.557922 -4.9662366 0
-169.74756 -39.461769 -4.9475322 0
-158.6082 -38.723137 -4.9999619 0
-160.01801 -38.504986 -4.9849448 0
-159.77911 -38.52449 -4.9351778 0
-159.63904 -38.516048 -4.9089804 0
-164.28134 -38.416092 -4.9745755 0
-164.15706 -38.433056 -4.9980049 0
-161.50562 -38.430702 -4.985043 0
-161.12488 -38.488918 -4.9305291 0
-161.03395 -38.481709 -4.9927607 0
-160.44856 -38.497349 -4.9747829 0
-159.9453 -38.450779 -4.9737382 0
-164.04807 -38.3284 -4.9196396 0
-163.9375 -38.317787 -4.909009 0
-163.85559 -38.348343 -4.9331961 0
-166.51866 -38.244114 -4.9304452 0
-165.91527 -38.290173 -4.9727387 0
-165.73846 -38.299797 -4.9866104 0
-155.39214 -38.196587 -4.9912467 0
-172.95224 -38.028698 -4.9472103 0
-172.29796 -38.036018 -4.9136305 0
-173.67224 -37.981209 -4.9699101 0
-158.52205 -37.740124 -4.9682775 0
-158.45686 -36.680889 -4.9358535 0
-158.42052 -36.014378 -4.9157376 0
-152.66792 -35.920895 -4.9988666 0
-152.51485 -35.633015 -4.9871993 0
-156.16512 -35.470589 -4.9727159 0
-157.32741 -35.365757 -4.9598784 0
-155.58672 -35.208515 -4.9261045 0
-154.43805 -34.971115 -4.9942951 0
-152.1651 -34.800137 -4.9666457 0
-154.09448 -34.767319 -4.9972639 0
-154.14697 -34.610134 -4.9838138 0
-157.24074 -34.570316 -4.9276619 0
-154.58687 -34.134602 -4.9926982 0
-154.02234 -34.07988 -4.9743724 0
-153.96149 -33.958961 -4.9732323 0
-153.46959 -33.680939 -4.9663429 0
-151.8987 -33.614437 -4.9483466 0
-153.9285 -33.148365 -4.94871 0
-153.5065 -33.043934 -4.9737997 0
-154.98793 -32.815929 -4.9789438 0
-151.42978 -32.552223 -4.9245949 0
-151.43318 -32.412823 -4.9862943 0
-153.1946 -32.323647 -4.9272766 0
-151.3515 -32.0313 -4.9200749 0
-155.23848 -31.631104 -4.9574461 0
-153.81221 -31.490599 -4.9101791 0
-151.24487 -30.669909 -4.9137645 0
-155.22021 -30.382601 -4.9112964 0
-151.18271 -29.065275 -4.9360867 0
-151.04192 -27.257957 -4.9252234 0
-151.03003 -26.657684 -4.9207783 0
-170.5461 -49.814259 -4.8720827 0
-170.53174 -49.762707 -4.8477445 0
-178.9859 -47.950043 -4.8434429 0
-178.96935 -47.394272 -4.811573 0
-174.91272 -46.568676 -4.8326106 0
-174.79782 -46.453148 -4.8502355 0
-178.89857 -45.101704 -4.8606243 0
-161.34393 -43.895561 -4.8952193 0
-161.25461 -43.805836 -4.8760457 0
-178.88599 -43.794357 -4.8905306 0
-178.81664 -43.02076 -4.8398685 0
-178.77477 -43.025833 -4.8492103 0
-178.83234 -42.839142 -4.8659921 0
-178.78488 -42.177219 -4.8258691 0
-178.74007 -40.617409 -4.8578377 0
-178.65428 -40.223156 -4.8249531 0
-168.02963 -39.620609 -4.8003249 0
-167.91742 -39.641685 -4.8556175 0
-169.65941 -39.45314 -4.8360038 0
-169.5318 -39.45266 -4.8285375 0
-169.11026 -39.40715 -4.8201175 0
-167.47366 -39.138115 -4.8579431 0
-169.06119 -39.006638 -4.8995495 0
-159.08459 -38.604664 -4.8456717 0
-159.83447 -38.500679 -4.8784709 0
-159.53525 -38.511913 -4.8022189 0
-158.84544 -38.57254 -4.8135624 0
-158.56488 -38.552876 -4.8727312 0
-165.07922 -38.411335 -4.8565321 0
-164.68745 -38.420506 -4.8256364 0
-164.44 -38.42688 -4.8119106 0
-163.06451 -38.412285 -4.8663721 0
-161.65555 -38.461658 -4.8629498 0
-158.52841 -38.48243 -4.8055577 0
-165.05818 -38.392517 -4.8028355 0
-163.36548 -38.336784 -4.8705807 0
-163.2001 -38.354431 -4.8597283 0
-163.02446 -38.366901 -4.8530617 0
-167.1478 -38.291447 -4.8254676 0
-166.66107 -38.250809 -4.8354578 0
-166.52815 -38.226849 -4.8652806 0
-166.37309 -38.225204 -4.8577089 0
-166.17097 -38.266689 -4.840847 0
-166.05728 -38.264748 -4.8604355 0
-165.92126 -38.252914 -4.8373733 0
-165.64893 -38.275055 -4.8444414 0
-165.46147 -38.279709 -4.8326931 0
-165.25273 -38.289825 -4.828063 0
-169.65015 -38.145248 -4.8188372 0
-171.33472 -38.069141 -4.8177695 0
-171.28487 -38.060493 -4.8499827 0
-158.50784 -38.094208 -4.858995 0
-177.76457 -37.96933 -4.8007889 0
-158.52171 -37.963318 -4.8569107 0
-158.49043 -37.881744 -4.8002858 0
-158.46733 -37.329674 -4.8435588 0
-158.43803 -36.590942 -4.8955393 0
-158.358 -34.518269 -4.8511519 0
-158.2999 -34.30854 -4.8413754 0
-158.28699 -32.357674 -4.8085861 0
-155.5937 -32.293556 -4.8486342 0
-155.62692 -32.10054 -4.8480501 0
-157.53487 -31.812754 -4.8564568 0
-156.16557 -30.926556 -4.8556976 0
-157.12511 -30.561365 -4.8636646 0
-154.63342 -30.571407 -4.885541 0
-152.72667 -30.292582 -4.8730435 0
-152.84613 -29.805025 -4.8835487 0
-152.62929 -29.738222 -4.8555522 0
-152.48262 -28.451809 -4.8411446 0
-152.26471 -28.497252 -4.8175402 0
-179.05673 -49.128876 -4.7164478 0
-178.98991 -48.765705 -4.7026839 0
-178.94019 -47.25061 -4.753242 0
-178.9304 -46.859516 -4.7365093 0
-173.02594 -46.648895 -4.7745538 0
-178.91435 -46.56377 -4.7200012 0
-161.4496 -43.911842 -4.7297087 0
-161.34596 -43.926933 -4.7893414 0
-161.08908 -43.934097 -4.7489977 0
-161.40556 -43.876553 -4.7334375 0
-161.3476 -43.873993 -4.7454839 0
-161.24292 -43.879131 -4.7383513 0
-161.15056 -43.890862 -4.744184 0
-161.04465 -43.885323 -4.7382779 0
-161.0529 -43.779705 -4.7871342 0
-161.04895 -43.668621 -4.7426786 0
-178.71748 -40.865036 -4.7568898 0
-178.72839 -40.781391 -4.7454252 0
-178.72534 -40.631466 -4.7406111 0
-178.71782 -40.491795 -4.7308345 0
-178.71698 -40.352814 -4.7265005 0
-167.57697 -39.643642 -4.7955918 0
-169.46933 -39.494072 -4.7819495 0
-179.85777 -39.324696 -4.7117753 0
-167.43219 -39.149426 -4.7058268 0
-167.47052 -39.062061 -4.7897258 0
-158.60703 -38.790398 -4.779953 0
-158.49889 -38.603714 -4.7375994 0
-160.49527 -38.500359 -4.7079172 0
-159.74699 -38.507935 -4.7119994 0
-158.56024 -38.543579 -4.7968187 0
-164.78767 -38.480637 -4.7841144 0
-163.53136 -38.414276 -4.7471366 0
-163.45517 -38.412071 -4.7416816 0
-163.07803 -38.42337 -4.7366023 0
-162.38004 -38.439159 -4.7734604 0
-162.0849 -38.440479 -4.727931 0
-161.92578 -38.433907 -4.7453513 0
-159.6595 -38.497482 -4.7392602 0
-158.52142 -38.450077 -4.7907195 0
-164.51599 -38.30616 -4.7740693 0
-164.32118 -38.306232 -4.7555661 0
-163.14891 -38.384308 -4.7609339 0
-162.86072 -38.393673 -4.7625217 0
-162.64131 -38.389847 -4.7908359 0
-167.6015 -38.212376 -4.780911 0
-167.52759 -38.202583 -4.7443452 0
-167.14191 -38.237835 -4.7714329 0
-166.68637 -38.276894 -4.7625928 0
-166.1989 -38.247501 -4.7557707 0
-165.94707 -38.282955 -4.7848196 0
-165.53188 -38.285278 -4.7275372 0
-165.17393 -38.273975 -4.7969084 0
-176.95711 -38.184708 -4.7670169 0
-169.73082 -38.126232 -4.7207503 0
-167.78432 -38.191505 -4.7832084 0
-173.74147 -37.963413 -4.7155581 0
-158.48549 -37.953239 -4.7148905 0
-158.48328 -37.849464 -4.7694745 0
-158.47624 -37.51767 -4.7523499 0
-158.46341 -36.803585 -4.7844319 0
-158.43437 -36.158707 -4.755446 0
-158.41162 -36.052086 -4.7434139 0
-158.40651 -35.911545 -4.7877755 0
-158.37257 -35.193764 -4.7845397 0
-158.37881 -34.664471 -4.7819433 0
-158.36618 -34.463142 -4.742939 0
-158.25989 -31.846716 -4.7640715 0
-158.22122 -31.252831 -4.7700119 0
-158.25746 -30.600969 -4.7608123 0
-158.21095 -29.968971 -4.7411013 0
-155.4239 -29.5357 -4.7693491 0
-156.31592 -28.67981 -4.7782183 0
-156.2511 -28.571028 -4.7696834 0
-155.32674 -27.790552 -4.7244029 0
-155.09012 -27.4634 -4.7961178 0
-153.66774 -26.343208 -4.7913237 0
-151.52286 -24.862652 -4.7249708 0
-179.08028 -49.558853 -4.6385016 0
-179.04315 -48.810612 -4.6112771 0
-178.95711 -47.759708 -4.648881 0
-178.96051 -47.348293 -4.62988 0
-156.06749 -46.824543 -4.6659813 0
-178.83423 -45.162876 -4.6827378 0
-178.80757 -44.036762 -4.6036534 0
-178.87013 -43.953667 -4.6148572 0
-178.82751 -41.860767 -4.6820354 0
-178.77615 -41.245201 -4.6560493 0
-178.75291 -40.643589 -4.6796718 0
-178.71469 -40.514938 -4.6696796 0
-167.5719 -39.650307 -4.6721911 0
-179.87224 -39.26627 -4.606564 0
-158.66051 -38.758976 -4.6706553 0
-158.58713 -38.785061 -4.6047845 0
-161.778 -38.512276 -4.6607327 0
-160.94875 -38.518757 -4.6226668 0
-160.71577 -38.531448 -4.6116414 0
-160.12325 -38.504917 -4.6548257 0
-159.81136 -38.55537 -4.6156473 0
-159.73085 -38.525745 -4.6704597 0
-159.27232 -38.546524 -4.6263428 0
-159.06918 -38.551815 -4.6714387 0
-158.92873 -38.562054 -4.6107941 0
-158.5457 -38.570599 -4.612545 0
-161.57161 -38.45282 -4.6379886 0
-161.38426 -38.447319 -4.6492195 0
-161.29681 -38.483856 -4.6444702 0
-160.88962 -38.453102 -4.6878238 0
-160.55203 -38.478676 -4.6738696 0
-160.34709 -38.494686 -4.6058483 0
-160.01434 -38.492062 -4.6411309 0
-179.82976 -38.315708 -4.6406145 0
-178.65549 -38.301891 -4.6394181 0
-163.70529 -38.362049 -4.6522384 0
-163.46092 -38.370361 -4.6698017 0
-162.96719 -38.394051 -4.6432819 0
-166.81046 -38.254292 -4.6324706 0
-158.52258 -38.243023 -4.6354613 0
-172.54907 -38.019146 -4.6489501 0
-171.97279 -38.041862 -4.6160707 0
-171.68443 -38.050236 -4.6374402 0
-173.14514 -37.981266 -4.6815014 0
-158.50775 -37.95657 -4.6639638 0
-158.47888 -37.679871 -4.66607 0
-158.44937 -37.342274 -4.6736202 0
-158.45631 -37.098637 -4.6272516 0
-158.44951 -36.758057 -4.614737 0
-158.40344 -36.065624 -4.6377411 0
-158.38828 -35.564819 -4.6747355 0
-158.3744 -35.314617 -4.6083684 0
-158.36214 -34.74173 -4.6488304 0
-158.3376 -34.430332 -4.6259842 0
-158.32576 -33.923851 -4.6146722 0
-158.32355 -33.55405 -4.6034794 0
-158.33914 -33.491131 -4.6742425 0
-158.31578 -32.880989 -4.6143117 0
-158.27252 -31.814074 -4.6459174 0
-158.1862 -30.856112 -4.6520176 0
-158.21779 -30.459089 -4.6889329 0
-158.13811 -28.700249 -4.6662874 0
-158.13023 -28.590584 -4.6321883 0
-158.0929 -27.500481 -4.6409674 0
-158.08635 -27.14879 -4.6291823 0
-158.07088 -26.589735 -4.627924 0
-155.13649 -26.468031 -4.6818943 0
-154.10138 -26.447117 -4.637629 0
-154.98305 -26.263296 -4.6333513 0
-158.06741 -26.167555 -4.6308951 0
-158.07668 -25.983894 -4.6265535 0
-157.32373 -25.959797 -4.6264801 0
-153.9324 -25.835388 -4.6406951 0
-153.63344 -25.455444 -4.6413212 0
-156.62383 -25.048374 -4.6263738 0
-155.11401 -25.01618 -4.6406407 0
-154.40927 -25.015972 -4.6022415 0
-153.04771 -24.566164 -4.6413589 0
-151.20998 -23.977821 -4.6927209 0
-151.78845 -23.816174 -4.6210442 0
-150.6337 -23.083281 -4.690835 0
-170.58101 -49.933327 -4.5673423 0
-170.55931 -49.810638 -4.5751624 0
-179.07812 -49.687263 -4.5985551 0
-170.52687 -49.67345 -4.5118885 0
-179.06058 -49.399021 -4.5429339 0
-179.04225 -49.214832 -4.531117 0
-179.00592 -48.88324 -4.5588961 0
-179.0358 -48.740063 -4.5017681 0
-178.99821 -48.263184 -4.5267606 0
-179.01016 -48.177258 -4.5873909 0
-178.96652 -48.028427 -4.5267 0
-178.96521 -47.965137 -4.5163035 0
-178.99899 -47.800613 -4.576602 0
-178.97807 -47.158337 -4.553103 0
-156.15421 -46.823277 -4.5301533 0
-174.82164 -46.512375 -4.5917435 0
-174.82344 -46.47258 -4.5677896 0
-172.85129 -46.498714 -4.5511742 0
-161.29686 -43.752132 -4.5960555 0
-178.76775 -43.201969 -4.5682096 0
-178.78128 -42.97929 -4.5543766 0
-178.78606 -42.274937 -4.5602374 0
-178.70964 -42.132565 -4.5073414 0
-178.744 -41.055683 -4.5928922 0
-178.68542 -40.88866 -4.5637918 0
-169.05704 -39.368641 -4.5840974 0
-169.05695 -39.148441 -4.5760355 0
-160.59712 -38.505745 -4.5624838 0
-159.20511 -38.555618 -4.5625172 0
-158.57571 -38.552605 -4.5436783 0
-161.28149 -38.440346 -4.5565743 0
-161.17644 -38.446007 -4.5510139 0
-164.57518 -38.331917 -4.5219979 0
-179.17352 -38.237778 -4.597898 0
-166.61926 -38.274727 -4.5181007 0
-166.17618 -38.290779 -4.5017824 0
-166.01585 -38.292149 -4.5578446 0
-178.61703 -38.191536 -4.5265322 0
-178.59479 -38.160076 -4.5526052 0
-158.52103 -38.196102 -4.5054803 0
-178.60202 -38.091675 -4.5249367 0
-173.19437 -38.096603 -4.5356574 0
-172.90875 -38.024681 -4.5448351 0
-158.52513 -38.046337 -4.5780325 0
-178.59386 -37.983372 -4.5176935 0
-175.62059 -37.905693 -4.5626378 0
-178.5983 -37.869995 -4.5270543 0
-177.78674 -37.897308 -4.5842052 0
-158.52734 -37.813713 -4.5794563 0
-178.5658 -37.774208 -4.5088372 0
-178.42091 -37.760498 -4.5043588 0
-178.26222 -37.764336 -4.5011988 0
-158.54282 -37.743874 -4.5598912 0
-158.51831 -37.43259 -4.5280442 0
-158.48344 -37.239719 -4.5235229 0
-158.47542 -37.13493 -4.5233526 0
-158.44592 -36.582493 -4.548039 0
-158.40575 -36.131222 -4.5366812 0
-158.40242 -35.832951 -4.5878773 0
-158.41289 -35.792542 -4.5281782 0
-158.41809 -35.504375 -4.5239763 0
-158.43524 -35.199043 -4.5589142 0
-158.39621 -34.8358 -4.5554342 0
-158.36522 -34.383251 -4.5359726 0
-158.35544 -33.963696 -4.5290432 0
-158.35518 -33.894184 -4.582221 0
-158.33878 -33.293102 -4.5096188 0
-158.29039 -32.907066 -4.565022 0
-158.26889 -32.327003 -4.5547643 0
-158.25018 -32.047771 -4.5500097 0
-158.25049 -31.833456 -4.5215859 0
-158.21982 -30.969591 -4.5040498 0
-158.18587 -29.655437 -4.5458741 0
-158.134 -28.324587 -4.5013676 0
-154.58897 -24.686224 -4.5969434 0
-157.98718 -24.521503 -4.5821157 0
-154.2394 -24.42202 -4.5798993 0
-157.98526 -24.294901 -4.5836215 0
-153.8342 -23.492579 -4.5336437 0
-157.94276 -23.264885 -4.5682797 0
-151.54002 -22.496738 -4.5812535 0
-157.91429 -22.315538 -4.5188942 0
-157.2644 -21.468513 -4.5141191 0
-157.23076 -21.279894 -4.5074582 0
-157.1848 -21.151806 -4.504046 0
-170.54462 -49.802155 -4.4008946 0
-170.58354 -49.619141 -4.4976916 0
-179.09486 -48.848473 -4.4600372 0
-179.02464 -48.050507 -4.4591441 0
-179.0023 -47.55648 -4.4282732 0
-178.96083 -46.879696 -4.4751554 0
-156.03833 -46.811157 -4.4627528 0
-178.98694 -46.530949 -4.4268432 0
-155.13084 -45.726082 -4.4174576 0
-178.8709 -44.935596 -4.4674001 0
-178.84213 -44.441326 -4.4834304 0
-178.86813 -44.267334 -4.4441595 0
-161.26471 -43.765141 -4.4428587 0
-178.84421 -43.493919 -4.468379 0
-170.32381 -43.347507 -4.4323301 0
-170.2093 -43.067673 -4.452857 0
-178.78911 -42.804985 -4.4376488 0
-178.80385 -42.214073 -4.4997702 0
-178.83546 -41.772141 -4.4724574 0
-178.74438 -41.571007 -4.4902096 0
-178.77449 -41.043854 -4.4232211 0
-178.74197 -40.818096 -4.4604197 0
-178.68015 -40.439487 -4.4114151 0
-178.67174 -40.249344 -4.480485 0
-167.8325 -39.640442 -4.4704614 0
-167.4792 -39.525219 -4.4414821 0
-164.65988 -38.541702 -4.427176 0
-159.90323 -38.547295 -4.4838572 0
-159.83226 -38.528725 -4.4724503 0
-159.64493 -38.517269 -4.4920797 0
-159.57336 -38.562874 -4.4569626 0
-159.36838 -38.544777 -4.4690485 0
-159.25737 -38.513371 -4.4173827 0
-158.96846 -38.595734 -4.4297929 0
-162.95435 -38.408409 -4.4439392 0
-162.76094 -38.425575 -4.4331155 0
-162.58459 -38.411587 -4.4259644 0
-160.14072 -38.490051 -4.4749103 0
-160.00122 -38.486317 -4.4625568 0
-158.53474 -38.496166 -4.4459405 0
-164.66191 -38.374569 -4.4178047 0
-164.55908 -38.328396 -4.4087586 0
-164.46404 -38.334923 -4.4031839 0
-163.00351 -38.385933 -4.4274635 0
-158.53406 -38.392624 -4.4709635 0
-166.10434 -38.258465 -4.4909921 0
-166.01759 -38.269493 -4.4851494 0
-165.93962 -38.294033 -4.4022069 0
-172.25909 -38.124237 -4.4942818 0
-171.35609 -38.143951 -4.459682 0
-170.64833 -38.163158 -4.432003 0
-169.57231 -38.169338 -4.4829926 0
-174.64522 -38.020935 -4.4624376 0
-171.89528 -38.045959 -4.4088945 0
-174.04985 -37.981812 -4.4984512 0
-158.5117 -37.90477 -4.4634042 0
-176.24321 -37.849033 -4.4519615 0
-178.09564 -37.781826 -4.4990344 0
-158.51151 -37.614506 -4.4260674 0
-158.39162 -36.871315 -4.4548454 0
-158.45656 -36.599449 -4.4978657 0
-158.37181 -35.897694 -4.4113069 0
-158.41832 -35.38517 -4.4751992 0
-158.38892 -34.724442 -4.4513559 0
-158.38258 -34.661926 -4.4196014 0
-158.38823 -34.251148 -4.4566088 0
-158.36272 -33.856354 -4.4770637 0
-158.3311 -32.933216 -4.4333081 0
-158.30539 -32.768742 -4.4943671 0
-158.3342 -32.588993 -4.4716592 0
-158.30521 -32.488628 -4.4655943 0
-158.31581 -32.376511 -4.4244871 0
-158.28152 -32.363087 -4.4631495 0
-158.31375 -32.205978 -4.460609 0
-158.27898 -32.136169 -4.4268041 0
-158.25624 -31.833994 -4.4667735 0
-158.21748 -31.358612 -4.4593191 0
-158.24101 -31.015219 -4.4398704 0
-158.26265 -30.965076 -4.4012341 0
-158.1911 -30.532719 -4.4682961 0
-158.22031 -30.358925 -4.4320769 0
-158.18781 -30.382452 -4.422153 0
-158.24124 -30.029448 -4.415134 0
-158.18234 -29.96166 -4.4640636 0
-158.20753 -29.57011 -4.4312754 0
-158.20642 -29.399576 -4.4000316 0
-158.13817 -28.908718 -4.4260707 0
-158.10422 -26.773235 -4.404315 0
-158.0923 -26.382551 -4.4384627 0
-158.03581 -25.499815 -4.4075665 0
-153.59431 -21.57732 -4.4780941 0
-156.10023 -19.554911 -4.437171 0
-155.90723 -19.168175 -4.4254665 0
-150.73956 -18.913378 -4.4664645 0
-157.08371 -18.737162 -4.4628153 0
-170.56047 -49.939388 -4.3515801 0
-170.54503 -49.504311 -4.3949251 0
-170.52773 -49.467407 -4.3656502 0
-178.97543 -46.962646 -4.3912182 0
-172.93939 -46.617619 -4.3106012 0
-175.00349 -46.545662 -4.3633451 0
-174.84125 -46.52306 -4.3620076 0
-174.52942 -46.577507 -4.3544588 0
-174.70703 -46.471931 -4.3512707 0
-178.87727 -45.002224 -4.3883233 0
-178.88417 -44.896576 -4.3828979 0
-178.85619 -44.467968 -4.3658423 0
-178.8186 -44.370728 -4.360806 0
-178.81554 -44.265842 -4.3554163 0
-178.80672 -44.151382 -4.3495283 0
-178.84039 -44.054539 -4.3523998 0
-170.27992 -43.6134 -4.3390203 0
-170.29102 -43.311871 -4.3359756 0
-178.77684 -43.046867 -4.3028698 0
-178.81386 -41.251392 -4.3160853 0
-178.71637 -41.033604 -4.315526 0
-168.00906 -39.668221 -4.3797808 0
-167.8869 -39.65472 -4.3498592 0
-159.13489 -38.611046 -4.3971057 0
-158.52927 -38.663795 -4.3277016 0
-162.78017 -38.403343 -4.3017006 0
-161.95406 -38.454258 -4.3962851 0
-160.34247 -38.497227 -4.3046069 0
-160.15228 -38.494423 -4.3013229 0
-179.84612 -38.326698 -4.3335447 0
-165.53513 -38.311638 -4.3047929 0
-165.11897 -38.318428 -4.3797445 0
-165.03693 -38.327618 -4.3689718 0
-164.95412 -38.325779 -4.3565693 0
-164.37936 -38.331844 -4.3977089 0
-164.28389 -38.348343 -4.3926635 0
-163.92964 -38.350422 -4.3706179 0
-179.65187 -38.220528 -4.3184595 0
-179.34023 -38.243668 -4.3024063 0
-168.07307 -38.225166 -4.3978257 0
-167.59654 -38.24662 -4.3739519 0
-172.2449 -38.110119 -4.3695464 0
-170.05313 -38.130295 -4.3039312 0
-169.84718 -38.16415 -4.3878589 0
-173.7867 -38.015392 -4.3925638 0
-172.77669 -38.05687 -4.3482785 0
-171.347 -38.058807 -4.3394184 0
-174.62404 -37.932243 -4.3050256 0
-173.45781 -37.99733 -4.3045468 0
-172.74936 -37.99939 -4.3666124 0
-158.54953 -37.093597 -4.34514 0
-158.45641 -36.60944 -4.3981676 0
-158.43224 -36.259834 -4.3862419 0
-158.34457 -33.740425 -4.38656 0
-158.28952 -33.599438 -4.3114495 0
-158.32854 -33.090855 -4.3079028 0
-158.30624 -32.870686 -4.3533263 0
-158.28653 -31.949141 -4.3415928 0
-158.27599 -31.874624 -4.3202929 0
-158.23537 -30.268295 -4.3745975 0
-158.15404 -29.386147 -4.3835688 0
-158.19197 -29.157841 -4.3427033 0
-158.17271 -28.991934 -4.3830686 0
-158.17905 -28.661079 -4.3547659 0
-158.12897 -28.384447 -4.3915071 0
-158.12846 -28.209454 -4.36057 0
-158.15141 -28.135841 -4.3826947 0
-158.13367 -27.777227 -4.3553338 0
-158.09607 -27.716009 -4.3512683 0
-158.09755 -27.122158 -4.3681326 0
-158.10381 -27.040236 -4.328156 0
-158.06427 -26.956285 -4.3682795 0
-158.07272 -26.85006 -4.3347888 0
-158.11632 -26.798306 -4.3420157 0
-158.07736 -26.729794 -4.3411031 0
-158.09584 -26.490269 -4.3168454 0
-158.05359 -26.202639 -4.3068981 0
-158.06279 -26.170212 -4.3527246 0
-158.03754 -25.788973 -4.3065734 0
-158.02594 -25.408653 -4.3382807 0
-158.01512 -25.065529 -4.309299 0
-157.96983 -24.021324 -4.3575468 0
-157.96643 -23.457148 -4.3722453 0
-154.23491 -20.243977 -4.3739133 0
-153.91628 -19.627892 -4.3512154 0
-157.79973 -19.430361 -4.340796 0
-153.59641 -18.986586 -4.3320751 0
-157.70921 -17.058561 -4.325243 0
-157.61009 -14.441514 -4.3078284 0
-161.56012 -49.88306 -4.2128286 0
-161.62366 -49.759735 -4.253952 0
-161.54053 -49.606533 -4.2204328 0
-179.08131 -49.524353 -4.2901902 0
-179.08066 -49.417416 -4.2832088 0
-179.07605 -49.316338 -4.2765112 0
-179.04742 -49.008533 -4.2665029 0
-179.03954 -48.644829 -4.2514758 0
-179.01292 -48.400089 -4.2438169 0
-179.02531 -47.687023 -4.2695661 0
-178.98929 -47.151817 -4.2415876 0
-178.99213 -46.878956 -4.2194138 0
-156.06734 -46.85424 -4.22932 0
-155.18561 -45.520618 -4.253171 0
-155.20865 -45.448921 -4.2702603 0
-155.18369 -45.449856 -4.2656794 0
-155.20358 -45.399769 -4.2246876 0
-161.36501 -44.088188 -4.2106457 0
-170.30301 -43.660957 -4.2802248 0
-161.38834 -43.625263 -4.2624536 0
-161.28741 -43.607311 -4.2284021 0
-170.33501 -43.44912 -4.2291584 0
-162.35034 -40.642731 -4.2257295 0
-161.32018 -38.541595 -4.2504082 0
-161.14037 -38.553844 -4.2397604 0
-159.93349 -38.514374 -4.2852635 0
-159.78767 -38.504074 -4.2025781 0
-158.58156 -38.581787 -4.2922535 0
-162.75133 -38.417732 -4.2803283 0
-162.61021 -38.412117 -4.2915564 0
-161.15411 -38.444893 -4.2974911 0
-160.69675 -38.458092 -4.2653317 0
-160.29308 -38.482803 -4.285934 0
-167.40315 -38.328854 -4.2403994 0
-166.95877 -38.347927 -4.2147937 0
-166.71416 -38.341946 -4.2022867 0
-166.60501 -38.349716 -4.2702465 0
-165.84447 -38.367973 -4.2343183 0
-163.30028 -38.377361 -4.2965002 0
-179.05556 -38.239845 -4.2540469 0
-178.99954 -38.26096 -4.292232 0
-178.69489 -38.259857 -4.2782326 0
-168.33582 -38.251171 -4.2116284 0
-168.08711 -38.202003 -4.2694836 0
-167.63367 -38.231239 -4.2434211 0
-167.17772 -38.271416 -4.2181687 0
-166.94167 -38.24614 -4.2032351 0
-166.42416 -38.255093 -4.2356954 0
-165.5148 -38.295891 -4.2173858 0
-170.25432 -38.118591 -4.293016 0
-169.05849 -38.168823 -4.2910905 0
-178.62256 -38.077728 -4.2634721 0
-173.03069 -38.000759 -4.2849159 0
-171.7489 -38.069336 -4.2032628 0
-173.24107 -37.997494 -4.2944932 0
-178.59663 -37.867603 -4.2449899 0
-178.39546 -37.856255 -4.2166514 0
-158.5311 -37.874615 -4.2638311 0
-158.47966 -37.315376 -4.2348118 0
-158.40721 -35.103745 -4.2303581 0
-158.49504 -35.044376 -4.2664957 0
-158.37547 -34.516361 -4.2056704 0
-158.28061 -32.174805 -4.2806468 0
-158.24419 -31.349623 -4.2576294 0
-158.22237 -30.9328 -4.2458062 0
-158.23019 -30.853931 -4.2846603 0
-158.22119 -30.679714 -4.2463121 0
-158.19449 -30.347588 -4.2281704 0
-158.19745 -30.223825 -4.2596664 0
-158.18631 -29.588312 -4.2227259 0
-158.12283 -28.407991 -4.250361 0
-158.10693 -26.804756 -4.2753654 0
-157.99988 -25.402634 -4.2608957 0
-158.01447 -25.229191 -4.2414169 0
-157.93408 -24.080591 -4.2063646 0
-157.96826 -23.836128 -4.2397761 0
-157.96532 -23.684164 -4.2834244 0
-157.90875 -22.667704 -4.261035 0
-157.83707 -21.646793 -4.2382727 0
-157.91765 -21.585613 -4.2250605 0
-157.8728 -20.971218 -4.2244487 0
-157.82169 -19.6113 -4.238585 0
-157.79509 -19.426794 -4.2450752 0
-153.72592 -18.495764 -4.2659292 0
-157.67798 -16.826771 -4.2038302 0
-152.04955 -16.175848 -4.2308378 0
-165.52014 -49.96315 -4.1915779 0
-164.45839 -49.961025 -4.1931477 0
-179.08653 -49.699455 -4.1433854 0
-161.58524 -49.608414 -4.1424279 0
-161.5688 -49.566116 -4.191083 0
-179.02701 -47.954391 -4.1865487 0
-178.97295 -47.182274 -4.1996193 0
-161.36865 -44.163513 -4.1235647 0
-161.36049 -44.014923 -4.1369724 0
-161.28761 -43.818699 -4.1252246 0
-166.4532 -43.634525 -4.1154218 0
-166.20613 -43.674366 -4.1234384 0
-161.34105 -43.603409 -4.1793275 0
-168.62514 -43.51495 -4.1077986 0
-168.15337 -43.543888 -4.1041322 0
-167.86342 -43.576733 -4.1776781 0
-167.33813 -43.55262 -4.1567755 0
-169.54138 -43.439953 -4.1774325 0
-168.94669 -43.493397 -4.1752195 0
-178.80809 -43.26997 -4.1620007 0
-170.27635 -43.184258 -4.1896052 0
-162.1852 -40.511806 -4.1981454 0
-159.13382 -38.621578 -4.1375704 0
-159.85284 -38.510693 -4.1246176 0
-159.62863 -38.51033 -4.1914763 0
-159.46609 -38.521374 -4.1512003 0
-158.55894 -38.585464 -4.1049328 0
-163.07819 -38.475548 -4.1234684 0
-162.88962 -38.424629 -4.1188035 0
-162.73909 -38.432091 -4.107801 0
-162.64278 -38.403172 -4.1681237 0
-162.58322 -38.429291 -4.1008053 0
-162.38354 -38.401817 -4.1605906 0
-162.11597 -38.417004 -4.1336136 0
-161.68983 -38.434525 -4.1496487 0
-161.35144 -38.463375 -4.1777458 0
-161.18394 -38.469585 -4.1419959 0
-160.68704 -38.485706 -4.1379881 0
-160.196 -38.49823 -4.1286635 0
-159.81667 -38.487442 -4.1216521 0
-166.33838 -38.336105 -4.1329803 0
-166.28735 -38.36483 -4.1779552 0
-164.63977 -38.343601 -4.1993022 0
-158.53751 -38.298824 -4.1010714 0
-171.77052 -38.108124 -4.1752481 0
-171.57158 -38.102634 -4.1449957 0
-171.41626 -38.105194 -4.1439409 0
-170.80992 -38.160965 -4.1219125 0
-169.98271 -38.168983 -4.1113362 0
-169.67873 -38.124744 -4.1188192 0
-172.465 -38.031597 -4.1823406 0
-171.8678 -38.061195 -4.1954584 0
-171.75089 -38.081158 -4.1613073 0
-176.84767 -37.894722 -4.1499949 0
-175.81435 -37.885223 -4.1111131 0
-158.49329 -36.815598 -4.185926 0
-158.4624 -36.534412 -4.1952949 0
-158.4473 -36.040268 -4.1398873 0
-158.39465 -36.048374 -4.1239781 0
-158.44365 -35.9711 -4.1699138 0
-158.4173 -35.75034 -4.1358204 0
-158.395 -35.464725 -4.1032968 0
-158.39789 -34.973148 -4.1154084 0
-158.33521 -33.463821 -4.1624885 0
-158.39909 -32.226521 -4.1569319 0
-158.28313 -32.124134 -4.1102653 0
-158.15981 -30.555204 -4.1751781 0
-158.17456 -30.231907 -4.1667352 0
-158.17078 -29.931211 -4.1537499 0
-158.10577 -29.042416 -4.1130857 0
-158.15927 -28.805799 -4.1897068 0
-158.10948 -27.616863 -4.1699042 0
-158.04147 -26.257843 -4.1959758 0
-158.03754 -25.800854 -4.1067443 0
-157.98477 -24.088099 -4.1688204 0
-157.97453 -23.878725 -4.1371794 0
-157.94635 -23.71077 -4.1341996 0
-157.93657 -23.533474 -4.1313262 0
-157.94585 -23.43301 -4.1616831 0
-157.95885 -23.320763 -4.1486492 0
-157.79169 -19.100563 -4.1934319 0
-157.80655 -18.985743 -4.1879187 0
-157.76491 -18.813053 -4.1106992 0
-179.03563 -49.465668 -4.0645232 0
-161.60947 -49.372093 -4.0262594 0
-179.00987 -48.996624 -4.0377574 0
-178.91341 -46.410538 -4.0767817 0
-155.18916 -45.312016 -4.036356 0
-170.34399 -44.263348 -4.0904918 0
-170.35149 -44.17588 -4.09306 0
-163.3476 -43.802738 -4.0490088 0
-164.67947 -43.727612 -4.0830431 0
-163.89743 -43.705059 -4.0435696 0
-163.54567 -43.720673 -4.0259457 0
-163.33716 -43.743259 -4.0385261 0
-162.93294 -43.745636 -4.0123744 0
-162.68933 -43.760044 -4.0018368 0
-161.41386 -43.772057 -4.0860248 0
-166.31477 -43.60907 -4.0660539 0
-165.15379 -43.646477 -4.0601463 0
-164.91324 -43.667389 -4.069046 0
-164.51326 -43.688263 -4.0572701 0
-164.25813 -43.683331 -4.0212955 0
-163.16505 -43.685547 -4.012661 0
-167.82562 -43.513916 -4.0624256 0
-165.38608 -43.582397 -4.0870543 0
-162.29034 -43.561565 -4.0002851 0
-161.83815 -43.526802 -4.0105553 0
-170.15871 -43.421257 -4.0399704 0
-169.12996 -43.494297 -4.0926828 0
-162.35318 -40.535374 -4.0164084 0
-162.35008 -40.407829 -4.07341 0
-162.2999 -40.381252 -4.0675392 0
-161.49706 -38.542099 -4.0588489 0
-160.2417 -38.517269 -4.001739 0
-163.39984 -38.480518 -4.0130239 0
-162.86501 -38.437004 -4.0013161 0
-162.65056 -38.401814 -4.0023475 0
-162.41982 -38.442909 -4.0479975 0
-162.26691 -38.439156 -4.0827756 0
-162.11304 -38.457561 -4.0385666 0
-161.96448 -38.449615 -4.0329647 0
-161.80495 -38.461098 -4.0593042 0
-161.65407 -38.458271 -4.0525074 0
-161.52437 -38.472557 -4.0014687 0
-161.4987 -38.475868 -4.042057 0
-161.36259 -38.457844 -4.034729 0
-161.23331 -38.492512 -4.0003777 0
-161.19218 -38.485313 -4.0294056 0
-161.04659 -38.487808 -4.0182152 0
-160.86188 -38.499741 -4.0105352 0
-160.7502 -38.492527 -4.0006027 0
-163.679 -38.387127 -4.0708022 0
-163.26073 -38.371967 -4.0349007 0
-162.95831 -38.386288 -4.0060058 0
-166.26974 -38.286209 -4.0010571 0
-158.5732 -38.236183 -4.0861244 0
-178.96674 -38.190659 -4.0657897 0
-170.71736 -38.161961 -4.0190125 0
-170.30513 -38.13118 -4.093431 0
-169.86725 -38.153835 -4.0679016 0
-169.03001 -38.167313 -4.0228691 0
-168.93541 -38.183582 -4.0840731 0
-171.47935 -38.084641 -4.023417 0
-178.59149 -37.924431 -4.0298123 0
-158.50243 -37.491932 -4.0525093 0
-158.50584 -37.340111 -4.0696473 0
-158.4756 -37.254246 -4.0712767 0
-158.42943 -37.088486 -4.0570755 0
-158.43398 -36.968342 -4.0502062 0
-158.46162 -36.819946 -4.0112553 0
-158.46516 -36.585762 -4.0597019 0
-158.43387 -35.251678 -4.0938482 0
-158.38506 -35.171818 -4.090014 0
-158.32167 -34.03389 -4.0384164 0
-158.32704 -33.714508 -4.0291867 0
-158.37686 -33.327671 -4.0083036 0
-158.26108 -31.389715 -4.0840898 0
-158.30078 -29.253885 -4.0415616 0
-158.26468 -28.241089 -4.0021563 0
-158.04044 -27.634506 -4.051651 0
-157.96826 -24.119993 -4.0490918 0
-157.95619 -23.731472 -4.0715361 0
-157.91153 -22.577635 -4.0310278 0
-157.86919 -21.44776 -4.0340414 0
-157.84081 -20.566963 -4.0133667 0
-157.80177 -19.890745 -4.038588 0
-157.80263 -18.769411 -4.0444975 0
-157.72264 -17.172968 -4.0672069 0
-157.6371 -14.90837 -4.0117245 0
-153.87743 -14.585371 -4.07761 0
-153.57552 -13.791312 -4.063755 0
-154.7955 -12.851337 -4.0781379 0
-153.66832 -12.196923 -4.045064 0
-153.24376 -11.545993 -4.0285459 0
-161.50728 -49.259861 -3.9468567 0
-179.03333 -48.13213 -3.971101 0
-179.01425 -48.032413 -3.9699538 0
-178.99651 -47.910633 -3.9793346 0
-179.01366 -47.671059 -3.9350767 0
-179.03548 -47.476734 -3.9181671 0
-178.94028 -46.770878 -3.9743168 0
-178.96001 -46.693676 -3.9564052 0
-165.70236 -44.841927 -3.9250813 0
-170.3696 -44.671913 -3.9261131 0
-161.45291 -44.64677 -3.9480603 0
-161.42711 -44.559814 -3.9449983 0
-161.39975 -44.504841 -3.9406278 0
-165.22874 -44.393238 -3.9026401 0
-161.87715 -43.80994 -3.9942236 0
-161.68599 -43.802948 -3.9073832 0
-166.20224 -43.730782 -3.9446275 0
-162.92284 -43.736828 -3.9495511 0
-161.91759 -43.759483 -3.9721944 0
-161.34526 -43.705673 -3.9951899 0
-161.29282 -43.794296 -3.9692755 0
-165.12563 -43.646141 -3.9110715 0
-164.99036 -43.640965 -3.995003 0
-164.2695 -43.6992 -3.9893751 0
-164.18701 -43.674908 -3.9777398 0
-163.05969 -43.683609 -3.9597659 0
-162.6642 -43.695518 -3.9677262 0
-161.36633 -43.650375 -3.9455476 0
-167.0921 -43.524837 -3.9669204 0
-166.64073 -43.5453 -3.9492223 0
-165.76285 -43.576069 -3.9140627 0
-161.35011 -43.568169 -3.971761 0
-169.22267 -43.450455 -3.9589872 0
-169.08798 -43.43671 -3.9203453 0
-168.94954 -43.450249 -3.9482951 0
-168.79318 -43.450146 -3.9135959 0
-168.64308 -43.451996 -3.9098513 0
-168.50317 -43.45837 -3.9066556 0
-168.39569 -43.497742 -3.9536774 0
-161.29903 -43.458466 -3.9770718 0
-178.7804 -41.10635 -3.9732313 0
-178.71883 -40.87212 -3.9642949 0
-178.69614 -40.726017 -3.9593761 0
-178.71344 -40.524147 -3.9935675 0
-160.59953 -38.504726 -3.9949505 0
-160.15265 -38.531708 -3.9724472 0
-159.93248 -38.564411 -3.988898 0
-159.87381 -38.552834 -3.9596205 0
-159.46027 -38.549507 -3.9006221 0
-163.31812 -38.416531 -3.9296327 0
-163.00917 -38.435024 -3.9997945 0
-162.70961 -38.4389 -3.9979515 0
-162.56729 -38.470318 -3.9798591 0
-162.34784 -38.415943 -3.9939129 0
-162.26791 -38.451588 -3.9979634 0
-161.81035 -38.472843 -3.9985905 0
-161.72966 -38.478951 -3.918375 0
-161.67531 -38.46846 -3.9997404 0
-161.37747 -38.490429 -3.9988101 0
-161.18835 -38.483208 -3.9303813 0
-164.41937 -38.356812 -3.905762 0
-168.58278 -38.16399 -3.9950709 0
-158.44301 -36.541245 -3.9940193 0
-158.42424 -36.257557 -3.9764941 0
-158.44307 -35.902561 -3.9576156 0
-158.42001 -35.383316 -3.9548659 0
-158.36723 -34.82811 -3.910399 0
-158.33958 -34.261017 -3.9410038 0
-158.34061 -33.647213 -3.9783151 0
-158.35088 -33.482861 -3.9875965 0
-158.29193 -32.779945 -3.9910982 0
-158.37416 -32.598198 -3.9393954 0
-158.27435 -31.241282 -3.9260943 0
-158.27339 -30.920465 -3.9766309 0
-158.22832 -28.882601 -3.9518776 0
-158.16969 -28.177519 -3.939328 0
-158.10292 -27.627943 -3.9335849 0
-158.08298 -25.826456 -3.9101505 0
-157.97176 -25.607796 -3.9683998 0
-157.90756 -22.609451 -3.9949148 0
-157.83041 -20.298031 -3.9182262 0
-157.81493 -19.640745 -3.9948521 0
-157.73444 -17.99552 -3.9605429 0
-157.64644 -15.393236 -3.9060378 0
-169.61496 -49.910862 -3.865628 0
-168.93661 -49.94714 -3.8027925 0
-170.43387 -49.879322 -3.8816488 0
-179.02385 -49.641682 -3.8088017 0
-179.05542 -49.218979 -3.8712032 0
-179.03665 -49.128521 -3.8660955 0
-161.54266 -48.870117 -3.8045754 0
-161.49765 -48.860977 -3.8693593 0
-161.60608 -48.733356 -3.805701 0
-179.01874 -47.542809 -3.8401873 0
-178.94264 -46.892441 -3.8895934 0
-178.99347 -46.339912 -3.8321571 0
-161.43498 -44.796364 -3.8213763 0
-161.43053 -44.627403 -3.8806059 0
-165.3564 -44.552025 -3.8881907 0
-165.37585 -44.495594 -3.8886845 0
-165.23799 -44.242821 -3.8999131 0
-165.34088 -44.167316 -3.8682277 0
-163.16817 -43.708256 -3.849112 0
-162.96294 -43.701469 -3.8034859 0
-165.72041 -43.621689 -3.8242044 0
-165.2552 -43.640774 -3.8015976 0
-164.25671 -43.673733 -3.8841097 0
-163.70261 -43.694046 -3.8659947 0
-163.65858 -43.660046 -3.89095 0
-163.58749 -43.668068 -3.8986781 0
-165.65935 -43.573025 -3.8409419 0
-165.14467 -43.596493 -3.8292544 0
-161.3432 -43.501232 -3.892971 0
-162.29425 -40.517254 -3.8388762 0
-162.34341 -40.498901 -3.8130059 0
-159.10864 -38.603729 -3.8903482 0
-158.90524 -38.608757 -3.8623977 0
-161.6685 -38.507591 -3.8046672 0
-160.67628 -38.564648 -3.8481421 0
-160.4137 -38.564072 -3.8901045 0
-160.31966 -38.575974 -3.8281808 0
-160.18959 -38.542034 -3.8841949 0
-159.27144 -38.578815 -3.8686013 0
-163.90538 -38.415127 -3.8352506 0
-163.65868 -38.423939 -3.8304088 0
-162.69888 -38.468075 -3.8176174 0
-161.91873 -38.457172 -3.8647919 0
-161.73378 -38.478172 -3.8585095 0
-160.48743 -38.493454 -3.8517098 0
-167.16422 -38.376911 -3.8977997 0
-166.06725 -38.367546 -3.8728716 0
-165.53151 -38.35136 -3.8154678 0
-165.34187 -38.325287 -3.8307171 0
-165.27657 -38.336517 -3.831953 0
-165.09918 -38.323704 -3.887095 0
-166.96281 -38.263958 -3.8710649 0
-166.23843 -38.2827 -3.8620899 0
-166.10156 -38.291904 -3.8555427 0
-176.08151 -37.907387 -3.8892725 0
-158.46014 -37.528679 -3.8135138 0
-158.45827 -37.410839 -3.8365355 0
-158.53557 -37.395233 -3.8774443 0
-158.46121 -36.723484 -3.8851089 0
-158.3871 -34.612778 -3.8071375 0
-158.38739 -34.596313 -3.8107324 0
-158.33728 -33.797684 -3.8816216 0
-158.37679 -33.397305 -3.8622317 0
-158.31406 -32.680069 -3.853652 0
-158.28252 -32.472473 -3.8710403 0
-158.25621 -31.89839 -3.8471825 0
-158.2471 -31.601467 -3.8280547 0
-158.22289 -30.839432 -3.8050997 0
-158.25548 -30.553869 -3.8172672 0
-158.22626 -30.212442 -3.8867252 0
-158.20894 -30.02874 -3.8648567 0
-158.18594 -28.908899 -3.8125615 0
-158.14256 -28.243853 -3.8391864 0
-157.99326 -24.757658 -3.8235686 0
-157.99356 -23.775757 -3.8899734 0
-157.97166 -23.127945 -3.8798506 0
-157.84264 -19.796722 -3.8451691 0
-157.84506 -18.568502 -3.8379352 0
-157.75964 -17.385569 -3.8231564 0
-157.71094 -16.174562 -3.8120048 0
-157.5986 -14.349342 -3.8356221 0
-160.22708 -1.4365678 -3.8191049 0
-162.1456 -1.3238474 -3.8998127 0
-161.99532 -1.3386465 -3.8920124 0
-179.04871 -49.571186 -3.7826157 0
-165.48412 -49.264111 -3.7287037 0
-169.1852 -48.846874 -3.7461712 0
-179.05551 -48.65453 -3.758409 0
-161.60597 -48.639565 -3.7159657 0
-161.61697 -48.559673 -3.7115242 0
-161.55209 -48.538609 -3.7098324 0
-179.01953 -47.074841 -3.7525072 0
-178.98514 -46.800663 -3.7863712 0
-161.40396 -45.223 -3.72346 0
-165.74045 -44.909019 -3.7068284 0
-165.57054 -44.831429 -3.7235141 0
-169.45261 -44.794476 -3.7560234 0
-165.3763 -44.700867 -3.7361166 0
-161.75835 -44.742947 -3.712394 0
-162.43689 -44.697544 -3.7094285 0
-162.38391 -44.396454 -3.7048547 0
-162.41014 -44.230072 -3.7033894 0
-164.43225 -43.817841 -3.7382917 0
-161.4418 -43.80479 -3.7662907 0
-165.41286 -43.705673 -3.758395 0
-165.20981 -43.727699 -3.7647803 0
-163.45627 -43.74279 -3.7094023 0
-163.37617 -43.745804 -3.7047365 0
-163.29568 -43.753845 -3.7050259 0
-163.13779 -43.730423 -3.7689862 0
-163.00661 -43.709 -3.7817202 0
-162.60066 -43.702518 -3.7711158 0
-162.59645 -43.716232 -3.7888241 0
-162.37001 -43.738297 -3.7601657 0
-162.16556 -43.717319 -3.7611749 0
-161.75024 -43.787376 -3.7410345 0
-165.40442 -43.604511 -3.7588956 0
-164.72882 -43.655041 -3.7754529 0
-161.36113 -43.649033 -3.7369742 0
-168.8568 -43.509743 -3.7010345 0
-161.38202 -43.448166 -3.7256243 0
-161.29639 -43.437077 -3.7228258 0
-158.78648 -38.754101 -3.7057383 0
-161.05229 -38.516182 -3.7377257 0
-160.58253 -38.512455 -3.7364359 0
-160.4819 -38.526215 -3.702018 0
-160.32602 -38.539249 -3.7178936 0
-160.28966 -38.552822 -3.739449 0
-160.0432 -38.542881 -3.7805722 0
-159.92096 -38.565289 -3.7109673 0
-159.73125 -38.562351 -3.7727296 0
-159.41205 -38.586998 -3.768997 0
-163.7756 -38.436546 -3.7631025 0
-163.24516 -38.432098 -3.786082 0
-162.95265 -38.442162 -3.7372088 0
-162.24034 -38.469158 -3.7907457 0
-161.89597 -38.458622 -3.7253177 0
-161.6716 -38.462063 -3.7841463 0
-161.51114 -38.488228 -3.7184196 0
-161.2659 -38.474312 -3.7065096 0
-161.12701 -38.479347 -3.7598226 0
-164.60512 -38.348286 -3.7777684 0
-164.52861 -38.341385 -3.7525859 0
-163.48018 -38.392349 -3.7190869 0
-158.50638 -38.160721 -3.7430613 0
-158.50327 -37.988354 -3.7762694 0
-158.54919 -37.886017 -3.7757211 0
-158.48503 -37.621044 -3.7263796 0
-158.44374 -37.08289 -3.7097912 0
-158.44032 -36.972988 -3.7043638 0
-158.41562 -36.512783 -3.7607145 0
-158.44423 -35.67313 -3.7074816 0
-158.40529 -35.528286 -3.7018514 0
-158.47955 -35.457718 -3.7919414 0
-158.40242 -35.21109 -3.7392902 0
-158.44308 -34.915443 -3.7701557 0
-158.37306 -34.434128 -3.7048068 0
-158.42154 -34.328461 -3.7430797 0
-158.36121 -33.801258 -3.7639616 0
-158.3911 -33.761986 -3.7160099 0
-158.34814 -33.502445 -3.7647886 0
-158.34476 -32.727573 -3.7696304 0
-158.20155 -30.387175 -3.7957809 0
-158.16959 -29.781395 -3.7626731 0
-158.17328 -29.641153 -3.7756093 0
-158.17589 -29.590931 -3.7567995 0
-158.15491 -29.461685 -3.7538471 0
-158.16179 -29.281488 -3.7435946 0
-157.94159 -23.354166 -3.7713509 0
-157.62405 -14.825922 -3.7319455 0
-157.29253 -1.8848066 -3.7098768 0
-160.50444 -1.2524548 -3.7065635 0
-179.0558 -49.976814 -3.6644833 0
-169.0712 -49.961914 -3.6798224 0
-179.05399 -49.800434 -3.6717052 0
-166.00339 -49.801399 -3.6189742 0
-170.45561 -49.76667 -3.6897659 0
-165.8712 -49.788555 -3.6159847 0
-165.71147 -49.626774 -3.6419382 0
-165.62418 -49.612705 -3.665323 0
-165.60579 -49.586681 -3.6085451 0
-169.21318 -49.419956 -3.6970165 0
-162.24789 -49.394905 -3.6441841 0
-179.09323 -49.2658 -3.6181853 0
-165.49286 -49.146851 -3.6661444 0
-161.53522 -48.667046 -3.6873224 0
-179.0433 -47.666748 -3.6931159 0
-161.44626 -45.227345 -3.6590805 0
-161.39607 -45.205078 -3.6546803 0
-165.99399 -45.004902 -3.6465087 0
-165.61719 -44.857735 -3.6244845 0
-165.487 -44.789162 -3.6429963 0
-162.30095 -44.777691 -3.6070893 0
-161.69347 -44.630867 -3.6109898 0
-165.31616 -44.355179 -3.6290021 0
-162.39624 -44.312557 -3.6990223 0
-168.94002 -44.146904 -3.6868896 0
-162.45621 -44.104794 -3.6641936 0
-162.29024 -44.189381 -3.6041763 0
-161.55731 -43.837982 -3.6576493 0
-164.36543 -43.753887 -3.6818805 0
-163.77336 -43.736084 -3.6764657 0
-162.34937 -43.750549 -3.6702669 0
-162.07851 -43.732754 -3.6450975 0
-165.43977 -43.680691 -3.6863742 0
-162.72299 -43.603848 -3.6149809 0
-162.17647 -43.559605 -3.6095612 0
-169.13719 -43.391705 -3.659637 0
-168.86702 -43.317665 -3.6416512 0
-168.68689 -43.314159 -3.6431386 0
-168.42903 -43.373985 -3.6378064 0
-168.2877 -43.329689 -3.6299295 0
-158.53142 -38.801109 -3.6700954 0
-158.63373 -38.691807 -3.6987734 0
-164.83344 -38.533962 -3.6648581 0
-161.28523 -38.525208 -3.6862805 0
-159.70898 -38.568794 -3.6613953 0
-159.57106 -38.539066 -3.6544487 0
-159.41876 -38.546211 -3.6842515 0
-159.07195 -38.583397 -3.6395845 0
-158.51833 -38.595249 -3.6218364 0
-162.72905 -38.426849 -3.6768982 0
-162.31613 -38.443047 -3.6530521 0
-162.15724 -38.454391 -3.6422594 0
-161.86324 -38.424316 -3.6393173 0
-161.75894 -38.459988 -3.6188831 0
-161.59488 -38.476192 -3.6130121 0
-158.54056 -38.349731 -3.6317222 0
-158.64262 -38.07066 -3.6902862 0
-158.54715 -37.88699 -3.6619048 0
-158.4592 -37.436867 -3.623661 0
-158.46523 -37.367901 -3.6255779 0
-158.46344 -37.062908 -3.6260989 0
-158.49731 -36.771523 -3.6127722 0
-158.42516 -36.382759 -3.6852167 0
-158.40643 -35.363651 -3.6971586 0
-158.45726 -35.101112 -3.6526353 0
-158.3391 -34.57 -3.6662507 0
-158.38293 -33.144241 -3.6889338 0
-158.30733 -32.836792 -3.6242938 0
-158.33977 -31.931198 -3.6338058 0
-158.03438 -26.160538 -3.6253715 0
-158.04434 -25.939928 -3.6178827 0
-158.06541 -25.817469 -3.6610699 0
-157.82811 -20.178064 -3.6457474 0
-157.80086 -19.283268 -3.6253772 0
-158.70953 -1.6749774 -3.6690984 0
-158.66072 -1.4302599 -3.6043372 0
-159.75081 -1.2478392 -3.688288 0
-159.92432 -1.027795 -3.6369705 0
-162.5489 -49.953354 -3.5850325 0
-165.65468 -49.822781 -3.5192015 0
-163.06853 -49.873287 -3.5405517 0
-163.06276 -49.79863 -3.5367327 0
-162.39413 -49.741947 -3.5934219 0
-162.14047 -49.617157 -3.5191462 0
-165.60683 -49.548729 -3.5263824 0
-165.58702 -49.398102 -3.5857596 0
-162.13754 -49.241013 -3.5421429 0
-179.05402 -49.024071 -3.5148485 0
-162.19597 -49.099014 -3.500324 0
-179.03329 -48.820427 -3.5042632 0
-165.67584 -48.584949 -3.5340393 0
-162.69319 -48.220612 -3.5653863 0
-163.63466 -48.000462 -3.5297005 0
-162.67667 -48.076786 -3.5597408 0
-162.95409 -47.98563 -3.5189388 0
-162.77266 -47.852688 -3.5006204 0
-162.98282 -47.717896 -3.5080662 0
-162.9164 -47.601074 -3.5005696 0
-178.94972 -45.945316 -3.5108261 0
-163.10526 -45.82724 -3.5030677 0
-163.48051 -45.757118 -3.50315 0
-165.87823 -45.414902 -3.5654726 0
-165.93494 -45.285706 -3.5585837 0
-165.93402 -45.15559 -3.5512023 0
-165.60394 -45.11467 -3.5038345 0
-165.88254 -45.06469 -3.5456533 0
-165.79256 -45.048237 -3.5440271 0
-162.41026 -45.074707 -3.5193174 0
-162.29688 -45.019703 -3.5422218 0
-165.73102 -44.959694 -3.5385389 0
-165.69359 -44.905746 -3.5822148 0
-162.46762 -44.976479 -3.5713482 0
-165.65421 -44.890907 -3.5340383 0
-165.54712 -44.839172 -3.5302839 0
-168.40636 -44.714676 -3.5448475 0
-165.47549 -44.75798 -3.5251319 0
-162.21153 -44.721985 -3.5830247 0
-165.43149 -44.667198 -3.5196242 0
-162.24841 -44.374969 -3.5880802 0
-161.43596 -43.857067 -3.572562 0
-161.39845 -43.703896 -3.5848854 0
-163.48105 -43.537769 -3.5574098 0
-161.39125 -43.500229 -3.5906157 0
-165.52925 -43.465443 -3.5134618 0
-165.82051 -42.665066 -3.512321 0
-162.42462 -40.616871 -3.5133452 0
-162.21742 -40.604111 -3.583955 0
-162.519 -40.59248 -3.5856621 0
-162.44356 -40.599686 -3.5779407 0
-162.13669 -40.548054 -3.5559425 0
-162.02176 -40.596142 -3.5109563 0
-161.91063 -40.528248 -3.5711067 0
-161.83643 -40.532944 -3.5085156 0
-158.66718 -38.779667 -3.5912647 0
-161.05579 -38.515884 -3.5302684 0
-160.90178 -38.518135 -3.5418999 0
-160.76237 -38.507378 -3.5343542 0
-160.58046 -38.52084 -3.5525649 0
-160.43582 -38.521282 -3.5472171 0
-160.2426 -38.506771 -3.5046082 0
-161.701 -38.451618 -3.5308638 0
-161.37651 -38.467777 -3.524399 0
-161.2059 -38.491611 -3.5136771 0
-160.22469 -38.486877 -3.5854466 0
-158.51366 -37.797775 -3.5977931 0
-158.53706 -37.625454 -3.560128 0
-158.45882 -37.514744 -3.5718572 0
-158.46457 -37.242912 -3.5626569 0
-158.48906 -37.139694 -3.5396955 0
-158.44061 -36.927876 -3.544064 0
-158.46849 -36.758152 -3.5184226 0
-158.45209 -36.37384 -3.5431442 0
-158.44107 -36.290531 -3.5806847 0
-158.46198 -36.190563 -3.5869243 0
-158.39671 -36.115444 -3.5653312 0
-158.4046 -35.343639 -3.5323584 0
-158.3718 -34.980835 -3.5262136 0
-158.41602 -33.924942 -3.5875304 0
-158.32312 -33.087543 -3.5828576 0
-158.31363 -32.832634 -3.5753355 0
-158.35486 -32.501778 -3.5118773 0
-158.28113 -32.465477 -3.5665836 0
-158.27875 -31.852791 -3.5471747 0
-158.25031 -31.454376 -3.5236449 0
-158.22054 -31.003531 -3.5559177 0
-158.20657 -30.609285 -3.539613 0
-158.17201 -29.623262 -3.5020225 0
-158.03627 -25.371351 -3.5809147 0
-158.00543 -25.196316 -3.5890687 0
-158.02425 -24.5408 -3.5351632 0
-157.99702 -24.391932 -3.5925224 0
-157.97513 -24.202177 -3.5510383 0
-157.93408 -24.069153 -3.5424056 0
-157.96385 -23.79517 -3.567831 0
-157.93471 -23.137276 -3.5332534 0
-157.71007 -17.114399 -3.530309 0
-157.7319 -17.025656 -3.573071 0
-157.70105 -16.758749 -3.565279 0
-157.64662 -14.575675 -3.5130122 0
-157.61705 -14.27811 -3.5081365 0
-157.82318 -1.5597646 -3.5805304 0
-157.12012 -1.0639102 -3.5343046 0
-162.89815 -49.887444 -3.496747 0
-162.15793 -49.558659 -3.4105589 0
-161.97636 -49.53162 -3.4750669 0
-162.15854 -49.476402 -3.4877646 0
-162.09714 -49.304543 -3.4525838 0
-162.24475 -48.822212 -3.4018569 0
-179.06895 -48.697559 -3.4979396 0
-162.823 -48.404247 -3.4410555 0
-161.53709 -48.233257 -3.455864 0
-161.5383 -48.150112 -3.4647722 0
-162.71364 -48.065395 -3.4093008 0
-162.6454 -48.023502 -3.4114461 0
-161.61983 -48.007214 -3.4556589 0
-161.58998 -48.028015 -3.4094269 0
-161.54498 -47.942978 -3.443785 0
-165.47255 -46.735325 -3.4056413 0
-162.86256 -46.787453 -3.4511204 0
-162.84662 -46.610397 -3.4579861 0
-162.80888 -46.530704 -3.4562306 0
-162.76974 -46.266754 -3.4186585 0
-161.54196 -46.091995 -3.4386749 0
-162.87866 -45.799313 -3.4880016 0
-162.85919 -45.247166 -3.452647 0
-162.48299 -45.213863 -3.4346998 0
-162.71748 -45.135628 -3.4252675 0
-162.19891 -45.106384 -3.4042466 0
-162.41116 -45.054482 -3.4065256 0
-162.34653 -45.09779 -3.4439831 0
-162.15558 -45.028736 -3.4099958 0
-162.1194 -44.905506 -3.4093897 0
-165.48871 -44.773384 -3.4689386 0
-162.16301 -44.741554 -3.494916 0
-162.01129 -44.603775 -3.4050674 0
-165.35051 -44.502495 -3.4434636 0
-162.14221 -44.519852 -3.4806905 0
-165.33797 -44.486305 -3.4403152 0
-162.16284 -44.423866 -3.4496601 0
-162.13824 -44.301762 -3.4410708 0
-162.06992 -44.362835 -3.4197145 0
-162.09993 -44.292095 -3.4653404 0
-162.04172 -44.103947 -3.4518263 0
-161.44585 -43.753521 -3.4844489 0
-161.41565 -43.563393 -3.4255419 0
-161.94333 -43.462284 -3.4678586 0
-161.31313 -43.470078 -3.4697685 0
-165.40781 -43.310886 -3.4422321 0
-165.54691 -42.964031 -3.4888902 0
-165.45587 -42.739067 -3.4606793 0
-165.49779 -42.523148 -3.4679043 0
-165.29642 -42.172913 -3.4051104 0
-165.44893 -42.071106 -3.4463902 0
-162.92534 -41.797268 -3.4745555 0
-165.60458 -41.630848 -3.4869146 0
-168.22278 -41.378029 -3.4879279 0
-161.81281 -40.513515 -3.4589617 0
-158.55492 -38.865509 -3.4179795 0
-159.07806 -38.600475 -3.4048893 0
-161.32027 -38.503334 -3.4884357 0
-160.92764 -38.514191 -3.4058323 0
-160.43958 -38.536861 -3.4071813 0
-160.21655 -38.506565 -3.4208534 0
-159.76535 -38.5242 -3.4516189 0
-159.35324 -38.570259 -3.485507 0
-162.88493 -38.449162 -3.4070604 0
-162.23242 -38.465855 -3.4127893 0
-162.17378 -38.425781 -3.4568572 0
-162.09448 -38.481861 -3.4071112 0
-161.97534 -38.438622 -3.4644208 0
-161.85905 -38.479725 -3.4532032 0
-161.71603 -38.48027 -3.4635699 0
-161.4196 -38.497345 -3.4048357 0
-161.34685 -38.495865 -3.498569 0
-161.07448 -38.454353 -3.4244299 0
-160.86955 -38.463703 -3.4199529 0
-160.66507 -38.483025 -3.4160886 0
-160.54633 -38.489887 -3.4602172 0
-160.47968 -38.481487 -3.4114726 0
-160.3783 -38.47982 -3.4410193 0
-160.09946 -38.493793 -3.4031122 0
-165.11871 -38.352585 -3.4133039 0
-163.16403 -38.368992 -3.4709799 0
-158.48489 -36.959179 -3.4310286 0
-158.46809 -35.958069 -3.4869547 0
-158.39336 -35.998661 -3.4990122 0
-158.38617 -35.517246 -3.4731953 0
-158.40903 -35.308708 -3.4455202 0
-158.45016 -35.134018 -3.4489436 0
-158.42256 -34.726299 -3.4316232 0
-158.39058 -34.674583 -3.4070961 0
-158.36668 -34.46888 -3.4975219 0
-158.3501 -33.934216 -3.4987683 0
-158.38142 -33.880665 -3.4446571 0
-158.32529 -33.439545 -3.447902 0
-158.31787 -33.304558 -3.4444215 0
-158.37181 -33.035393 -3.4492979 0
-158.28304 -32.039444 -3.4355483 0
-158.32268 -31.746798 -3.4764688 0
-158.2883 -30.810194 -3.4252553 0
-158.18207 -30.027796 -3.448945 0
-158.16762 -29.265896 -3.4135158 0
-158.21291 -28.856155 -3.4888155 0
-158.16551 -28.668499 -3.4509306 0
-158.15154 -28.394199 -3.44399 0
-158.11356 -28.101929 -3.4434023 0
-158.13356 -27.759159 -3.4067705 0
-158.08205 -27.776474 -3.4292758 0
-158.18605 -27.46002 -3.4298649 0
-157.89622 -22.040037 -3.4825871 0
-157.89537 -21.133991 -3.4373693 0
-157.83333 -20.947386 -3.4315605 0
-157.63158 -14.54758 -3.4318779 0
-153.90346 -1.3897175 -3.4023964 0
-158.5676 -0.46359918 -3.4281099 0
-162.10864 -49.452213 -3.3610899 0
-162.11484 -49.13065 -3.3996661 0
-179.03983 -48.997768 -3.3090823 0
-162.17635 -48.905869 -3.3543572 0
-162.1922 -48.846382 -3.3491244 0
-162.59181 -48.324539 -3.302829 0
-162.6666 -48.282635 -3.3634956 0
-162.68954 -48.16317 -3.3727043 0
-162.66351 -48.040352 -3.365396 0
-162.58588 -48.019974 -3.366365 0
-162.59698 -47.926678 -3.3679543 0
-162.66255 -47.740112 -3.3625674 0
-162.54515 -47.701229 -3.3235409 0
-162.68681 -47.255585 -3.3735385 0
-162.75946 -46.909306 -3.3886271 0
-162.5562 -46.813454 -3.3436112 0
-162.69661 -46.617477 -3.3748305 0
-162.53879 -46.663624 -3.3015461 0
-162.71432 -46.510223 -3.3654065 0
-162.67014 -46.469303 -3.3673222 0
-162.6279 -46.284618 -3.3377392 0
-162.64189 -46.154114 -3.3659115 0
-162.67432 -45.949211 -3.3855798 0
-161.54565 -45.939529 -3.3399742 0
-162.72562 -45.827915 -3.3920898 0
-162.55585 -45.840126 -3.3274932 0
-162.5394 -45.700855 -3.3608322 0
-162.63507 -45.616165 -3.3497539 0
-162.31496 -45.639339 -3.3122344 0
-155.24693 -45.454903 -3.3143091 0
-162.54729 -45.266472 -3.3179648 0
-162.33226 -45.102913 -3.3949594 0
-162.25757 -45.120541 -3.398222 0
-162.41113 -45.086922 -3.386236 0
-162.16251 -45.044926 -3.3775206 0
-162.07204 -44.922226 -3.3828402 0
-161.45584 -43.77195 -3.3872328 0
-161.83414 -43.444065 -3.3705506 0
-162.59726 -42.909176 -3.3723047 0
-162.35315 -42.866322 -3.3304391 0
-162.69069 -42.011211 -3.3914537 0
-162.58572 -42.091038 -3.3507419 0
-162.47023 -42.004787 -3.3684347 0
-162.61174 -41.588573 -3.3617904 0
-162.99586 -40.761154 -3.3554177 0
-162.85431 -40.521114 -3.3960021 0
-161.873 -40.566471 -3.3361397 0
-158.63016 -38.841682 -3.3794389 0
-160.10907 -38.516365 -3.3272612 0
-159.96254 -38.52293 -3.3291018 0
-159.21416 -38.541851 -3.3378401 0
-158.88568 -38.524868 -3.3404987 0
-162.08768 -38.42886 -3.3149962 0
-161.65141 -38.452244 -3.3273375 0
-161.3864 -38.445751 -3.3121266 0
-161.21077 -38.45649 -3.3069668 0
-161.1057 -38.47208 -3.3148775 0
-160.74646 -38.48764 -3.3170357 0
-160.39569 -38.494144 -3.3232279 0
-158.57104 -38.492695 -3.3423023 0
-164.9574 -38.364826 -3.3480422 0
-167.12877 -38.233448 -3.3089206 0
-158.54372 -38.284031 -3.3589742 0
-158.57292 -38.125244 -3.3508048 0
-173.70866 -38.002029 -3.360172 0
-158.54121 -38.097553 -3.3507779 0
-158.48128 -37.678303 -3.3582501 0
-158.53961 -37.455383 -3.3129382 0
-158.44946 -36.90173 -3.3259463 0
-158.45081 -36.314899 -3.3903611 0
-158.4274 -34.88298 -3.3018935 0
-158.35156 -34.042294 -3.3678219 0
-158.31245 -33.349651 -3.373899 0
-158.33437 -33.243782 -3.3197193 0
-158.24976 -31.86351 -3.3033233 0
-158.41565 -31.720154 -3.3021204 0
-158.24588 -31.62569 -3.3689044 0
-158.30959 -31.23633 -3.370486 0
-158.22444 -30.605009 -3.3860135 0
-158.19421 -30.135939 -3.3052068 0
-158.25446 -29.866421 -3.3788621 0
-158.17912 -29.896688 -3.3590441 0
-158.18173 -29.679741 -3.3786674 0
-158.15451 -29.121908 -3.3337564 0
-158.2047 -28.529182 -3.3142359 0
-158.09846 -27.004513 -3.3994265 0
-158.01234 -25.909851 -3.3605156 0
-157.97762 -24.898415 -3.336417 0
-157.92448 -22.306326 -3.3586285 0
-157.92772 -21.122671 -3.3446989 0
-157.87451 -21.198084 -3.3029366 0
-157.88478 -20.938078 -3.329505 0
-157.86533 -20.734234 -3.3155794 0
-160.44841 1.2549986 -3.3782108 0
-160.01982 1.2920191 -3.3560994 0
-179.04938 -49.914909 -3.2143366 0
-179.06451 -49.720524 -3.2604158 0
-162.01854 -49.726177 -3.2541828 0
-161.99677 -49.729042 -3.273675 0
-162.05489 -49.552341 -3.2522705 0
-162.0302 -49.431992 -3.2389424 0
-162.02567 -49.3074 -3.2266099 0
-162.01634 -49.177631 -3.2136986 0
-162.03258 -49.033821 -3.2015722 0
-162.02257 -48.980129 -3.2292304 0
-162.47443 -48.583172 -3.2970071 0
-162.56833 -48.20623 -3.2892268 0
-162.54839 -48.062244 -3.2710869 0
-162.45291 -48.03157 -3.2706597 0
-162.32864 -48.041542 -3.2037871 0
-162.43799 -47.947495 -3.2576344 0
-162.51714 -47.830563 -3.2486365 0
-161.51134 -47.742523 -3.2673235 0
-162.52974 -47.602982 -3.2537758 0
-162.47772 -47.509209 -3.2120712 0
-162.56616 -47.418713 -3.2617171 0
-162.45888 -47.451889 -3.2504785 0
-162.56053 -47.241917 -3.2496169 0
-156.12662 -46.825069 -3.2746291 0
-156.06474 -46.819115 -3.2255766 0
-162.5181 -46.702351 -3.2659745 0
-162.51953 -46.072739 -3.2566597 0
-162.49306 -45.786823 -3.2793069 0
-162.35489 -45.586239 -3.2161565 0
-178.95038 -45.403915 -3.289921 0
-155.1834 -45.491589 -3.2566371 0
-162.48155 -45.344948 -3.2319431 0
-155.36197 -45.395061 -3.2323744 0
-162.21469 -45.11729 -3.2988927 0
-162.34332 -45.09407 -3.2960234 0
-162.07887 -45.047569 -3.2953238 0
-162.01433 -44.976013 -3.2756195 0
-162.00023 -44.678074 -3.2767122 0
-161.91913 -44.520489 -3.2093537 0
-161.9588 -44.270679 -3.2562315 0
-161.99792 -44.062405 -3.2457902 0
-161.7617 -43.751514 -3.224714 0
-161.69157 -43.770916 -3.2164347 0
-161.375 -43.755802 -3.2208617 0
-161.38107 -43.673061 -3.2112157 0
-161.40831 -43.552521 -3.2053614 0
-161.39757 -43.564514 -3.2668695 0
-161.40096 -43.487404 -3.2849431 0
-161.38777 -43.438393 -3.2587345 0
-162.26112 -43.311256 -3.2082021 0
-162.48447 -43.287834 -3.2914484 0
-162.36821 -41.848919 -3.2445281 0
-162.35556 -41.764675 -3.2387791 0
-162.33849 -41.685902 -3.2280009 0
-162.21365 -41.641296 -3.2727969 0
-162.90816 -40.610455 -3.2508047 0
-161.92839 -40.622658 -3.2192519 0
-162.90503 -40.520668 -3.2637274 0
-162.87273 -40.541458 -3.2644269 0
-161.87405 -40.578056 -3.2301559 0
-162.83226 -40.490704 -3.2953494 0
-160.42847 -38.522293 -3.2358046 0
-160.09731 -38.551189 -3.2220638 0
-159.60991 -38.555874 -3.2100942 0
-159.43236 -38.527458 -3.2963142 0
-159.34752 -38.516964 -3.218636 0
-159.15062 -38.562096 -3.2156682 0
-158.97444 -38.557316 -3.2233045 0
-163.74113 -38.417965 -3.2756329 0
-162.11047 -38.492352 -3.2101059 0
-161.78262 -38.458504 -3.2364726 0
-161.38574 -38.467091 -3.2608988 0
-161.07657 -38.467335 -3.2138515 0
-160.89763 -38.462299 -3.2526639 0
-160.08452 -38.490383 -3.2786076 0
-164.36967 -38.375427 -3.2875216 0
-163.24899 -38.382854 -3.2621961 0
-163.17841 -38.390202 -3.245698 0
-166.0851 -38.286156 -3.2216797 0
-165.99002 -38.293453 -3.2240293 0
-158.55945 -37.634453 -3.2586277 0
-158.49297 -37.312714 -3.2951159 0
-158.46178 -36.739368 -3.261194 0
-158.46199 -35.70546 -3.2119942 0
-158.43652 -35.623924 -3.235568 0
-158.37758 -34.924179 -3.2326238 0
-158.36307 -33.419235 -3.2104635 0
-158.32803 -31.390749 -3.2824812 0
-158.26727 -31.293056 -3.2010186 0
-158.23973 -30.806654 -3.2215004 0
-158.25772 -30.757053 -3.2677324 0
-158.24725 -29.850046 -3.2121425 0
-158.22279 -29.762074 -3.212595 0
-158.17642 -29.675028 -3.2030268 0
-158.25194 -29.277393 -3.2849464 0
-158.13342 -28.006481 -3.2890925 0
-158.11401 -27.851627 -3.2063713 0
-158.16257 -27.740641 -3.2165735 0
-158.1693 -27.339798 -3.2500639 0
-158.02953 -26.122498 -3.2634947 0
-158.04443 -23.961637 -3.2628021 0
-157.93747 -23.322239 -3.294373 0
-157.92377 -23.142752 -3.290621 0
-157.93271 -22.931738 -3.2803071 0
-157.89445 -22.759125 -3.2768905 0
-157.90688 -22.527561 -3.2705672 0
-157.9189 -22.291021 -3.2639987 0
-157.87888 -21.241411 -3.2327631 0
-153.26387 -1.5233052 -3.2282584 0
-154.58307 -1.1191354 -3.2127655 0
-154.30481 -1.1375183 -3.2167826 0
-157.35306 1.0200733 -3.2220376 0
-162.00446 -49.432774 -3.1806536 0
-162.00662 -49.37656 -3.1903863 0
-161.98444 -49.118534 -3.1458685 0
-162.02061 -49.090691 -3.118607 0
-179.01483 -48.888477 -3.1695142 0
-162.42409 -48.337345 -3.1314557 0
-162.3679 -47.498455 -3.1153262 0
-162.47108 -47.285828 -3.1885891 0
-162.44576 -47.127934 -3.1679354 0
-162.40732 -46.980392 -3.1511941 0
-162.36089 -46.824257 -3.1260929 0
-162.40974 -46.503426 -3.1719108 0
-162.46048 -46.494888 -3.199959 0
-161.5011 -46.420544 -3.1674118 0
-162.44997 -46.151699 -3.1976552 0
-162.41588 -46.092686 -3.1945248 0
-162.342 -45.738937 -3.1498501 0
-162.34346 -45.469788 -3.1812727 0
-162.45148 -45.384663 -3.1837494 0
-162.36066 -45.216236 -3.153481 0
-162.30544 -45.103783 -3.1454194 0
-161.93544 -44.97768 -3.1570404 0
-161.82166 -44.838547 -3.1373556 0
-161.87276 -44.599197 -3.1166899 0
-161.78947 -44.516159 -3.1034865 0
-161.85457 -44.415054 -3.1967976 0
-161.79842 -44.459053 -3.1141932 0
-161.85881 -44.314999 -3.1022847 0
-161.91049 -44.240181 -3.1910734 0
-161.77141 -44.277134 -3.124934 0
-161.99915 -43.886745 -3.1528802 0
-161.43219 -43.786243 -3.1964576 0
-161.34669 -43.765366 -3.1836059 0
-161.56516 -43.670765 -3.1385195 0
-161.36415 -43.555882 -3.1573758 0
-161.71439 -43.497311 -3.1839325 0
-161.65169 -43.499863 -3.1789284 0
-161.36115 -43.477348 -3.174243 0
-162.06926 -43.319889 -3.1987987 0
-162.35184 -43.041317 -3.1928856 0
-162.33943 -42.962227 -3.1803629 0
-162.05035 -42.996128 -3.1554906 0
-162.31085 -42.699909 -3.166858 0
-162.35556 -42.583035 -3.1717522 0
-162.35188 -42.257027 -3.1718137 0
-162.33994 -42.14172 -3.1547594 0
-162.2713 -42.129498 -3.1555195 0
-162.35645 -42.031673 -3.1885929 0
-162.23788 -42.059074 -3.1254351 0
-162.34619 -41.947556 -3.1830032 0
-162.23666 -41.931637 -3.1079922 0
-162.28072 -41.87397 -3.1379542 0
-162.91408 -40.564224 -3.149987 0
-162.86807 -40.526199 -3.1444902 0
-158.59451 -38.600456 -3.1180615 0
-161.66833 -38.505123 -3.1893427 0
-160.94777 -38.536201 -3.1492374 0
-159.96219 -38.509586 -3.1044717 0
-159.68332 -38.541523 -3.1236751 0
-159.26198 -38.556957 -3.1993768 0
-159.14159 -38.568573 -3.1208394 0
-159.02046 -38.540939 -3.145967 0
-158.91452 -38.578644 -3.1936376 0
-158.85349 -38.591984 -3.1382053 0
-163.31033 -38.406357 -3.1458323 0
-163.24397 -38.453056 -3.1503968 0
-163.06984 -38.40551 -3.1999619 0
-162.83705 -38.442047 -3.1949015 0
-162.79878 -38.418549 -3.14237 0
-162.29422 -38.446888 -3.1930783 0
-162.08646 -38.447704 -3.1382093 0
-161.94894 -38.446419 -3.1640141 0
-161.83711 -38.459541 -3.1814079 0
-161.66068 -38.449646 -3.1809268 0
-161.22189 -38.461132 -3.1502342 0
-160.36949 -38.496666 -3.1475511 0
-165.40668 -38.328556 -3.1582026 0
-163.75175 -38.383095 -3.1480539 0
-163.52605 -38.394657 -3.1469076 0
-163.27109 -38.387173 -3.1684139 0
-163.14046 -38.397568 -3.1658275 0
-158.51268 -38.357922 -3.1201279 0
-158.51717 -37.510876 -3.134285 0
-158.49213 -37.241722 -3.1124411 0
-158.46379 -36.476208 -3.1846037 0
-158.46707 -35.713074 -3.126425 0
-158.45148 -35.630405 -3.1963 0
-158.4449 -35.375828 -3.1813493 0
-158.45055 -35.199383 -3.1649082 0
-158.42302 -35.006962 -3.1596222 0
-158.50134 -34.571476 -3.1822541 0
-158.40033 -34.50824 -3.1301486 0
-158.36676 -34.136818 -3.1514797 0
-158.31825 -33.229366 -3.1533151 0
-158.17529 -29.268852 -3.1807463 0
-158.20203 -28.028898 -3.1260266 0
-158.14598 -28.044331 -3.1122339 0
-158.08984 -27.638752 -3.1123402 0
-158.1512 -27.061953 -3.1871669 0
-158.07768 -27.007368 -3.1680577 0
-158.03017 -25.739233 -3.1529005 0
-158.06575 -25.339863 -3.1109695 0
-157.94925 -23.753071 -3.151196 0
-157.98088 -22.58363 -3.1971605 0
-157.7326 -17.470724 -3.1276288 0
-155.73563 -0.27059594 -3.1938581 0
-156.07207 0.027215755 -3.1853526 0
-156.84094 0.32737392 -3.1823921 0
-158.30676 1.0699297 -3.1625185 0
-161.18295 1.7759126 -3.1509991 0
-179.06686 -49.940514 -3.0465569 0
-179.06383 -49.796677 -3.048264 0
-179.05478 -49.632118 -3.043263 0
-179.05844 -49.540459 -3.0245481 0
-161.93889 -49.566872 -3.0378916 0
-179.03577 -49.462517 -3.0377426 0
-161.98065 -49.271008 -3.0407043 0
-162.38121 -48.441269 -3.0323341 0
-162.40216 -48.350792 -3.0674355 0
-162.37956 -48.365887 -3.0703189 0
-162.34558 -47.984104 -3.0670052 0
-162.35091 -47.759502 -3.0175083 0
-162.34389 -47.516579 -3.0063813 0
-162.31599 -47.278252 -3.0197999 0
-161.50479 -47.143017 -3.0353572 0
-162.3145 -46.945435 -3.020961 0
-161.56543 -46.583225 -3.0138094 0
-162.31339 -46.222717 -3.0708113 0
-162.24744 -45.795319 -3.028331 0
-162.29688 -45.391533 -3.0852983 0
-161.89653 -44.916344 -3.0619082 0
-161.86456 -44.823524 -3.0924115 0
-161.7646 -44.868111 -3.0832238 0
-161.8631 -44.671021 -3.0961866 0
-161.8699 -44.117481 -3.0923696 0
-161.42087 -43.863029 -3.0004623 0
-162.21289 -43.778034 -3.0769548 0
-162.15385 -43.791145 -3.060035 0
-161.54358 -43.752598 -3.0356126 0
-161.35483 -43.735134 -3.040787 0
-162.30086 -43.624664 -3.0696499 0
-162.24612 -43.565228 -3.0663714 0
-162.16095 -43.504288 -3.0425608 0
-161.384 -43.498779 -3.0023608 0
-162.18471 -43.321407 -3.0117538 0
-162.1562 -42.944977 -3.0833883 0
-162.13858 -42.868393 -3.0569711 0
-162.22238 -42.70372 -3.0686004 0
-162.08632 -42.541508 -3.0085855 0
-162.23956 -42.36253 -3.0402281 0
-162.20416 -42.198349 -3.0742407 0
-161.91905 -40.635605 -3.0662506 0
-162.91039 -40.553749 -3.0278058 0
-161.90208 -40.532928 -3.06252 0
-158.74001 -38.733021 -3.0020528 0
-158.66142 -38.72385 -3.0042508 0
-159.18965 -38.604263 -3.0616076 0
-161.33424 -38.501732 -3.0589075 0
-160.60718 -38.540943 -3.0621853 0
-160.42413 -38.563637 -3.0570681 0
-160.2711 -38.546062 -3.0505681 0
-160.11134 -38.53587 -3.0442781 0
-159.91481 -38.573334 -3.0395825 0
-159.74504 -38.556988 -3.0542972 0
-159.62721 -38.554981 -3.0282495 0
-159.42693 -38.552979 -3.0519688 0
-159.32639 -38.546516 -3.0800586 0
-159.19664 -38.589878 -3.0744238 0
-162.17461 -38.449326 -3.0724499 0
-161.23361 -38.493126 -3.0573506 0
-164.33168 -38.365936 -3.0007875 0
-158.55423 -37.95256 -3.0509648 0
-158.54016 -37.830101 -3.007668 0
-158.48232 -37.788723 -3.0859206 0
-158.49104 -37.09943 -3.0306525 0
-158.48651 -36.937309 -3.0887251 0
-158.47076 -36.662567 -3.0615225 0
-158.45525 -36.328857 -3.0404449 0
-158.44904 -35.989559 -3.0140157 0
-158.46429 -35.856827 -3.0407691 0
-158.44006 -34.958778 -3.0668755 0
-158.43594 -34.871979 -3.0611708 0
-158.42189 -34.388279 -3.0965362 0
-158.39236 -33.922741 -3.049571 0
-158.37383 -33.704842 -3.0829036 0
-158.35303 -33.518284 -3.0753591 0
-158.38208 -33.20359 -3.0010941 0
-158.35899 -32.908615 -3.0357065 0
-158.34007 -32.741856 -3.0262926 0
-158.32176 -31.840771 -3.0213492 0
-158.27425 -30.70661 -3.00701 0
-158.36946 -29.901327 -3.0997703 0
-158.147 -28.609524 -3.0363698 0
-158.12617 -28.116129 -3.0555716 0
-158.10693 -27.339352 -3.0678661 0
-158.27835 -27.268724 -3.0297873 0
-158.11362 -26.326164 -3.0458899 0
-158.08759 -26.398109 -3.0158105 0
-158.09717 -25.798641 -3.0209095 0
-158.01756 -24.275166 -3.0639663 0
-157.89191 -22.393141 -3.090636 0
-157.91225 -22.041197 -3.0681741 0
-157.87444 -20.176498 -3.0216799 0
-157.70091 -15.969445 -3.0412025 0
-179.0639 -49.915958 -2.9147232 0
-162.16302 -49.800579 -2.9204509 0
-162.00748 -49.225002 -2.9366097 0
-162.09358 -49.152393 -2.9267888 0
-162.31151 -48.352573 -2.9759388 0
-162.29364 -48.319366 -2.9411244 0
-162.30595 -48.26088 -2.9732227 0
-162.28267 -48.258785 -2.9542212 0
-162.33691 -48.149895 -2.9594717 0
-162.28931 -48.170399 -2.9700632 0
-162.30769 -48.0695 -2.9631133 0
-162.27661 -48.078827 -2.9360054 0
-162.30765 -47.690155 -2.9407649 0
-162.28717 -47.408756 -2.9062116 0
-162.32394 -47.209995 -2.9808233 0
-161.52367 -47.162254 -2.9728239 0
-161.53142 -47.024277 -2.9814847 0
-162.28487 -46.719349 -2.9375992 0
-162.28452 -46.56657 -2.9894099 0
-162.2484 -46.18602 -2.9019346 0
-162.20782 -45.825047 -2.9029346 0
-162.24902 -45.49086 -2.9884207 0
-162.15572 -45.012756 -2.9289975 0
-161.91617 -44.872364 -2.9288802 0
-161.79486 -44.795799 -2.9687862 0
-161.73822 -44.699265 -2.9737027 0
-161.74988 -44.255516 -2.9012136 0
-161.98766 -43.897129 -2.9817336 0
-162.12407 -43.579708 -2.9550698 0
-161.37546 -43.584114 -2.9355531 0
-161.37099 -43.404224 -2.9938681 0
-162.21091 -43.084408 -2.9903042 0
-162.14709 -42.716114 -2.9869447 0
-162.16269 -42.61327 -2.9593489 0
-162.14928 -42.538906 -2.9546337 0
-162.13905 -42.321674 -2.9199607 0
-162.08354 -41.846977 -2.9855316 0
-162.04401 -41.521782 -2.9417298 0
-162.93755 -40.625317 -2.9592338 0
-162.81535 -40.572926 -2.9574151 0
-161.84885 -40.567696 -2.9549787 0
-161.80127 -40.461761 -2.9456353 0
-158.62645 -38.842262 -2.9858186 0
-158.63261 -38.726616 -2.9800882 0
-159.19753 -38.619999 -2.9395139 0
-158.61575 -38.637768 -2.975692 0
-160.25403 -38.507954 -2.9755294 0
-159.97772 -38.538746 -2.970511 0
-159.63681 -38.545456 -2.9456196 0
-159.31021 -38.548676 -2.9180739 0
-158.87669 -38.522572 -2.9985383 0
-166.082 -38.438118 -2.9409983 0
-165.26904 -38.429234 -2.9265056 0
-164.72473 -38.471771 -2.9590936 0
-163.09573 -38.404785 -2.9415667 0
-162.6351 -38.455826 -2.9659572 0
-162.26222 -38.436062 -2.9897716 0
-161.25569 -38.472103 -2.9800949 0
-161.01353 -38.496323 -2.92962 0
-160.42154 -38.495865 -2.9092505 0
-160.28378 -38.497971 -2.9241412 0
-158.58531 -38.407513 -2.9570808 0
-165.09253 -38.391693 -2.9312904 0
-164.48196 -38.374245 -2.942234 0
-164.05057 -38.370575 -2.9603505 0
-163.90245 -38.392902 -2.927726 0
-163.83766 -38.359955 -2.9798293 0
-162.99098 -38.387653 -2.9403551 0
-158.5748 -38.235279 -2.9557667 0
-158.58798 -37.670551 -2.9374354 0
-158.50925 -37.418793 -2.9855092 0
-158.44568 -36.178562 -2.9024565 0
-158.3808 -33.000984 -2.9119139 0
-158.34888 -32.083141 -2.9147899 0
-158.29623 -31.444571 -2.9501317 0
-158.26746 -30.952669 -2.9209433 0
-158.16167 -28.459412 -2.9314673 0
-158.1019 -24.20994 -2.9967434 0
-157.9317 -23.644714 -2.9315438 0
-157.93658 -22.337357 -2.9799819 0
-157.94365 -21.924097 -2.9725823 0
-157.94234 -21.703306 -2.9606111 0
-157.94409 -21.486446 -2.9489527 0
-157.93883 -21.268742 -2.9368382 0
-159.79346 3.6567085 -2.905865 0
-162.33272 -49.847847 -2.8874583 0
-179.05496 -49.471214 -2.8831501 0
-162.03285 -49.358494 -2.8369474 0
-179.0412 -49.012306 -2.8505204 0
-162.20779 -49.037441 -2.8239148 0
-162.31927 -48.757126 -2.8898115 0
-162.25684 -48.06517 -2.8687224 0
-162.2782 -47.908916 -2.8282187 0
-162.30922 -47.610165 -2.8582451 0
-162.25613 -47.684711 -2.8145709 0
-162.26396 -47.121445 -2.8656619 0
-161.513 -46.790897 -2.879163 0
-162.22511 -46.667397 -2.8161736 0
-162.23285 -45.981979 -2.8837776 0
-162.22716 -45.679684 -2.8963041 0
-162.21677 -45.529747 -2.8828382 0
-162.17545 -45.381283 -2.8985441 0
-162.07344 -44.920609 -2.8460164 0
-161.84447 -44.781162 -2.893086 0
-161.78014 -44.602493 -2.8716455 0
-161.83698 -44.587341 -2.8071644 0
-161.78154 -44.50518 -2.8625977 0
-162.08769 -43.477978 -2.8184819 0
-162.06596 -42.722744 -2.8497725 0
-162.1133 -42.030743 -2.8779767 0
-162.10275 -41.925308 -2.8687119 0
-162.02637 -41.93512 -2.8182626 0
-162.09631 -41.823441 -2.8549299 0
-162.09846 -41.702576 -2.8450406 0
-162.09175 -41.600296 -2.8362367 0
-162.58171 -40.875946 -2.8176584 0
-158.65547 -38.837246 -2.8285108 0
-159.51289 -38.612686 -2.879046 0
-159.29884 -38.656345 -2.8008764 0
-159.15179 -38.649155 -2.875447 0
-158.63033 -38.632545 -2.8319855 0
-160.6627 -38.54068 -2.8452625 0
-160.21872 -38.508385 -2.844032 0
-160.07323 -38.50391 -2.8121686 0
-159.47037 -38.521713 -2.84443 0
-159.29179 -38.554913 -2.8402312 0
-159.12311 -38.575603 -2.8406286 0
-158.96646 -38.579762 -2.835429 0
-164.7459 -38.44717 -2.8199029 0
-163.25362 -38.42099 -2.8169537 0
-163.14412 -38.453289 -2.8794031 0
-163.09486 -38.400227 -2.8058493 0
-162.68335 -38.432537 -2.8081248 0
-162.27058 -38.457947 -2.8514454 0
-162.1218 -38.447029 -2.8058209 0
-161.52211 -38.453712 -2.8783953 0
-161.47841 -38.469257 -2.8701484 0
-160.57181 -38.487358 -2.8928797 0
-160.36693 -38.497616 -2.827894 0
-158.61626 -38.438793 -2.8563676 0
-158.56787 -38.417988 -2.8354826 0
-164.35065 -38.317844 -2.8117766 0
-164.14497 -38.360786 -2.84712 0
-163.78477 -38.386196 -2.8331747 0
-163.59933 -38.399151 -2.8273308 0
-162.91722 -38.398033 -2.830337 0
-158.49487 -37.129604 -2.8227544 0
-158.49614 -36.819111 -2.8857472 0
-158.50079 -36.683548 -2.8790388 0
-158.46602 -36.230499 -2.8566654 0
-158.45699 -35.672192 -2.8694773 0
-158.48318 -35.554966 -2.804704 0
-158.43672 -35.314644 -2.845479 0
-158.41557 -34.442879 -2.8932478 0
-158.3793 -33.654533 -2.8307898 0
-158.3792 -33.560123 -2.8235335 0
-158.35396 -33.23444 -2.8063097 0
-158.3717 -32.641582 -2.8809214 0
-158.33968 -32.345989 -2.8571181 0
-158.33142 -31.966635 -2.8250473 0
-158.32861 -31.725176 -2.8829103 0
-158.29948 -30.73428 -2.8043115 0
-158.24823 -30.38245 -2.8874898 0
-158.14273 -27.219656 -2.8097339 0
-158.03786 -25.821974 -2.8660171 0
-157.89476 -22.486101 -2.877526 0
-157.84822 -21.082512 -2.8178918 0
-157.87485 -19.60528 -2.8597491 0
-157.84128 -19.413185 -2.8505757 0
-157.83736 -19.193808 -2.8410556 0
-157.80157 -19.009714 -2.8891182 0
-157.83173 -18.951334 -2.8241293 0
-157.84769 -18.699665 -2.8201625 0
-157.84309 -18.454819 -2.8095424 0
-157.82414 -18.259382 -2.8006215 0
-157.7543 -15.669625 -2.8690507 0
-159.12123 4.2784228 -2.8474696 0
-162.27475 -49.997101 -2.7591796 0
-179.10191 -49.739407 -2.7114372 0
-162.23035 -49.541103 -2.7827353 0
-162.16974 -49.543495 -2.7570834 0
-162.1322 -49.460701 -2.7718823 0
-162.15846 -49.313766 -2.7680466 0
-162.27238 -48.830357 -2.7230453 0
-162.28244 -48.779083 -2.7337894 0
-162.26819 -48.566803 -2.763726 0
-162.26044 -48.482006 -2.776304 0
-162.21617 -48.361153 -2.739428 0
-162.23984 -48.062828 -2.7410333 0
-162.23851 -47.963055 -2.7287478 0
-162.21541 -47.704109 -2.70877 0
-162.2019 -47.664314 -2.7055953 0
-162.23247 -47.585503 -2.7126043 0
-161.71068 -47.454678 -2.7156527 0
-161.59047 -47.343884 -2.7019753 0
-161.90236 -46.899998 -2.7981639 0
-162.1591 -46.072617 -2.7734852 0
-162.13565 -45.013199 -2.7748549 0
-161.95638 -44.69165 -2.7353256 0
-162.112 -44.007759 -2.7601621 0
-162.08185 -43.958546 -2.7219031 0
-162.10519 -43.858387 -2.7736945 0
-161.37668 -43.755867 -2.7787783 0
-162.02579 -43.574657 -2.7749681 0
-161.37347 -43.452438 -2.7366316 0
-161.92064 -43.237972 -2.7245188 0
-162.03015 -43.15723 -2.7794452 0
-162.00369 -42.521976 -2.7491887 0
-162.04332 -41.586277 -2.7923532 0
-161.95087 -40.614929 -2.727483 0
-161.84795 -40.550297 -2.7169013 0
-159.42915 -38.819355 -2.71064 0
-159.19873 -38.835575 -2.7021575 0
-158.86078 -38.703461 -2.7750542 0
-158.62476 -38.668453 -2.7813287 0
-160.45633 -38.505814 -2.760318 0
-160.28694 -38.518219 -2.7120979 0
-160.12105 -38.541817 -2.7080729 0
-160.09431 -38.562981 -2.7991123 0
-159.97472 -38.543915 -2.7940919 0
-161.80225 -38.475731 -2.7693925 0
-160.60245 -38.495102 -2.725522 0
-163.20535 -38.367077 -2.7667906 0
-162.31625 -38.383621 -2.7301579 0
-158.56129 -38.33968 -2.7530816 0
-158.57988 -38.21138 -2.7866733 0
-158.54851 -38.055813 -2.7409379 0
-158.56577 -37.971745 -2.7791412 0
-158.56503 -37.725647 -2.7590404 0
-158.49266 -37.626759 -2.7068107 0
-158.53848 -37.491035 -2.738683 0
-158.5491 -37.358776 -2.7932591 0
-158.51944 -37.264656 -2.7191477 0
-158.51622 -37.110325 -2.7170746 0
-158.51785 -35.842896 -2.7976127 0
-158.48291 -35.601917 -2.7413104 0
-158.45528 -35.580719 -2.7259963 0
-158.46318 -35.450233 -2.7179227 0
-158.43317 -34.625526 -2.7774982 0
-158.39738 -34.444675 -2.7492628 0
-158.40842 -34.106602 -2.7519193 0
-158.39856 -34.176468 -2.7697387 0
-158.39821 -33.711765 -2.7324753 0
-158.36871 -33.540771 -2.7272131 0
-158.39722 -33.30621 -2.7125106 0
-158.35127 -32.587467 -2.7472491 0
-158.3132 -31.944681 -2.7313349 0
-158.31512 -31.774828 -2.7215328 0
-158.30182 -31.047611 -2.7509677 0
-158.26457 -29.703938 -2.7180486 0
-158.02791 -25.437998 -2.7879016 0
-157.98399 -23.939201 -2.721715 0
-157.90968 -22.141817 -2.7672775 0
-157.90825 -21.91201 -2.7534568 0
-157.81425 -18.036245 -2.7907739 0
-157.77014 -16.899427 -2.7101851 0
-158.42484 4.822753 -2.7892644 0
-157.41589 5.342495 -2.7180443 0
-162.25389 -49.464417 -2.6332176 0
-162.24825 -49.365963 -2.6524401 0
-162.2545 -49.228619 -2.6342483 0
-179.06084 -48.955051 -2.6606395 0
-162.22432 -48.781948 -2.6172614 0
-162.25026 -48.43573 -2.6919744 0
-162.21579 -48.016731 -2.6845434 0
-162.26299 -47.802719 -2.6319871 0
-162.21211 -47.711323 -2.6392114 0
-162.21072 -47.636803 -2.6606677 0
-161.60071 -47.638603 -2.6471653 0
-162.20909 -47.521328 -2.6806552 0
-161.58754 -47.560871 -2.6422853 0
-162.21765 -47.499886 -2.6698146 0
-161.54248 -47.489922 -2.6781576 0
-162.2001 -47.338726 -2.6811061 0
-161.66446 -47.395321 -2.6239495 0
-162.09473 -47.28751 -2.6286914 0
-162.17433 -47.046238 -2.6544333 0
-161.8322 -47.053623 -2.6526675 0
-162.18266 -46.966824 -2.648154 0
-162.17619 -46.86628 -2.6364675 0
-162.18082 -46.246311 -2.669138 0
-162.15019 -45.7187 -2.6698039 0
-162.14674 -45.468845 -2.6496086 0
-162.13812 -45.309074 -2.6398365 0
-162.11771 -45.045891 -2.6541529 0
-162.06516 -44.962414 -2.6197703 0
-162.05707 -44.635193 -2.6494331 0
-162.0191 -44.176697 -2.6849778 0
-162.07086 -44.039162 -2.6653283 0
-162.07347 -43.889885 -2.6675069 0
-161.38266 -43.732109 -2.6492193 0
-162.02173 -43.64257 -2.6598468 0
-161.36859 -43.689995 -2.6606653 0
-161.99335 -43.576588 -2.6548784 0
-161.60159 -43.081009 -2.6974287 0
-162.05884 -42.28701 -2.6731308 0
-162.03146 -41.912758 -2.6049788 0
-159.22942 -38.840168 -2.6911645 0
-165.26691 -38.771446 -2.6819179 0
-160.3046 -38.526859 -2.6334734 0
-160.06955 -38.51643 -2.6827652 0
-159.89676 -38.595879 -2.6437314 0
-162.74472 -38.422443 -2.6603024 0
-162.08969 -38.449711 -2.6554437 0
-161.89574 -38.475956 -2.6442099 0
-161.34026 -38.470455 -2.6308353 0
-161.295 -38.487709 -2.6401856 0
-163.72592 -38.399384 -2.654954 0
-163.20805 -38.399395 -2.6437087 0
-162.9465 -38.39566 -2.6567559 0
-158.5294 -38.009693 -2.6881452 0
-158.48109 -37.359428 -2.6224632 0
-158.47986 -36.713547 -2.6094165 0
-158.45558 -36.491856 -2.639538 0
-158.46281 -35.94268 -2.6566982 0
-158.49416 -35.590298 -2.6859944 0
-158.47867 -35.230412 -2.6651447 0
-158.40009 -34.897423 -2.6231284 0
-158.42749 -34.706688 -2.6712596 0
-158.4254 -34.576729 -2.6631348 0
-158.4091 -34.296146 -2.6823745 0
-158.44135 -33.57785 -2.6825902 0
-158.38806 -32.502472 -2.6150625 0
-158.3037 -31.645107 -2.6723967 0
-158.26334 -30.103266 -2.674897 0
-158.23347 -30.07979 -2.6224825 0
-158.06581 -25.788736 -2.6177175 0
-157.85321 -19.732302 -2.626965 0
-157.85452 -18.589767 -2.6800737 0
-156.68994 5.5812235 -2.6685233 0
-162.28252 -49.872505 -2.5669868 0
-161.98683 -49.868202 -2.5777876 0
-179.07985 -49.434208 -2.5235224 0
-162.27145 -49.49432 -2.5502357 0
-162.26041 -49.276371 -2.5274353 0
-179.05118 -49.154423 -2.5399508 0
-162.24986 -49.178032 -2.5534797 0
-162.26892 -49.048382 -2.536279 0
-162.25272 -48.878746 -2.5848479 0
-162.23048 -48.466881 -2.5292313 0
-162.23717 -48.388512 -2.5180185 0
-162.2085 -48.253143 -2.5224216 0
-161.96834 -46.917767 -2.554177 0
-162.17201 -46.877884 -2.5658581 0
-162.15097 -46.731487 -2.5595386 0
-156.13303 -46.71769 -2.582664 0
-162.18604 -46.625065 -2.5531962 0
-162.16985 -46.559258 -2.5862966 0
-162.11668 -46.241974 -2.5714724 0
-162.12743 -46.144478 -2.5519376 0
-161.49307 -46.149269 -2.5773022 0
-161.82681 -46.078827 -2.512018 0
-162.08466 -45.957867 -2.5507863 0
-161.53477 -45.909977 -2.5511527 0
-161.47833 -45.951653 -2.5329711 0
-162.11832 -45.448074 -2.542603 0
-162.14035 -45.370426 -2.5889816 0
-162.15453 -45.104397 -2.5658419 0
-162.088 -44.80442 -2.5371473 0
-162.04883 -44.770378 -2.529125 0
-162.13637 -44.591934 -2.5057957 0
-162.07469 -44.51918 -2.5496197 0
-162.05136 -44.199905 -2.5977182 0
-161.46503 -43.772537 -2.5206881 0
-161.36089 -43.779297 -2.5966792 0
-162.01122 -43.618298 -2.5117414 0
-161.33778 -43.629517 -2.5110047 0
-162.02747 -43.5667 -2.5619307 0
-162.03781 -42.706161 -2.5754247 0
-162.01894 -42.331802 -2.5937235 0
-161.99477 -42.31712 -2.5166161 0
-162.01024 -42.222847 -2.5520439 0
-161.96661 -41.666103 -2.5471888 0
-161.92213 -40.565556 -2.5908632 0
-159.34259 -38.823566 -2.5509305 0
-159.21127 -38.821712 -2.5866001 0
-158.59929 -38.831902 -2.517338 0
-158.61052 -38.624214 -2.5515594 0
-163.12158 -38.506466 -2.5347893 0
-162.37215 -38.505672 -2.5018928 0
-160.93892 -38.525303 -2.5006883 0
-160.70242 -38.514385 -2.594718 0
-160.58322 -38.500816 -2.5515957 0
-160.40846 -38.506084 -2.5485773 0
-160.17622 -38.50872 -2.596642 0
-160.08862 -38.52581 -2.5036087 0
-159.99448 -38.52853 -2.5394673 0
-158.88298 -38.553856 -2.5498819 0
-163.83383 -38.444115 -2.5737259 0
-163.7576 -38.414234 -2.5723689 0
-163.43304 -38.475704 -2.5406876 0
-163.30794 -38.419846 -2.5972972 0
-162.86221 -38.470413 -2.5345755 0
-162.68179 -38.445629 -2.5301952 0
-162.52905 -38.456322 -2.5283382 0
-162.37271 -38.464283 -2.5210519 0
-162.22975 -38.463833 -2.5137579 0
-162.10849 -38.420086 -2.5168068 0
-162.08722 -38.469994 -2.5120599 0
-161.94191 -38.480461 -2.5482044 0
-161.76791 -38.459812 -2.5985217 0
-161.64819 -38.489933 -2.5613015 0
-161.16005 -38.451218 -2.5153172 0
-160.93991 -38.464081 -2.5094392 0
-160.74783 -38.490856 -2.5541887 0
-160.61169 -38.48695 -2.5090241 0
-160.4288 -38.496284 -2.5063844 0
-163.24837 -38.384354 -2.5223501 0
-162.63818 -38.398155 -2.520328 0
-158.53554 -38.217201 -2.5865753 0
-158.52649 -38.090977 -2.5504386 0
-158.50671 -36.853371 -2.5688362 0
-158.48723 -36.73 -2.5581472 0
-158.46486 -36.472248 -2.5599456 0
-158.46645 -36.353283 -2.5824425 0
-158.4487 -35.744026 -2.5603669 0
-158.41411 -35.211952 -2.5470607 0
-158.44513 -35.133091 -2.5526381 0
-158.42714 -34.629002 -2.5201933 0
-158.45689 -34.078743 -2.5952001 0
-158.38432 -34.055981 -2.5889652 0
-158.38333 -33.533413 -2.5976539 0
-158.41797 -33.466942 -2.5410831 0
-158.36639 -33.220955 -2.5735693 0
-158.29903 -32.216484 -2.5131135 0
-158.29051 -31.051142 -2.5615978 0
-158.30536 -30.929478 -2.5956607 0
-158.25374 -29.731516 -2.5368543 0
-158.22742 -29.099056 -2.5955884 0
-158.18503 -28.580297 -2.5351789 0
-158.2029 -27.941418 -2.5781603 0
-158.01057 -23.78754 -2.500937 0
-157.95667 -22.734707 -2.5986671 0
-157.8756 -21.127844 -2.5800576 0
-157.97293 -18.696272 -2.5007396 0
-157.77158 -17.958258 -2.5191562 0
-157.77615 -16.799166 -2.5930133 0
-157.72928 -15.624022 -2.5390685 0
-162.2937 -49.976997 -2.4185333 0
-179.12399 -49.76828 -2.4683504 0
-179.09566 -49.38744 -2.4973376 0
-179.07681 -49.161842 -2.4706123 0
-162.27647 -49.05991 -2.4856391 0
-178.99101 -48.683811 -2.4876349 0
-162.28276 -48.656433 -2.4629836 0
-162.17459 -48.149986 -2.4795923 0
-162.20715 -48.002953 -2.4832284 0
-161.67178 -48.009663 -2.429786 0
-162.24593 -47.923351 -2.4538057 0
-161.59239 -47.987961 -2.4757192 0
-162.22765 -47.823807 -2.4743664 0
-162.19664 -47.814568 -2.4468572 0
-161.79503 -47.884014 -2.4429579 0
-162.16237 -47.788876 -2.4665532 0
-161.64932 -47.765278 -2.493973 0
-162.17551 -47.45797 -2.4092252 0
-162.15321 -47.04718 -2.4809656 0
-156.20413 -46.813545 -2.4625864 0
-156.13284 -46.764286 -2.4485626 0
-156.03743 -46.788982 -2.4011066 0
-162.12901 -46.271816 -2.4824076 0
-162.11693 -46.073818 -2.4454699 0
-162.13623 -45.960892 -2.4099994 0
-161.45837 -45.953335 -2.4127641 0
-162.11815 -45.210621 -2.4924762 0
-162.10155 -44.814259 -2.4144421 0
-162.07913 -44.753784 -2.4344575 0
-162.05843 -44.561001 -2.4362025 0
-162.06168 -44.469711 -2.4133577 0
-162.05594 -44.339668 -2.4161954 0
-162.05969 -44.21114 -2.4024143 0
-162.05409 -44.057404 -2.495204 0
-162.09775 -43.985924 -2.4308598 0
-162.06535 -43.860565 -2.4747238 0
-162.03535 -43.774292 -2.465029 0
-161.41815 -43.664188 -2.4746978 0
-162.01187 -43.308395 -2.4926369 0
-161.95314 -43.104637 -2.4694695 0
-161.99356 -42.543354 -2.4953656 0
-161.93835 -40.638729 -2.4259808 0
-161.9061 -40.557426 -2.4495447 0
-161.81328 -40.365864 -2.4515061 0
-159.5701 -38.832127 -2.4268041 0
-159.34598 -38.888065 -2.4059865 0
-158.64957 -38.827042 -2.4475026 0
-159.27084 -38.7491 -2.453156 0
-158.5822 -38.744862 -2.4529378 0
-158.86513 -38.629868 -2.4157305 0
-161.34746 -38.505413 -2.4825358 0
-161.19554 -38.570572 -2.4559703 0
-161.07614 -38.50457 -2.4505467 0
-160.91971 -38.517914 -2.4669774 0
-160.77718 -38.524166 -2.4653234 0
-160.66351 -38.555504 -2.4471054 0
-160.34343 -38.598923 -2.4213061 0
-160.23315 -38.547234 -2.4385257 0
-160.06493 -38.590286 -2.4061921 0
-159.1138 -38.588478 -2.4020784 0
-158.61589 -38.585083 -2.4419167 0
-162.7675 -38.402412 -2.4454288 0
-162.24484 -38.434582 -2.4369421 0
-161.78159 -38.485287 -2.4978244 0
-161.63588 -38.495335 -2.4962983 0
-161.4704 -38.446545 -2.4728687 0
-161.20676 -38.493752 -2.4794819 0
-160.49818 -38.44418 -2.4519842 0
-158.56674 -38.476196 -2.440346 0
-163.38327 -38.358593 -2.4675949 0
-162.38493 -38.387379 -2.4634349 0
-158.55763 -38.395447 -2.4275708 0
-158.50024 -36.515568 -2.462353 0
-158.49425 -36.271248 -2.4429901 0
-158.49857 -36.146103 -2.4358299 0
-158.40816 -35.533283 -2.457237 0
-158.45604 -35.192188 -2.4500382 0
-158.38411 -34.215553 -2.4842789 0
-158.3911 -33.867428 -2.4710684 0
-158.37971 -33.186764 -2.4170361 0
-158.34547 -32.964401 -2.4128306 0
-158.37549 -32.556751 -2.4815307 0
-158.3727 -32.383526 -2.4901929 0
-158.34061 -31.642532 -2.4383383 0
-158.27602 -29.698259 -2.4398744 0
-158.27861 -29.524973 -2.4293816 0
-158.2321 -29.402929 -2.451755 0
-158.20502 -29.012226 -2.4647558 0
-158.15279 -27.495647 -2.4272475 0
-158.15454 -27.344517 -2.4338276 0
-158.14955 -27.152958 -2.4253535 0
-157.95071 -22.571054 -2.4294074 0
-157.80272 -18.765253 -2.4119065 0
-162.3206 -49.676105 -2.306603 0
-162.26138 -49.058704 -2.3288701 0
-162.25343 -48.928539 -2.3116014 0
-162.25175 -48.839748 -2.3956416 0
-162.24455 -48.492867 -2.3136942 0
-162.24162 -48.275097 -2.3276234 0
-162.17479 -47.618874 -2.3771272 0
-162.25751 -47.478138 -2.3031635 0
-162.20047 -47.04475 -2.3128088 0
-162.18512 -47.064976 -2.3399744 0
-162.20024 -46.97871 -2.3598673 0
-162.17323 -46.969421 -2.3600414 0
-162.20551 -46.879776 -2.3521247 0
-162.0369 -46.830765 -2.3910406 0
-156.09904 -46.734322 -2.3026967 0
-162.16507 -46.532223 -2.3223231 0
-162.16051 -46.462505 -2.3164968 0
-162.14622 -46.213581 -2.3015933 0
-162.10933 -45.675961 -2.3410351 0
-161.52739 -45.630238 -2.3076971 0
-162.09485 -45.233028 -2.3136659 0
-161.92195 -45.103291 -2.3297172 0
-162.06522 -44.514225 -2.3877647 0
-162.05345 -44.118332 -2.3961844 0
-162.04909 -44.041191 -2.3909831 0
-162.04326 -43.921967 -2.3603811 0
-162.04434 -43.829796 -2.3619721 0
-161.51094 -43.763641 -2.3823893 0
-161.44055 -43.724602 -2.3600638 0
-162.02733 -43.648331 -2.3762007 0
-161.41776 -43.602898 -2.3040643 0
-161.33913 -43.679375 -2.3586218 0
-162.05615 -43.525871 -2.3361006 0
-161.96356 -43.524063 -2.3054919 0
-161.40543 -43.552013 -2.3819683 0
-162.04462 -43.445263 -2.3375602 0
-161.41782 -43.488148 -2.3927619 0
-162.01248 -42.52343 -2.3927135 0
-162.00139 -42.24913 -2.3739901 0
-161.97078 -41.71833 -2.3455508 0
-161.8434 -40.588497 -2.3437941 0
-161.8569 -40.37466 -2.3260517 0
-159.30647 -38.832207 -2.3715672 0
-159.17804 -38.821663 -2.385258 0
-164.71742 -38.628822 -2.3436861 0
-159.13673 -38.603447 -2.3808918 0
-161.38916 -38.51025 -2.3597889 0
-160.80795 -38.550545 -2.3789647 0
-159.81197 -38.55043 -2.3294489 0
-159.0199 -38.56958 -2.3558922 0
-158.9425 -38.568851 -2.3978 0
-158.60054 -38.52161 -2.3773363 0
-162.59822 -38.464622 -2.3470531 0
-162.35461 -38.432926 -2.340472 0
-162.10951 -38.45195 -2.3386891 0
-160.7133 -38.490284 -2.3292518 0
-158.46431 -36.822475 -2.3824701 0
-158.51602 -36.579262 -2.3727229 0
-158.4575 -36.127342 -2.3868165 0
-158.44513 -35.930939 -2.3848038 0
-158.42058 -35.307335 -2.3782654 0
-158.46495 -35.289165 -2.365411 0
-158.41991 -35.133705 -2.3709803 0
-158.38208 -35.118767 -2.3208444 0
-158.38951 -34.418159 -2.3299775 0
-158.4015 -34.302128 -2.356544 0
-158.42473 -34.197128 -2.3828866 0
-158.40039 -33.109104 -2.3758299 0
-158.3933 -33.117409 -2.3067412 0
-158.29424 -33.021523 -2.3346336 0
-158.35623 -32.759602 -2.3042626 0
-158.3203 -32.431263 -2.3784847 0
-158.33762 -32.26582 -2.3231766 0
-158.32381 -30.977299 -2.3985374 0
-158.25153 -30.083849 -2.3290088 0
-158.23929 -29.439392 -2.3402236 0
-158.24402 -29.007124 -2.396528 0
-158.26009 -28.819073 -2.3856108 0
-158.22356 -28.488607 -2.3641269 0
-158.18674 -28.485308 -2.390265 0
-158.25519 -28.253893 -2.3509207 0
-158.20659 -28.121889 -2.3411269 0
-158.10353 -27.544527 -2.3207474 0
-158.14651 -27.337631 -2.3137679 0
-158.11804 -26.236006 -2.3659115 0
-158.0491 -25.036585 -2.3285542 0
-158.03517 -23.534929 -2.3044512 0
-157.89285 -20.510021 -2.3092453 0
-157.68309 -15.551223 -2.3768857 0
-162.28604 -49.251125 -2.2508078 0
-162.31796 -48.874016 -2.2384808 0
-162.27002 -48.78661 -2.204474 0
-161.60309 -48.527004 -2.2845097 0
-162.24808 -48.41106 -2.2971001 0
-162.09596 -48.498039 -2.2172306 0
-162.25121 -48.328556 -2.2854402 0
-161.63274 -48.386616 -2.2560871 0
-162.23563 -48.059647 -2.2088761 0
-162.2056 -47.417614 -2.2496481 0
-162.20023 -47.184605 -2.2292631 0
-162.24374 -46.948269 -2.2327986 0
-156.13626 -46.709129 -2.2072082 0
-162.16885 -46.475399 -2.2496886 0
-162.1497 -46.365845 -2.2756178 0
-162.14383 -46.205303 -2.2684736 0
-162.17133 -46.145157 -2.2363169 0
-162.14864 -45.972321 -2.2254417 0
-162.16904 -45.852749 -2.2116303 0
-162.07848 -45.841148 -2.2731245 0
-162.16147 -45.552872 -2.219933 0
-162.11322 -45.387169 -2.2014844 0
-162.12381 -45.255524 -2.2156694 0
-162.13008 -44.739941 -2.2415392 0
-162.08006 -43.985123 -2.2349732 0
-161.44792 -43.76461 -2.2010481 0
-162.04308 -43.644791 -2.2132683 0
-161.39606 -43.422386 -2.2981465 0
-162.04898 -43.338623 -2.2166152 0
-162.03043 -42.83131 -2.2998805 0
-162.01984 -42.684856 -2.2454567 0
-161.9906 -41.739838 -2.2088885 0
-161.90143 -40.38485 -2.2619007 0
-161.06387 -38.519051 -2.2662969 0
-160.73447 -38.537739 -2.2605948 0
-160.22234 -38.561028 -2.271431 0
-160.05377 -38.530983 -2.2492058 0
-163.41393 -38.436531 -2.2880473 0
-161.90311 -38.46059 -2.2395155 0
-164.1523 -38.38913 -2.2409999 0
-158.57883 -38.166367 -2.2775404 0
-158.64415 -37.711567 -2.2478559 0
-158.54938 -37.292732 -2.2810404 0
-158.53731 -37.044937 -2.2162669 0
-158.52582 -36.718193 -2.237673 0
-158.48944 -36.388103 -2.2133098 0
-158.45825 -35.661217 -2.2762094 0
-158.46805 -35.362411 -2.2235813 0
-158.38553 -34.370243 -2.2272277 0
-158.36613 -34.28619 -2.2956648 0
-158.40385 -33.527737 -2.2767873 0
-158.35512 -33.284157 -2.264066 0
-158.34839 -33.140957 -2.2536447 0
-158.3766 -32.594933 -2.2978148 0
-158.34225 -32.198959 -2.2603674 0
-158.34822 -32.041546 -2.23596 0
-158.3181 -31.971848 -2.2561257 0
-158.28868 -31.923737 -2.2152445 0
-158.33545 -31.651735 -2.2547672 0
-158.32356 -31.310328 -2.2285721 0
-158.3064 -31.24637 -2.2070198 0
-158.27649 -30.566912 -2.2591364 0
-158.24179 -29.830599 -2.2117672 0
-158.19679 -28.481344 -2.2797539 0
-158.17929 -28.162176 -2.2595615 0
-158.09952 -26.284967 -2.2494178 0
-158.08884 -25.974581 -2.2227421 0
-158.09398 -25.769976 -2.2094507 0
-158.04858 -25.672031 -2.2046356 0
-157.9538 -24.3361 -2.2043636 0
-158.03625 -23.330221 -2.2979457 0
-157.94176 -23.245842 -2.2172582 0
-157.91638 -22.858536 -2.2147908 0
-157.8876 -22.43969 -2.2132106 0
-154.40706 -15.509958 -2.2981513 0
-179.06802 -49.870609 -2.1622095 0
-162.50099 -49.602337 -2.1259117 0
-162.38327 -49.517746 -2.1964653 0
-162.34402 -49.379265 -2.1229105 0
-161.67654 -49.186108 -2.1956217 0
-162.32899 -49.076138 -2.1081228 0
-162.27637 -48.706593 -2.1989958 0
-162.26985 -48.639561 -2.1895118 0
-162.28496 -48.463909 -2.1854236 0
-162.26175 -48.260094 -2.1538596 0
-162.2377 -48.145073 -2.1675024 0
-162.26491 -48.082794 -2.1551433 0
-162.22067 -47.719543 -2.1600428 0
-162.25381 -47.510571 -2.1027498 0
-162.27722 -46.93259 -2.1612411 0
-162.24377 -46.466805 -2.1651931 0
-162.18513 -46.465023 -2.1667786 0
-162.24292 -46.162151 -2.1240358 0
-162.1665 -46.0481 -2.1889331 0
-162.24377 -45.907505 -2.1068804 0
-162.17656 -45.958241 -2.1183689 0
-162.17007 -45.796806 -2.1026306 0
-162.14722 -45.558857 -2.1737185 0
-162.13914 -45.149174 -2.1572552 0
-162.10452 -45.089256 -2.1372402 0
-162.09004 -44.103077 -2.111834 0
-162.06621 -43.966446 -2.1843898 0
-162.12308 -43.84972 -2.1431746 0
-162.10034 -43.763756 -2.1869979 0
-162.09731 -43.526054 -2.1703684 0
-161.93553 -43.520847 -2.121604 0
-161.42746 -43.529881 -2.1210883 0
-161.38576 -43.562645 -2.1296582 0
-162.05569 -42.865902 -2.1416016 0
-162.07593 -42.023979 -2.197582 0
-162.05956 -41.773129 -2.1828101 0
-161.97044 -41.73447 -2.1361811 0
-161.95325 -41.584278 -2.1848226 0
-158.76741 -38.815914 -2.1985085 0
-158.61998 -38.640186 -2.1511719 0
-161.4115 -38.504791 -2.1086257 0
-160.91861 -38.518993 -2.1245911 0
-160.74463 -38.501331 -2.130923 0
-160.44843 -38.512844 -2.150408 0
-160.30638 -38.55024 -2.1303396 0
-160.20827 -38.534412 -2.1164808 0
-160.19705 -38.57056 -2.135643 0
-160.054 -38.543308 -2.1442883 0
-159.85788 -38.5425 -2.1099546 0
-163.42703 -38.453297 -2.1006975 0
-162.87091 -38.491035 -2.1116388 0
-162.71632 -38.433205 -2.1950724 0
-162.59079 -38.408897 -2.1351819 0
-162.41951 -38.460182 -2.1632838 0
-162.27682 -38.445534 -2.1384203 0
-162.1432 -38.46447 -2.1806471 0
-161.99605 -38.474972 -2.1346676 0
-161.79024 -38.443626 -2.129091 0
-161.60738 -38.458664 -2.1335881 0
-161.44678 -38.475994 -2.1297398 0
-161.24014 -38.459511 -2.1377237 0
-161.09259 -38.474918 -2.126487 0
-160.91997 -38.478077 -2.125608 0
-160.58046 -38.497269 -2.1248956 0
-164.46996 -38.355518 -2.1435978 0
-158.60283 -38.326168 -2.1265278 0
-158.55197 -38.255764 -2.1807835 0
-158.59035 -38.013657 -2.1488073 0
-158.5218 -37.811501 -2.1784272 0
-158.54309 -37.103809 -2.1336246 0
-158.44238 -36.61142 -2.1799576 0
-158.38512 -34.853436 -2.1774278 0
-158.37393 -33.517685 -2.1429937 0
-158.33466 -31.942841 -2.1808107 0
-158.27287 -31.026302 -2.1858897 0
-158.29805 -30.925884 -2.187228 0
-158.31061 -30.84572 -2.1493955 0
-158.2679 -30.332016 -2.1453664 0
-158.20241 -30.178888 -2.1615398 0
-158.27353 -29.590437 -2.1277552 0
-158.2216 -29.206184 -2.1312251 0
-158.21077 -29.067652 -2.1627705 0
-158.1806 -28.442295 -2.1566949 0
-158.11633 -27.411503 -2.1789429 0
-158.07935 -27.090858 -2.1941822 0
-158.16655 -26.397026 -2.1127388 0
-158.06213 -26.086845 -2.1983478 0
-158.05592 -25.477062 -2.1872902 0
-158.05615 -25.273523 -2.1759467 0
-158.04457 -25.08749 -2.1634555 0
-158.05066 -24.887777 -2.1505091 0
-158.01686 -23.09264 -2.183526 0
-157.96422 -22.394478 -2.1030145 0
-157.79845 -18.080891 -2.1671243 0
-155.00436 -15.715411 -2.1236131 0
-162.37758 -49.936108 -2.0925434 0
-162.00275 -49.665657 -2.0936203 0
-162.38354 -49.543682 -2.0381227 0
-162.4113 -49.42194 -2.0340571 0
-161.65248 -49.095383 -2.0264454 0
-179.04494 -48.946106 -2.006732 0
-162.3347 -48.934856 -2.0902736 0
-162.32812 -48.745689 -2.0530789 0
-179.07928 -48.663517 -2.0151353 0
-162.33157 -48.634926 -2.0700181 0
-162.28796 -48.672394 -2.0901401 0
-162.33321 -48.397305 -2.001687 0
-162.35501 -48.149437 -2.0237236 0
-162.21375 -48.027283 -2.0758014 0
-162.32913 -47.95491 -2.0204842 0
-162.24989 -47.95108 -2.0575261 0
-162.27478 -47.436195 -2.0458732 0
-162.25972 -47.340351 -2.087538 0
-162.26086 -47.120644 -2.0441113 0
-162.27187 -46.950024 -2.0322285 0
-162.23523 -46.720985 -2.066359 0
-162.14844 -46.757526 -2.0528383 0
-162.20964 -45.7202 -2.0654655 0
-162.26018 -45.326164 -2.0095785 0
-162.16664 -45.110672 -2.0426002 0
-161.48157 -44.947132 -2.00067 0
-161.46149 -44.782784 -2.0373919 0
-162.1479 -43.977837 -2.0111947 0
-162.21312 -43.79718 -2.0442858 0
-161.46091 -43.756798 -2.0050831 0
-161.33217 -43.788567 -2.0585346 0
-162.12013 -43.658787 -2.0104063 0
-162.06618 -43.389862 -2.0673416 0
-162.24202 -43.056812 -2.0223269 0
-162.08548 -42.00618 -2.0136497 0
-162.02393 -41.552059 -2.0771425 0
-162.84062 -40.400291 -2.092844 0
-158.57971 -38.799831 -2.0403225 0
-164.75102 -38.609264 -2.0875235 0
-158.7606 -38.654709 -2.0276856 0
-161.81621 -38.518326 -2.0136273 0
-161.28175 -38.519707 -2.0217762 0
-161.13205 -38.513969 -2.0170922 0
-160.96677 -38.522629 -2.0122633 0
-160.81229 -38.511707 -2.0070028 0
-160.48541 -38.541676 -2.0365686 0
-160.27214 -38.567604 -2.0273578 0
-160.03868 -38.549931 -2.0341403 0
-159.5121 -38.565014 -2.0294392 0
-159.30757 -38.564938 -2.0877969 0
-159.16312 -38.57029 -2.0827553 0
-159.00665 -38.570297 -2.0047922 0
-164.69138 -38.436714 -2.0845134 0
-163.96579 -38.443436 -2.0892279 0
-163.67166 -38.431072 -2.096348 0
-162.3381 -38.459393 -2.0641491 0
-162.19325 -38.484978 -2.0417142 0
-162.03398 -38.468906 -2.0358658 0
-161.73 -38.447296 -2.0256405 0
-161.36128 -38.48547 -2.076436 0
-158.60095 -38.422276 -2.0389702 0
-164.54404 -38.393559 -2.0142312 0
-164.28233 -38.385456 -2.0431409 0
-158.57579 -38.196655 -2.0037754 0
-158.55994 -37.448753 -2.0566478 0
-158.5024 -36.835541 -2.064019 0
-158.51343 -35.968063 -2.0126791 0
-158.42361 -33.771297 -2.0113223 0
-158.39835 -33.677261 -2.046041 0
-158.30904 -32.093716 -2.0611155 0
-158.20198 -28.597157 -2.028296 0
-158.01703 -24.030804 -2.0543637 0
-158.00192 -23.568956 -2.0627902 0
-157.95682 -21.829189 -2.0102088 0
-157.8502 -19.949085 -2.031991 0
-154.30365 -15.907096 -2.0866709 0
-179.07263 -49.670521 -1.9758357 0
-162.59116 -49.579449 -1.9470789 0
-161.70085 -49.583996 -1.944883 0
-179.07033 -49.494476 -1.9284948 0
-161.65062 -49.303139 -1.9007213 0
-161.61679 -49.219242 -1.9463272 0
-161.64035 -49.093105 -1.9628046 0
-162.39423 -48.950745 -1.9932337 0
-162.38634 -48.837585 -1.9832021 0
-179.07831 -48.719322 -1.9626697 0
-162.40349 -48.412189 -1.9137819 0
-162.40044 -48.113525 -1.9278212 0
-162.37924 -48.041817 -1.925586 0
-162.28758 -47.941235 -1.9357353 0
-162.32104 -47.720699 -1.9985901 0
-162.30515 -47.26524 -1.9513018 0
-162.24263 -46.605568 -1.9917769 0
-162.31897 -46.525661 -1.9080923 0
-162.28432 -46.474037 -1.9442412 0
-162.23788 -46.09655 -1.9820834 0
-162.23975 -45.85173 -1.9572304 0
-162.21077 -45.786396 -1.969826 0
-162.18787 -45.788383 -1.9068128 0
-161.55855 -44.780674 -1.9122187 0
-161.46071 -43.779171 -1.9326599 0
-162.13733 -43.602776 -1.9132633 0
-162.08171 -43.583523 -1.9093865 0
-161.43674 -43.528534 -1.9580643 0
-161.40686 -43.460194 -1.9486879 0
-162.12889 -42.491943 -1.90319 0
-162.10741 -41.826614 -1.9389423 0
-159.72943 -38.820713 -1.9081467 0
-159.9453 -38.629776 -1.9417014 0
-159.66025 -38.647106 -1.9396399 0
-158.95892 -38.607582 -1.9932452 0
-158.64717 -38.632359 -1.9636538 0
-164.73201 -38.500549 -1.908192 0
-161.78165 -38.515968 -1.9190475 0
-161.28308 -38.515198 -1.933967 0
-161.13544 -38.51828 -1.9276587 0
-160.86345 -38.53064 -1.9200042 0
-160.2561 -38.55743 -1.9067277 0
-159.82047 -38.547413 -1.980137 0
-159.78474 -38.571754 -1.9862449 0
-159.50249 -38.587276 -1.9764918 0
-159.47989 -38.563263 -1.9894609 0
-159.30946 -38.581535 -1.9243774 0
-159.02885 -38.592285 -1.970219 0
-158.60339 -38.580189 -1.9998951 0
-164.31465 -38.400372 -1.9887031 0
-164.15033 -38.422447 -1.9900414 0
-164.01147 -38.406124 -1.9041111 0
-163.38168 -38.428272 -1.9987248 0
-163.14253 -38.489265 -1.9560546 0
-163.03488 -38.41058 -1.9585885 0
-162.88637 -38.406437 -1.9452964 0
-162.73494 -38.46468 -1.9631796 0
-162.57666 -38.425453 -1.9266155 0
-162.3804 -38.471695 -1.9937358 0
-162.13719 -38.459236 -1.968843 0
-161.96864 -38.471569 -1.9370271 0
-161.78386 -38.481361 -1.9346578 0
-160.96509 -38.491982 -1.9364558 0
-160.8788 -38.499298 -1.9076939 0
-160.6077 -38.499294 -1.9546531 0
-165.1069 -38.341164 -1.9060942 0
-163.90837 -38.358429 -1.9544818 0
-163.7809 -38.384258 -1.9894618 0
-163.19124 -38.398579 -1.9702221 0
-158.56689 -37.973129 -1.9440627 0
-158.53511 -37.658646 -1.9646006 0
-158.54051 -37.187145 -1.9245499 0
-158.4971 -36.699196 -1.9218085 0
-158.52066 -36.546471 -1.9801352 0
-158.51079 -36.182098 -1.9523749 0
-158.4967 -35.832943 -1.9254819 0
-158.48338 -35.119759 -1.9558151 0
-158.34138 -32.575977 -1.9459686 0
-158.29767 -30.564541 -1.9974569 0
-158.20891 -30.273783 -1.9128131 0
-158.2507 -29.965216 -1.9240541 0
-158.21518 -28.544836 -1.9908985 0
-158.16667 -27.868477 -1.9153066 0
-158.09221 -24.428467 -1.9862264 0
-158.00432 -23.071363 -1.9868896 0
-157.94633 -22.190441 -1.9709804 0
-157.94223 -21.727688 -1.940949 0
-157.94347 -21.695629 -1.9148142 0
-157.90714 -21.149746 -1.9017342 0
-157.92128 -19.970221 -1.9287945 0
-157.79025 -17.767511 -1.9518539 0
-154.34317 -15.960877 -1.9659251 0
-162.52852 -49.574188 -1.8560401 0
-162.48564 -49.046898 -1.8616266 0
-161.74126 -49.067356 -1.8871826 0
-162.50186 -48.973358 -1.828504 0
-162.47847 -48.952549 -1.8556104 0
-179.08554 -48.856289 -1.829901 0
-162.48404 -48.843864 -1.8504856 0
-162.47556 -48.746323 -1.8470775 0
-162.4716 -48.676514 -1.8462175 0
-162.48119 -48.595657 -1.8386736 0
-178.95839 -48.404842 -1.8762473 0
-162.0233 -48.387249 -1.8683934 0
-162.49593 -48.15377 -1.8579983 0
-162.39462 -48.133965 -1.8777168 0
-162.3994 -47.704815 -1.8954175 0
-162.46613 -47.64241 -1.8463398 0
-162.38898 -47.630981 -1.8902074 0
-162.40396 -47.386265 -1.8574257 0
-162.40813 -47.293873 -1.8631819 0
-162.47809 -46.916069 -1.8153243 0
-162.31732 -46.641338 -1.8893492 0
-162.32791 -46.316845 -1.8552531 0
-162.32507 -46.280094 -1.8906918 0
-162.36401 -46.113388 -1.8659705 0
-162.31491 -46.043365 -1.8721287 0
-162.30354 -45.947014 -1.8506575 0
-162.35367 -45.41349 -1.8278179 0
-162.25888 -45.224697 -1.8478154 0
-162.35638 -45.194221 -1.8791425 0
-162.27153 -45.190563 -1.8686173 0
-161.43132 -44.8116 -1.8877571 0
-161.40422 -44.70472 -1.8309078 0
-162.24844 -44.495361 -1.8255616 0
-162.01416 -44.088444 -1.8081409 0
-161.35155 -43.700771 -1.8309122 0
-162.23436 -43.339653 -1.8069692 0
-162.17239 -43.268944 -1.8691409 0
-162.06866 -42.408695 -1.8940194 0
-162.10367 -42.325111 -1.8905705 0
-162.15517 -42.265762 -1.8687092 0
-162.1723 -42.04306 -1.8254175 0
-162.13756 -41.703606 -1.8260012 0
-162.09879 -38.721954 -1.8922006 0
-161.35941 -38.760593 -1.8967116 0
-164.78949 -38.643829 -1.8521926 0
-163.81798 -38.676819 -1.8872911 0
-159.13539 -38.613834 -1.8070499 0
-161.70667 -38.522148 -1.881169 0
-161.1852 -38.532185 -1.8888305 0
-160.25247 -38.567528 -1.8137999 0
-160.03131 -38.527134 -1.8937078 0
-159.90433 -38.58091 -1.8837932 0
-159.8889 -38.533421 -1.8725433 0
-159.7393 -38.530815 -1.8912314 0
-159.69551 -38.566513 -1.8681767 0
-159.59857 -38.537945 -1.885601 0
-159.45273 -38.549774 -1.8851281 0
-159.34705 -38.563911 -1.8772526 0
-159.18074 -38.543571 -1.8777176 0
-159.02989 -38.555523 -1.8770355 0
-158.88948 -38.58263 -1.8729367 0
-158.58359 -38.550781 -1.850664 0
-165.10812 -38.42083 -1.8342019 0
-164.01552 -38.419155 -1.8601894 0
-163.63461 -38.442123 -1.8313847 0
-163.54874 -38.431271 -1.8991151 0
-163.45355 -38.443958 -1.8465831 0
-163.13986 -38.411469 -1.8195106 0
-162.84618 -38.437256 -1.8918538 0
-162.74408 -38.463787 -1.8959321 0
-162.48294 -38.471558 -1.8990545 0
-162.17918 -38.448071 -1.832885 0
-161.90503 -38.497841 -1.8225452 0
-161.55045 -38.478111 -1.8414133 0
-163.75171 -38.370014 -1.8417573 0
-163.3839 -38.375992 -1.8134304 0
-158.55791 -38.396427 -1.8467602 0
-158.541 -38.293137 -1.8283098 0
-158.55417 -38.104427 -1.8113047 0
-158.57729 -38.087109 -1.8982278 0
-158.6013 -37.905979 -1.8772559 0
-158.56326 -37.639751 -1.8476764 0
-158.55226 -37.334564 -1.8908725 0
-158.53571 -37.077141 -1.8012633 0
-158.4841 -36.647614 -1.8848587 0
-158.47034 -36.047325 -1.838758 0
-158.45105 -35.155159 -1.8576093 0
-158.521 -34.406551 -1.8978962 0
-158.33121 -32.446732 -1.80292 0
-158.31178 -31.700712 -1.8716669 0
-158.22615 -28.631073 -1.8488574 0
-158.21907 -28.471792 -1.8344837 0
-158.19304 -27.930809 -1.8829321 0
-158.0468 -24.700649 -1.8777219 0
-157.91708 -21.563986 -1.8764876 0
-157.96272 -21.023537 -1.8986315 0
-157.84283 -19.650887 -1.8018026 0
-157.71242 -16.576027 -1.8356407 0
-154.58936 -15.652347 -1.8533573 0
-157.69067 -15.215908 -1.8274632 0
-162.66893 -49.997063 -1.7059358 0
-162.66191 -49.423439 -1.7079703 0
-162.5882 -49.352978 -1.7563548 0
-162.53479 -48.831757 -1.779691 0
-162.51547 -48.334095 -1.7765298 0
-162.46973 -47.984787 -1.7018799 0
-162.53476 -47.743046 -1.7957405 0
-162.16792 -47.789761 -1.793651 0
-162.47505 -47.583889 -1.7854739 0
-162.46646 -46.831467 -1.7571561 0
-162.53729 -46.755371 -1.7007912 0
-162.46799 -46.492493 -1.7281971 0
-162.44797 -46.219398 -1.7844448 0
-162.39522 -45.507656 -1.7218286 0
-162.35625 -45.492863 -1.7718916 0
-162.37727 -45.353672 -1.7521578 0
-162.36533 -45.263241 -1.7484522 0
-162.34984 -45.036728 -1.7592255 0
-161.42262 -44.662109 -1.79882 0
-162.35214 -44.583775 -1.7846029 0
-162.34149 -44.218864 -1.7268434 0
-161.43954 -43.787254 -1.7433372 0
-162.2636 -43.653294 -1.7401017 0
-162.29729 -43.143005 -1.7008018 0
-162.17644 -42.459599 -1.7940407 0
-162.97157 -40.634129 -1.7498147 0
-158.63916 -38.838379 -1.7339158 0
-158.67012 -38.722828 -1.7442091 0
-158.61203 -38.652687 -1.7141886 0
-161.47249 -38.513557 -1.7464743 0
-160.82452 -38.505283 -1.783352 0
-160.79137 -38.508999 -1.756457 0
-160.55206 -38.517433 -1.7602028 0
-160.41837 -38.505112 -1.7574767 0
-160.03004 -38.550877 -1.741418 0
-159.99335 -38.527248 -1.7290287 0
-159.84236 -38.555939 -1.7592635 0
-159.59538 -38.551914 -1.7829503 0
-159.24902 -38.579689 -1.7586982 0
-159.04094 -38.576313 -1.7193099 0
-158.89772 -38.575676 -1.7171086 0
-162.65059 -38.458229 -1.7903242 0
-162.46556 -38.452816 -1.7961363 0
-162.32481 -38.455563 -1.7865195 0
-162.2816 -38.470024 -1.7505541 0
-161.79079 -38.47459 -1.7809373 0
-161.52823 -38.486565 -1.7850029 0
-161.44608 -38.499538 -1.750772 0
-161.23952 -38.496513 -1.7870439 0
-164.18939 -38.397045 -1.7590392 0
-158.57652 -38.171879 -1.7499157 0
-158.59163 -38.034122 -1.758309 0
-158.55598 -37.887211 -1.7371391 0
-158.54285 -37.76268 -1.7742616 0
-158.54404 -37.5741 -1.7179148 0
-158.48373 -37.161381 -1.7235383 0
-158.5377 -36.89122 -1.7525986 0
-158.55147 -36.753994 -1.7977636 0
-158.49745 -36.142521 -1.7259339 0
-158.49608 -35.991394 -1.7702645 0
-158.49019 -35.756939 -1.7133187 0
-158.49745 -35.561962 -1.7160763 0
-158.47229 -35.27483 -1.7068617 0
-158.45909 -34.940338 -1.7509904 0
-158.44696 -34.549431 -1.718904 0
-158.55811 -34.369659 -1.7693332 0
-158.42532 -34.067966 -1.7797655 0
-158.41904 -33.678425 -1.7503511 0
-158.38971 -33.055111 -1.7935966 0
-158.37979 -32.578411 -1.7413051 0
-158.38237 -32.365559 -1.7701348 0
-158.34694 -32.097572 -1.7095343 0
-158.30466 -30.627071 -1.7505447 0
-158.26675 -29.911104 -1.711468 0
-158.17319 -28.97353 -1.7611389 0
-158.10893 -26.372946 -1.7650807 0
-158.11539 -26.173355 -1.7595658 0
-158.09877 -26.037199 -1.7734833 0
-158.09193 -25.99374 -1.7484951 0
-158.05844 -25.793934 -1.7414691 0
-158.1002 -25.57468 -1.7317089 0
-158.07169 -25.405035 -1.7207345 0
-158.07832 -25.18046 -1.7145038 0
-158.05426 -25.050888 -1.747324 0
-157.93848 -22.286135 -1.7280462 0
-157.85225 -18.756773 -1.7589623 0
-157.64037 -14.507514 -1.7153368 0
-179.11737 -49.882599 -1.6931018 0
-162.84511 -49.81966 -1.6105756 0
-161.71072 -49.891273 -1.6448811 0
-162.68961 -49.548702 -1.6839303 0
-179.07179 -49.394184 -1.6594899 0
-162.69771 -48.907963 -1.6616123 0
-162.66553 -47.670425 -1.6413749 0
-162.50137 -46.902199 -1.6800723 0
-156.10284 -46.842419 -1.6501921 0
-162.44823 -45.725983 -1.6204565 0
-162.46527 -44.288052 -1.6041491 0
-162.35425 -41.984798 -1.6506442 0
-162.95499 -40.589012 -1.6966189 0
-158.67046 -38.832172 -1.6467217 0
-158.70938 -38.722027 -1.6674976 0
-159.31947 -38.609245 -1.6617792 0
-159.07634 -38.631844 -1.652386 0
-158.87492 -38.622433 -1.6579701 0
-161.12073 -38.536797 -1.6731724 0
-160.68033 -38.527378 -1.658946 0
-159.91354 -38.571774 -1.6975667 0
-159.74203 -38.552628 -1.6428883 0
-159.6628 -38.576454 -1.6531209 0
-158.94365 -38.590473 -1.6547503 0
-162.48357 -38.458656 -1.6921449 0
-161.27988 -38.49509 -1.6822561 0
-158.5665 -38.409847 -1.681905 0
-158.54926 -38.093342 -1.6449853 0
-158.55154 -37.930958 -1.6703804 0
-158.54518 -37.124794 -1.6169626 0
-158.54512 -36.99522 -1.6824579 0
-158.50055 -36.611046 -1.6657175 0
-158.53891 -36.29306 -1.6281487 0
-158.50536 -36.188313 -1.6655358 0
-158.54071 -35.761902 -1.6614953 0
-158.47951 -35.659309 -1.689791 0
-158.47528 -35.064896 -1.6803256 0
-158.45952 -34.972649 -1.6161963 0
-158.4469 -34.517166 -1.6406893 0
-158.46666 -34.426258 -1.6373292 0
-158.39803 -32.560314 -1.6602886 0
-158.35167 -31.891792 -1.6357045 0
-158.44304 -30.776117 -1.6556681 0
-158.30913 -30.494875 -1.6431786 0
-158.2574 -29.406944 -1.6721627 0
-158.13454 -26.354637 -1.6650759 0
-157.84067 -19.046354 -1.6784825 0
-157.83615 -18.704174 -1.6615508 0
-157.8013 -18.010168 -1.6931275 0
-157.81038 -16.818319 -1.6715102 0
-161.73924 -49.975914 -1.5973276 0
-179.10857 -49.880825 -1.5821692 0
-163.05858 -49.536102 -1.5464742 0
-179.0612 -49.024338 -1.5176656 0
-163.04274 -49.007782 -1.5146859 0
-163.05835 -48.865883 -1.5030729 0
-178.9946 -48.553921 -1.5802016 0
-162.78065 -48.444809 -1.554806 0
-162.8457 -48.060783 -1.5154434 0
-162.7655 -48.066128 -1.5372856 0
-162.67238 -48.032379 -1.5179263 0
-162.8013 -47.856216 -1.5631868 0
-162.82289 -47.343128 -1.545723 0
-162.75542 -47.146717 -1.5603496 0
-162.65884 -46.420536 -1.5696861 0
-162.67505 -46.326023 -1.5594282 0
-162.66087 -46.255772 -1.5553238 0
-162.69208 -46.161472 -1.545172 0
-162.71336 -46.062042 -1.5346736 0
-162.69406 -46.00198 -1.5260861 0
-162.60434 -45.912392 -1.5951197 0
-162.72047 -45.892632 -1.515071 0
-162.69608 -45.837219 -1.511713 0
-162.58197 -45.808422 -1.5460272 0
-162.6633 -44.40456 -1.5289673 0
-162.66878 -44.297153 -1.5178671 0
-161.3671 -44.218071 -1.5958695 0
-162.48859 -43.978123 -1.5826085 0
-161.42184 -43.902233 -1.5696944 0
-161.3974 -43.871159 -1.5227643 0
-161.396 -43.650818 -1.5741673 0
-162.41257 -42.950863 -1.5702264 0
-162.32201 -42.21014 -1.5711071 0
-162.37097 -41.858326 -1.5581843 0
-158.63928 -38.817223 -1.5839491 0
-158.59615 -38.829056 -1.5186063 0
-158.85306 -38.694454 -1.5373924 0
-162.02063 -38.502022 -1.5683172 0
-161.51912 -38.546383 -1.5027372 0
-161.48599 -38.501251 -1.5092393 0
-161.3696 -38.500561 -1.5560883 0
-160.86287 -38.515495 -1.5565708 0
-160.57689 -38.525375 -1.5926524 0
-160.42088 -38.522774 -1.5636377 0
-160.3912 -38.532326 -1.5965036 0
-160.06384 -38.566643 -1.5726219 0
-159.3317 -38.574841 -1.5669138 0
-163.39465 -38.407272 -1.5725945 0
-163.21333 -38.417625 -1.5711614 0
-163.05264 -38.430748 -1.5474212 0
-162.88737 -38.41161 -1.564664 0
-162.69899 -38.421703 -1.5627726 0
-162.50269 -38.445469 -1.5658857 0
-162.31769 -38.459225 -1.564347 0
-162.27249 -38.477123 -1.5507374 0
-162.00145 -38.461838 -1.5143696 0
-165.67252 -38.312115 -1.5874486 0
-165.57425 -38.362354 -1.5271447 0
-165.40308 -38.349758 -1.5941315 0
-165.23167 -38.353725 -1.5298427 0
-158.60403 -38.141445 -1.5687274 0
-158.58415 -37.910751 -1.5063154 0
-158.55003 -37.699501 -1.5532305 0
-158.52591 -36.661251 -1.5762208 0
-158.53719 -36.448078 -1.560438 0
-158.47389 -35.46545 -1.5773815 0
-158.4044 -35.245556 -1.5411906 0
-158.43013 -35.026978 -1.5487182 0
-158.43927 -34.283989 -1.5763782 0
-158.39487 -34.092297 -1.5230722 0
-158.47635 -33.812466 -1.5102013 0
-158.42584 -33.755402 -1.5695115 0
-158.40958 -33.506405 -1.5113181 0
-158.3976 -33.124882 -1.5497336 0
-158.39125 -32.864532 -1.5850986 0
-158.43558 -31.456844 -1.5836322 0
-158.33224 -31.449896 -1.565195 0
-158.29779 -30.67325 -1.5895973 0
-158.23859 -28.789228 -1.5244439 0
-158.17868 -28.401712 -1.5731182 0
-158.21019 -28.387289 -1.5232002 0
-158.33655 -28.229952 -1.5700076 0
-158.0941 -26.651394 -1.522916 0
-158.02505 -25.355656 -1.5158881 0
-158.04776 -24.46048 -1.5320841 0
-158.00197 -23.725231 -1.5867416 0
-157.99373 -23.548584 -1.5708653 0
-158.00113 -23.355961 -1.5547702 0
-157.9705 -23.176128 -1.5426799 0
-157.97661 -22.160463 -1.5499303 0
-157.84616 -19.832224 -1.5710857 0
-157.74013 -16.322472 -1.5808743 0
-157.72412 -16.205158 -1.5030899 0
-157.77057 -15.954366 -1.5345289 0
-154.4884 -15.495535 -1.5079268 0
-157.68272 -15.340816 -1.5811906 0
-179.14456 -49.967484 -1.4541662 0
-161.6532 -49.918346 -1.4952061 0
-161.61438 -49.746601 -1.4347835 0
-179.1194 -49.56485 -1.4287485 0
-179.09993 -49.47089 -1.4135381 0
-161.62892 -49.451233 -1.4977888 0
-179.07048 -49.312134 -1.4219829 0
-161.56207 -49.34148 -1.4635372 0
-161.5733 -49.266613 -1.4250151 0
-161.64081 -49.107849 -1.4699767 0
-161.69841 -48.796017 -1.4538466 0
-163.07228 -48.616604 -1.4738777 0
-161.61035 -48.436653 -1.4431798 0
-161.6041 -48.230377 -1.4235796 0
-161.58569 -48.11451 -1.4462924 0
-163.38274 -48.047409 -1.401867 0
-161.59468 -48.04472 -1.4363302 0
-161.59366 -47.97509 -1.4259573 0
-161.58504 -47.843502 -1.4088341 0
-161.61081 -47.696468 -1.4466934 0
-161.604 -47.501015 -1.4309514 0
-162.95456 -47.340855 -1.4763387 0
-161.52988 -47.379967 -1.4984778 0
-155.99033 -47.002983 -1.4929234 0
-161.58473 -46.931286 -1.4974161 0
-156.06915 -46.969318 -1.4614972 0
-162.95894 -46.826061 -1.4682052 0
-162.89369 -46.571175 -1.4810053 0
-161.51469 -46.12785 -1.4012454 0
-162.75183 -45.861618 -1.4924028 0
-161.56458 -45.543625 -1.4567611 0
-161.448 -45.147671 -1.4307684 0
-162.85486 -44.767265 -1.4371946 0
-161.46213 -44.773438 -1.4289894 0
-161.3557 -44.557114 -1.4915068 0
-161.4249 -44.453949 -1.4318982 0
-162.74034 -44.38316 -1.4950366 0
-162.57179 -42.503456 -1.4638085 0
-162.53815 -42.387573 -1.4832953 0
-162.605 -41.73724 -1.4431583 0
-162.42096 -41.646481 -1.4731798 0
-158.79332 -38.649292 -1.4394667 0
-158.61214 -38.683388 -1.4521424 0
-161.11795 -38.510403 -1.4932765 0
-160.43417 -38.52306 -1.4221555 0
-160.3298 -38.546356 -1.4778697 0
-160.24371 -38.52523 -1.4959487 0
-160.07921 -38.550262 -1.4684983 0
-159.93867 -38.550877 -1.4772667 0
-159.81313 -38.563858 -1.4631972 0
-159.5208 -38.551468 -1.4957577 0
-159.39122 -38.593681 -1.453913 0
-159.20445 -38.561157 -1.4919119 0
-164.7018 -38.403679 -1.4670423 0
-163.52039 -38.436588 -1.4631977 0
-162.33109 -38.48106 -1.4368203 0
-162.18196 -38.453159 -1.4062158 0
-161.50209 -38.477642 -1.4372491 0
-158.56639 -38.402451 -1.4275367 0
-164.33138 -38.359531 -1.4789436 0
-163.89722 -38.380371 -1.4738852 0
-163.39299 -38.389008 -1.4630738 0
-158.57599 -37.856663 -1.4623727 0
-158.5672 -37.736679 -1.4797674 0
-158.56238 -37.543884 -1.4515214 0
-158.55577 -37.357891 -1.4241014 0
-158.60977 -36.824478 -1.4206318 0
-158.50964 -35.838512 -1.4617949 0
-158.42599 -35.221195 -1.4578841 0
-158.50276 -35.022305 -1.4237686 0
-158.46579 -34.821003 -1.4305136 0
-158.38837 -34.601566 -1.4822367 0
-158.43153 -34.18668 -1.4771179 0
-158.4193 -33.830574 -1.4779589 0
-158.38953 -33.377155 -1.4094368 0
-158.37331 -33.026588 -1.4618026 0
-158.37727 -32.990669 -1.4969338 0
-158.33609 -32.47242 -1.4877722 0
-158.33658 -32.162102 -1.4393574 0
-158.33806 -31.175816 -1.4135587 0
-158.29469 -30.774797 -1.4177756 0
-158.30344 -30.557049 -1.4940059 0
-158.2699 -29.944262 -1.4453175 0
-158.19157 -27.651955 -1.4486872 0
-157.86523 -19.755962 -1.4473734 0
-157.86862 -19.431398 -1.409582 0
-154.39539 -15.350698 -1.4939469 0
-165.36667 -49.977116 -1.3873061 0
-161.60814 -49.995907 -1.3689905 0
-161.69791 -49.887848 -1.369779 0
-179.08459 -48.968998 -1.3708208 0
-163.24942 -48.012592 -1.3970397 0
-163.06238 -47.982811 -1.3962071 0
-161.58199 -47.008648 -1.3912177 0
-161.55368 -46.976326 -1.3445868 0
-156.00447 -46.863167 -1.3597792 0
-161.52338 -45.947376 -1.3870676 0
-161.46906 -45.99733 -1.3516984 0
-163.12575 -45.808594 -1.3152161 0
-163.186 -45.773613 -1.3644383 0
-162.8694 -45.755268 -1.3814784 0
-161.4826 -45.001434 -1.3779657 0
-161.44516 -44.974415 -1.3734771 0
-165.35503 -44.688904 -1.3210689 0
-163.52039 -44.430542 -1.327757 0
-161.42776 -44.182457 -1.3975536 0
-161.43089 -44.021069 -1.398119 0
-163.49722 -43.964409 -1.3150187 0
-161.41573 -43.932766 -1.3732159 0
-161.39586 -43.845493 -1.3376431 0
-161.40431 -43.628006 -1.3308408 0
-163.14612 -43.583195 -1.3017519 0
-161.43523 -43.564095 -1.3323137 0
-161.33011 -38.514408 -1.3019608 0
-160.82545 -38.521755 -1.3566664 0
-160.46344 -38.528969 -1.3328903 0
-160.38976 -38.526325 -1.3277171 0
-159.9062 -38.531792 -1.3605624 0
-159.87392 -38.556957 -1.3321226 0
-159.70831 -38.555908 -1.3827342 0
-159.54161 -38.576405 -1.3077884 0
-159.46678 -38.598217 -1.3195961 0
-159.27039 -38.57885 -1.3662868 0
-159.1015 -38.580814 -1.361411 0
-158.59537 -38.503464 -1.3870963 0
-163.28455 -38.403549 -1.3624392 0
-163.01353 -38.440495 -1.3395824 0
-162.08461 -38.458492 -1.3161639 0
-161.86353 -38.459133 -1.3449878 0
-165.91621 -38.309349 -1.3548434 0
-165.24194 -38.333111 -1.3646133 0
-164.43962 -38.356503 -1.3455312 0
-158.55247 -37.973358 -1.3839759 0
-158.53946 -37.655602 -1.3566958 0
-158.55093 -37.165104 -1.3958485 0
-158.58888 -36.415318 -1.3691118 0
-158.45915 -35.994171 -1.3726168 0
-158.52376 -35.769733 -1.3562608 0
-158.45714 -35.793194 -1.3459684 0
-158.44276 -35.129848 -1.3888359 0
-158.40613 -34.321308 -1.3474383 0
-158.44447 -34.228043 -1.3870003 0
-158.43311 -33.828316 -1.3476368 0
-158.37299 -33.582504 -1.382477 0
-158.46835 -32.633396 -1.3453116 0
-158.37845 -32.547474 -1.3089418 0
-158.33134 -32.368671 -1.3249589 0
-158.32462 -31.994394 -1.3989894 0
-158.32501 -31.315989 -1.3473732 0
-158.31087 -31.196167 -1.3225952 0
-158.27094 -30.89735 -1.3406664 0
-158.25664 -30.517645 -1.3956745 0
-158.26498 -30.193752 -1.3670158 0
-158.298 -30.001215 -1.3324584 0
-158.26944 -29.875631 -1.3434976 0
-158.23709 -29.161703 -1.3809394 0
-158.22491 -28.847876 -1.3511145 0
-158.1666 -27.557159 -1.3212272 0
-158.14403 -26.610441 -1.3428668 0
-158.08424 -25.657463 -1.3731977 0
-157.99028 -22.429752 -1.3254182 0
-155.04987 -14.883211 -1.3255336 0
-161.70061 -49.875153 -1.2985466 0
-161.6839 -49.84322 -1.2516046 0
-161.62306 -47.039742 -1.231463 0
-162.31316 -44.533833 -1.267343 0
-163.39615 -43.908695 -1.2859657 0
-162.62009 -43.837353 -1.2537925 0
-163.94495 -43.734638 -1.2412832 0
-163.50011 -43.652489 -1.2449359 0
-163.74776 -43.461727 -1.2192221 0
-163.25557 -43.448761 -1.2357666 0
-162.96097 -43.443157 -1.2148602 0
-162.60909 -43.464668 -1.213625 0
-162.40054 -43.488121 -1.2357411 0
-163.5993 -43.377956 -1.2413505 0
-164.06096 -43.271935 -1.2533578 0
-162.97377 -40.66486 -1.2916616 0
-162.96835 -40.573925 -1.2876327 0
-158.68443 -38.820869 -1.2247089 0
-161.93776 -38.506851 -1.218714 0
-161.2433 -38.510159 -1.2034832 0
-160.81596 -38.521492 -1.2022984 0
-160.73648 -38.536427 -1.2041664 0
-160.56963 -38.531502 -1.2154363 0
-160.32323 -38.541832 -1.2235855 0
-160.02145 -38.534195 -1.2713528 0
-159.92339 -38.556038 -1.2385178 0
-159.59776 -38.580303 -1.2533998 0
-158.97063 -38.59737 -1.2685208 0
-164.32478 -38.400066 -1.2181441 0
-163.90588 -38.417427 -1.206829 0
-163.6981 -38.417145 -1.2170247 0
-163.53697 -38.409054 -1.2144302 0
-163.41222 -38.450264 -1.261502 0
-163.37111 -38.435574 -1.2192876 0
-162.77785 -38.442913 -1.2931565 0
-162.62137 -38.446583 -1.2536459 0
-161.73026 -38.489891 -1.2069292 0
-161.62021 -38.488338 -1.2911581 0
-164.10152 -38.395172 -1.2980009 0
-158.58081 -37.944202 -1.2785498 0
-158.56027 -37.795338 -1.257195 0
-158.55714 -37.626858 -1.2436177 0
-158.55205 -37.285465 -1.2073374 0
-158.5159 -36.964886 -1.209572 0
-158.49666 -36.871902 -1.2701423 0
-158.50148 -36.630867 -1.2294184 0
-158.47565 -36.535557 -1.2374983 0
-158.48805 -36.066833 -1.2035713 0
-158.51166 -35.921822 -1.2944003 0
-158.48605 -35.502327 -1.2616209 0
-158.5489 -35.286171 -1.2247999 0
-158.43695 -35.230194 -1.2736351 0
-158.36131 -33.446442 -1.2428164 0
-158.36511 -32.730312 -1.297853 0
-158.29813 -31.919636 -1.2238802 0
-158.36002 -31.857435 -1.2352477 0
-158.29259 -31.776165 -1.2057958 0
-158.34326 -31.647303 -1.2347279 0
-158.30374 -31.031261 -1.2173096 0
-158.35274 -30.951824 -1.2810726 0
-158.32852 -30.790722 -1.2491372 0
-158.35875 -30.619661 -1.2559867 0
-158.28876 -30.513853 -1.285463 0
-158.31657 -30.473225 -1.2455503 0
-158.28798 -30.442299 -1.2678753 0
-158.33252 -30.278427 -1.2292113 0
-158.33592 -30.119549 -1.2146119 0
-158.32777 -29.943241 -1.2035582 0
-158.20775 -29.751556 -1.2124089 0
-158.26118 -29.241096 -1.2778219 0
-158.24106 -29.120361 -1.2802916 0
-158.20831 -28.166933 -1.2017332 0
-158.17139 -27.137201 -1.2132546 0
-158.11345 -24.536039 -1.2310255 0
-158.06371 -24.374876 -1.2736243 0
-161.66393 -49.732689 -1.1964378 0
-161.64485 -49.42503 -1.1421062 0
-174.66039 -49.128296 -1.1386786 0
-161.70663 -46.993698 -1.1382947 0
-161.59956 -46.984325 -1.1595231 0
-165.55936 -44.832355 -1.1526794 0
-165.33774 -44.655418 -1.1265322 0
-165.36993 -44.552383 -1.1403165 0
-165.33688 -44.430752 -1.1338549 0
-161.72253 -43.90654 -1.192752 0
-162.93004 -43.823891 -1.1801287 0
-162.85101 -43.836601 -1.1847814 0
-162.00035 -43.857338 -1.1855543 0
-161.4462 -43.873512 -1.1239709 0
-164.09833 -43.743141 -1.1290579 0
-163.19229 -43.742371 -1.1105767 0
-161.87715 -43.706059 -1.1863971 0
-165.20685 -43.69186 -1.1046487 0
-161.4624 -43.559246 -1.1316421 0
-163.48715 -42.702717 -1.1555903 0
-163.48158 -42.64299 -1.1590121 0
-163.467 -42.579079 -1.1193461 0
-162.91417 -40.612225 -1.1850547 0
-162.95544 -40.573116 -1.140726 0
-161.41125 -38.514 -1.1249595 0
-161.06927 -38.502369 -1.1934847 0
-160.58899 -38.547005 -1.1936996 0
-160.20044 -38.568939 -1.1692917 0
-159.85397 -38.580856 -1.1800742 0
-158.62004 -38.54903 -1.1001664 0
-164.05238 -38.406078 -1.1096696 0
-163.61101 -38.421333 -1.1163369 0
-163.56798 -38.433544 -1.1264586 0
-163.05217 -38.437778 -1.1142912 0
-162.9986 -38.429111 -1.1972946 0
-162.43179 -38.481224 -1.197333 0
-162.24232 -38.489948 -1.1459236 0
-161.57643 -38.48835 -1.1838448 0
-165.81126 -38.337013 -1.1762686 0
-158.56871 -37.871864 -1.1664048 0
-158.55295 -37.542271 -1.1081065 0
-158.48796 -37.339672 -1.1430726 0
-158.51096 -37.006481 -1.1172807 0
-158.54451 -36.948711 -1.1663015 0
-158.46007 -35.945446 -1.1927674 0
-158.48453 -35.770428 -1.174931 0
-158.47554 -35.619522 -1.1575732 0
-158.47455 -35.481655 -1.1466229 0
-158.46535 -35.330345 -1.1342455 0
-158.46339 -35.178829 -1.1171451 0
-158.44716 -35.028137 -1.104513 0
-158.43369 -34.820171 -1.1972877 0
-158.39551 -34.199711 -1.1417797 0
-158.38673 -34.022057 -1.1993142 0
-158.3205 -32.502094 -1.1279808 0
-158.34065 -31.876789 -1.1395745 0
-158.31931 -31.147171 -1.1222106 0
-158.2766 -31.198721 -1.1550885 0
-158.26721 -30.864939 -1.117368 0
-158.29854 -30.361162 -1.159003 0
-158.25098 -29.575483 -1.193646 0
-158.21988 -29.266937 -1.119939 0
-158.23036 -28.767736 -1.1324781 0
-158.21677 -28.684111 -1.1087306 0
-158.18878 -28.012482 -1.1913031 0
-155.09831 -12.28246 -1.1600418 0
-170.53879 -49.968113 -1.0817847 0
-168.53828 -49.99226 -1.0076859 0
-173.43356 -49.670135 -1.0057899 0
-161.74539 -49.430645 -1.0534837 0
-161.64098 -49.476929 -1.0246792 0
-173.80957 -49.373249 -1.0266068 0
-161.67055 -49.242653 -1.0074794 0
-161.72369 -49.140148 -1.0013062 0
-173.35295 -49.018681 -1.0555791 0
-170.41466 -44.857086 -1.0141852 0
-170.34848 -44.727757 -1.0120598 0
-165.35191 -44.61388 -1.0576856 0
-161.4928 -44.366379 -1.0118566 0
-162.29224 -43.809216 -1.026875 0
-161.99983 -43.815693 -1.0385308 0
-161.51144 -43.841415 -1.0678242 0
-161.44566 -43.856743 -1.0118701 0
-161.35535 -43.821064 -1.0947952 0
-164.05904 -43.707123 -1.0507092 0
-163.65897 -43.71611 -1.0420732 0
-163.5432 -43.739582 -1.0871247 0
-163.36903 -43.725586 -1.0203491 0
-162.88864 -43.747677 -1.0989989 0
-162.34882 -43.767853 -1.0604924 0
-162.15453 -43.797794 -1.0503415 0
-161.96274 -43.784706 -1.073518 0
-161.38754 -43.777687 -1.0881988 0
-164.71001 -38.615837 -1.0646998 0
-159.33665 -38.601284 -1.0783505 0
-158.94357 -38.627071 -1.0595156 0
-162.91823 -38.518894 -1.0664494 0
-162.17043 -38.538338 -1.0493935 0
-161.95412 -38.537262 -1.0440669 0
-161.75421 -38.533546 -1.0420783 0
-161.5457 -38.526711 -1.0502629 0
-161.47781 -38.507404 -1.0949069 0
-160.90141 -38.535145 -1.0510234 0
-160.71854 -38.581104 -1.0180432 0
-160.696 -38.539688 -1.0726405 0
-160.35954 -38.569218 -1.0469551 0
-160.2251 -38.53175 -1.0333166 0
-160.13701 -38.555195 -1.0693744 0
-159.85533 -38.557457 -1.0392935 0
-159.71562 -38.572025 -1.0037718 0
-159.6174 -38.581295 -1.0373255 0
-159.56142 -38.55703 -1.0556206 0
-159.11748 -38.588634 -1.0290416 0
-163.58891 -38.426491 -1.0881336 0
-163.4482 -38.493935 -1.0729814 0
-162.89027 -38.480072 -1.0297616 0
-162.5567 -38.482376 -1.0186777 0
-162.43842 -38.464966 -1.0562699 0
-162.11166 -38.467815 -1.0744718 0
-162.07077 -38.491261 -1.0384666 0
-161.5177 -38.475975 -1.0367088 0
-160.92186 -38.496197 -1.0533752 0
-164.51698 -38.393463 -1.0515774 0
-164.10582 -38.385403 -1.0475117 0
-158.62029 -38.270313 -1.0743985 0
-158.56523 -38.263084 -1.0610323 0
-158.606 -38.176235 -1.0637574 0
-158.539 -37.314125 -1.0427927 0
-158.53479 -37.292999 -1.0727499 0
-158.51271 -36.701111 -1.0378096 0
-158.45117 -36.403873 -1.0964268 0
-158.43303 -35.218414 -1.0997781 0
-158.43417 -35.192268 -1.0333327 0
-158.48112 -35.0947 -1.091018 0
-158.42056 -34.943184 -1.0126804 0
-158.43936 -34.852104 -1.075758 0
-158.44743 -34.73494 -1.0763011 0
-158.42813 -34.57766 -1.05568 0
-158.42865 -34.425705 -1.0459892 0
-158.4223 -34.263958 -1.0278856 0
-158.42336 -34.108227 -1.0156038 0
-158.41754 -34.037807 -1.0064075 0
-158.5116 -33.835091 -1.038711 0
-158.38358 -33.313618 -1.0615648 0
-158.3371 -32.080708 -1.0970072 0
-158.2791 -31.518261 -1.0050251 0
-158.30869 -30.954844 -1.0250429 0
-158.26485 -30.877001 -1.0269834 0
-158.30705 -30.682858 -1.0847809 0
-158.27553 -30.213598 -1.0454565 0
-158.29663 -30.195406 -1.003299 0
-158.19388 -29.91832 -1.0302225 0
-158.25566 -29.209154 -1.0705053 0
-158.2265 -28.971149 -1.0433278 0
-158.2399 -28.020092 -1.0478892 0
-158.25056 -26.656206 -1.0697069 0
-157.76068 -14.512192 -1.0140526 0
-155.11 -12.264548 -1.0884933 0
-173.45726 -49.94141 -0.9534868 0
-170.63643 -49.904465 -0.91420305 0
-169.47186 -49.95216 -0.91140985 0
-170.63867 -49.862644 -0.92308605 0
-173.44122 -49.553677 -0.99219549 0
-173.4191 -49.420914 -0.95022255 0
-173.3036 -49.426327 -0.98403406 0
-173.2359 -49.358883 -0.95065105 0
-173.42896 -49.213009 -0.94971865 0
-173.41771 -49.128105 -0.93925238 0
-161.71217 -49.155701 -0.90439045 0
-161.668 -49.173916 -0.90261668 0
-173.41626 -49.048569 -0.92967677 0
-174.70625 -48.817722 -0.9390561 0
-173.39716 -48.577854 -0.94586289 0
-165.72841 -45.033623 -0.98371762 0
-165.87067 -44.957741 -0.96477914 0
-165.5184 -44.805332 -0.95607364 0
-161.45494 -44.85355 -0.90040469 0
-165.30948 -44.547722 -0.94993359 0
-165.30017 -44.469616 -0.94473088 0
-161.4411 -44.38821 -0.97686565 0
-172.97899 -44.050007 -0.92668051 0
-173.01749 -43.879894 -0.92350918 0
-162.88246 -43.800388 -0.93265599 0
-161.38295 -43.834641 -0.90715528 0
-164.93326 -43.711021 -0.94538742 0
-164.86552 -43.70507 -0.93872756 0
-164.74939 -43.720589 -0.93862176 0
-164.63724 -43.723225 -0.93194473 0
-164.21707 -43.749214 -0.95983458 0
-164.13857 -43.738209 -0.91166109 0
-164.07864 -43.716103 -0.90335631 0
-163.99908 -43.739193 -0.90493041 0
-162.48624 -43.788109 -0.96587932 0
-161.41444 -43.518822 -0.91220468 0
-158.81491 -38.704739 -0.98471504 0
-159.76826 -38.691936 -0.95116061 0
-159.1187 -38.633858 -0.97620058 0
-158.91606 -38.644852 -0.97570801 0
-161.54062 -38.515011 -0.92112213 0
-161.1442 -38.553509 -0.90034032 0
-160.97823 -38.512264 -0.94191444 0
-160.43561 -38.553093 -0.94915211 0
-159.57613 -38.596813 -0.98330981 0
-159.47073 -38.583923 -0.98140699 0
-159.28485 -38.583233 -0.95752305 0
-164.05798 -38.429062 -0.9340201 0
-163.69331 -38.4268 -0.95516205 0
-163.30763 -38.409916 -0.96307194 0
-163.0847 -38.424347 -0.99723619 0
-162.90259 -38.418465 -0.97232813 0
-162.89102 -38.452518 -0.90778321 0
-162.04004 -38.482224 -0.96056998 0
-161.97243 -38.470612 -0.99629766 0
-161.56519 -38.49807 -0.9873879 0
-161.22957 -38.499722 -0.98763198 0
-164.142 -38.386692 -0.94456112 0
-164.09538 -38.376518 -0.96930504 0
-163.65004 -38.395512 -0.97945464 0
-158.673 -38.337994 -0.91364133 0
-158.57919 -37.779099 -0.91742587 0
-158.55464 -37.640018 -0.96213859 0
-158.57175 -37.286163 -0.96082389 0
-158.55208 -36.999897 -0.97776788 0
-158.53079 -36.49567 -0.93614763 0
-158.49052 -35.363899 -0.95196903 0
-158.4541 -34.767815 -0.92301226 0
-158.45393 -34.643559 -0.92237133 0
-158.38905 -33.906868 -0.90766102 0
-158.37265 -33.83831 -0.96246415 0
-158.40457 -33.798992 -0.98529369 0
-158.38589 -33.659534 -0.96843743 0
-158.41298 -33.473675 -0.94985968 0
-158.38322 -33.331219 -0.93730712 0
-158.36237 -32.786945 -0.91507494 0
-158.3584 -32.224846 -0.96337652 0
-158.32176 -31.078176 -0.99012178 0
-158.26244 -30.01737 -0.908737 0
-158.2605 -29.665279 -0.95823568 0
-158.23294 -29.387909 -0.98055238 0
-158.2545 -28.907066 -0.93535846 0
-158.23555 -28.848722 -0.91462338 0
-158.24138 -28.762724 -0.93273753 0
-158.20395 -28.674576 -0.90194941 0
-158.15799 -27.848133 -0.94922417 0
-158.16147 -26.87706 -0.96477032 0
-158.16451 -26.618294 -0.94217485 0
-158.00966 -23.63492 -0.91650176 0
-168.54526 -49.951878 -0.85923809 0
-165.85814 -49.936813 -0.84252828 0
-168.68954 -49.743362 -0.80597812 0
-173.23923 -49.442932 -0.89403188 0
-161.65094 -48.945423 -0.85255194 0
-173.40404 -48.608009 -0.84005761 0
-173.39075 -48.696159 -0.85816532 0
-163.44846 -48.09502 -0.80151361 0
-173.15656 -47.783535 -0.88771099 0
-166.17555 -46.985737 -0.80684179 0
-166.33435 -45.638844 -0.81630862 0
-165.76265 -45.629913 -0.83671463 0
-173.25455 -45.487545 -0.88981789 0
-165.78491 -44.943737 -0.83433843 0
-161.42393 -44.915024 -0.82819742 0
-165.33853 -44.445004 -0.8727203 0
-162.31595 -43.829815 -0.89007115 0
-162.11392 -43.814243 -0.89361918 0
-162.02211 -43.801556 -0.88160527 0
-163.48143 -43.796322 -0.87122029 0
-162.65456 -43.790554 -0.88122731 0
-163.39711 -43.695755 -0.80457568 0
-163.14604 -43.622513 -0.82656312 0
-162.9998 -43.672234 -0.81822366 0
-161.42421 -43.608067 -0.89913183 0
-163.95953 -43.552647 -0.89344388 0
-162.92595 -40.532703 -0.85730618 0
-159.67444 -38.603542 -0.87302411 0
-159.10454 -38.619522 -0.85927767 0
-162.92778 -38.510384 -0.80048162 0
-160.95691 -38.540428 -0.89473581 0
-160.66882 -38.55331 -0.88952708 0
-160.41403 -38.573277 -0.88696939 0
-160.14066 -38.540958 -0.83365119 0
-159.99385 -38.586178 -0.88206202 0
-159.55099 -38.571701 -0.86432344 0
-164.17232 -38.420727 -0.86798096 0
-163.7404 -38.426926 -0.87611204 0
-163.33141 -38.42522 -0.89374709 0
-163.29305 -38.443764 -0.86397392 0
-161.67865 -38.481789 -0.87957948 0
-164.51363 -38.364628 -0.85192972 0
-168.5468 -38.237072 -0.85146224 0
-167.85509 -38.259308 -0.86073846 0
-167.16971 -38.284695 -0.8704924 0
-158.62386 -38.235081 -0.86199945 0
-158.55385 -37.274487 -0.88312775 0
-158.50267 -36.479366 -0.86212718 0
-158.49216 -35.273716 -0.83871824 0
-158.4543 -34.355724 -0.8848381 0
-158.41391 -33.748077 -0.80474252 0
-158.3295 -32.775307 -0.85141695 0
-158.34348 -32.150257 -0.80173469 0
-158.32779 -32.020084 -0.83204377 0
-158.31708 -31.096579 -0.86266017 0
-158.25674 -30.495752 -0.85396826 0
-158.24243 -30.220839 -0.84801334 0
-158.20628 -29.292166 -0.80005121 0
-158.18947 -27.713938 -0.82723361 0
-173.44717 -49.767395 -0.77870005 0
-168.77452 -49.724976 -0.79920191 0
-166.12479 -49.723534 -0.79902911 0
-173.43903 -49.653912 -0.71455061 0
-168.6866 -49.68507 -0.79809189 0
-173.422 -49.436939 -0.75989211 0
-173.45056 -49.307102 -0.73389912 0
-172.23917 -48.629467 -0.79427952 0
-172.04576 -48.568913 -0.79454011 0
-173.42708 -48.16074 -0.78786981 0
-163.40808 -48.013493 -0.76979989 0
-165.88835 -47.60075 -0.78010029 0
-163.17209 -47.506416 -0.71491992 0
-165.83531 -47.483944 -0.75934714 0
-165.80702 -47.361168 -0.74008536 0
-165.76413 -47.398178 -0.72308171 0
-165.78836 -47.228027 -0.72092456 0
-163.11157 -47.204903 -0.71145302 0
-165.7305 -47.126072 -0.70573074 0
-165.71768 -47.061848 -0.70664781 0
-165.61829 -47.070259 -0.70431232 0
-165.78967 -46.933571 -0.73610097 0
-166.26047 -46.852043 -0.78948683 0
-165.72136 -46.794018 -0.71070588 0
-165.67036 -46.734798 -0.7008552 0
-166.07347 -46.498608 -0.76344651 0
-163.25165 -46.486031 -0.70845038 0
-165.76025 -46.299183 -0.76043028 0
-165.97847 -45.723907 -0.76813942 0
-163.11761 -45.77343 -0.73524135 0
-165.8734 -45.264061 -0.75278801 0
-166.00238 -45.109463 -0.76869309 0
-165.8205 -45.027641 -0.76278037 0
-165.76155 -45.002449 -0.70800543 0
-165.44246 -44.740227 -0.75681007 0
-161.60359 -44.78191 -0.73973799 0
-168.56078 -44.185883 -0.75616646 0
-162.22514 -44.179432 -0.72091466 0
-168.52173 -44.017941 -0.74077934 0
-163.83931 -43.918072 -0.7033307 0
-161.43935 -43.852081 -0.71852046 0
-161.39178 -43.820885 -0.75190842 0
-161.41498 -43.796871 -0.72239369 0
-161.38422 -43.752686 -0.71265328 0
-162.9454 -43.672749 -0.79629087 0
-165.52525 -43.517479 -0.78269219 0
-163.05447 -43.58633 -0.77807844 0
-165.56023 -43.337986 -0.79526335 0
-164.54509 -43.21973 -0.75453168 0
-158.70551 -38.835964 -0.71412641 0
-159.20711 -38.642883 -0.78509682 0
-163.15903 -38.501595 -0.71010178 0
-161.80856 -38.539352 -0.79960966 0
-161.64366 -38.539314 -0.79716033 0
-161.46869 -38.544647 -0.79916567 0
-161.17943 -38.508892 -0.79538137 0
-161.09439 -38.535744 -0.75517613 0
-160.52632 -38.547707 -0.71249712 0
-164.16165 -38.452724 -0.7916587 0
-163.50746 -38.439953 -0.70029968 0
-163.3019 -38.436298 -0.70844841 0
-162.99077 -38.450764 -0.72176379 0
-162.78006 -38.457035 -0.73042691 0
-162.69911 -38.454662 -0.71380228 0
-162.12953 -38.474796 -0.71406353 0
-161.67113 -38.497612 -0.77374214 0
-166.68912 -38.354477 -0.75976419 0
-158.60452 -37.986298 -0.70168585 0
-158.63228 -37.354885 -0.76455629 0
-158.57877 -36.980015 -0.71063817 0
-158.5172 -36.62516 -0.79294878 0
-158.51079 -36.234409 -0.70217144 0
-158.44164 -34.84362 -0.72218663 0
-158.42902 -34.334602 -0.75924522 0
-158.47301 -33.917656 -0.75636202 0
-158.39011 -33.336765 -0.71920115 0
-158.36401 -32.522514 -0.73758173 0
-158.30785 -31.794645 -0.74631137 0
-158.31569 -31.601067 -0.79644054 0
-158.28166 -31.452948 -0.76193124 0
-158.27705 -30.216774 -0.71037585 0
-158.20209 -27.694487 -0.71319747 0
-158.16852 -27.634235 -0.72726136 0
-158.14426 -27.40591 -0.77418202 0
-170.67513 -49.929005 -0.67357492 0
-165.66757 -49.923531 -0.66967154 0
-170.67122 -49.849121 -0.66410196 0
-170.59883 -49.829819 -0.60170943 0
-170.64197 -49.788563 -0.66052288 0
-168.37213 -49.729206 -0.6445834 0
-163.08426 -49.733566 -0.68506759 0
-173.36833 -49.373882 -0.69494444 0
-165.56796 -49.339375 -0.61344558 0
-162.93852 -48.947998 -0.63955104 0
-162.90739 -48.740311 -0.62395304 0
-163.04091 -48.630051 -0.69964528 0
-162.95123 -48.536167 -0.66019028 0
-163.03638 -48.431061 -0.68691933 0
-162.96907 -48.416016 -0.6734277 0
-162.85132 -48.469688 -0.60013795 0
-162.98663 -48.112976 -0.66450667 0
-162.77202 -48.071751 -0.60908765 0
-162.95789 -47.503304 -0.65401119 0
-162.96536 -47.424328 -0.6500985 0
-162.94974 -47.247761 -0.65491545 0
-161.73985 -46.912102 -0.61980104 0
-161.60612 -46.953213 -0.69176 0
-165.66699 -46.723892 -0.69568104 0
-162.8703 -46.775539 -0.63300681 0
-165.57964 -46.500256 -0.69074237 0
-165.6302 -46.495461 -0.68185776 0
-163.11702 -46.4603 -0.67526817 0
-165.56357 -46.318325 -0.6475848 0
-168.36623 -46.127663 -0.67328501 0
-165.48718 -46.02832 -0.61016983 0
-168.30556 -45.919544 -0.6527313 0
-162.9032 -45.869865 -0.61227918 0
-162.81712 -45.867313 -0.61797106 0
-162.78481 -45.86356 -0.6133939 0
-162.71138 -45.626266 -0.60618204 0
-162.85687 -45.246666 -0.63811636 0
-165.59552 -45.109913 -0.6916306 0
-165.17886 -45.15733 -0.66683668 0
-161.52565 -45.185284 -0.68498951 0
-168.33153 -44.905598 -0.6968962 0
-165.4968 -44.863552 -0.62279862 0
-163.12384 -44.876087 -0.68397677 0
-165.4753 -44.786743 -0.65178728 0
-165.33493 -44.391953 -0.60172325 0
-165.36066 -44.229553 -0.69601572 0
-168.11858 -44.089417 -0.635234 0
-163.31578 -43.900818 -0.68689197 0
-165.37878 -43.821518 -0.62209582 0
-161.42213 -43.78344 -0.6579181 0
-161.71205 -43.610054 -0.67166942 0
-161.39281 -43.648384 -0.6949923 0
-161.40125 -43.534107 -0.67656398 0
-161.3555 -43.490177 -0.66620404 0
-164.35049 -43.129601 -0.63905644 0
-164.24153 -43.075058 -0.64970636 0
-164.1729 -43.025986 -0.65612978 0
-164.1156 -42.991226 -0.66164356 0
-162.94086 -40.523815 -0.64734083 0
-158.68745 -38.857616 -0.60960311 0
-158.62654 -38.630527 -0.63703519 0
-161.40128 -38.504017 -0.64828318 0
-160.98955 -38.520847 -0.65675294 0
-160.89792 -38.536846 -0.66614854 0
-160.54875 -38.522373 -0.65518284 0
-160.41205 -38.540672 -0.66057485 0
-160.2646 -38.527672 -0.65702349 0
-160.18163 -38.530628 -0.60393459 0
-160.06421 -38.549923 -0.6798225 0
-159.89278 -38.554272 -0.69824374 0
-159.6989 -38.566044 -0.66561419 0
-159.58835 -38.560238 -0.69174737 0
-159.37244 -38.576466 -0.66650766 0
-159.15561 -38.578667 -0.63726425 0
-159.07593 -38.586784 -0.65357709 0
-163.88408 -38.460461 -0.66949576 0
-163.36838 -38.483059 -0.61151922 0
-163.23268 -38.43869 -0.63468403 0
-162.98271 -38.441826 -0.62779862 0
-162.17502 -38.466946 -0.65275872 0
-158.63966 -38.467331 -0.6050595 0
-165.62471 -38.353245 -0.60214758 0
-158.60027 -38.255779 -0.63744795 0
-158.60541 -37.696667 -0.65265614 0
-158.55051 -37.481644 -0.69783998 0
-158.52971 -36.831127 -0.61801326 0
-158.52956 -36.183678 -0.67842233 0
-158.51099 -35.863117 -0.69444174 0
-158.49707 -35.611511 -0.63455445 0
-158.46085 -34.894802 -0.68913615 0
-158.4538 -34.506763 -0.64141548 0
-158.41026 -34.119705 -0.65989959 0
-158.41956 -34.047253 -0.61037058 0
-158.39424 -32.626137 -0.68140912 0
-158.2713 -31.293335 -0.6430127 0
-158.4059 -31.12747 -0.68685275 0
-158.2515 -30.358271 -0.60033214 0
-158.25926 -29.950882 -0.65031374 0
-158.21191 -28.963081 -0.66439956 0
-158.16438 -28.899399 -0.69534463 0
-162.85864 -49.954147 -0.59129697 0
-162.8855 -49.777248 -0.59931839 0
-162.80612 -49.668804 -0.54506093 0
-162.75034 -49.502239 -0.51463121 0
-165.45323 -49.49604 -0.53538597 0
-168.32777 -49.330502 -0.59668988 0
-162.81195 -49.333836 -0.5590933 0
-165.41684 -49.255581 -0.5038271 0
-162.78558 -49.241142 -0.54866523 0
-162.76923 -49.148594 -0.53830564 0
-162.75543 -49.05109 -0.52768689 0
-168.2722 -48.787113 -0.57568944 0
-172.02922 -48.695778 -0.58268046 0
-162.6562 -48.607574 -0.50836962 0
-162.53778 -48.578812 -0.51798439 0
-161.75945 -48.302326 -0.52916455 0
-162.71313 -48.152935 -0.54764003 0
-162.51122 -48.048038 -0.51243824 0
-161.91907 -47.927399 -0.56373715 0
-161.61275 -47.814972 -0.50734115 0
-162.7787 -47.484913 -0.58859044 0
-162.65665 -47.382629 -0.51144069 0
-162.77438 -46.940468 -0.56564009 0
-161.60867 -46.99593 -0.54966855 0
-162.79395 -46.827682 -0.58598775 0
-162.71112 -46.689816 -0.52742177 0
-165.44089 -46.359749 -0.53894544 0
-165.46271 -46.283676 -0.57690501 0
-165.43947 -46.151012 -0.55244249 0
-162.65236 -46.019688 -0.53600949 0
-162.76131 -45.932426 -0.56742203 0
-165.34837 -45.330051 -0.51135218 0
-162.71518 -45.228985 -0.54059017 0
-168.09903 -44.870739 -0.52324325 0
-165.31549 -44.82037 -0.55035597 0
-165.33499 -44.640175 -0.50995171 0
-165.32553 -44.531158 -0.53893197 0
-162.50813 -44.199738 -0.51860273 0
-165.37782 -44.062859 -0.54889029 0
-162.49718 -44.04068 -0.51010513 0
-165.35846 -43.98592 -0.53859323 0
-162.66583 -43.804291 -0.55312639 0
-161.49529 -43.852303 -0.50036246 0
-168.17749 -43.764267 -0.59560037 0
-165.39963 -43.701393 -0.59877443 0
-162.63342 -43.711586 -0.54079568 0
-161.39188 -43.750076 -0.52408028 0
-162.5495 -43.635406 -0.52973753 0
-165.20906 -43.533649 -0.55483162 0
-163.78735 -43.532963 -0.59673297 0
-162.49081 -43.594456 -0.52434039 0
-161.31801 -43.572163 -0.54568279 0
-165.23355 -43.454697 -0.5545007 0
-162.54388 -43.460514 -0.54576933 0
-165.39565 -43.332615 -0.57173866 0
-165.04388 -43.202873 -0.51711208 0
-164.74649 -43.198311 -0.52304202 0
-164.66589 -43.180843 -0.52429861 0
-164.58389 -43.175884 -0.51554823 0
-164.44102 -43.10918 -0.50988245 0
-164.31261 -43.138515 -0.53097707 0
-164.15712 -43.178413 -0.52914494 0
-162.57765 -42.836311 -0.52135557 0
-162.55646 -42.761211 -0.50574243 0
-159.21788 -38.607342 -0.55232549 0
-159.16536 -38.661343 -0.5491119 0
-158.91048 -38.637638 -0.56040317 0
-161.05902 -38.507137 -0.56462717 0
-160.94566 -38.507721 -0.53421068 0
-160.84096 -38.520149 -0.58041954 0
-160.7157 -38.527405 -0.57740247 0
-160.6459 -38.543427 -0.54148471 0
-160.57375 -38.562141 -0.50849497 0
-160.45871 -38.526749 -0.58586574 0
-160.36772 -38.557323 -0.5183149 0
-160.26299 -38.56506 -0.52373618 0
-159.64919 -38.582016 -0.54093713 0
-159.50432 -38.570107 -0.56155992 0
-159.44878 -38.580215 -0.56041849 0
-159.37878 -38.576542 -0.55614859 0
-158.61859 -38.516575 -0.54162556 0
-163.83931 -38.417202 -0.54293782 0
-163.15228 -38.428047 -0.59231669 0
-163.0051 -38.462162 -0.53573549 0
-162.96654 -38.436634 -0.59628463 0
-161.91232 -38.475666 -0.50850952 0
-161.76376 -38.475101 -0.51499104 0
-161.61722 -38.481304 -0.52177644 0
-161.5202 -38.489159 -0.55495226 0
-161.47075 -38.487282 -0.53356111 0
-161.32187 -38.49791 -0.5405916 0
-161.18008 -38.49535 -0.54692018 0
-158.64151 -38.487499 -0.58386743 0
-166.33701 -38.326073 -0.57117194 0
-165.39301 -38.325031 -0.52544343 0
-164.96265 -38.389465 -0.59925646 0
-158.60895 -38.355011 -0.54622275 0
-158.61485 -37.942238 -0.53829432 0
-158.62073 -37.733803 -0.53552437 0
-158.58365 -37.445148 -0.50436395 0
-158.39853 -33.104343 -0.58152843 0
-158.31848 -32.215504 -0.59372956 0
-158.40494 -32.175831 -0.58473402 0
-158.33578 -31.523479 -0.55444682 0
-158.30847 -31.482296 -0.5140174 0
-158.38271 -30.20577 -0.57135898 0
-158.23302 -29.752745 -0.53498888 0
-165.35141 -49.918526 -0.40688741 0
-165.39122 -49.796402 -0.400354 0
-165.41457 -49.621609 -0.48700878 0
-162.11913 -49.551098 -0.40681627 0
-168.15994 -49.467449 -0.47280866 0
-168.15414 -49.318508 -0.46432799 0
-165.40018 -49.225327 -0.44273198 0
-168.13696 -49.146309 -0.45249277 0
-168.11966 -49.003712 -0.42365691 0
-168.10492 -48.84877 -0.40586555 0
-162.61893 -48.775673 -0.42614517 0
-162.67856 -48.628048 -0.48489115 0
-162.59486 -48.484997 -0.42706451 0
-162.55899 -48.073845 -0.43867677 0
-161.66785 -48.038403 -0.48209333 0
-162.48659 -47.91309 -0.48909172 0
-168.02679 -47.896248 -0.41110191 0
-165.39977 -47.566769 -0.49074626 0
-162.60387 -47.576214 -0.45462361 0
-165.39523 -47.481899 -0.48564321 0
-162.67036 -47.169037 -0.48397827 0
-162.59286 -47.181992 -0.4836888 0
-162.65346 -47.015343 -0.47118148 0
-162.58678 -47.072456 -0.45018983 0
-162.60785 -46.956902 -0.47275585 0
-162.60124 -46.729389 -0.44667608 0
-162.53127 -46.733467 -0.4209173 0
-162.59964 -46.610828 -0.48675427 0
-162.6732 -46.571491 -0.46857601 0
-165.35579 -46.375629 -0.48695168 0
-162.56184 -46.323475 -0.4536424 0
-165.32146 -46.202251 -0.45830551 0
-162.5869 -46.226181 -0.40479869 0
-162.51428 -46.041565 -0.42062131 0
-162.49324 -45.972149 -0.42108881 0
-161.54182 -45.807358 -0.45422372 0
-161.65935 -45.681637 -0.44938216 0
-161.48297 -45.644272 -0.43603548 0
-164.95345 -45.409863 -0.44885218 0
-162.57794 -45.346405 -0.44138622 0
-162.61833 -44.738346 -0.4831855 0
-162.52748 -44.744247 -0.41974139 0
-162.50841 -43.891449 -0.4317807 0
-162.50804 -43.740608 -0.47079232 0
-167.94751 -43.610695 -0.4590154 0
-161.42392 -43.672092 -0.42249078 0
-162.627 -43.376984 -0.47520751 0
-164.91325 -43.238361 -0.42109847 0
-164.65053 -43.127113 -0.43035161 0
-164.53882 -43.09483 -0.45620424 0
-162.55788 -42.706402 -0.49301049 0
-162.43344 -42.734154 -0.40319896 0
-162.55034 -42.676426 -0.49552616 0
-162.44952 -42.621605 -0.45103621 0
-162.39734 -42.699646 -0.42859635 0
-162.4536 -42.28146 -0.4157376 0
-178.80147 -42.066891 -0.41170728 0
-162.51601 -41.928154 -0.44057977 0
-162.40804 -41.861561 -0.45177788 0
-161.95485 -38.510265 -0.43361309 0
-161.45772 -38.512001 -0.46076676 0
-160.75259 -38.538475 -0.4584443 0
-163.6936 -38.426468 -0.48995829 0
-163.41702 -38.436447 -0.42153865 0
-163.27194 -38.431175 -0.45479593 0
-163.12303 -38.437237 -0.45796499 0
-162.96472 -38.430229 -0.46434987 0
-162.8069 -38.442089 -0.45288613 0
-162.79692 -38.432751 -0.48636785 0
-162.64575 -38.446373 -0.47486389 0
-162.51668 -38.464539 -0.46654326 0
-162.47986 -38.446152 -0.48864669 0
-162.33565 -38.458263 -0.47368419 0
-162.20767 -38.459137 -0.48972836 0
-162.16289 -38.464577 -0.49130511 0
-162.03218 -38.469402 -0.47463951 0
-161.86046 -38.452866 -0.49227598 0
-161.70189 -38.49522 -0.48107058 0
-161.69954 -38.474426 -0.49694633 0
-161.54861 -38.481247 -0.49589723 0
-161.39742 -38.482716 -0.49944484 0
-161.2514 -38.484482 -0.4982169 0
-161.09541 -38.486431 -0.49657267 0
-158.59969 -38.362617 -0.47289351 0
-166.716 -38.296608 -0.48257798 0
-166.20383 -38.285099 -0.43201679 0
-158.58165 -37.889751 -0.43717018 0
-158.57918 -37.740555 -0.46976611 0
-158.57288 -37.40395 -0.4459753 0
-158.50916 -37.196472 -0.4867405 0
-158.55148 -37.058689 -0.47708076 0
-158.58994 -36.982723 -0.45702377 0
-158.55257 -36.695614 -0.42683786 0
-158.54301 -35.810051 -0.48293138 0
-158.48982 -35.277584 -0.43032688 0
-158.55692 -34.937569 -0.40009058 0
-158.47229 -34.49786 -0.42620805 0
-158.45427 -34.346657 -0.49032965 0
-158.42184 -33.981819 -0.44926748 0
-158.4025 -33.603615 -0.40590322 0
-158.41295 -33.014275 -0.46875396 0
-158.35698 -32.242645 -0.4975394 0
-158.32045 -32.13829 -0.4306764 0
-158.28864 -30.325302 -0.4178279 0
-158.34496 -29.274021 -0.44949472 0
-158.20348 -29.131517 -0.49055651 0
-158.17578 -28.850136 -0.43910259 0
-158.15434 -27.929253 -0.47612464 0
-158.13293 -26.617973 -0.43404922 0
-163.98441 -19.26228 -0.49054226 0
-163.99431 -18.104546 -0.43125957 0
-162.62537 -49.978992 -0.38558599 0
-162.57549 -49.93816 -0.35712862 0
-162.61821 -49.805389 -0.38982093 0
-162.59357 -49.662434 -0.35360819 0
-162.18326 -49.696182 -0.36511642 0
-165.36775 -49.542816 -0.35539705 0
-165.33711 -49.491688 -0.34547338 0
-162.42702 -49.297585 -0.35253581 0
-162.4613 -49.196518 -0.33814171 0
-168.00014 -49.083897 -0.36744183 0
-171.69904 -48.956425 -0.31739008 0
-168.03998 -48.950157 -0.37612388 0
-162.6244 -48.976284 -0.38251832 0
-162.52965 -48.91082 -0.31987163 0
-162.61705 -48.86615 -0.37131786 0
-162.51782 -48.778427 -0.31848583 0
-162.57732 -48.637943 -0.33613375 0
-168.08047 -48.420258 -0.39280158 0
-162.5515 -48.429886 -0.32649854 0
-162.54436 -48.203121 -0.30515182 0
-162.48627 -48.067459 -0.30174127 0
-165.15749 -47.882923 -0.34013006 0
-162.48401 -47.827892 -0.30313143 0
-162.45801 -46.94482 -0.38626572 0
-161.64061 -46.991505 -0.39511129 0
-162.47186 -46.710712 -0.33007929 0
-165.17723 -46.629375 -0.33254927 0
-162.48398 -46.375221 -0.36388996 0
-161.57899 -46.390862 -0.39453059 0
-162.50072 -46.287785 -0.37163329 0
-162.46585 -46.129272 -0.3712464 0
-161.5388 -46.123352 -0.32872388 0
-162.40895 -46.046932 -0.31859931 0
-161.53757 -46.039993 -0.31297362 0
-162.33888 -45.946983 -0.35943973 0
-162.46999 -45.834194 -0.39714086 0
-161.44795 -45.894783 -0.38029009 0
-162.44513 -45.650909 -0.33034581 0
-165.23676 -45.425293 -0.37363493 0
-165.14543 -45.475464 -0.30136898 0
-162.45181 -45.473953 -0.33638746 0
-162.39789 -45.051292 -0.30449113 0
-165.1929 -44.917229 -0.34737885 0
-188.1257 -44.417946 -0.37087855 0
-165.17258 -44.221458 -0.35215783 0
-162.36816 -44.059357 -0.30130923 0
-162.35869 -43.511021 -0.33224416 0
-162.37944 -43.133392 -0.31327769 0
-162.36223 -42.912312 -0.33849958 0
-162.37674 -42.067757 -0.35650313 0
-162.38162 -41.92836 -0.3751086 0
-162.36359 -41.850838 -0.36515903 0
-158.82791 -38.812374 -0.39007163 0
-158.71609 -38.704849 -0.38232628 0
-163.15498 -38.602184 -0.33893731 0
-162.40565 -38.605629 -0.3312664 0
-161.23676 -38.65519 -0.32039407 0
-161.02487 -38.65229 -0.31520429 0
-160.10481 -38.690357 -0.3011516 0
-159.56544 -38.600246 -0.33668682 0
-163.02838 -38.521393 -0.38099137 0
-161.25598 -38.520763 -0.35446176 0
-160.85699 -38.54665 -0.32325235 0
-160.57742 -38.551891 -0.35450518 0
-160.35399 -38.569241 -0.33797058 0
-159.86844 -38.564686 -0.31959406 0
-159.58257 -38.568516 -0.33583555 0
-159.23564 -38.574329 -0.33516055 0
-163.8593 -38.459541 -0.30084175 0
-163.32361 -38.46566 -0.33165142 0
-167.62364 -38.341244 -0.37205318 0
-168.65118 -38.217888 -0.32936496 0
-158.64781 -37.995914 -0.30031317 0
-158.57147 -37.402939 -0.31664172 0
-158.52797 -36.651478 -0.37849084 0
-158.53001 -36.559826 -0.31500483 0
-158.52486 -36.403732 -0.38088623 0
-158.52202 -36.32708 -0.30709633 0
-158.53958 -36.230343 -0.3549138 0
-158.51509 -36.128078 -0.34360158 0
-158.51411 -35.906506 -0.35087088 0
-158.54099 -35.874962 -0.32601157 0
-158.49814 -35.871056 -0.30723149 0
-158.50552 -35.044323 -0.32034072 0
-158.47171 -34.709175 -0.37889671 0
-158.4558 -34.119766 -0.32203478 0
-158.40529 -33.043976 -0.34279644 0
-158.40988 -32.966946 -0.30645561 0
-158.3064 -31.731802 -0.38956884 0
-158.26646 -30.870798 -0.34013072 0
-158.29703 -30.365274 -0.39276597 0
-158.14566 -26.969555 -0.31332922 0
-163.89294 -17.881256 -0.30264917 0
-162.53372 -49.902714 -0.29799044 0
-161.98566 -49.956253 -0.27416739 0
-162.48628 -49.725723 -0.23685974 0
-162.51357 -49.634506 -0.27126721 0
-162.22372 -49.661407 -0.26101303 0
-162.12537 -49.650543 -0.26883864 0
-162.02803 -49.453091 -0.27439901 0
-162.01511 -49.39896 -0.26603976 0
-162.00208 -49.204483 -0.20061283 0
-171.62071 -49.032635 -0.26347622 0
-162.47806 -48.484535 -0.28516269 0
-165.19038 -48.225868 -0.29656705 0
-161.63036 -47.764038 -0.29719555 0
-162.4254 -47.616905 -0.21462302 0
-162.38858 -47.66291 -0.20203888 0
-161.73134 -47.549034 -0.29167858 0
-162.22375 -47.451004 -0.24874829 0
-161.69174 -46.930969 -0.24512823 0
-162.36868 -46.337631 -0.23130527 0
-162.37558 -46.213223 -0.29068089 0
-161.5667 -46.222424 -0.25016654 0
-162.38014 -46.18671 -0.21011423 0
-161.51587 -46.167084 -0.26619849 0
-162.3089 -45.896824 -0.2664412 0
-162.47823 -45.601803 -0.28415537 0
-162.3653 -45.512573 -0.24830972 0
-165.11017 -45.253563 -0.25589889 0
-162.36378 -45.091026 -0.29200903 0
-162.24675 -44.80336 -0.20696703 0
-162.32433 -44.750164 -0.20260242 0
-162.00023 -44.799168 -0.25022241 0
-161.88829 -44.727123 -0.21918821 0
-162.04382 -44.659416 -0.23846027 0
-161.84288 -44.499603 -0.21748264 0
-162.24594 -44.275341 -0.20366256 0
-162.36409 -43.963367 -0.27758923 0
-162.15163 -43.916103 -0.22691394 0
-162.27614 -43.881496 -0.23364137 0
-162.35939 -43.710644 -0.259967 0
-162.23473 -43.738831 -0.22674388 0
-161.3972 -43.618107 -0.22843389 0
-161.75247 -43.533871 -0.21362734 0
-161.39655 -43.543064 -0.21217722 0
-162.32014 -43.499336 -0.29188713 0
-162.34641 -41.689121 -0.28845474 0
-158.765 -38.811279 -0.23203994 0
-159.98735 -38.635082 -0.2645517 0
-159.4821 -38.687466 -0.28686509 0
-159.28133 -38.685608 -0.28250489 0
-161.75203 -38.571789 -0.25181714 0
-161.6709 -38.548748 -0.26390782 0
-161.33777 -38.51725 -0.24811995 0
-161.03998 -38.561131 -0.26325548 0
-160.69592 -38.58017 -0.29255486 0
-164.3139 -38.451782 -0.27573478 0
-163.24042 -38.446579 -0.26458091 0
-162.68884 -38.474312 -0.25117061 0
-166.37033 -38.328381 -0.25348961 0
-165.41728 -38.359406 -0.20832655 0
-158.61139 -37.906654 -0.29517248 0
-158.55791 -37.92345 -0.21903503 0
-158.59128 -37.257252 -0.2561262 0
-158.5144 -36.75108 -0.2480284 0
-158.53076 -36.681152 -0.23995584 0
-158.57764 -36.471115 -0.20951618 0
-158.54079 -35.994789 -0.29276478 0
-158.50887 -35.708828 -0.20737815 0
-158.49133 -35.706718 -0.29660988 0
-158.49684 -35.588181 -0.26482612 0
-158.5192 -35.438416 -0.27820316 0
-158.48709 -35.312523 -0.22758052 0
-158.48486 -35.111038 -0.26966083 0
-158.49872 -34.819153 -0.2821888 0
-158.452 -33.513683 -0.26546639 0
-158.22278 -29.037832 -0.24375837 0
-158.28989 -28.626076 -0.23415101 0
-163.83894 -16.460392 -0.23544174 0
-162.38652 -49.970028 -0.12016535 0
-162.44229 -49.788094 -0.17315333 0
-162.34631 -49.785339 -0.17780164 0
-162.28998 -49.77454 -0.18098305 0
-162.02751 -49.20092 -0.12307382 0
-162.43837 -48.781387 -0.15185916 0
-162.44266 -48.674095 -0.14890216 0
-162.45218 -48.541588 -0.18933515 0
-162.40448 -48.428871 -0.11041605 0
-162.39133 -48.244446 -0.12626904 0
-162.41255 -48.147804 -0.12542565 0
-162.43478 -47.64851 -0.13472381 0
-162.39456 -47.664967 -0.11616323 0
-162.36398 -47.598934 -0.15922092 0
-161.68549 -47.532143 -0.14283447 0
-162.38094 -47.482639 -0.1812637 0
-161.63867 -47.385391 -0.11333276 0
-162.32248 -47.254696 -0.15624747 0
-162.38715 -47.090527 -0.19898577 0
-162.27933 -47.07655 -0.19482529 0
-161.52155 -46.400787 -0.17575243 0
-161.51894 -46.263474 -0.18867955 0
-162.29826 -45.512688 -0.10234224 0
-162.33786 -45.389977 -0.123278 0
-162.32806 -45.113007 -0.18401399 0
-162.26503 -45.13118 -0.1759854 0
-161.82684 -44.720322 -0.15694517 0
-161.82603 -44.462059 -0.19608025 0
-161.84241 -44.338631 -0.14913322 0
-161.96007 -44.210045 -0.1259114 0
-162.25095 -44.046211 -0.17267093 0
-161.45677 -43.849785 -0.11635678 0
-162.19221 -43.625511 -0.11890759 0
-161.41214 -43.691216 -0.17838681 0
-162.26929 -43.33326 -0.16418454 0
-162.23129 -42.252819 -0.14284848 0
-162.13454 -42.009277 -0.11449607 0
-162.18008 -41.838505 -0.15000102 0
-162.93019 -40.567211 -0.19654916 0
-158.83888 -38.77924 -0.16547219 0
-159.70552 -38.62558 -0.11804789 0
-160.63506 -38.46273 -0.11430714 0
-160.47664 -38.499584 -0.14208692 0
-158.65016 -38.391182 -0.14011048 0
-158.59604 -37.842144 -0.13671006 0
-158.58176 -37.009766 -0.1958809 0
-158.55835 -36.433163 -0.13049576 0
-158.50534 -35.969879 -0.12774494 0
-158.48952 -35.574589 -0.18152528 0
-158.47543 -35.014961 -0.18390511 0
-158.48193 -34.983521 -0.11334113 0
-158.48163 -34.467979 -0.16364446 0
-158.4689 -34.209286 -0.14984955 0
-158.49562 -33.188049 -0.13638446 0
-158.41144 -32.878246 -0.13910808 0
-158.20746 -29.398804 -0.15444976 0
-158.19379 -27.391405 -0.10844643 0
-161.7189 -49.872643 -0.0099682175 0
-162.00659 -49.72385 -0.050404552 0
-162.43108 -48.547573 -0.085938387 0
-162.35368 -48.101715 -0.031960104 0
-162.32114 -48.068783 -0.056038335 0
-162.31363 -47.5979 -0.038698703 0
-162.32935 -47.494572 -0.0035140158 0
-161.63594 -47.250587 -0.059525963 0
-161.59071 -47.247562 -0.042905629 0
-162.32739 -47.106308 -0.018554635 0
-161.98657 -47.157681 -0.0017682046 0
-161.55466 -47.06097 -0.053342603 0
-161.83504 -46.762814 -0.07898505 0
-162.28239 -46.636955 -0.023327956 0
-161.56184 -46.694866 -0.082135022 0
-161.89435 -46.354317 -0.091837063 0
-162.33105 -46.174465 -0.085826896 0
-162.30045 -46.001583 -0.043976262 0
-162.31024 -45.788101 -0.063658714 0
-162.28754 -45.333286 -0.084713854 0
-162.28152 -45.271709 -0.088926971 0
-162.27333 -45.1222 -0.055259313 0
-161.86049 -45.134651 -0.054290619 0
-162.26254 -45.012371 -0.05889428 0
-162.10867 -45.071262 -0.086925678 0
-161.9958 -45.073704 -0.048887614 0
-162.06703 -44.947922 -0.073162332 0
-161.86176 -44.949562 -0.020436719 0
-161.83865 -44.850937 -0.004410442 0
-161.79739 -44.870808 -0.056012187 0
-161.44838 -43.842937 -0.053598192 0
-161.38907 -43.539009 -0.068860963 0
-162.20593 -43.251766 -0.067090407 0
-162.10953 -41.839138 -0.087460943 0
-162.0945 -41.803986 -0.096316792 0
-162.16087 -41.64624 -0.04526113 0
-162.09666 -41.637772 -0.085427791 0
-162.97987 -40.584389 -0.017462336 0
-158.66469 -38.685501 -0.072258472 0
-160.89288 -38.531647 -0.069089614 0
-162.72789 -38.418957 -0.047627896 0
-162.12717 -38.463261 -0.032833692 0
-160.79959 -38.406876 -0.085550442 0
-165.92805 -38.303368 -0.033495113 0
-165.56734 -38.313187 -0.050148312 0
-158.58748 -38.184834 -0.008938944 0
-158.58803 -37.279037 -0.046837077 0
-158.53539 -35.835968 -0.064239688 0
-158.52155 -35.481812 -0.023653414 0
-158.46098 -34.777294 -0.048676684 0
-158.45128 -34.227211 -0.012228358 0
-158.4324 -34.156376 -0.059902981 0
-158.42184 -33.869915 -0.017053084 0
-158.47165 -33.656578 -0.099415831 0
-158.43791 -33.24192 -0.0095496066 0
-158.42209 -32.935699 -0.024870086 0
-158.4151 -32.840973 -0.014236187 0
-158.37045 -32.15876 -0.064180754 0
-158.32951 -31.249006 -0.046775348 0
-158.19133 -28.757088 -0.088331766 0
-158.13057 -28.019037 -0.010470651 0
-158.17426 -27.371586 -0.078331813 0
-158.13557 -27.186586 -0.043832723 0
-163.91727 -17.75445 -0.09809459 0
-162.03331 -49.952812 0.033968396 0
-162.34558 -48.572449 0.060890261 0
-162.33904 -48.423222 0.07848534 0
-162.33003 -48.254417 0.088441312 0
-162.34877 -47.685963 0.01221016 0
-162.27234 -47.573036 0.035952512 0
-162.31895 -47.33947 0.070233524 0
-162.3176 -47.275806 0.024812328 0
-162.29962 -47.127159 0.043930493 0
-162.358 -46.937893 0.016821409 0
-161.56712 -46.935768 0.00084904453 0
-161.64104 -46.862583 0.0050558876 0
-162.30856 -46.338123 0.00017831441 0
-162.2594 -45.970245 0.078498214 0
-162.15283 -45.821835 0.057480045 0
-162.1841 -45.785168 0.0080714654 0
-162.23874 -45.499298 0.049701422 0
-162.19965 -45.121056 0.078114204 0
-161.82339 -44.956657 0.041542254 0
-161.79735 -44.990421 0.086052641 0
-161.80939 -44.732998 0.013182325 0
-161.80478 -44.63567 0.067321531 0
-161.78928 -44.60429 0.030681876 0
-161.84634 -44.589237 0.030088671 0
-161.80862 -44.431767 0.071084425 0
-161.78674 -44.43932 0.06322746 0
-161.79016 -44.262398 0.049022894 0
-161.7148 -43.64679 0.083112627 0
-162.18663 -43.480434 0.023529172 0
-162.1333 -42.417603 0.020886447 0
-162.10965 -42.020424 0.089323595 0
-162.1039 -41.981693 0.0273399 0
-159.6806 -38.642097 0.04309696 0
-158.61755 -38.661694 0.0098017277 0
-163.31012 -38.503849 0.032662496 0
-162.07784 -38.508999 0.038601063 0
-161.54401 -38.510754 0.017939387 0
-160.30505 -38.554508 0.092027694 0
-160.24492 -38.560764 0.019219702 0
-163.21271 -38.412968 0.044885457 0
-161.97253 -38.481808 0.0018983387 0
-161.44437 -38.439888 0.0097282883 0
-158.60387 -38.266045 0.083567798 0
-158.61647 -38.148479 0.076369181 0
-158.59521 -37.592281 0.065896429 0
-158.55753 -36.707489 0.005872821 0
-158.55202 -36.095829 0.088557877 0
-158.51242 -35.889256 0.098912366 0
-158.45966 -35.003311 0.083404668 0
-158.43872 -34.301594 0.0054297918 0
-158.45375 -34.08139 0.027728256 0
-158.3737 -32.510899 0.010586492 0
-158.43018 -32.356316 0.046757143 0
-158.38837 -32.286888 0.010048931 0
-158.32814 -31.431425 0.097088121 0
-158.22856 -29.162937 0.095250703 0
-158.24477 -28.953344 0.010745921 0
-162.16051 -49.99197 0.13299766 0
-162.09366 -49.981003 0.12820457 0
-161.86235 -49.47118 0.16729844 0
-161.88333 -49.354168 0.1113876 0
-162.29247 -47.757488 0.14732407 0
-162.30856 -47.478058 0.11008176 0
-162.27881 -47.473629 0.10977133 0
-162.30139 -47.126839 0.10838547 0
-161.57458 -47.118477 0.14994197 0
-162.28601 -47.007336 0.12815401 0
-162.26602 -46.655518 0.18041946 0
-162.24521 -46.344685 0.10620058 0
-162.24875 -46.027344 0.13958915 0
-162.21916 -45.909435 0.19341072 0
-162.24818 -45.569839 0.17192414 0
-162.2428 -45.419895 0.18512791 0
-162.12589 -45.32317 0.10666861 0
-162.23216 -45.274708 0.19334899 0
-162.12831 -45.181564 0.1092127 0
-161.86667 -45.012608 0.1348298 0
-161.76756 -44.950794 0.13002558 0
-161.53908 -43.777321 0.16524413 0
-161.42165 -43.649689 0.15271044 0
-162.12242 -43.535507 0.131338 0
-161.42453 -43.509464 0.12482351 0
-161.37024 -43.528271 0.13304268 0
-162.12332 -43.124943 0.14061093 0
-162.93921 -40.551651 0.13765523 0
-158.68068 -38.854351 0.14888391 0
-158.79924 -38.769932 0.14732026 0
-160.25981 -38.600475 0.17013218 0
-165.07787 -38.42741 0.11084764 0
-165.56509 -38.389954 0.18258303 0
-162.48967 -38.388237 0.1771111 0
-162.05708 -38.351509 0.12274969 0
-158.63426 -37.656651 0.14810872 0
-158.66241 -37.491005 0.16200286 0
-158.53339 -36.675423 0.17822322 0
-158.48601 -36.374687 0.1414125 0
-158.49484 -35.407299 0.15499395 0
-158.53102 -35.225967 0.17853995 0
-158.4239 -33.608387 0.146091 0
-158.40488 -33.087666 0.12502976 0
-158.39125 -32.925579 0.12173042 0
-158.39548 -32.786209 0.17518242 0
-158.35132 -31.124708 0.17315109 0
-158.31651 -30.742891 0.1452722 0
-158.33505 -30.65559 0.17270592 0
-158.26772 -29.571362 0.10457496 0
-158.29237 -29.447145 0.12855846 0
-158.22519 -29.026247 0.11428334 0
-158.20911 -28.525827 0.18785307 0
-158.20435 -27.571014 0.17675154 0
-161.91486 -49.679928 0.21788299 0
-161.8519 -49.529087 0.29912278 0
-161.89723 -49.439461 0.26382771 0
-161.98114 -48.960567 0.22729206 0
-162.33224 -48.202919 0.2886878 0
-162.27222 -48.157497 0.22940819 0
-162.32753 -48.080269 0.24615136 0
-162.26566 -47.980785 0.26068658 0
-162.31618 -47.728626 0.24083348 0
-162.29538 -47.692829 0.20020474 0
-162.30533 -47.444626 0.26193827 0
-161.63849 -47.424065 0.27112839 0
-162.27271 -47.347881 0.27203873 0
-162.25011 -46.920887 0.21941476 0
-161.84009 -46.798828 0.21199012 0
-162.25471 -46.362041 0.27455717 0
-162.20175 -45.858505 0.28962702 0
-162.2079 -45.503315 0.20197645 0
-162.12674 -45.234337 0.26094586 0
-161.87711 -45.118481 0.21139476 0
-161.86674 -45.028744 0.22097459 0
-161.79964 -44.982391 0.22364548 0
-161.79828 -44.892075 0.29355457 0
-161.85445 -44.670124 0.24036223 0
-161.80969 -44.466049 0.2457207 0
-161.7851 -44.100544 0.2034864 0
-161.41745 -43.614998 0.24785785 0
-162.11774 -43.352039 0.24980739 0
-162.04019 -42.943089 0.20391484 0
-162.09854 -42.774662 0.25137204 0
-162.0679 -42.417694 0.22815438 0
-162.07047 -42.248737 0.22114962 0
-162.06596 -42.119003 0.29036307 0
-162.06726 -42.033173 0.22847387 0
-162.92082 -40.566998 0.26547948 0
-162.72835 -38.515377 0.2238695 0
-160.90222 -38.515495 0.28082269 0
-163.9659 -38.437778 0.27054727 0
-163.25446 -38.453049 0.23696782 0
-162.70621 -38.401928 0.20515892 0
-164.71872 -38.313892 0.20846683 0
-163.0117 -38.328094 0.26574013 0
-162.94662 -38.312801 0.2040944 0
-158.59822 -38.02404 0.28110835 0
-158.59669 -37.943142 0.27096727 0
-158.60483 -37.769054 0.29265407 0
-158.58864 -37.568455 0.2148366 0
-158.56308 -37.316742 0.26115888 0
-158.61192 -35.932247 0.21167375 0
-158.50728 -35.900879 0.20732047 0
-158.47717 -34.964138 0.26315549 0
-158.4894 -34.891441 0.21305391 0
-158.5004 -34.603699 0.24083784 0
-158.43655 -34.126171 0.22739771 0
-158.43173 -34.069069 0.2314868 0
-158.44669 -33.324482 0.22602475 0
-158.4023 -32.895 0.26358846 0
-158.37039 -32.030674 0.2300518 0
-158.36775 -31.811893 0.205359 0
-158.34885 -31.380266 0.23725997 0
-158.34413 -30.755121 0.21028529 0
-158.30457 -30.165537 0.22161455 0
-158.30499 -30.064442 0.28529853 0
-158.26147 -29.607628 0.29425636 0
-158.24854 -29.172132 0.24145664 0
-158.21596 -28.479389 0.28513384 0
-158.20517 -28.232325 0.20740739 0
-158.22116 -27.931841 0.2785714 0
-158.1799 -27.88335 0.28136152 0
-158.17194 -27.059566 0.23712057 0
-162.59715 -18.493927 0.21382295 0
-164.33871 -11.637126 0.20099099 0
-164.1673 -11.612836 0.2111073 0
-161.9386 -49.900501 0.3406077 0
-162.06131 -49.843002 0.37355232 0
-161.95656 -49.759071 0.36855713 0
-161.93274 -49.675278 0.37670213 0
-161.86682 -49.614494 0.34302855 0
-161.85648 -49.523235 0.3589966 0
-161.83354 -49.375248 0.35737368 0
-161.87068 -49.216415 0.39901644 0
-162.32751 -48.351742 0.36457103 0
-162.26756 -48.136326 0.37693393 0
-162.30362 -47.984844 0.34876186 0
-161.62985 -47.533337 0.3077018 0
-162.31268 -47.315945 0.38905522 0
-162.26482 -47.171963 0.36628905 0
-162.28709 -46.828465 0.36964363 0
-162.27397 -46.678425 0.3982721 0
-161.57166 -46.573227 0.30786872 0
-161.58046 -46.461422 0.33847284 0
-161.57747 -46.378654 0.36084622 0
-162.26993 -46.216652 0.34342632 0
-161.57941 -46.274433 0.39063942 0
-162.20096 -45.842278 0.32395852 0
-179.01585 -45.327019 0.36606088 0
-162.2468 -45.367874 0.38952053 0
-162.16789 -45.312805 0.36799219 0
-162.25336 -45.283398 0.37616491 0
-162.07684 -45.184948 0.34529981 0
-161.85359 -44.927979 0.38386923 0
-161.79773 -44.68013 0.32446718 0
-161.76299 -44.161228 0.30680171 0
-161.75432 -44.076851 0.39869386 0
-162.12497 -43.172852 0.32365939 0
-161.67677 -42.874908 0.35759935 0
-162.14987 -42.307587 0.32297486 0
-162.05928 -42.140514 0.32162601 0
-162.0556 -42.075081 0.38677284 0
-162.05615 -41.9478 0.38503125 0
-178.75302 -41.513149 0.39552462 0
-162.94131 -40.622559 0.35374337 0
-162.95377 -40.565857 0.34862733 0
-158.89079 -38.702713 0.36621481 0
-158.68468 -38.709751 0.36555827 0
-158.64052 -38.689381 0.32574928 0
-163.32167 -38.403111 0.39803055 0
-162.71602 -38.430012 0.33238527 0
-161.92583 -38.446743 0.30595082 0
-161.19344 -38.473099 0.33936492 0
-162.03607 -38.354229 0.37975261 0
-158.62148 -38.286854 0.38216472 0
-158.57457 -37.762192 0.33244592 0
-158.60103 -37.476254 0.33660415 0
-158.58167 -37.440308 0.35738838 0
-158.56631 -37.337711 0.34983847 0
-158.55258 -37.181297 0.37222892 0
-158.56171 -37.019791 0.31835437 0
-158.55035 -36.732895 0.37067294 0
-162.31088 -35.817616 0.32440794 0
-158.48683 -35.095802 0.38426915 0
-158.40778 -33.817276 0.34387591 0
-158.46442 -33.69141 0.33818582 0
-158.40302 -33.214718 0.37953013 0
-158.4021 -32.981602 0.36443052 0
-158.37314 -31.393404 0.30406687 0
-158.31693 -30.931316 0.34377763 0
-158.31482 -30.47431 0.36970839 0
-158.28198 -29.83622 0.37534669 0
-158.25609 -29.110861 0.34288561 0
-158.2115 -27.797338 0.3960253 0
-158.18275 -27.563965 0.3669408 0
-158.11885 -26.786779 0.37735817 0
-165.58549 -10.914904 0.34462962 0
-161.98358 -49.952587 0.4313471 0
-161.91559 -49.51403 0.47617027 0
-161.8334 -49.540646 0.40745488 0
-161.86977 -49.441364 0.40489113 0
-161.82599 -49.337299 0.43012372 0
-161.95859 -49.236134 0.49051341 0
-161.83664 -49.244358 0.44513598 0
-162.04688 -48.930904 0.4147445 0
-161.97652 -48.981251 0.46016663 0
-162.36375 -48.315174 0.49608931 0
-161.7887 -48.372265 0.42670539 0
-161.65427 -48.054016 0.49562326 0
-161.63792 -47.737926 0.40362319 0
-162.33931 -47.317036 0.49589795 0
-162.30161 -47.140182 0.43573689 0
-162.29596 -46.938866 0.43971807 0
-162.29471 -46.718914 0.49072644 0
-162.24844 -46.454967 0.4609215 0
-162.2099 -46.360992 0.49685434 0
-162.2536 -46.212296 0.478708 0
-161.57428 -46.188499 0.40887037 0
-161.56622 -46.097256 0.43286651 0
-162.21838 -45.841351 0.4951582 0
-161.96198 -45.157009 0.46961778 0
-161.87729 -45.147881 0.44362766 0
-161.90053 -45.082485 0.40410206 0
-161.86005 -45.064514 0.43514273 0
-161.83835 -44.963112 0.45228261 0
-161.81241 -44.867889 0.43607038 0
-161.77202 -44.637001 0.43820706 0
-161.81299 -44.539959 0.45858961 0
-161.75037 -44.30991 0.43763372 0
-161.51686 -43.823288 0.42602655 0
-161.5025 -43.796867 0.44197178 0
-161.43898 -43.717697 0.42306697 0
-162.05354 -43.575199 0.48168409 0
-161.83333 -43.125366 0.48068044 0
-162.04637 -42.892067 0.40412208 0
-162.13934 -42.630299 0.41314912 0
-162.06583 -42.134869 0.45218548 0
-158.94089 -38.776707 0.47022864 0
-158.67004 -38.779743 0.42927527 0
-159.75739 -38.626114 0.42804599 0
-160.40356 -38.577496 0.42898181 0
-160.39598 -38.537132 0.4129599 0
-163.93013 -38.426891 0.49166813 0
-162.75879 -38.435188 0.43236002 0
-161.56766 -38.498352 0.42913231 0
-160.78206 -38.4944 0.4401184 0
-158.63274 -38.498657 0.47994235 0
-158.65561 -38.344166 0.43104231 0
-158.60234 -37.904228 0.42524204 0
-158.58777 -37.669624 0.49759626 0
-158.56941 -37.406212 0.48275146 0
-158.56812 -37.266376 0.47363257 0
-158.56117 -37.158489 0.44482702 0
-158.55183 -36.856491 0.49864042 0
-158.53549 -36.402924 0.4733761 0
-158.5103 -36.177517 0.49756318 0
-158.43861 -34.464432 0.4640297 0
-158.43718 -33.930302 0.44040382 0
-158.42867 -33.227596 0.41023475 0
-158.41249 -32.777248 0.4307647 0
-158.41888 -32.649704 0.46061456 0
-158.34329 -31.622889 0.48085541 0
-158.39017 -31.540745 0.43418929 0
-158.31625 -30.701458 0.44614738 0
-158.26309 -30.239365 0.44702899 0
-158.27728 -29.721256 0.46592644 0
-158.28593 -28.967283 0.40419689 0
-158.26871 -28.53747 0.45169917 0
-158.23244 -28.454308 0.4067449 0
-158.25574 -28.133043 0.48794493 0
-158.17972 -27.146011 0.46145135 0
-158.1526 -26.997543 0.41368672 0
-158.15445 -26.865763 0.47937986 0
-158.14876 -26.581852 0.40315735 0
-164.91624 -11.12993 0.49188119 0
-161.90968 -49.932083 0.54375404 0
-161.9856 -49.732662 0.59542739 0
-161.91974 -49.603256 0.52120215 0
-161.8754 -49.528957 0.54283822 0
-161.90047 -49.488869 0.57796466 0
-161.99969 -49.077057 0.50963223 0
-162.00478 -48.984726 0.58372903 0
-162.30838 -48.577118 0.51129377 0
-162.35368 -48.362381 0.57856643 0
-161.61453 -48.31139 0.58061999 0
-162.30894 -48.240055 0.50131249 0
-162.36577 -48.164703 0.54772776 0
-161.57126 -48.130043 0.57744938 0
-162.33464 -47.421288 0.56210196 0
-162.27757 -46.925476 0.5394789 0
-162.2366 -46.764854 0.51209939 0
-162.35211 -46.658962 0.57154596 0
-162.2903 -46.488205 0.5343678 0
-162.22528 -46.357227 0.52573651 0
-162.25955 -46.148056 0.55054057 0
-162.24199 -45.912121 0.57803434 0
-162.1366 -45.812057 0.50636172 0
-161.58691 -45.844143 0.55418026 0
-161.54294 -45.754829 0.59559858 0
-161.93703 -45.18605 0.5710274 0
-161.806 -44.530407 0.5362435 0
-161.87436 -44.032707 0.56883317 0
-161.40561 -43.835648 0.52973092 0
-161.71429 -43.65976 0.58247787 0
-162.14456 -43.219872 0.51903683 0
-162.12408 -42.510632 0.50212568 0
-162.09529 -42.340675 0.59792566 0
-162.07158 -42.248611 0.54722685 0
-162.05931 -42.065941 0.51250136 0
-162.01038 -41.540714 0.54217958 0
-158.72768 -38.863605 0.56685793 0
-160.23538 -38.555538 0.50992292 0
-161.75092 -38.465015 0.58649188 0
-166.28621 -38.375362 0.52579337 0
-159.98596 -38.382229 0.50902057 0
-164.77414 -38.232189 0.5609917 0
-158.60428 -37.960991 0.53412503 0
-158.62823 -37.723614 0.54086208 0
-158.56386 -37.162712 0.59568405 0
-158.55757 -36.74007 0.55421364 0
-158.54974 -36.564407 0.55281866 0
-158.53714 -36.238693 0.52103591 0
-158.52254 -36.001625 0.53567719 0
-158.4776 -36.039288 0.50656271 0
-158.54539 -35.772022 0.53011775 0
-166.99211 -35.62439 0.51591206 0
-158.51746 -35.658966 0.56477243 0
-158.45911 -35.546627 0.52120334 0
-158.41992 -34.232677 0.56077218 0
-158.37238 -33.422539 0.58371639 0
-158.41026 -33.286018 0.55487734 0
-158.40988 -33.045567 0.59485239 0
-158.36346 -32.248543 0.5361588 0
-158.36406 -32.118156 0.51614147 0
-158.37054 -31.786049 0.55171728 0
-158.24716 -28.953646 0.54625964 0
-158.32674 -28.45805 0.58454072 0
-158.17397 -27.260914 0.52682811 0
-158.14507 -27.014893 0.53982371 0
-162.38956 -49.834137 0.69288236 0
-161.97647 -49.613441 0.61777759 0
-161.96805 -49.484524 0.64563906 0
-161.98795 -49.367134 0.6360634 0
-162.00378 -49.107124 0.67481571 0
-161.9861 -49.174648 0.62775946 0
-162.32977 -48.507027 0.60248274 0
-162.35701 -48.406746 0.66685134 0
-161.64204 -48.444183 0.65477329 0
-161.83142 -48.38776 0.62854439 0
-162.33459 -48.208748 0.61460936 0
-161.65179 -48.201069 0.61779165 0
-162.35677 -48.126114 0.68787879 0
-162.36395 -47.80267 0.61576104 0
-162.36487 -47.060631 0.63244599 0
-162.28795 -46.383869 0.61816639 0
-162.28911 -46.101334 0.62875462 0
-162.23148 -45.209988 0.69849128 0
-162.20256 -45.138985 0.65405858 0
-162.11008 -45.0839 0.6847254 0
-161.81389 -44.95686 0.61370802 0
-161.80582 -44.856018 0.61299622 0
-161.78157 -44.732159 0.64176351 0
-161.78354 -44.418449 0.6796571 0
-161.79491 -44.376331 0.61199921 0
-161.80901 -44.284428 0.64529371 0
-162.31664 -43.934097 0.67253566 0
-162.03377 -43.805088 0.67789298 0
-161.79358 -43.853546 0.62672371 0
-161.66934 -43.832691 0.64522111 0
-161.44843 -43.676331 0.65645659 0
-161.56526 -43.352112 0.61438483 0
-158.82149 -38.805954 0.68486226 0
-158.87962 -38.730412 0.66440552 0
-158.61884 -38.544304 0.67570066 0
-158.60773 -38.469696 0.66412944 0
-158.72096 -37.857185 0.60017514 0
-158.55923 -37.098141 0.62460375 0
-158.54666 -36.977234 0.64118004 0
-158.54953 -36.791855 0.66704744 0
-158.61075 -36.040359 0.63978446 0
-158.52893 -36.068459 0.63189054 0
-158.51234 -35.526264 0.69479764 0
-158.46317 -35.156738 0.69496357 0
-158.49612 -35.067074 0.61493564 0
-158.49141 -34.995399 0.69006634 0
-158.45947 -34.299347 0.66125852 0
-158.40143 -32.911118 0.61272132 0
-158.38829 -32.324219 0.69686902 0
-158.30095 -31.538095 0.6394527 0
-158.31023 -30.627159 0.64535981 0
-158.2466 -30.671373 0.6637966 0
-158.29117 -29.659647 0.65774196 0
-158.26422 -29.170006 0.64977902 0
-158.23245 -28.76359 0.64705038 0
-158.20966 -27.906384 0.65071315 0
-158.22563 -27.834986 0.67900115 0
-164.03133 -9.4864168 0.6622107 0
-163.89105 -9.4373112 0.66728163 0
-163.7388 -9.3726425 0.67859256 0
-162.43048 -49.875282 0.71644527 0
-162.01807 -49.625793 0.79152948 0
-162.03365 -49.096806 0.73869562 0
-162.16985 -48.902256 0.73210788 0
-162.38313 -48.440948 0.73813671 0
-162.36247 -47.909019 0.74020946 0
-162.35829 -47.38427 0.75872296 0
-162.29068 -47.372784 0.74620271 0
-162.3187 -46.891899 0.78210008 0
-162.34328 -46.26897 0.77396649 0
-162.31459 -46.194199 0.74585277 0
-162.30338 -45.963661 0.71484828 0
-162.2809 -45.510555 0.78278977 0
-162.17743 -45.090549 0.73649901 0
-161.95317 -45.072357 0.7477895 0
-161.81912 -44.952824 0.71240497 0
-162.14139 -43.602268 0.72675419 0
-162.20895 -43.431488 0.76004308 0
-162.20833 -43.274403 0.70519215 0
-162.13113 -42.738926 0.75669134 0
-162.28406 -42.334591 0.75479031 0
-162.12219 -42.379951 0.77840281 0
-162.08113 -42.044456 0.70559561 0
-158.64638 -38.87537 0.70143664 0
-158.85217 -38.789734 0.72459626 0
-158.63832 -38.638306 0.74635088 0
-160.94171 -38.516342 0.75494015 0
-160.8488 -38.544971 0.75286579 0
-159.6145 -38.579941 0.70176083 0
-162.13686 -38.451157 0.7830891 0
-160.89207 -38.475018 0.77898943 0
-158.62292 -38.426613 0.75874591 0
-164.70557 -38.366882 0.72965789 0
-164.77899 -38.171024 0.7512942 0
-164.77216 -38.052216 0.7598266 0
-158.64781 -38.094635 0.77631813 0
-158.54305 -36.613434 0.70211446 0
-158.49138 -35.320656 0.76297611 0
-158.47841 -34.434418 0.74690336 0
-158.52411 -32.691299 0.77748358 0
-158.39421 -32.584373 0.70784098 0
-158.31821 -30.8283 0.7226823 0
-158.32532 -30.199131 0.70486516 0
-158.27928 -30.157404 0.77333832 0
-158.29953 -29.442989 0.78426564 0
-158.17479 -27.85025 0.70905858 0
-158.19662 -27.391205 0.74445814 0
-162.55681 -49.966694 0.8876012 0
-161.65392 -48.978577 0.85982329 0
-161.63251 -48.867783 0.88041973 0
-161.57857 -48.831356 0.88833416 0
-162.45901 -48.640221 0.80987865 0
-162.46004 -48.56049 0.81938034 0
-162.46088 -48.496014 0.83305526 0
-162.38551 -48.045067 0.86186999 0
-162.11714 -48.065956 0.86050552 0
-162.46776 -47.866005 0.86191559 0
-162.37543 -46.949909 0.81461328 0
-162.40633 -46.719238 0.82778394 0
-162.41295 -46.617092 0.80894887 0
-162.3434 -46.515251 0.83827204 0
-162.36902 -46.324268 0.88344014 0
-162.34865 -46.261723 0.87536544 0
-162.37775 -46.010078 0.8114571 0
-162.31728 -45.770988 0.8754428 0
-162.33832 -45.498634 0.81914473 0
-162.37807 -44.802952 0.87903571 0
-161.94534 -44.820747 0.87021899 0
-161.83318 -44.612164 0.84321141 0
-161.84625 -44.430027 0.80300713 0
-162.03642 -44.176109 0.86603177 0
-162.20589 -43.681515 0.84355766 0
-161.71164 -43.672981 0.85386682 0
-161.44591 -43.561825 0.86027169 0
-162.19441 -42.925915 0.80670673 0
-162.14162 -42.171841 0.84498477 0
-178.85832 -41.881966 0.86733592 0
-158.69997 -38.833595 0.83155167 0
-158.68472 -38.775162 0.84015667 0
-158.66901 -38.699142 0.84433311 0
-161.82991 -38.508003 0.85196084 0
-161.02483 -38.511421 0.86890358 0
-160.83333 -38.527451 0.85606599 0
-160.66307 -38.5368 0.85119593 0
-160.03122 -38.558369 0.86922818 0
-164.03925 -38.406487 0.82415485 0
-163.01248 -38.493286 0.85180134 0
-162.11737 -38.493244 0.86014521 0
-162.08516 -38.499035 0.85176969 0
-160.50174 -38.480038 0.87798023 0
-162.73167 -38.396431 0.80359882 0
-158.61922 -38.285408 0.89428842 0
-158.62384 -38.159203 0.83137691 0
-158.60753 -37.929661 0.87609518 0
-164.74341 -37.405769 0.82369512 0
-158.49673 -35.105576 0.84138888 0
-158.48972 -34.690788 0.88790488 0
-158.49469 -34.543232 0.80652344 0
-158.53554 -34.116726 0.85504842 0
-158.46603 -34.177734 0.87311292 0
-158.44533 -34.04808 0.83469236 0
-158.42892 -33.258217 0.83241022 0
-158.40555 -32.805294 0.89345551 0
-158.3573 -31.770752 0.81794232 0
-158.36401 -30.850609 0.87184012 0
-158.26979 -29.882923 0.87970734 0
-158.28749 -29.659548 0.85563737 0
-158.2619 -29.531378 0.87367529 0
-158.26851 -28.430296 0.80644804 0
-158.13826 -26.970085 0.80506879 0
-162.6864 -18.281836 0.86584413 0
-162.64407 -49.517883 0.91483933 0
-161.8454 -49.522923 0.9203769 0
-161.69106 -49.053822 0.97897434 0
-162.51521 -48.225578 0.96823418 0
-162.47031 -47.86937 0.90430462 0
-162.46126 -47.778084 0.91515952 0
-162.41502 -46.725376 0.92898923 0
-162.46455 -45.880924 0.99357796 0
-162.38838 -45.497276 0.9540717 0
-161.54283 -45.007694 0.98584163 0
-161.52119 -44.973782 0.95139718 0
-162.35121 -44.836189 0.96416879 0
-161.97696 -43.800213 0.98806113 0
-161.46547 -43.836365 0.91554767 0
-161.86209 -43.734413 0.93711549 0
-161.42627 -43.784325 0.94828838 0
-161.42793 -43.607056 0.94361848 0
-161.40993 -43.563129 0.92285645 0
-162.35768 -42.694614 0.9935801 0
-162.24562 -41.971169 0.95259726 0
-178.81697 -41.66378 0.95934796 0
-178.82393 -41.311813 0.93774444 0
-158.71082 -38.91589 0.90741712 0
-158.65335 -38.724998 0.92967343 0
-160.84846 -38.607445 0.91038406 0
-160.44154 -38.615913 0.98514855 0
-160.05453 -38.649307 0.98958278 0
-159.95361 -38.67086 0.99492675 0
-159.75197 -38.661163 0.9957999 0
-159.54826 -38.668957 0.99030244 0
-159.4075 -38.657402 0.99328977 0
-159.19241 -38.653648 0.97755075 0
-158.93124 -38.690868 0.98040724 0
-158.63495 -38.659977 0.98309481 0
-162.80327 -38.511368 0.98206794 0
-161.77925 -38.532776 0.956994 0
-160.05743 -38.579563 0.92486751 0
-164.12941 -38.41534 0.96298718 0
-163.65393 -38.478947 0.9540149 0
-162.41162 -38.498577 0.96491998 0
-158.63551 -38.458012 0.96258032 0
-158.64969 -38.251839 0.94799298 0
-158.61362 -38.13723 0.92413855 0
-158.57736 -37.735741 0.9647184 0
-158.60023 -37.676826 0.92193401 0
-158.56723 -37.462029 0.96132177 0
-158.59082 -36.95755 0.9101519 0
-158.68291 -36.479336 0.9382934 0
-158.5452 -36.409103 0.93711209 0
-158.52812 -36.249786 0.93340206 0
-164.64999 -36.105366 0.94235867 0
-158.56778 -35.622135 0.91383517 0
-158.51534 -35.158913 0.91154122 0
-158.489 -34.874374 0.97464657 0
-158.47615 -34.531448 0.90908021 0
-158.46172 -33.859108 0.98169166 0
-158.43996 -33.569839 0.91520381 0
-158.42105 -33.387299 0.93529767 0
-158.42482 -33.061012 0.93425727 0
-158.44333 -32.926491 0.98610151 0
-158.4276 -32.547493 0.92924309 0
-158.33527 -31.046606 0.91202146 0
-158.32323 -30.750669 0.95017582 0
-158.3175 -30.457815 0.98785686 0
-158.34187 -30.212952 0.97643119 0
-158.25185 -28.943283 0.93116516 0
-158.25778 -28.373587 0.90009367 0
-158.22769 -27.497608 0.96479458 0
-163.32915 -20.372757 0.91575778 0
-162.7883 -16.991995 0.99835682 0
-162.22356 -49.847645 1.0580667 0
-161.71147 -49.366489 1.0604396 0
-161.67999 -49.248718 1.0262307 0
-162.56691 -48.092625 1.0020423 0
-162.51144 -46.55814 1.0685747 0
-162.5313 -46.274632 1.0150384 0
-162.50349 -45.833347 1.0904143 0
-162.46036 -45.858612 1.0457146 0
-162.47043 -45.798107 1.008575 0
-162.53481 -45.399567 1.0969255 0
-162.41628 -45.074017 1.035267 0
-162.42198 -44.966908 1.0513514 0
-162.4908 -44.880001 1.0843434 0
-161.5881 -44.830467 1.0606002 0
-162.46542 -44.499104 1.0487832 0
-162.01855 -43.574863 1.0902362 0
-162.29021 -43.468613 1.0281439 0
-162.32298 -42.963757 1.0350237 0
-162.2742 -42.623585 1.0135252 0
-162.31053 -42.122189 1.0969514 0
-178.85423 -41.742687 1.0639222 0
-162.32869 -41.787342 1.0785601 0
-162.36354 -41.660713 1.0748966 0
-178.82945 -41.474773 1.0160075 0
-161.37354 -38.604977 1.0142311 0
-161.23412 -38.607319 1.0160549 0
-161.09378 -38.602249 1.0135106 0
-160.95026 -38.601048 1.0108045 0
-160.80243 -38.628605 1.0059375 0
-159.35333 -38.641594 1.0331557 0
-163.77058 -38.51255 1.0600489 0
-163.62503 -38.543808 1.0557082 0
-163.47972 -38.521809 1.0599092 0
-163.33167 -38.510281 1.0583563 0
-163.16634 -38.542534 1.0490364 0
-163.01897 -38.53804 1.0468577 0
-162.87502 -38.530109 1.0498072 0
-162.75262 -38.527267 1.03325 0
-162.55595 -38.565643 1.0379653 0
-162.39948 -38.579365 1.029704 0
-162.25284 -38.544456 1.0554187 0
-162.11201 -38.570194 1.0299666 0
-162.00465 -38.514973 1.0751065 0
-161.96916 -38.575935 1.0266808 0
-161.81612 -38.586254 1.0235335 0
-161.77426 -38.520622 1.0281379 0
-161.67259 -38.584999 1.0208519 0
-161.51955 -38.595333 1.0176945 0
-161.40627 -38.579689 1.0648797 0
-161.03789 -38.559975 1.0549279 0
-160.39554 -38.590649 1.080008 0
-164.24023 -38.498924 1.0288377 0
-164.06329 -38.483871 1.0210426 0
-163.42046 -38.492764 1.0447087 0
-163.19093 -38.489986 1.0050399 0
-162.50696 -38.496204 1.0859572 0
-158.61382 -38.443096 1.0246469 0
-158.60849 -38.167534 1.0049207 0
-158.67902 -37.679085 1.0864469 0
-158.56348 -37.54504 1.0318072 0
-158.59821 -37.070187 1.0593897 0
-162.05101 -36.175934 1.0117947 0
-158.5432 -35.772472 1.0515194 0
-158.49548 -35.705215 1.001366 0
-158.48172 -35.129532 1.069275 0
-158.44434 -34.538292 1.025262 0
-158.50256 -34.402054 1.0144031 0
-158.44727 -34.374119 1.0497817 0
-162.77866 -33.761105 1.0993078 0
-158.44731 -33.797382 1.0919147 0
-163.54327 -33.676956 1.0619156 0
-163.30666 -33.683537 1.0804319 0
-163.17677 -33.694664 1.0708483 0
-158.40527 -32.404163 1.0098033 0
-158.38818 -32.421104 1.0349847 0
-158.36375 -32.341091 1.0771052 0
-158.3735 -32.16618 1.0022569 0
-158.3054 -29.636471 1.066795 0
-158.22142 -29.084385 1.0678631 0
-158.185 -26.77496 1.0046396 0
-163.31931 -20.438826 1.0229765 0
-162.77965 -18.649158 1.0134542 0
-161.72388 -49.563198 1.117955 0
-162.6011 -46.955917 1.1031362 0
-162.56625 -46.834881 1.1181465 0
-162.57837 -46.639267 1.1043652 0
-162.58359 -46.552254 1.1216059 0
-162.59969 -46.447796 1.1403167 0
-162.49551 -45.875053 1.1484978 0
-162.46825 -45.77457 1.1069607 0
-162.68288 -45.627777 1.1340615 0
-162.49815 -45.639641 1.1441994 0
-162.54765 -45.223331 1.1353186 0
-162.511 -44.933605 1.1507795 0
-162.51344 -44.831917 1.1538708 0
-162.71727 -44.733681 1.1954579 0
-161.52847 -44.631241 1.1896721 0
-161.54854 -44.565048 1.1691617 0
-161.49933 -44.541229 1.1464579 0
-162.24535 -43.823639 1.1509761 0
-162.55107 -43.645229 1.179121 0
-161.45775 -43.651737 1.1883646 0
-162.36076 -43.598534 1.1042826 0
-161.35648 -43.589611 1.1224433 0
-162.48761 -42.623764 1.1386008 0
-162.44775 -42.064556 1.1604236 0
-162.3309 -41.8447 1.1244823 0
-178.79445 -40.808777 1.1786853 0
-178.8593 -40.615852 1.1465465 0
-161.27972 -38.624977 1.1428455 0
-161.1813 -38.607616 1.1636205 0
-161.07243 -38.620323 1.1477933 0
-160.72739 -38.630959 1.1454637 0
-160.33095 -38.622124 1.1368358 0
-159.96477 -38.670219 1.1577269 0
-159.82693 -38.660309 1.1257513 0
-159.50848 -38.68927 1.1412326 0
-159.47992 -38.652412 1.1102649 0
-159.12228 -38.679157 1.1251342 0
-163.20094 -38.572586 1.1640986 0
-162.87819 -38.525707 1.1833836 0
-162.62514 -38.518856 1.1662964 0
-162.44363 -38.59977 1.1514419 0
-162.00941 -38.58176 1.1526775 0
-161.98593 -38.559433 1.1974829 0
-159.76318 -38.599197 1.1124233 0
-158.66054 -37.496296 1.1458199 0
-158.66675 -37.251656 1.1829525 0
-158.61278 -37.040131 1.1266736 0
-160.82214 -36.718704 1.1791326 0
-160.67612 -36.694515 1.1806782 0
-160.53445 -36.645237 1.1836467 0
-160.37531 -36.626465 1.1803319 0
-158.62517 -36.691582 1.1017417 0
-161.86497 -36.246674 1.1619905 0
-160.22427 -36.292923 1.1906897 0
-161.55136 -36.170177 1.1169463 0
-163.0423 -34.713036 1.1935341 0
-166.07211 -34.586533 1.1121378 0
-158.51416 -34.535007 1.1874735 0
-161.48227 -34.496174 1.1935097 0
-166.17361 -34.326221 1.1187057 0
-163.27237 -33.711502 1.1376159 0
-158.42131 -32.626953 1.1411113 0
-158.40868 -31.7635 1.1492412 0
-158.39264 -31.449736 1.1642857 0
-161.61592 -31.328629 1.1418701 0
-164.72412 -31.208788 1.1221061 0
-158.35434 -30.681854 1.1610934 0
-162.91222 -19.551563 1.1942312 0
-161.74762 -49.748886 1.2446061 0
-161.74274 -49.698627 1.2112612 0
-165.63965 -49.573372 1.2221271 0
-162.79861 -49.135521 1.2024655 0
-162.86678 -48.121372 1.2847782 0
-162.76729 -47.969727 1.2020639 0
-162.73106 -47.327446 1.2015593 0
-162.86148 -46.268955 1.2949628 0
-162.79419 -46.018108 1.2626754 0
-162.50682 -45.80986 1.2124748 0
-162.78227 -44.500504 1.2990416 0
-162.5246 -44.383774 1.2089196 0
-162.62173 -44.296764 1.2196138 0
-162.6855 -44.136253 1.259856 0
-162.79401 -44.091793 1.2417413 0
-161.53484 -43.93848 1.2983793 0
-161.49846 -43.709137 1.2208065 0
-162.23146 -43.5009 1.2593275 0
-161.944 -43.582329 1.2448316 0
-161.41592 -43.561531 1.2509828 0
-178.83197 -41.643761 1.2460917 0
-163.15483 -38.512653 1.2721733 0
-162.91174 -38.52338 1.2575047 0
-162.55843 -38.51944 1.2365324 0
-162.40514 -38.512806 1.2637833 0
-162.20934 -38.535606 1.2587771 0
-161.49507 -38.578381 1.2550871 0
-161.39873 -38.564152 1.2385745 0
-161.06273 -38.597954 1.25501 0
-160.40628 -38.594612 1.2228682 0
-164.15858 -38.487961 1.2939281 0
-158.59164 -38.395065 1.2857724 0
-160.23596 -37.037918 1.2187079 0
-160.08638 -37.021912 1.2189407 0
-160.34158 -36.923553 1.2618315 0
-158.66196 -36.949505 1.216826 0
-160.15858 -36.825024 1.2667104 0
-158.62813 -36.816158 1.2814972 0
-158.62537 -36.716614 1.2546299 0
-160.96846 -36.442677 1.211324 0
-161.10573 -36.319752 1.2000691 0
-160.26038 -36.309017 1.2011113 0
-158.58923 -36.089813 1.2031083 0
-158.63708 -35.889385 1.291237 0
-158.58188 -35.642502 1.2042245 0
-158.57021 -34.911995 1.2597251 0
-160.9416 -34.41917 1.2149961 0
-160.53786 -34.477333 1.2258495 0
-161.21841 -34.315418 1.221578 0
-161.11766 -34.361774 1.2133222 0
-161.049 -34.344917 1.2216352 0
-161.80911 -34.227932 1.2040906 0
-158.52817 -34.117336 1.2439656 0
-160.62785 -34.051315 1.2069746 0
-161.19589 -33.93232 1.2426385 0
-161.04506 -33.978741 1.2280006 0
-158.4912 -33.763542 1.2921188 0
-158.44518 -33.628811 1.2540361 0
-158.45992 -33.389828 1.2067046 0
-158.45682 -32.666569 1.2538539 0
-158.41377 -31.776007 1.2151808 0
-158.40744 -31.013676 1.2267938 0
-158.37166 -30.975988 1.2406756 0
-158.38107 -30.825384 1.2163783 0
-158.39662 -30.469599 1.2846849 0
-162.90643 -19.303844 1.2335397 0
-168.03445 -49.950611 1.3420628 0
-161.72345 -49.934212 1.3172399 0
-169.3035 -49.879246 1.3727506 0
-169.23016 -49.867943 1.3717697 0
-169.13493 -49.868275 1.3651688 0
-169.03757 -49.876274 1.3587883 0
-168.93771 -49.887009 1.3500448 0
-168.84006 -49.889927 1.343573 0
-161.70369 -49.816181 1.3400844 0
-162.96407 -47.186661 1.3249489 0
-162.73486 -45.801365 1.330231 0
-162.75381 -44.29673 1.310468 0
-162.70432 -43.731457 1.3777034 0
-162.66772 -43.738998 1.3177444 0
-162.22623 -43.780472 1.3087714 0
-162.76291 -43.620461 1.3693269 0
-161.46936 -43.698048 1.3283747 0
-161.36653 -43.600712 1.3332751 0
-162.58745 -41.769379 1.3617777 0
-163.0401 -40.615395 1.3320595 0
-162.99062 -40.626839 1.3084376 0
-162.98116 -40.593311 1.3370098 0
-158.67432 -38.735634 1.3409389 0
-161.03787 -38.621525 1.3496457 0
-158.62471 -38.69022 1.3489878 0
-158.6066 -38.249588 1.3624723 0
-158.55774 -36.915932 1.3314394 0
-158.55078 -36.372894 1.3326558 0
-158.50543 -35.455917 1.3884219 0
-158.56927 -35.039932 1.3129411 0
-158.57022 -34.678894 1.3086001 0
-158.48363 -33.312828 1.3489494 0
-158.41853 -32.544765 1.387229 0
-158.44746 -31.966763 1.3405313 0
-158.33821 -30.263084 1.3896754 0
-158.35713 -29.90045 1.3969691 0
-158.36191 -29.81143 1.3927248 0
-166.40155 -49.979694 1.4515322 0
-162.99416 -49.958485 1.4840287 0
-163.34102 -47.786766 1.4683863 0
-163.21645 -47.177433 1.4941386 0
-162.93709 -45.784828 1.4190235 0
-161.46054 -43.733452 1.4743779 0
-163.32411 -43.556648 1.4604436 0
-178.90707 -41.384941 1.4213197 0
-160.10883 -38.708797 1.4006572 0
-159.73372 -38.621277 1.4345104 0
-159.38647 -38.638195 1.4050336 0
-158.67061 -38.685791 1.4203652 0
-158.58426 -37.699097 1.4417224 0
-158.50116 -36.048225 1.4014683 0
-158.53613 -35.700897 1.4712059 0
-158.51451 -35.602386 1.4045277 0
-158.52554 -35.32423 1.4067293 0
-158.49744 -35.380219 1.4592534 0
-158.47365 -35.007214 1.4889361 0
-158.37498 -32.834843 1.4425083 0
-158.18636 -28.10515 1.4876833 0
-163.02441 -19.64934 1.4253595 0
-162.73096 -17.648294 1.4158313 0
-162.74933 -17.37904 1.4509951 0
-162.81772 -17.055515 1.4870425 0
-163.30807 -49.707409 1.5603703 0
-163.08154 -49.759296 1.5494798 0
-163.39551 -48.374058 1.5974723 0
-163.20706 -46.683273 1.5236796 0
-162.91705 -46.298332 1.5320836 0
-162.64497 -43.801235 1.5967764 0
-162.01044 -43.810898 1.5794567 0
-163.47688 -43.717236 1.5183474 0
-162.61595 -43.714294 1.5599284 0
-162.54654 -43.788357 1.5949513 0
-161.49118 -43.746349 1.5834649 0
-162.39536 -43.502037 1.5940385 0
-161.52052 -43.537537 1.5181853 0
-163.04048 -40.692837 1.5995545 0
-178.83739 -40.334751 1.5519322 0
-158.44957 -34.772224 1.5044121 0
-158.28204 -31.541134 1.5145098 0
-158.31567 -31.421772 1.5207132 0
-158.29097 -31.215611 1.5420589 0
-158.22464 -29.105745 1.5077052 0
-158.17705 -28.161625 1.5601983 0
-163.00748 -19.032307 1.5410461 0
-162.79811 -18.236889 1.5121427 0
-162.24873 -49.821945 1.6197417 0
-161.69891 -49.711475 1.6619874 0
-162.67749 -49.51347 1.6623596 0
-161.68825 -49.592663 1.6748086 0
-161.68777 -49.48344 1.6822622 0
-163.39757 -49.366379 1.6898067 0
-161.67212 -49.364647 1.6949352 0
-163.34016 -49.222977 1.6368086 0
-162.87352 -49.294113 1.667802 0
-161.75586 -49.224869 1.6877151 0
-161.6512 -49.266396 1.6763555 0
-162.45154 -49.043697 1.6811099 0
-161.65279 -48.948997 1.6712421 0
-163.39081 -48.69384 1.6941792 0
-163.30891 -48.572304 1.6660819 0
-161.66565 -48.468582 1.6926543 0
-163.30998 -48.328854 1.6576041 0
-163.27992 -48.001644 1.6767403 0
-163.3419 -47.907803 1.6528984 0
-163.32321 -47.67569 1.6872307 0
-161.71393 -47.552181 1.6891414 0
-161.65768 -47.439346 1.6694328 0
-162.97 -47.3638 1.6522318 0
-163.33188 -47.273907 1.6852698 0
-163.29489 -46.903259 1.6845766 0
-163.22736 -46.173073 1.6785233 0
-163.32651 -45.164749 1.6928886 0
-165.67883 -44.926964 1.6751635 0
-163.15253 -44.139183 1.6853173 0
-163.22485 -44.011417 1.6778576 0
-161.43961 -43.948277 1.6178468 0
-162.37886 -43.812668 1.6995946 0
-161.91959 -43.890907 1.6804317 0
-161.62408 -43.867149 1.6794943 0
-161.42303 -43.874737 1.6333147 0
-163.33339 -43.77594 1.6858205 0
-163.04419 -43.780472 1.6615664 0
-162.95569 -43.785675 1.6872958 0
-162.85074 -43.790779 1.6828625 0
-162.55479 -43.79974 1.69868 0
-161.54431 -43.778061 1.6630452 0
-161.45569 -43.752014 1.6686809 0
-162.19098 -43.51503 1.695588 0
-163.07458 -43.484997 1.6491747 0
-163.05338 -40.646164 1.6568322 0
-178.81186 -40.497208 1.6912479 0
-161.69525 -49.954178 1.7945977 0
-161.75812 -49.814919 1.771384 0
-161.7626 -49.443897 1.741793 0
-163.43324 -49.239342 1.7784348 0
-163.38477 -49.238541 1.7182742 0
-162.6396 -49.204521 1.7317095 0
-161.71623 -49.277443 1.7943208 0
-161.62679 -49.270599 1.700065 0
-163.32739 -49.151459 1.7325625 0
-161.74304 -49.17112 1.7833556 0
-161.69238 -49.150581 1.7390769 0
-161.69197 -49.067169 1.7582879 0
-162.30309 -48.931637 1.7438359 0
-161.68591 -48.997368 1.7760413 0
-162.15089 -48.819725 1.7586176 0
-161.97318 -48.735336 1.7371739 0
-161.77873 -48.790482 1.7100195 0
-161.89049 -48.696453 1.7350037 0
-161.73451 -48.454826 1.7910974 0
-163.35629 -48.399303 1.747413 0
-161.66916 -48.390663 1.7470102 0
-161.66386 -48.177223 1.704322 0
-161.64288 -47.818283 1.7641952 0
-163.34706 -47.78754 1.7480831 0
-162.75713 -47.568935 1.7191511 0
-161.66496 -47.540775 1.768445 0
-163.31866 -47.307194 1.7916437 0
-163.32202 -47.044731 1.7999188 0
-163.25975 -47.055149 1.7282927 0
-161.63931 -46.97076 1.791751 0
-163.23978 -46.870762 1.7320256 0
-163.1095 -46.732624 1.7981141 0
-163.04471 -46.653431 1.7977084 0
-161.64191 -46.614468 1.7076833 0
-163.28749 -46.523991 1.7773802 0
-161.63606 -46.568562 1.7257152 0
-163.27666 -46.494518 1.7657624 0
-162.61455 -46.439774 1.7242339 0
-161.58774 -46.336304 1.7212429 0
-162.53371 -46.293789 1.7397674 0
-162.42555 -46.260361 1.758927 0
-161.56853 -46.276455 1.7276354 0
-162.38469 -46.158474 1.7589864 0
-162.29826 -46.148148 1.746816 0
-161.61929 -46.107922 1.7793826 0
-162.14821 -46.020405 1.7887852 0
-161.60405 -46.030952 1.770869 0
-161.60257 -45.756851 1.7111847 0
-161.56805 -45.709133 1.7260923 0
-161.59506 -45.559647 1.7707253 0
-163.24362 -45.195782 1.7555071 0
-161.58139 -45.13353 1.7482042 0
-161.57181 -45.042236 1.7352408 0
-163.31282 -44.878056 1.7694752 0
-161.53691 -44.821438 1.7751868 0
-161.54929 -44.751026 1.766821 0
-163.2122 -44.603931 1.7282885 0
-162.53406 -44.681026 1.7139177 0
-162.65404 -44.596165 1.7391782 0
-162.76881 -44.495285 1.7643363 0
-161.52118 -43.908184 1.7392128 0
-163.3437 -43.801346 1.7826399 0
-163.13135 -43.880737 1.739907 0
-162.84125 -43.840992 1.7434564 0
-162.56464 -43.834126 1.7161808 0
-162.29822 -43.857788 1.7015054 0
-162.18869 -43.869411 1.7886258 0
-161.66939 -43.881603 1.753925 0
-161.58859 -43.899105 1.746564 0
-161.47862 -43.873627 1.7492725 0
-165.12666 -43.725998 1.7773107 0
-164.77626 -43.741848 1.7626538 0
-163.76997 -43.760944 1.7434139 0
-161.4695 -43.776436 1.7728518 0
-161.42183 -43.621895 1.7374399 0
-161.43985 -43.55336 1.7282 0
-163.03859 -40.670902 1.7377707 0
-161.70262 -49.163437 1.8214233 0
-161.74561 -49.031742 1.8067486 0
-161.67197 -49.090744 1.8384054 0
-161.70256 -48.894894 1.8118587 0
-161.68188 -48.316032 1.8066889 0
-161.70618 -48.222225 1.8328817 0
-161.67609 -47.841187 1.801967 0
-163.32832 -47.331829 1.8152956 0
-163.28284 -46.903343 1.8523703 0
-163.24081 -46.745403 1.8269722 0
-163.07841 -46.696224 1.8005192 0
-161.61455 -46.56065 1.8141462 0
-163.28726 -46.099701 1.8194247 0
-163.24786 -45.899841 1.8432004 0
-161.62878 -45.675301 1.8715179 0
-161.58162 -45.696114 1.8299335 0
-163.27901 -45.579182 1.8318627 0
-161.61057 -45.510181 1.895336 0
-161.57439 -45.455791 1.8534642 0
-161.58972 -45.356354 1.8360295 0
-161.59282 -45.25462 1.8707598 0
-163.17993 -44.827583 1.8194339 0
-161.59421 -44.700172 1.8468729 0
-161.57423 -44.32267 1.8385329 0
-162.93422 -44.271057 1.8118246 0
-161.61775 -44.11549 1.8115567 0
-162.72728 -43.877224 1.8817719 0
-162.37932 -43.842606 1.8654118 0
-162.27936 -43.855099 1.8942059 0
-162.15285 -43.860264 1.8676333 0
-162.04877 -43.866562 1.8574209 0
-164.92407 -43.711872 1.8874389 0
-164.32596 -43.752804 1.8464396 0
-164.08685 -43.754971 1.8832924 0
-163.72627 -43.794136 1.8225733 0
-161.5052 -43.619881 1.8191446 0
-161.48129 -43.555584 1.8357323 0
-178.82269 -42.169689 1.8416512 0
-178.8811 -41.695175 1.8699303 0
-163.0159 -40.696102 1.8813295 0
-179.16455 -49.938217 1.90572 0
-179.14572 -49.81284 1.9908189 0
-162.02969 -49.882843 1.9755405 0
-179.24873 -49.752876 1.9281623 0
-179.16663 -48.200069 1.9520488 0
-179.11421 -47.874287 1.9988526 0
-179.13135 -46.794018 1.9703296 0
-163.37773 -46.259708 1.9560267 0
-166.50664 -45.685692 1.9877901 0
-162.2562 -44.980991 1.9766133 0
-162.54236 -44.007687 1.9496646 0
-161.56985 -43.916065 1.9807934 0
-162.83928 -43.847015 1.9509727 0
-162.6608 -43.89386 1.9926927 0
-162.26767 -43.896526 1.956911 0
-161.51089 -43.887863 1.9796621 0
-161.44728 -43.857883 1.9788253 0
-164.14412 -43.710285 1.962435 0
-161.48448 -43.753845 1.9236823 0
-163.10629 -43.605854 1.9735053 0
-161.50975 -43.685654 1.9642959 0
-161.96127 -42.77858 1.9435308 0
-162.97462 -40.569313 1.9820548 0
-179.18907 -49.965317 2.0325255 0
-168.52422 -49.987572 2.0684569 0
-179.20828 -49.83886 2.0076694 0
-179.16077 -49.827312 2.0109415 0
-168.51019 -49.83746 2.0029192 0
-165.68874 -49.825836 2.0388098 0
-168.59122 -49.668125 2.0884123 0
-168.47855 -49.411148 2.0516815 0
-168.47864 -49.392849 2.0809109 0
-179.09811 -48.970341 2.0453098 0
-165.85037 -48.07666 2.0786948 0
-179.04262 -47.086708 2.0902364 0
-166.12532 -46.708035 2.0548129 0
-162.96236 -46.06776 2.0771151 0
-163.50023 -45.831081 2.0976155 0
-163.38237 -45.84042 2.0732543 0
-163.15855 -45.682968 2.0898564 0
-178.96086 -44.144733 2.0744851 0
-163.68895 -43.72504 2.0957215 0
-163.50421 -43.710667 2.0842969 0
-163.28987 -43.723713 2.0934639 0
-161.75751 -43.797646 2.0265405 0
-165.62085 -43.614376 2.0884342 0
-178.90843 -43.076851 2.0752008 0
-162.86436 -42.356415 2.0952642 0
-162.96373 -40.581112 2.0018601 0
-179.20032 -49.993004 2.1215162 0
-168.45563 -49.950199 2.131295 0
-163.03952 -49.805038 2.1067741 0
-162.98979 -49.803715 2.1587346 0
-179.13667 -49.773537 2.1640778 0
-165.7074 -49.775288 2.1388464 0
-162.94487 -49.734379 2.1649024 0
-165.67717 -49.555553 2.1539986 0
-179.11742 -49.402737 2.1164899 0
-168.50597 -49.456886 2.1188085 0
-168.42615 -49.453129 2.1629701 0
-165.64203 -49.412773 2.1649251 0
-179.16109 -49.363735 2.1131189 0
-168.39391 -49.323307 2.185395 0
-168.41739 -49.268513 2.129668 0
-179.142 -49.0158 2.1639035 0
-179.09036 -48.945919 2.1472988 0
-168.34148 -48.931168 2.147634 0
-168.26953 -48.953953 2.1550159 0
-179.13544 -48.812225 2.160074 0
-168.43153 -48.638721 2.1203551 0
-163.18893 -48.643787 2.1294475 0
-168.41013 -48.463997 2.1482625 0
-168.37459 -48.309879 2.17695 0
-163.11356 -48.357273 2.1334682 0
-163.11174 -48.206055 2.1332407 0
-179.09085 -48.135563 2.1969869 0
-163.02391 -48.158279 2.1573758 0
-163.88185 -48.098377 2.1592207 0
-165.76802 -47.687614 2.1107514 0
-163.14091 -47.585899 2.1132312 0
-163.05748 -47.44062 2.1428118 0
-163.24736 -47.332329 2.1105795 0
-163.07329 -47.165958 2.1524785 0
-179.08916 -47.024597 2.1231706 0
-163.06927 -47.093983 2.1285014 0
-179.03697 -46.746185 2.1424756 0
-163.21518 -46.471661 2.118721 0
-163.14626 -46.439507 2.1242177 0
-163.05836 -46.424374 2.1288564 0
-163.10585 -46.265751 2.1364584 0
-165.77971 -45.94117 2.1286623 0
-163.36295 -45.987068 2.1018326 0
-165.77385 -45.802814 2.1320786 0
-163.89275 -45.869732 2.1790068 0
-163.1075 -45.888302 2.1084106 0
-162.92113 -45.871311 2.1441329 0
-179.01544 -45.692425 2.1636491 0
-163.14639 -45.401688 2.1407003 0
-163.0345 -45.406933 2.1463759 0
-162.83304 -45.445831 2.1197085 0
-163.06339 -45.337936 2.14906 0
-165.6219 -45.211792 2.1988854 0
-165.59613 -45.205997 2.1697342 0
-163.15614 -45.255283 2.1633508 0
-162.86797 -45.023182 2.1768906 0
-163.17787 -44.759403 2.1432774 0
-162.72493 -44.675861 2.1828165 0
-163.16888 -44.312805 2.1280558 0
-162.05263 -44.367359 2.1522794 0
-178.96544 -44.248699 2.100868 0
-162.79068 -43.512218 2.1815248 0
-161.99889 -42.561771 2.132637 0
-178.86465 -42.403973 2.1796436 0
-178.87981 -42.090836 2.1361604 0
-162.80109 -41.817951 2.1401315 0
-178.93851 -41.626514 2.1922696 0
-178.87617 -41.650246 2.1100712 0
-178.82268 -40.985107 2.1936426 0
-163.49387 -20.223328 2.1140287 0
-163.44058 -20.028589 2.1266618 0
-163.52808 -19.947182 2.179636 0
-168.25819 -49.993507 2.2429256 0
-165.59337 -49.925575 2.2481782 0
-162.90019 -49.922302 2.2502425 0
-162.85474 -49.95047 2.2616405 0
-168.37979 -49.888233 2.2910557 0
-165.56903 -49.879223 2.2367978 0
-165.57307 -49.750946 2.2816582 0
-162.81474 -49.701485 2.2921934 0
-179.10876 -49.614182 2.2258539 0
-168.39139 -49.658791 2.2346051 0
-168.27661 -49.476372 2.2727985 0
-162.87198 -49.45396 2.2242982 0
-179.15846 -48.921589 2.2224433 0
-165.48909 -48.947319 2.2863727 0
-168.25414 -48.703793 2.2394946 0
-162.92798 -48.759155 2.2070343 0
-179.15028 -48.54052 2.2795601 0
-168.27078 -48.502415 2.2814577 0
-168.34367 -48.150639 2.2004032 0
-162.70061 -48.063084 2.2708104 0
-168.30246 -47.976669 2.2339573 0
-168.23456 -47.904331 2.2399597 0
-168.17975 -47.842468 2.2650101 0
-162.7305 -47.858566 2.2104366 0
-162.9557 -47.742916 2.2011437 0
-162.90034 -47.551464 2.228117 0
-179.13 -47.278984 2.2765236 0
-168.23975 -46.575813 2.260859 0
-165.54744 -46.598614 2.2563515 0
-162.85434 -46.435501 2.217016 0
-179.08949 -46.380348 2.2234614 0
-162.90475 -46.347694 2.2260029 0
-168.29237 -46.289722 2.2569635 0
-179.03061 -46.175159 2.2276642 0
-168.24139 -46.031403 2.2164199 0
-162.82968 -46.058056 2.2444611 0
-162.70546 -46.098316 2.2996602 0
-179.0318 -45.851452 2.2580194 0
-165.52547 -45.485077 2.2012064 0
-162.88564 -45.44257 2.2155263 0
-165.50362 -45.386337 2.2098262 0
-162.89569 -45.1511 2.2020056 0
-179.09615 -45.044861 2.2138782 0
-162.71834 -44.992943 2.2830322 0
-165.48653 -44.871433 2.2249308 0
-179.06224 -44.670044 2.2690506 0
-162.69426 -44.625561 2.2904711 0
-179.03294 -44.420517 2.2288404 0
-162.68141 -44.492496 2.2721627 0
-162.69714 -44.105526 2.2981508 0
-162.8212 -43.75285 2.236413 0
-162.77953 -43.649719 2.2466285 0
-162.66191 -43.667931 2.2186358 0
-162.43752 -43.672295 2.2795339 0
-162.60648 -43.543865 2.2705157 0
-178.94093 -43.403008 2.2299261 0
-164.1313 -43.345074 2.2580194 0
-162.4873 -43.379555 2.2847171 0
-162.70328 -43.173374 2.2647526 0
-162.62238 -43.033669 2.2754202 0
-162.64484 -42.328388 2.2762945 0
-178.90431 -42.153439 2.2746639 0
-178.89622 -41.858921 2.210819 0
-162.67644 -41.73119 2.253197 0
-162.57166 -41.769035 2.2385161 0
-178.86658 -41.515018 2.2685935 0
-168.24309 -49.989731 2.3420777 0
-168.28319 -49.871403 2.3110363 0
-162.74985 -49.871521 2.326838 0
-162.68172 -49.856369 2.3233128 0
-162.67789 -49.765587 2.3990982 0
-168.30276 -49.592968 2.3520553 0
-165.48392 -49.511517 2.3677113 0
-168.29361 -49.458073 2.3825972 0
-165.45543 -49.482983 2.3296471 0
-164.82668 -49.472015 2.3672261 0
-179.16307 -49.391663 2.3739955 0
-165.42789 -49.354115 2.3542821 0
-168.2103 -48.972702 2.3500826 0
-179.16692 -48.852982 2.3574276 0
-162.7384 -48.87606 2.3818567 0
-165.36151 -48.402042 2.3931341 0
-162.76941 -48.495308 2.3223665 0
-162.66209 -48.216553 2.3626454 0
-165.38643 -48.103088 2.3701913 0
-179.12839 -47.898457 2.3700042 0
-168.12103 -47.835197 2.3030531 0
-179.05428 -47.565941 2.3635557 0
-165.44353 -47.425373 2.3537962 0
-162.73183 -47.284576 2.3372822 0
-165.43236 -46.803963 2.340673 0
-162.68959 -46.88726 2.3925364 0
-165.40143 -46.753616 2.3222773 0
-162.65265 -46.749565 2.3500438 0
-162.64038 -46.433479 2.3619385 0
-162.58426 -46.438686 2.3847785 0
-168.1088 -46.223915 2.3578405 0
-162.57697 -45.99947 2.3985264 0
-162.55048 -45.710518 2.3759468 0
-162.48802 -45.793751 2.3904486 0
-162.47591 -45.588875 2.3833439 0
-162.70026 -45.478951 2.3256192 0
-162.68781 -45.436787 2.3533182 0
-162.48038 -45.439457 2.3961306 0
-162.65952 -45.383942 2.3364239 0
-162.66106 -45.274426 2.3709798 0
-162.63234 -45.128551 2.3660045 0
-162.6528 -44.543694 2.3078949 0
-179.05244 -44.274197 2.3231153 0
-165.33151 -44.034451 2.3748083 0
-162.63567 -43.811234 2.3454299 0
-165.31546 -43.644241 2.3075159 0
-163.97307 -43.562576 2.32215 0
-162.73207 -43.455223 2.3013783 0
-165.22643 -42.648445 2.3933954 0
-162.51352 -42.548637 2.3853986 0
-162.37315 -42.292706 2.3756952 0
-178.88602 -41.995018 2.350239 0
-162.43675 -41.714424 2.3863299 0
-164.47743 -21.814638 2.347012 0
-165.42484 -49.92141 2.4487855 0
-179.18423 -49.813026 2.417918 0
-165.40564 -49.856079 2.4525828 0
-165.38741 -49.861832 2.459595 0
-165.40143 -49.796509 2.4659884 0
-165.38242 -49.721466 2.4753237 0
-179.15965 -49.69714 2.464411 0
-168.19518 -49.627304 2.4701309 0
-165.44598 -49.567905 2.4131808 0
-179.14229 -49.408497 2.4752409 0
-168.13882 -49.450104 2.4793708 0
-162.50558 -49.488495 2.4694693 0
-179.11609 -49.370544 2.4645841 0
-168.26588 -49.330536 2.4141176 0
-168.22723 -49.217518 2.4358907 0
-179.2119 -49.168274 2.4686499 0
-165.35182 -49.173725 2.4531214 0
-162.58546 -49.13308 2.4850714 0
-179.1689 -48.927544 2.4737606 0
-162.62639 -48.986652 2.4387865 0
-162.70157 -48.763645 2.4039001 0
-162.59837 -48.756897 2.4749978 0
-162.58336 -48.620174 2.467473 0
-179.153 -48.34222 2.4309824 0
-162.64265 -48.355099 2.4464869 0
-179.10617 -48.030426 2.4153736 0
-162.51875 -48.058105 2.4789886 0
-179.14183 -47.958267 2.4229736 0
-162.55174 -47.931084 2.4001634 0
-162.60266 -47.764675 2.4138181 0
-179.08507 -47.564247 2.443702 0
-162.59372 -47.426395 2.4187799 0
-162.48717 -47.238548 2.4467893 0
-179.09746 -47.125755 2.4846897 0
-162.54028 -47.1614 2.4711468 0
-162.53873 -47.048721 2.4598646 0
-162.61133 -46.846775 2.4139063 0
-179.06248 -46.779644 2.4560795 0
-162.54742 -46.601681 2.4519191 0
-162.60095 -46.560623 2.4809072 0
-162.44594 -46.528618 2.4984486 0
-179.03839 -46.425259 2.4893668 0
-162.58034 -46.489029 2.4295638 0
-179.08939 -46.221996 2.4305727 0
-165.3484 -46.134686 2.4271927 0
-162.61894 -46.16634 2.4048605 0
-162.5224 -46.167946 2.4275126 0
-165.34737 -46.000904 2.4471385 0
-162.58653 -46.092613 2.4238269 0
-162.56082 -45.931461 2.4080985 0
-162.53067 -45.875854 2.4684749 0
-162.50027 -45.488605 2.4801304 0
-162.48093 -45.414299 2.4894536 0
-162.47566 -45.370667 2.4839644 0
-165.29878 -45.227093 2.4792473 0
-162.48682 -45.254898 2.4657276 0
-162.51703 -44.743176 2.450259 0
-179.01421 -44.417439 2.439795 0
-165.2059 -43.766747 2.4627924 0
-162.40373 -43.724663 2.482857 0
-178.95888 -43.617153 2.4533222 0
-165.13852 -43.605572 2.4475598 0
-165.1786 -43.590931 2.4882746 0
-162.45697 -43.572514 2.4049253 0
-162.38515 -43.562458 2.4569821 0
-162.44965 -43.43203 2.4718869 0
-162.45297 -43.352089 2.4776766 0
-178.9653 -43.150326 2.4027374 0
-162.49872 -43.138031 2.4549832 0
-178.99307 -43.08284 2.4912069 0
-165.25237 -42.711597 2.458461 0
-162.48262 -42.44379 2.4055469 0
-162.48923 -42.326271 2.4481053 0
-162.4946 -41.936523 2.4225509 0
-162.4136 -41.731384 2.4446983 0
-162.51208 -41.666565 2.4034581 0
-178.88606 -41.413677 2.4256732 0
-178.84103 -40.892681 2.4877954 0
-178.81007 -40.385399 2.4164312 0
-164.01991 -20.801174 2.4301028 0
-163.94705 -20.680906 2.4400504 0
-162.98743 -17.745247 2.404465 0
-163.00363 -17.500656 2.4347804 0
-163.07086 -17.171631 2.4747183 0
-179.20357 -49.937683 2.5845573 0
-162.54706 -49.984856 2.5376849 0
-165.34076 -49.868168 2.5420418 0
-179.18958 -49.528759 2.5064776 0
-168.07388 -49.506248 2.5999038 0
-165.34683 -49.482441 2.5341582 0
-162.61279 -49.434174 2.5198765 0
-168.06041 -49.290264 2.5738418 0
-165.32605 -49.258537 2.5167418 0
-162.53731 -49.166115 2.5523348 0
-179.15855 -49.051403 2.5616915 0
-168.09128 -49.065315 2.5611863 0
-179.13051 -48.978725 2.546881 0
-162.50113 -48.89743 2.5715115 0
-162.53809 -48.734512 2.5320325 0
-179.09552 -48.620811 2.5483789 0
-162.51454 -48.598248 2.5619738 0
-162.5175 -48.467216 2.5582948 0
-162.48657 -48.451775 2.597024 0
-168.04337 -48.302505 2.5287778 0
-162.54016 -48.330521 2.5016563 0
-179.15427 -48.299633 2.5882711 0
-162.38159 -48.027748 2.5647347 0
-162.52847 -47.890995 2.5620701 0
-162.50745 -47.709133 2.561559 0
-179.10941 -47.507713 2.5555215 0
-165.2438 -47.513798 2.5255146 0
-162.55882 -47.423561 2.5504026 0
-162.46014 -47.452751 2.5771184 0
-179.09654 -47.37236 2.5053051 0
-179.06334 -47.270031 2.5213227 0
-162.47818 -47.198097 2.5576057 0
-162.49219 -47.020988 2.5068383 0
-165.19695 -46.923538 2.5538986 0
-162.47707 -46.956936 2.5275385 0
-165.23242 -46.772774 2.5103233 0
-179.06508 -46.608547 2.5565612 0
-179.01892 -46.491886 2.5409803 0
-162.50677 -46.183834 2.5062225 0
-162.42303 -45.868839 2.5840745 0
-162.35634 -45.848541 2.5783997 0
-165.07959 -45.791553 2.5118756 0
-165.18222 -45.507549 2.5495932 0
-162.4464 -45.537075 2.5036905 0
-165.16354 -45.348824 2.5668228 0
-162.47212 -45.388287 2.5022452 0
-179.04721 -45.089867 2.5934217 0
-162.34444 -44.803143 2.5824888 0
-165.18974 -44.302074 2.5030205 0
-162.41812 -44.338955 2.5446088 0
-162.45212 -44.12896 2.5597312 0
-162.40034 -44.08881 2.5031018 0
-162.41138 -43.853519 2.5319252 0
-162.3924 -43.80722 2.50718 0
-162.35527 -43.731094 2.5384858 0
-162.33806 -43.688953 2.5734348 0
-162.28003 -43.665024 2.5379748 0
-178.95401 -43.507145 2.5712306 0
-165.12881 -43.55769 2.5054274 0
-162.41669 -43.238235 2.5124345 0
-165.0887 -43.018288 2.5796618 0
-162.43443 -43.090454 2.5187395 0
-178.98738 -42.661728 2.5497375 0
-162.27335 -42.682629 2.5803413 0
-178.84084 -42.335102 2.509481 0
-162.30322 -42.16151 2.5950954 0
-178.92307 -42.038509 2.5564504 0
-178.78667 -41.073299 2.5806885 0
-163.05035 -40.699554 2.5414443 0
-162.93889 -40.648815 2.547364 0
-163.6938 -20.259912 2.5976062 0
-163.42592 -19.301229 2.59447 0
-179.20233 -49.981956 2.6239731 0
-165.32495 -49.933937 2.6464951 0
-162.48239 -49.63625 2.6924613 0
-162.52435 -49.578907 2.6782298 0
-162.48227 -49.404488 2.6288748 0
-162.46451 -49.345726 2.66746 0
-165.27075 -49.23896 2.6332026 0
-168.05235 -49.150135 2.6029177 0
-162.51758 -49.137848 2.651252 0
-162.49474 -49.121525 2.6174979 0
-168.03391 -49.005665 2.627202 0
-165.2717 -49.011967 2.6798151 0
-162.45993 -48.897881 2.6068597 0
-162.4469 -48.771175 2.6890743 0
-179.1452 -48.683987 2.6879847 0
-162.46213 -48.643044 2.6234295 0
-162.44786 -48.552132 2.6419787 0
-162.43559 -48.45145 2.6612043 0
-162.47357 -48.305866 2.63151 0
-162.38957 -48.216873 2.6464236 0
-162.4375 -48.142593 2.6476417 0
-162.39218 -48.122284 2.6682298 0
-162.46567 -47.902142 2.6127663 0
-162.36385 -47.980835 2.698323 0
-179.06212 -47.887093 2.6267643 0
-162.49677 -47.883152 2.6609378 0
-162.36581 -47.686314 2.6255312 0
-162.45459 -47.571678 2.6573572 0
-162.44904 -47.315105 2.6436579 0
-179.09048 -47.193142 2.6060858 0
-162.40462 -47.045296 2.6995811 0
-162.36871 -46.820015 2.6803875 0
-179.05161 -46.685429 2.6619124 0
-162.42487 -46.545437 2.6298087 0
-179.03964 -46.458858 2.6407816 0
-162.46001 -46.000011 2.641609 0
-179.02608 -45.795433 2.6813037 0
-162.4193 -45.68541 2.6132004 0
-178.97025 -45.512863 2.6995234 0
-162.35931 -45.529373 2.6729896 0
-165.17732 -45.40057 2.603049 0
-162.3459 -45.43795 2.6792481 0
-162.36945 -45.343857 2.630223 0
-162.31563 -44.855667 2.6510763 0
-162.37434 -44.667919 2.6171508 0
-165.12894 -44.431705 2.6490164 0
-162.33156 -44.47644 2.6657963 0
-165.07571 -44.378841 2.6442089 0
-162.33147 -44.390247 2.6908126 0
-162.2872 -44.270359 2.6698036 0
-162.34697 -43.980347 2.6296158 0
-162.37778 -43.797043 2.6522624 0
-162.13364 -43.679203 2.6766655 0
-162.29445 -43.345451 2.6497016 0
-162.28635 -43.280899 2.6424162 0
-162.20418 -42.160366 2.656626 0
-162.22868 -42.01017 2.6691153 0
-162.2433 -41.961136 2.690362 0
-178.94647 -41.830753 2.6679184 0
-163.42076 -19.54431 2.6815872 0
-163.20276 -18.646523 2.6840577 0
-163.23732 -18.313787 2.6981001 0
-164.35965 -10.416313 2.6085823 0
-162.39742 -49.832596 2.7691722 0
-165.28143 -49.767376 2.7686567 0
-162.40868 -49.315811 2.7687106 0
-162.43465 -49.254993 2.7035129 0
-162.44075 -49.054993 2.7401721 0
-162.44 -48.633129 2.7614994 0
-162.39632 -48.637177 2.7303152 0
-162.42345 -48.34898 2.7395482 0
-162.39952 -48.207836 2.712446 0
-165.23361 -48.146786 2.7009594 0
-162.44426 -47.606754 2.7448709 0
-162.35925 -47.277271 2.7804186 0
-162.3604 -47.100071 2.7274194 0
-162.35208 -47.02412 2.7379708 0
-162.34178 -46.653187 2.7894433 0
-179.07138 -46.547512 2.7069125 0
-162.35803 -46.588898 2.7211273 0
-162.31142 -46.490955 2.7827978 0
-162.32108 -46.137062 2.7468376 0
-179.04718 -46.05925 2.7020817 0
-162.32954 -46.089828 2.7493863 0
-162.27931 -45.772896 2.744807 0
-178.97122 -45.669178 2.7525022 0
-162.30157 -45.233452 2.7628911 0
-165.05438 -44.683311 2.767236 0
-162.24895 -44.13773 2.7115741 0
-162.26273 -43.997936 2.7925174 0
-162.25299 -43.750053 2.764328 0
-162.27068 -43.689152 2.7698193 0
-162.30037 -43.344677 2.7845168 0
-162.24236 -42.860382 2.7515962 0
-178.90201 -42.576073 2.7021976 0
-162.1674 -42.431347 2.7386801 0
-162.22353 -42.321331 2.7201624 0
-178.86069 -42.016281 2.7820442 0
-162.2365 -41.961632 2.7335486 0
-178.83246 -40.946556 2.7060597 0
-162.88142 -40.894737 2.7982824 0
-163.57195 -19.850752 2.7399404 0
-163.39577 -19.417534 2.7854066 0
-163.23143 -18.753563 2.7648911 0
-162.43117 -49.908852 2.8866289 0
-162.39586 -49.975853 2.8803558 0
-162.41365 -49.470119 2.8563132 0
-162.40199 -49.344757 2.8652332 0
-162.43927 -49.284294 2.8731308 0
-162.45267 -48.931385 2.8868268 0
-162.35556 -48.974415 2.848947 0
-162.409 -48.861828 2.8784947 0
-162.41644 -48.640812 2.83936 0
-162.36432 -48.422398 2.8783753 0
-162.41541 -48.32579 2.8355403 0
-162.37943 -48.001759 2.8612628 0
-162.27658 -48.070793 2.8157737 0
-162.33498 -47.904613 2.8301344 0
-162.32024 -47.760925 2.8399811 0
-162.31985 -47.611481 2.8438294 0
-162.31358 -47.54126 2.8469765 0
-162.31194 -47.475586 2.8614435 0
-162.32509 -47.389004 2.843473 0
-162.29796 -47.34766 2.8686213 0
-162.39264 -47.234638 2.8573263 0
-162.31255 -47.195904 2.8782516 0
-162.2894 -47.068153 2.8877499 0
-162.32605 -46.933071 2.8783791 0
-162.28358 -46.913486 2.8978028 0
-162.35129 -46.694561 2.8068523 0
-162.30632 -45.920361 2.8143895 0
-162.29369 -45.309078 2.8629878 0
-162.2493 -45.226406 2.864743 0
-162.23073 -44.619446 2.8489444 0
-162.24289 -44.536957 2.8551264 0
-162.20709 -44.46352 2.8793395 0
-162.21753 -44.387074 2.8766775 0
-162.19865 -44.237644 2.8698349 0
-162.15222 -43.648254 2.8514125 0
-162.14536 -43.481586 2.8751161 0
-162.24951 -43.365791 2.8282752 0
-162.21263 -43.125507 2.8420563 0
-165.00349 -42.406261 2.8016078 0
-162.19983 -42.260662 2.8243666 0
-162.18289 -42.19334 2.8096819 0
-162.13461 -42.054924 2.8314793 0
-162.12517 -41.750385 2.8841929 0
-162.11276 -41.676098 2.8510919 0
-164.37683 -21.235762 2.8865552 0
-163.2061 -18.040094 2.8667588 0
-163.18555 -17.342257 2.8066959 0
-163.47856 -16.896301 2.8418202 0
-162.41966 -49.935238 2.9794416 0
-162.39598 -49.709072 2.9321465 0
-162.40407 -49.605106 2.9887707 0
-162.37823 -49.625832 2.9802179 0
-162.38727 -49.599747 2.9678264 0
-162.381 -49.421436 2.9238513 0
-162.3867 -49.087765 2.9016058 0
-162.34531 -48.625999 2.9031973 0
-162.36128 -48.561768 2.9521914 0
-162.35823 -48.443928 2.9531939 0
-162.31027 -48.115028 2.9349606 0
-162.33585 -47.967453 2.9539409 0
-162.26186 -47.773777 2.9784718 0
-162.34669 -46.834267 2.9854052 0
-162.27419 -46.697296 2.9120612 0
-162.27788 -46.594116 2.9765918 0
-162.29214 -46.417679 2.9555902 0
-162.30449 -46.336533 2.9193964 0
-162.25874 -46.395954 2.9346092 0
-162.23877 -45.866714 2.9407244 0
-162.24132 -45.210159 2.9678781 0
-162.20885 -44.962978 2.9889469 0
-162.24001 -44.67017 2.9411418 0
-162.20789 -44.318073 2.9258873 0
-162.19522 -44.300167 2.9153728 0
-162.21156 -44.227257 2.958468 0
-162.19275 -44.213943 2.931227 0
-162.18239 -44.141369 2.9460816 0
-162.19652 -43.911446 2.9894021 0
-162.16577 -43.467155 2.9319897 0
-162.15039 -43.259377 2.9030514 0
-162.14447 -43.171238 2.9190795 0
-162.17734 -43.049793 2.9178374 0
-162.14015 -42.385212 2.9956398 0
-162.16982 -42.190323 2.906168 0
-162.09888 -41.9053 2.9876726 0
-162.11385 -41.818882 2.9192669 0
-162.13037 -41.756699 2.923876 0
-168.06003 -23.13961 2.9161046 0
-167.8553 -23.156441 2.9134507 0
-164.3936 -21.010344 2.9076898 0
-165.27235 -10.653769 2.9234247 0
-162.40483 -49.856388 3.0182159 0
-162.38495 -49.749176 3.0490551 0
-162.39333 -49.404346 3.056325 0
-162.34344 -49.273216 3.0384266 0
-162.35445 -48.850151 3.0185335 0
-162.37183 -48.72044 3.020206 0
-162.40765 -48.419922 3.0590072 0
-162.34976 -48.355904 3.0433457 0
-162.30553 -48.130249 3.0361667 0
-162.28278 -48.077492 3.0864048 0
-162.31548 -47.604843 3.0214303 0
-162.23393 -47.65789 3.0893714 0
-162.28775 -47.538864 3.063256 0
-162.32993 -47.436966 3.024271 0
-162.25076 -46.816368 3.0127556 0
-162.26532 -46.763821 3.01036 0
-162.32573 -46.583061 3.0662298 0
-162.18874 -46.313019 3.0737052 0
-162.25952 -46.215553 3.0866044 0
-162.25462 -45.712776 3.0069611 0
-162.22092 -45.546349 3.0124958 0
-162.21225 -45.433422 3.0360172 0
-162.21161 -45.340054 3.0554969 0
-162.19173 -45.330616 3.0053577 0
-162.20422 -45.259438 3.0712607 0
-162.20311 -45.175625 3.0877619 0
-162.19 -45.098125 3.0978186 0
-162.24161 -44.938354 3.0246534 0
-162.21124 -44.733494 3.0815489 0
-162.19206 -44.329784 3.0028439 0
-162.18237 -44.132301 3.0761323 0
-162.17671 -44.031906 3.0202792 0
-162.14166 -43.927147 3.0496602 0
-162.11879 -42.725559 3.022696 0
-162.13782 -42.337807 3.0256913 0
-163.81606 -20.186899 3.0182049 0
-163.6015 -19.595287 3.0199053 0
-163.38974 -19.040699 3.0465286 0
-164.69899 -10.277823 3.0366027 0
-162.37979 -49.214031 3.1181262 0
-162.35797 -49.152428 3.1059332 0
-162.34723 -49.050762 3.1697617 0
-162.3499 -48.66098 3.1031368 0
-162.36838 -48.292656 3.1461775 0
-162.28168 -48.103264 3.1159775 0
-162.32953 -47.984486 3.1072323 0
-162.31842 -47.635788 3.1947629 0
-162.30696 -47.582272 3.1932125 0
-162.30576 -47.412933 3.1095176 0
-162.31146 -47.325214 3.1835179 0
-162.30109 -47.05162 3.1156497 0
-162.29118 -47.056747 3.1909461 0
-162.24036 -46.96389 3.1187868 0
-162.31226 -46.85445 3.1174841 0
-162.26877 -46.833527 3.1246448 0
-162.24159 -46.758816 3.157171 0
-162.24252 -46.65844 3.1823823 0
-162.213 -45.913788 3.1538248 0
-162.24246 -45.8699 3.1501732 0
-162.20474 -45.742359 3.1923785 0
-162.2016 -45.123631 3.1289065 0
-162.19614 -45.006447 3.1202719 0
-162.21709 -44.395611 3.1230388 0
-162.13206 -43.281307 3.1393161 0
-162.12766 -43.140839 3.1538453 0
-162.16174 -42.922951 3.1241403 0
-162.13855 -42.659382 3.1964283 0
-162.06894 -42.310341 3.1786106 0
-162.11859 -41.771393 3.151809 0
-162.40352 -49.900764 3.2836673 0
-162.40724 -49.787395 3.2745929 0
-162.39299 -49.72744 3.2830908 0
-162.39392 -49.65799 3.2970219 0
-162.41969 -49.588234 3.2264433 0
-162.39391 -49.471596 3.2786982 0
-162.35655 -49.312592 3.2732174 0
-162.36647 -49.147408 3.2406809 0
-181.63266 -48.013893 3.2629299 0
-162.38914 -47.850739 3.251492 0
-162.31229 -47.68388 3.2124963 0
-162.33267 -47.276054 3.2015045 0
-162.29108 -47.089436 3.2811341 0
-162.27385 -46.962673 3.2622032 0
-162.22435 -46.842972 3.214695 0
-162.2626 -46.670753 3.2462177 0
-162.22949 -46.535568 3.2050395 0
-162.23044 -46.461128 3.2192986 0
-162.31276 -46.127773 3.2141516 0
-162.18941 -44.611473 3.2736664 0
-162.17456 -44.58662 3.2836308 0
-162.17441 -44.329212 3.2026496 0
-162.18683 -44.151142 3.2715554 0
-162.26357 -43.932209 3.2696435 0
-162.1747 -43.772221 3.2401183 0
-162.13957 -43.37458 3.2759409 0
-162.15169 -43.048447 3.2557199 0
-162.11401 -42.634102 3.2881994 0
-162.09309 -42.351788 3.2237864 0
-162.1543 -42.207314 3.2408614 0
-162.10822 -41.84499 3.2502 0
-162.37697 -49.68742 3.3040526 0
-162.40787 -49.572689 3.3549013 0
-162.3688 -49.554256 3.348958 0
-162.36823 -49.451466 3.3310964 0
-162.36252 -49.350811 3.3704958 0
-162.38997 -49.21154 3.3593588 0
-162.36177 -48.939716 3.3406279 0
-162.33833 -48.347862 3.3931487 0
-162.31302 -48.167309 3.3407905 0
-162.28983 -47.795765 3.3090374 0
-162.39151 -47.575012 3.3465543 0
-162.34146 -47.443073 3.3301911 0
-162.31308 -47.374901 3.3110523 0
-162.30939 -46.911667 3.3848495 0
-162.32631 -46.88982 3.3344948 0
-162.29944 -46.854885 3.3640971 0
-162.27357 -46.780544 3.3055742 0
-162.27145 -46.626656 3.318543 0
-162.27599 -46.486736 3.3288314 0
-162.24686 -45.938488 3.3663116 0
-162.22459 -45.751892 3.3649766 0
-162.18182 -45.798653 3.3746698 0
-162.18542 -45.460033 3.3226762 0
-162.23561 -45.018795 3.3666215 0
-162.22592 -44.877937 3.3237555 0
-162.22507 -44.711815 3.3149049 0
-162.28203 -44.135479 3.3803141 0
-162.28421 -43.937866 3.3939662 0
-162.17853 -43.848473 3.3350544 0
-162.17339 -43.717659 3.3729024 0
-162.12999 -43.681179 3.3776896 0
-162.13219 -43.282734 3.3014531 0
-162.13647 -43.184647 3.3338823 0
-162.14041 -43.076206 3.362098 0
-162.12944 -42.973015 3.3905473 0
-162.14597 -42.325108 3.365145 0
-162.12573 -41.810493 3.314913 0
-162.33948 -49.761688 3.4535172 0
-162.17163 -49.570358 3.4712477 0
-162.40327 -49.064209 3.4121342 0
-162.41603 -48.92128 3.4546373 0
-162.38713 -48.408051 3.4059844 0
-162.39082 -48.340977 3.4033754 0
-162.36667 -48.279018 3.465488 0
-162.31723 -48.107803 3.4444578 0
-162.28812 -48.14431 3.4547782 0
-181.63254 -48.035637 3.4872315 0
-162.37004 -47.394569 3.4939952 0
-162.32196 -47.076908 3.4447696 0
-183.04671 -46.821548 3.4515388 0
-162.33403 -46.769821 3.4946458 0
-162.33153 -46.465981 3.4849906 0
-162.29266 -46.22121 3.4485736 0
-162.24289 -45.447708 3.4193332 0
-162.21248 -44.98447 3.4447591 0
-162.15402 -44.923801 3.493454 0
-162.04041 -44.763351 3.4936059 0
-162.10269 -44.565502 3.4876969 0
-162.11157 -44.487053 3.4446397 0
-161.99464 -44.451626 3.478534 0
-162.13242 -44.387211 3.4699249 0
-162.19853 -44.147213 3.4918976 0
-162.17871 -43.530365 3.4233389 0
-162.19006 -43.422588 3.4588463 0
-162.14371 -42.87476 3.4225686 0
-162.14293 -42.771774 3.45559 0
-162.27286 -42.008644 3.4160678 0
-162.1324 -41.977249 3.4102368 0
-162.50546 -49.962166 3.5577941 0
-162.43269 -49.901806 3.5685866 0
-162.39294 -49.900528 3.5028026 0
-162.40834 -49.824196 3.5099447 0
-162.3494 -49.848488 3.5667515 0
-162.31792 -49.795616 3.5408323 0
-162.2718 -49.743202 3.5737917 0
-162.216 -49.619278 3.5426631 0
-162.13257 -49.338135 3.5174906 0
-162.45157 -48.769253 3.5533667 0
-181.65637 -48.134026 3.5662665 0
-181.60799 -48.061543 3.5968342 0
-162.38214 -47.816765 3.5583544 0
-162.35078 -47.322655 3.5638096 0
-162.42522 -47.070683 3.5229867 0
-162.3446 -46.732071 3.5269117 0
-162.36952 -46.640499 3.5965071 0
-162.25508 -45.857414 3.5121601 0
-162.28726 -45.129543 3.5330834 0
-162.02448 -44.579327 3.5636137 0
-161.96906 -44.454987 3.5756941 0
-162.28406 -44.076553 3.58845 0
-162.21196 -43.88903 3.5875709 0
-162.23318 -43.245659 3.5546734 0
-162.23375 -43.027077 3.5757847 0
-162.2148 -42.958599 3.5004866 0
-162.19138 -42.894405 3.5611897 0
-162.25473 -42.53812 3.5024505 0
-162.1461 -42.574451 3.5474429 0
-162.16579 -42.243851 3.5593781 0
-162.19141 -41.865932 3.5159688 0
-162.30893 -49.907856 3.6453197 0
-162.18799 -49.81461 3.6415789 0
-162.17017 -49.755669 3.6993713 0
-162.1433 -49.619263 3.6368077 0
-162.09601 -49.549358 3.6023343 0
-162.13803 -49.462124 3.6121681 0
-162.05597 -49.44783 3.6531346 0
-162.07814 -49.357845 3.6614859 0
-162.47929 -48.375164 3.6423802 0
-162.51772 -48.21283 3.668644 0
-181.53542 -47.90918 3.6177979 0
-162.43019 -47.671097 3.6094317 0
-162.44713 -47.405354 3.6158066 0
-162.414 -47.064137 3.6846461 0
-162.36684 -45.98621 3.6374836 0
-162.29805 -45.848293 3.6350598 0
-162.35791 -45.245636 3.6460075 0
-162.23692 -45.168434 3.6085217 0
-162.1711 -45.010136 3.6595602 0
-162.05176 -45.02206 3.6507325 0
-162.14061 -44.979507 3.6947594 0
-162.03979 -44.934315 3.6805763 0
-161.99492 -44.872795 3.6977987 0
-161.92326 -44.590042 3.6954825 0
-162.30583 -43.950653 3.6991479 0
-162.24463 -43.632339 3.6628635 0
-162.23926 -42.882755 3.6081729 0
-162.18039 -42.117332 3.6169622 0
-164.89984 -21.1742 3.6126406 0
-162.28029 -49.90284 3.7985568 0
-162.1804 -49.832649 3.750515 0
-162.15691 -49.760021 3.7690637 0
-162.11635 -49.628841 3.7794366 0
-162.09897 -49.574898 3.7881258 0
-162.54866 -48.29855 3.7210588 0
-162.42151 -48.209213 3.7226532 0
-162.52127 -48.123814 3.7292051 0
-181.6152 -48.0284 3.7766049 0
-181.57935 -48.068264 3.7522299 0
-162.52261 -47.464405 3.7638776 0
-162.50891 -47.236309 3.7528193 0
-162.53571 -46.986122 3.7562392 0
-183.01111 -46.85865 3.7723601 0
-162.43443 -46.726501 3.7474277 0
-162.43158 -46.142303 3.7363935 0
-162.43317 -45.300568 3.7665248 0
-162.07916 -44.97374 3.7319627 0
-161.94533 -44.816586 3.7100699 0
-161.93065 -44.763744 3.7231596 0
-161.90901 -44.689167 3.7223787 0
-161.86462 -44.68272 3.739423 0
-161.92139 -44.497849 3.7570081 0
-161.86559 -44.492722 3.792237 0
-162.25941 -43.903748 3.7147217 0
-162.16832 -43.721523 3.7174354 0
-162.2679 -43.664871 3.7727802 0
-162.25467 -43.229008 3.7407334 0
-162.29286 -43.110966 3.7344716 0
-162.29677 -43.081306 3.764425 0
-162.31589 -42.930103 3.7873185 0
-162.23083 -41.999203 3.7468429 0
-162.21964 -41.724972 3.7734582 0
-162.28996 -49.98822 3.8580196 0
-162.2028 -49.871433 3.8519278 0
-162.19411 -49.802132 3.8611405 0
-162.15964 -49.69537 3.8147428 0
-162.11562 -49.490353 3.8128192 0
-162.59413 -48.108215 3.8140745 0
-162.61342 -47.964378 3.8813894 0
-162.6001 -47.889709 3.8402271 0
-162.45074 -46.37534 3.8194864 0
-162.44856 -45.853527 3.8695641 0
-162.41611 -45.175591 3.8006492 0
-162.3555 -45.142307 3.8079329 0
-162.17973 -45.108223 3.8395576 0
-162.13858 -45.062618 3.8199847 0
-162.05359 -45.024567 3.8393221 0
-161.95848 -44.806843 3.854358 0
-182.95547 -44.457275 3.8824191 0
-161.97749 -44.297043 3.8741269 0
-181.51488 -43.647133 3.8806005 0
-162.35371 -43.529743 3.8661308 0
-162.36314 -42.342148 3.8849237 0
-162.24855 -41.872963 3.8110569 0
-168.27531 -22.703526 3.8014734 0
-166.67531 -22.320793 3.8907418 0
-162.32401 -49.90332 3.9779067 0
-162.43066 -49.737083 3.9831953 0
-162.26831 -49.671143 3.9633212 0
-162.20596 -49.553711 3.9160216 0
-181.68364 -48.13866 3.9152796 0
-162.68121 -47.639549 3.9300702 0
-184.49324 -46.858982 3.9800096 0
-182.94054 -46.878265 3.9948351 0
-162.84145 -46.677067 3.9971757 0
-162.66298 -45.924175 3.9540453 0
-162.52986 -45.871727 3.9681127 0
-183.06488 -45.679607 3.97683 0
-162.51407 -45.649494 3.9370327 0
-162.46407 -45.420128 3.9238818 0
-162.59373 -45.307899 3.9137578 0
-162.19888 -45.204876 3.9043677 0
-162.25601 -45.156937 3.9949393 0
-162.16557 -44.149426 3.9952126 0
-162.43834 -43.328014 3.90609 0
-162.41335 -42.832096 3.9025047 0
-162.36389 -42.524178 3.9177601 0
-168.35312 -22.678904 3.9755905 0
-166.47023 -22.152807 3.9723482 0
-166.43098 -21.983532 3.923696 0
-165.6637 -21.621403 3.9245174 0
-165.3922 -21.41666 3.9344041 0
-162.37186 -49.704124 4.0394254 0
-162.33061 -49.691544 4.0605521 0
-165.66586 -49.552345 4.073802 0
-162.25272 -49.524376 4.0023537 0
-162.22537 -49.402103 4.0320606 0
-162.20804 -49.393032 4.0514936 0
-162.33113 -49.077599 4.038856 0
-181.647 -48.041527 4.0727873 0
-162.81113 -47.342236 4.0324135 0
-183.31206 -46.941654 4.0827422 0
-162.66681 -46.869247 4.0078402 0
-162.80188 -45.299973 4.0727463 0
-162.39716 -45.214043 4.0206428 0
-162.24953 -45.221901 4.0507174 0
-162.53961 -45.169273 4.0339193 0
-162.34413 -45.177345 4.0459318 0
-162.25926 -45.177418 4.0764256 0
-162.16278 -44.795872 4.0703077 0
-162.46156 -42.736519 4.0415058 0
-162.48946 -41.77433 4.0294032 0
-168.48605 -22.670944 4.0019422 0
-166.15848 -21.898237 4.047287 0
-165.98489 -21.752302 4.0580239 0
-165.85583 -21.658176 4.0253525 0
-165.63354 -21.475965 4.0836167 0
-162.36139 -49.940941 4.1256075 0
-162.9846 -49.888321 4.1663442 0
-162.46217 -49.717098 4.1516857 0
-162.3949 -49.777344 4.1402521 0
-162.30898 -49.675884 4.1399007 0
-162.25041 -49.546635 4.1449718 0
-181.62083 -48.011692 4.1037841 0
-183.4024 -46.973927 4.1747417 0
-183.11623 -46.986141 4.1405277 0
-183.00189 -46.696842 4.1521506 0
-162.61821 -45.153877 4.146081 0
-162.53749 -45.156933 4.1407561 0
-162.23347 -44.583538 4.1801901 0
-162.21776 -44.415234 4.1323614 0
-166.91469 -22.091358 4.197916 0
-165.08455 -20.75919 4.1439939 0
-164.92136 -20.565933 4.1925025 0
-165.83018 -49.67625 4.26333 0
-181.58611 -47.944836 4.2787614 0
-184.31273 -46.923069 4.2192917 0
-184.16818 -46.945232 4.2363892 0
-184.00348 -46.92712 4.2516866 0
-183.82176 -46.961281 4.2817163 0
-183.7068 -46.935196 4.2127752 0
-183.43991 -46.917542 4.2208734 0
-183.32996 -46.975483 4.2336884 0
-183.0159 -46.453373 4.2393756 0
-183.0145 -46.102421 4.2999954 0
-183.0379 -46.070995 4.2736158 0
-183.02196 -45.987419 4.2698636 0
-183.08633 -45.851727 4.2727952 0
-163.10583 -45.848114 4.2675695 0
-162.85149 -45.872772 4.211648 0
-183.03561 -45.751667 4.2781157 0
-162.26073 -44.251747 4.2914014 0
-168.12669 -22.224865 4.2724104 0
-166.54736 -21.647099 4.2463408 0
-162.77582 -49.948956 4.3154831 0
-162.50983 -49.599072 4.3498735 0
-165.6376 -49.496159 4.3031697 0
-162.4621 -49.352718 4.3561506 0
-162.47801 -49.282364 4.3744631 0
-195.80438 -48.628754 4.3003902 0
-184.88614 -46.953781 4.3325596 0
-184.74216 -46.904793 4.3390326 0
-183.00278 -46.783516 4.3740916 0
-182.93013 -45.591953 4.3706932 0
-182.93724 -45.214478 4.3107433 0
-182.90125 -45.104221 4.3923388 0
-182.90268 -44.842266 4.3758421 0
-162.43507 -44.628334 4.3938999 0
-162.51268 -44.247086 4.3320451 0
-166.57341 -21.6464 4.3031983 0
-165.75519 -21.257448 4.3915076 0
-165.43205 -20.830362 4.3424783 0
-165.1514 -20.508402 4.3328624 0
-164.97658 -20.449902 4.3990359 0
-166.1906 -49.590191 4.4168386 0
-181.71031 -48.092888 4.4363537 0
-185.03598 -46.843891 4.4877477 0
-182.93582 -46.683163 4.4590497 0
-182.96902 -46.281094 4.4484448 0
-182.88228 -45.02879 4.4610863 0
-162.47006 -44.391197 4.4121356 0
-181.43182 -43.543221 4.4479661 0
-165.7935 -21.190001 4.4353132 0
-165.53488 -20.8515 4.4751039 0
-165.30385 -20.36326 4.4806876 0
-165.97444 -49.240158 4.5196891 0
-167.69955 -22.012146 4.5871916 0
-166.99545 -21.835011 4.543314 0
-166.29195 -21.36898 4.5667567 0
-164.67548 -19.271759 4.5496707 0
-164.68169 -19.131197 4.5652361 0
-195.80569 -46.620647 4.6982789 0
-168.92102 -22.167616 4.6295695 0
-167.21429 -21.877466 4.6042814 0
-166.74045 -21.71266 4.6018453 0
-166.6584 -21.602179 4.6007242 0
-166.19092 -21.265402 4.6435523 0
-164.77859 -19.41865 4.6330543 0
-195.70343 -45.796295 4.7520804 0
-166.59192 -21.216841 4.7627878 0
-164.88098 -19.158422 4.7501392 0
-195.84874 -49.546215 4.8691802 0
-165.68533 -20.185221 4.8268247 0
-168.60988 -21.703701 4.9958558 0
-168.35849 -21.697557 4.9906702 0
-167.38445 -21.502325 4.9865518 0
-166.79237 -20.969923 4.9707079 0
-165.12273 -19.197678 4.936202 0
-165.11232 -18.818287 4.9387336 0
-164.8584 -18.6308 4.9912763 0
-195.77866 -48.022861 5.0687628 0
-168.13016 -21.634916 5.0035911 0
-166.54854 -21.01656 5.0051675 0
-165.0527 -18.813488 5.0175681 0
-195.88071 -49.978935 5.1660647 0
-166.01405 -20.469927 5.1066446 0
-195.85416 -48.90926 5.2354941 0
-195.79395 -48.30621 5.2690153 0
-195.71744 -45.83231 5.2682629 0
-195.87495 -49.041485 5.3025556 0
-195.88239 -48.445477 5.358427 0
-195.76804 -47.852509 5.3944139 0
-195.83755 -47.602581 5.3583255 0
-195.74269 -47.216732 5.3400931 0
-195.70229 -45.259369 5.3277173 0
-195.9164 -49.884129 5.5012093 0
-195.86053 -49.210812 5.5648427 0
-195.69168 -45.855305 5.5657263 0
-195.68349 -45.491001 5.5268354 0
-195.83224 -48.519669 5.6355195 0
-195.72154 -44.465965 5.6241469 0
-168.10986 -20.676693 5.6553578 0
-195.80826 -47.865757 5.7108417 0
-195.81273 -47.405045 5.7535815 0
-168.82245 -18.495525 6.5990186 0
-168.35941 -18.176264 6.591599 0
-169.05339 -18.65317 6.6991725 0
-169.18086 -18.50153 6.6726389 0
-168.88297 -18.470972 6.6401782 0
-168.62697 -18.386395 6.6963234 0
-168.25706 -18.00651 6.6791506 0
-168.30225 -17.595905 6.780262 0
-168.52634 -17.36825 6.7805924 0
-200.68178 -49.406551 6.8195715 0
-200.66692 -49.117405 6.8461585 0
-200.66753 -48.837467 6.8721471 0
-168.34807 -18.512096 6.8774943 0
-168.35349 -18.088114 6.8389459 0
-168.22807 -17.82789 6.8601332 0
-168.36086 -17.716211 6.8316431 0
-200.61697 -48.919205 6.9204202 0
-200.6423 -48.503494 6.9602556 0
-169.00833 -18.662832 6.9744091 0
-168.42088 -18.609623 6.9848361 0
-200.66507 -47.436478 7.1180749 0
-200.66898 -49.384087 7.2862458 0
-200.68259 -49.200661 7.24721 0
-200.58736 -49.16357 7.5255408 0
-200.707 -48.769299 7.5368795 0
-200.64145 -48.400124 7.6447721 0
-200.60722 -49.413765 7.7131381 0
-200.59828 -49.45454 7.7875752 0
-200.64232 -48.7831 7.8739276 0
-200.66196 -47.618618 7.8247361 0
-200.70314 -49.286255 8.0759697 0
-200.68491 -49.278042 8.2342091 0
-200.65489 -49.15041 8.2424431 0
-200.66257 -48.522308 8.2561979 0
-200.64165 -49.71307 8.3583269 0
-200.5972 -48.880592 8.3731222 0
-200.71346 -49.286655 8.4180574 0
-200.61563 -48.890709 8.445323 0
-200.66585 -47.552452 8.4398603 0
-200.6535 -47.144833 8.4210644 0
