# .PCD v0.7 - Point Cloud Data file format
VERSION 0.7
FIELDS x y z intensity
SIZE 4 4 4 4
TYPE F F F F
COUNT 1 1 1 1
WIDTH 26133
HEIGHT 1
VIEWPOINT 0 0 0 1 0 0 0
POINTS 26133
DATA ascii
-349.87375 -241.46487 -14.248977 0
-349.98398 -241.35872 -14.234458 0
-349.9277 -199.91194 -14.207293 0
-348.89175 -241.13319 -14.176928 0
-348.19263 -202.73502 -14.16787 0
-348.57294 -202.07936 -14.151893 0
-347.44736 -240.90686 -14.091939 0
-345.87906 -240.69846 -14.006767 0
-345.06155 -207.63428 -14.038153 0
-348.89478 -200.90465 -14.055851 0
-349.15567 -200.0182 -14.001599 0
-348.3967 -242.91959 -13.951714 0
-347.40039 -241.98398 -13.985935 0
-344.62512 -240.36604 -13.920995 0
-349.52078 -228.27673 -13.900927 0
-346.78952 -204.36758 -13.975802 0
-346.61713 -204.24173 -13.989335 0
-346.62485 -204.1199 -13.987148 0
-348.29007 -199.97226 -13.908246 0
-349.12784 -199.77127 -13.98461 0
-348.75247 -199.57013 -13.954515 0
-348.66409 -199.29379 -13.9167 0
-349.17932 -199.10449 -13.909459 0
-349.73331 -199.01054 -13.949442 0
-349.94397 -198.19963 -13.933501 0
-349.64996 -197.62251 -13.907469 0
-349.6539 -197.43108 -13.901429 0
-349.71164 -194.5455 -13.927047 0
-349.55505 -194.39313 -13.924346 0
-349.59158 -193.70798 -13.902207 0
-347.17383 -242.74039 -13.853447 0
-342.90781 -240.12846 -13.826205 0
-342.77109 -210.83005 -13.885448 0
-343.84607 -205.73618 -13.877138 0
-343.9646 -203.57622 -13.849592 0
-345.37833 -202.89044 -13.839244 0
-347.56848 -201.99083 -13.817442 0
-347.2121 -201.58839 -13.820967 0
-347.17691 -201.56032 -13.864747 0
-348.04974 -200.22279 -13.872818 0
-347.93161 -200.18445 -13.895391 0
-348.09302 -198.6478 -13.89631 0
-348.51758 -197.84804 -13.891205 0
-347.61075 -197.84258 -13.875863 0
-348.47549 -197.76414 -13.890775 0
-348.46234 -197.63953 -13.888592 0
-349.59766 -197.33177 -13.899289 0
-347.58118 -197.39774 -13.866693 0
-349.53809 -197.24792 -13.897689 0
-348.20102 -196.31404 -13.843027 0
-348.4375 -196.26566 -13.860678 0
-348.45352 -196.11031 -13.856936 0
-347.99759 -196.14371 -13.845414 0
-349.15833 -196.04361 -13.866734 0
-348.45825 -195.70534 -13.848333 0
-347.88776 -195.6895 -13.835041 0
-348.51309 -195.504 -13.842426 0
-348.0318 -195.4765 -13.832331 0
-348.52441 -195.35875 -13.839037 0
-348.14783 -195.18541 -13.83691 0
-348.78348 -195.06413 -13.834767 0
-348.34543 -194.8036 -13.832908 0
-348.30185 -194.73668 -13.827332 0
-348.01862 -194.41454 -13.809887 0
-348.39392 -194.35252 -13.821906 0
-349.53363 -193.28815 -13.89232 0
-348.14661 -192.66389 -13.812426 0
-349.43243 -192.31152 -13.865317 0
-349.29858 -192.14906 -13.858099 0
-349.31702 -191.95253 -13.856754 0
-349.32611 -191.71255 -13.84548 0
-349.28177 -191.65096 -13.842938 0
-348.79099 -191.58052 -13.849781 0
-349.35544 -190.6573 -13.880379 0
-348.83688 -190.53584 -13.80774 0
-349.54175 -190.4503 -13.868834 0
-349.25684 -190.41571 -13.851694 0
-349.85132 -190.21866 -13.881 0
-349.811 -189.86095 -13.871012 0
-349.78232 -189.10182 -13.844935 0
-341.79266 -208.67834 -13.70129 0
-343.86703 -205.48473 -13.792423 0
-343.52402 -205.24866 -13.798297 0
-343.88995 -203.23784 -13.764539 0
-347.50592 -201.62126 -13.700234 0
-344.87643 -200.45981 -13.782906 0
-344.92059 -200.22832 -13.778794 0
-345.22748 -199.50496 -13.700029 0
-346.2561 -198.505 -13.772604 0
-345.54181 -198.33681 -13.733953 0
-346.59387 -198.15152 -13.760942 0
-346.45605 -197.86203 -13.757778 0
-345.9646 -197.18961 -13.708058 0
-347.23611 -196.19469 -13.747921 0
-347.96481 -193.86168 -13.797677 0
-347.87924 -193.73929 -13.79419 0
-348.82718 -193.23569 -13.785688 0
-348.16797 -193.11038 -13.777807 0
-348.00482 -193.11249 -13.786666 0
-347.10779 -193.06874 -13.702015 0
-348.23666 -192.93967 -13.786248 0
-348.0051 -192.93427 -13.778269 0
-348.39194 -192.89821 -13.791344 0
-348.03305 -192.76166 -13.772142 0
-347.75049 -192.6498 -13.769426 0
-347.72632 -192.50537 -13.766035 0
-348.698 -192.1978 -13.788227 0
-347.63647 -191.73534 -13.702661 0
-348.47241 -191.62161 -13.742452 0
-348.34647 -191.38344 -13.790526 0
-347.64322 -191.38974 -13.711719 0
-348.40555 -191.27359 -13.756495 0
-347.78186 -191.29251 -13.739934 0
-348.1749 -191.12885 -13.763125 0
-348.47757 -191.03299 -13.724398 0
-348.39706 -190.80141 -13.784981 0
-347.82898 -190.72766 -13.727809 0
-348.38385 -190.59605 -13.712804 0
-347.85666 -190.41284 -13.721014 0
-348.14441 -190.29257 -13.716481 0
-348.09787 -190.21869 -13.716593 0
-348.98151 -190.11092 -13.777958 0
-347.91071 -189.92944 -13.710623 0
-347.92395 -189.76016 -13.703079 0
-348.88174 -189.61826 -13.786239 0
-348.42416 -189.65385 -13.721265 0
-348.43619 -189.5386 -13.718421 0
-348.01077 -189.59483 -13.704078 0
-348.41406 -189.45421 -13.717262 0
-348.61166 -189.321 -13.748475 0
-348.88965 -189.21239 -13.773559 0
-348.45773 -189.20821 -13.710648 0
-348.53329 -189.03632 -13.704673 0
-349.09085 -188.42799 -13.747743 0
-349.09067 -188.39809 -13.758786 0
-349.13187 -187.99347 -13.74712 0
-349.29553 -187.88191 -13.737981 0
-349.86578 -186.66158 -13.718383 0
-342.52994 -243.98883 -13.603496 0
-347.58005 -230.49727 -13.675506 0
-338.086 -218.49019 -13.65649 0
-338.19733 -218.08397 -13.638283 0
-338.49857 -216.73241 -13.628776 0
-338.71127 -215.47339 -13.617172 0
-338.80109 -214.84695 -13.629474 0
-338.58786 -214.67471 -13.613343 0
-339.54456 -212.10869 -13.606285 0
-342.59399 -203.4377 -13.612864 0
-347.53558 -201.63266 -13.651521 0
-344.38391 -200.90622 -13.635655 0
-344.15421 -200.65192 -13.638037 0
-344.7619 -199.48532 -13.637239 0
-345.15918 -198.67305 -13.638397 0
-346.03717 -196.86696 -13.646961 0
-345.84494 -196.81609 -13.611969 0
-345.97165 -196.76077 -13.639369 0
-346.052 -196.27621 -13.659485 0
-345.65311 -195.90182 -13.604797 0
-346.46964 -195.01913 -13.666143 0
-346.41028 -194.87144 -13.6429 0
-346.56619 -194.39836 -13.62572 0
-346.61871 -194.2355 -13.675138 0
-346.82266 -194.02025 -13.642463 0
-346.97461 -193.94803 -13.676892 0
-346.89267 -193.78958 -13.692929 0
-347.08337 -193.48645 -13.682552 0
-347.29843 -192.42131 -13.692588 0
-347.17499 -191.45561 -13.601501 0
-347.80908 -190.07069 -13.679985 0
-347.8739 -189.89687 -13.66507 0
-348.04538 -189.21043 -13.695608 0
-347.86255 -189.0587 -13.611627 0
-348.12204 -188.96037 -13.690672 0
-348.34979 -188.80244 -13.679787 0
-348.12756 -188.86717 -13.639062 0
-348.55215 -188.62221 -13.649921 0
-348.48029 -188.3331 -13.666703 0
-348.36627 -188.207 -13.628256 0
-348.72311 -187.86197 -13.673548 0
-348.53751 -187.73245 -13.666544 0
-348.62228 -187.56866 -13.663618 0
-348.87729 -187.24829 -13.655611 0
-349.16782 -186.62556 -13.657907 0
-349.01263 -186.55069 -13.643646 0
-349.09332 -186.25784 -13.63746 0
-349.99484 -186.11928 -13.668138 0
-349.23398 -185.88094 -13.62987 0
-349.43384 -185.75864 -13.62919 0
-349.55005 -185.03542 -13.622081 0
-349.87759 -184.99168 -13.615381 0
-339.72729 -248.90045 -13.53228 0
-341.3494 -243.01389 -13.542263 0
-338.09372 -215.01721 -13.500842 0
-338.7941 -213.54472 -13.555709 0
-338.91992 -213.35004 -13.599713 0
-339.08771 -211.55019 -13.585087 0
-339.02634 -211.15295 -13.567076 0
-340.79755 -206.27962 -13.525805 0
-345.0296 -198.57822 -13.576221 0
-344.90466 -198.58441 -13.563506 0
-345.83301 -197.11946 -13.597253 0
-345.08093 -196.9874 -13.555178 0
-345.47397 -196.79941 -13.560602 0
-345.33142 -196.74712 -13.570345 0
-345.6087 -196.03885 -13.565666 0
-345.65448 -195.93184 -13.565149 0
-346.09515 -195.28822 -13.562132 0
-345.6427 -195.26839 -13.512727 0
-346.29065 -195.07831 -13.569782 0
-346.53708 -194.64009 -13.592775 0
-346.82767 -193.694 -13.57394 0
-346.8631 -193.01607 -13.564917 0
-346.93912 -191.63826 -13.531631 0
-346.55972 -191.67365 -13.548181 0
-347.24234 -191.12105 -13.595386 0
-347.52542 -190.68582 -13.598304 0
-347.33746 -190.61217 -13.563427 0
-347.4791 -190.57918 -13.553925 0
-347.38315 -190.56827 -13.522274 0
-347.37869 -189.82176 -13.513519 0
-347.60983 -188.92162 -13.5577 0
-347.95273 -188.80968 -13.585333 0
-347.36273 -188.82678 -13.502139 0
-348.17908 -188.54762 -13.554023 0
-348.31348 -188.07877 -13.554351 0
-348.17584 -188.08205 -13.528121 0
-348.17383 -187.58243 -13.538051 0
-348.19147 -187.43593 -13.546382 0
-348.54446 -187.15662 -13.564803 0
-348.73874 -186.87067 -13.592448 0
-348.73065 -186.70558 -13.553601 0
-348.72052 -186.62151 -13.556769 0
-348.67337 -186.2113 -13.506527 0
-348.92795 -186.13348 -13.554789 0
-348.63535 -186.1996 -13.541289 0
-349.49307 -185.42818 -13.591527 0
-349.70837 -185.1628 -13.585219 0
-349.34384 -185.10088 -13.555264 0
-349.49707 -184.87019 -13.574412 0
-349.85391 -184.74623 -13.549096 0
-349.48157 -184.63966 -13.502183 0
-341.07919 -239.64203 -13.446348 0
-341.1701 -239.5323 -13.41398 0
-338.3996 -211.34123 -13.409811 0
-338.31912 -211.22333 -13.480453 0
-340.35999 -207.29282 -13.473476 0
-340.46915 -206.8119 -13.483029 0
-340.60159 -206.48688 -13.476431 0
-340.55753 -206.3597 -13.474866 0
-340.50986 -206.25282 -13.473583 0
-343.49069 -201.31142 -13.455242 0
-343.06207 -200.71233 -13.457171 0
-343.10977 -199.79681 -13.459417 0
-343.04254 -199.6393 -13.476623 0
-342.91605 -199.50867 -13.451221 0
-343.26224 -198.71561 -13.441161 0
-344.33099 -197.82291 -13.406115 0
-344.44669 -197.34756 -13.449196 0
-343.92194 -196.88931 -13.448056 0
-343.44012 -196.87614 -13.426612 0
-344.74692 -196.22319 -13.470668 0
-344.04803 -195.72525 -13.410602 0
-343.88504 -194.5071 -13.404964 0
-347.72391 -189.35059 -13.498981 0
-347.09442 -189.16428 -13.454836 0
-348.11801 -187.9733 -13.472447 0
-347.98578 -187.92888 -13.497372 0
-347.50595 -187.87555 -13.442127 0
-346.99484 -187.75002 -13.425434 0
-347.10129 -187.65926 -13.430745 0
-347.79187 -187.06374 -13.475986 0
-347.2121 -187.03885 -13.47326 0
-348.13467 -186.84489 -13.47621 0
-347.70126 -186.81013 -13.423014 0
-348.43735 -186.50851 -13.469933 0
-348.54315 -186.42192 -13.465047 0
-348.58124 -185.9913 -13.484603 0
-348.57004 -185.67355 -13.486931 0
-349.69788 -183.34686 -13.420471 0
-349.77148 -182.56311 -13.408906 0
-333.78433 -223.47325 -13.328888 0
-338.2822 -209.73479 -13.340717 0
-342.52759 -201.54741 -13.343575 0
-342.08978 -198.67033 -13.338528 0
-344.71362 -196.31029 -13.380749 0
-343.62344 -193.82755 -13.345009 0
-345.4653 -191.5948 -13.325767 0
-345.42429 -191.36307 -13.353446 0
-345.83807 -190.87804 -13.36995 0
-345.90039 -190.3521 -13.350005 0
-347.25186 -189.83786 -13.380912 0
-346.2713 -189.60283 -13.368607 0
-346.12991 -189.43327 -13.340934 0
-346.31439 -189.36491 -13.328868 0
-345.96503 -189.35567 -13.306427 0
-346.64801 -189.03627 -13.395857 0
-346.40619 -189.08589 -13.334833 0
-346.02271 -189.02173 -13.324014 0
-346.38223 -188.73102 -13.348916 0
-346.3627 -188.51079 -13.362272 0
-346.99438 -187.43384 -13.358836 0
-347.20276 -186.95258 -13.310168 0
-349.02567 -184.50383 -13.360094 0
-348.34357 -184.34659 -13.306602 0
-349.39737 -183.79236 -13.383203 0
-349.15768 -183.51529 -13.310083 0
-349.13333 -183.43376 -13.353243 0
-349.33588 -183.28259 -13.336918 0
-349.50833 -183.10146 -13.378958 0
-349.85596 -183.08955 -13.32469 0
-349.4751 -182.99962 -13.369973 0
-349.11926 -182.99615 -13.336554 0
-349.54352 -182.63091 -13.332082 0
-349.63025 -182.55006 -13.344337 0
-349.66632 -182.48462 -13.335158 0
-349.44769 -182.41098 -13.308536 0
-349.75491 -182.30797 -13.333832 0
-349.39084 -182.35956 -13.315096 0
-349.66794 -182.09981 -13.331429 0
-349.87924 -181.86975 -13.397125 0
-349.68253 -181.72055 -13.301535 0
-349.78366 -181.69879 -13.33657 0
-349.68637 -181.64352 -13.305582 0
-349.8537 -181.5368 -13.35149 0
-349.71118 -181.46423 -13.312247 0
-349.93588 -181.20753 -13.345443 0
-349.75345 -181.10379 -13.333714 0
-349.92603 -180.71159 -13.311531 0
-349.96573 -180.06886 -13.358643 0
-348.75925 -231.15448 -13.268271 0
-338.5127 -209.6355 -13.297923 0
-342.24252 -200.14716 -13.293761 0
-340.65152 -199.90364 -13.257126 0
-344.81812 -193.3624 -13.228694 0
-343.96698 -193.16206 -13.235285 0
-343.74164 -193.05682 -13.295046 0
-344.09509 -192.91754 -13.230291 0
-344.0831 -192.81819 -13.228967 0
-343.89447 -192.35869 -13.237947 0
-343.49261 -191.26685 -13.213435 0
-344.67838 -189.7347 -13.258177 0
-345.67245 -189.31549 -13.297295 0
-346.21481 -188.79358 -13.262055 0
-346.23816 -188.69637 -13.270857 0
-346.67825 -187.64809 -13.249785 0
-347.59125 -186.07538 -13.299212 0
-348.37524 -185.70259 -13.285776 0
-348.47775 -184.71815 -13.215754 0
-348.34509 -184.51587 -13.228246 0
-348.34161 -184.35132 -13.251051 0
-349.00998 -183.48167 -13.263084 0
-349.05139 -183.01562 -13.265692 0
-349.10611 -182.95145 -13.253305 0
-348.79636 -182.92722 -13.206894 0
-349.42874 -182.73363 -13.206067 0
-349.45099 -182.64565 -13.266005 0
-349.38809 -182.6032 -13.269461 0
-349.20807 -182.55374 -13.283547 0
-349.49271 -182.36975 -13.281507 0
-349.55045 -182.29001 -13.283027 0
-349.6033 -182.08748 -13.289769 0
-349.5361 -181.82709 -13.215691 0
-349.43198 -181.70845 -13.210002 0
-349.42331 -181.6507 -13.215708 0
-349.44583 -181.48917 -13.244926 0
-349.5842 -180.87231 -13.297756 0
-349.47845 -180.8194 -13.240479 0
-349.80014 -180.77863 -13.288734 0
-349.73175 -180.73964 -13.290084 0
-349.32825 -180.33113 -13.217339 0
-349.41571 -180.20261 -13.20213 0
-349.39188 -180.26482 -13.209979 0
-349.49106 -180.10457 -13.269551 0
-349.8046 -179.8905 -13.277482 0
-349.58447 -179.80412 -13.232991 0
-349.90665 -179.45959 -13.267572 0
-349.71027 -179.14201 -13.227315 0
-349.86667 -178.81847 -13.223193 0
-349.73831 -178.22633 -13.231664 0
-349.9942 -175.79272 -13.204556 0
-330.77295 -222.36095 -13.1846 0
-330.96152 -221.48552 -13.141517 0
-331.02103 -221.32272 -13.143617 0
-331.07242 -221.19089 -13.145334 0
-331.33578 -219.54869 -13.143675 0
-333.99719 -219.07327 -13.17824 0
-337.50024 -210.27892 -13.117405 0
-337.52246 -210.13284 -13.115299 0
-337.47006 -210.08408 -13.177872 0
-338.57785 -205.89948 -13.11951 0
-338.73233 -205.37103 -13.145112 0
-339.05032 -204.49274 -13.136882 0
-339.91516 -202.49008 -13.118088 0
-340.591 -198.95195 -13.132929 0
-340.59564 -198.82072 -13.133775 0
-340.35529 -198.77898 -13.138288 0
-340.54416 -197.19785 -13.146014 0
-344.40079 -193.1431 -13.106805 0
-340.02786 -192.97913 -13.13608 0
-344.12433 -192.862 -13.11361 0
-344.14212 -192.79886 -13.170349 0
-344.07501 -192.72554 -13.170823 0
-344.03247 -192.44785 -13.151761 0
-343.19504 -192.49342 -13.150396 0
-343.92648 -192.33652 -13.167752 0
-343.3017 -192.23213 -13.17884 0
-343.95132 -191.51573 -13.164468 0
-344.04996 -191.07153 -13.142737 0
-345.37613 -190.67224 -13.110833 0
-345.01044 -190.68823 -13.181168 0
-345.46786 -190.54649 -13.106254 0
-343.69653 -190.53278 -13.14363 0
-341.54715 -190.57854 -13.170752 0
-344.8223 -189.57268 -13.128263 0
-345.74524 -189.27458 -13.111976 0
-345.75021 -189.03796 -13.11184 0
-346.07883 -188.32214 -13.111094 0
-346.34299 -187.97459 -13.133162 0
-346.67648 -187.56555 -13.153788 0
-348.96713 -185.54553 -13.166328 0
-348.7179 -185.17047 -13.147503 0
-348.54602 -185.16489 -13.172253 0
-347.3869 -185.19586 -13.122722 0
-347.89899 -185.05762 -13.10222 0
-348.75943 -184.92657 -13.139004 0
-348.14243 -184.9285 -13.11738 0
-348.33914 -184.89592 -13.133412 0
-348.46762 -184.7023 -13.137617 0
-348.10428 -184.74794 -13.133708 0
-348.41025 -184.68298 -13.175172 0
-348.33588 -184.42633 -13.133967 0
-348.45322 -184.25641 -13.149942 0
-349.02155 -183.39207 -13.101884 0
-348.79581 -183.12778 -13.100164 0
-347.35333 -183.16853 -13.125233 0
-348.88651 -182.82175 -13.100742 0
-349.12915 -182.58691 -13.115473 0
-349.4364 -181.96536 -13.189652 0
-348.89111 -181.54225 -13.109793 0
-349.13452 -180.76216 -13.111092 0
-349.08646 -180.47948 -13.113966 0
-349.08801 -179.95674 -13.169425 0
-349.45804 -179.41882 -13.188135 0
-349.29758 -179.44458 -13.142054 0
-349.27441 -179.38434 -13.152152 0
-349.19653 -178.6301 -13.12536 0
-349.39282 -178.10747 -13.125716 0
-349.84271 -177.33525 -13.150385 0
-349.76877 -177.24353 -13.125365 0
-349.94971 -176.8526 -13.126929 0
-349.9921 -176.68739 -13.125539 0
-349.9761 -176.59315 -13.126499 0
-349.93893 -176.40317 -13.101908 0
-349.84369 -175.64824 -13.192551 0
-349.62161 -175.24742 -13.14951 0
-349.6134 -175.11856 -13.138999 0
-347.98849 -230.72534 -13.026207 0
-347.75177 -230.62408 -13.023615 0
-331.17737 -219.96904 -13.009277 0
-331.28705 -219.83206 -13.010148 0
-331.36282 -219.67386 -13.0108 0
-333.22192 -217.32407 -13.060731 0
-331.99438 -214.53427 -13.045974 0
-332.1221 -214.18755 -13.043472 0
-335.02377 -211.46414 -13.041289 0
-338.62708 -205.90472 -13.017771 0
-339.01974 -204.15138 -13.046503 0
-338.67642 -202.11354 -13.060667 0
-340.42203 -198.77222 -13.093668 0
-340.35007 -198.69412 -13.094145 0
-340.25879 -198.64153 -13.095768 0
-340.53433 -197.24184 -13.093909 0
-344.67715 -196.25537 -13.049838 0
-343.85239 -193.39667 -13.000305 0
-344.34009 -193.14334 -13.052267 0
-344.30505 -192.99921 -13.072438 0
-343.75531 -192.90144 -13.023778 0
-344.01114 -192.45172 -13.034427 0
-344.15109 -192.03955 -13.060266 0
-343.09467 -191.95273 -13.060392 0
-345.85568 -191.29785 -13.006255 0
-345.7294 -190.95525 -13.042995 0
-345.69434 -190.81313 -13.049966 0
-345.41669 -190.56599 -13.06879 0
-344.69928 -189.81422 -13.095343 0
-345.65366 -189.44562 -13.072163 0
-345.54941 -189.26959 -13.09809 0
-347.24249 -187.33316 -13.021965 0
-347.21936 -187.19788 -13.011904 0
-348.39517 -185.96011 -13.010942 0
-348.84119 -185.71307 -13.081042 0
-348.87167 -185.66667 -13.08275 0
-348.96884 -185.54985 -13.067883 0
-349.04108 -185.24132 -13.080858 0
-348.52927 -185.2093 -13.07393 0
-347.6488 -185.16734 -13.078781 0
-348.52069 -184.81242 -13.093739 0
-348.37125 -184.45343 -13.044428 0
-348.42651 -184.31799 -13.077292 0
-348.34482 -184.31929 -13.093691 0
-348.24701 -184.25595 -13.088883 0
-348.72101 -183.73915 -13.046306 0
-348.63702 -183.73856 -13.00281 0
-349.47232 -182.69019 -13.000756 0
-348.3233 -182.68651 -13.052545 0
-348.17935 -182.59538 -13.038305 0
-348.92715 -182.46741 -13.027056 0
-348.40442 -182.30402 -13.031678 0
-349.51984 -182.06221 -13.095028 0
-349.36386 -182.07997 -13.097632 0
-349.45895 -181.8652 -13.017527 0
-349.12946 -181.82692 -13.045426 0
-349.06293 -181.79448 -13.03193 0
-349.0361 -181.66438 -13.04892 0
-348.99313 -181.69643 -13.016402 0
-349.03625 -181.01926 -13.078327 0
-348.87973 -180.89275 -13.038953 0
-349.04346 -180.60242 -13.007292 0
-348.94803 -180.61531 -13.060641 0
-348.90448 -180.42119 -13.00969 0
-349.06232 -180.34349 -13.003888 0
-349.1145 -180.27162 -13.036462 0
-349.09854 -180.03873 -13.031841 0
-349.09467 -179.43163 -13.078561 0
-348.97968 -179.40341 -13.018497 0
-349.02527 -179.32773 -13.043655 0
-348.98599 -179.3358 -13.072818 0
-348.79037 -179.14322 -13.007376 0
-348.94608 -179.09099 -13.038554 0
-349.12421 -178.80621 -13.097925 0
-348.98224 -178.81808 -13.044688 0
-349.13525 -178.62766 -13.003535 0
-349.07693 -178.64227 -13.067063 0
-349.12122 -178.57883 -13.073737 0
-349.04477 -178.43648 -13.034005 0
-348.92026 -178.48601 -13.003428 0
-349.05389 -178.27834 -13.017962 0
-348.97519 -178.2399 -13.009457 0
-349.20529 -178.16682 -13.068091 0
-349.5 -177.37776 -13.04146 0
-349.16187 -177.304 -13.013811 0
-349.64111 -177.07866 -13.089847 0
-349.1167 -177.03423 -13.03518 0
-349.5174 -176.61899 -13.045916 0
-349.46115 -176.68423 -13.035635 0
-349.64102 -176.54347 -13.083346 0
-349.50491 -176.56392 -13.046465 0
-349.40997 -176.56075 -13.051941 0
-349.54562 -176.44025 -13.062701 0
-349.68802 -176.32983 -13.075752 0
-349.83432 -175.80676 -13.066526 0
-349.45358 -175.74713 -13.014255 0
-349.75772 -175.40912 -13.082102 0
-349.82339 -175.32297 -13.074596 0
-349.69479 -175.33252 -13.03697 0
-349.50558 -175.26883 -13.067994 0
-349.34705 -175.21017 -13.009468 0
-349.68539 -175.13211 -13.023267 0
-349.60345 -175.06003 -13.022043 0
-349.85883 -174.86594 -13.016407 0
-349.91824 -174.6739 -13.030598 0
-349.82016 -174.57581 -13.037657 0
-349.65836 -174.31912 -13.031672 0
-349.34503 -174.21875 -13.05511 0
-349.64032 -173.82709 -13.003147 0
-349.74203 -173.74394 -13.014322 0
-322.49609 -240.19766 -12.913805 0
-347.85529 -230.61429 -12.97073 0
-330.44006 -224.05205 -12.993769 0
-338.66156 -206.1403 -12.980208 0
-340.74362 -204.87604 -12.984697 0
-338.15128 -201.51398 -12.969491 0
-338.64319 -201.03586 -12.975236 0
-340.04507 -198.48294 -12.908289 0
-341.18439 -196.99504 -12.99978 0
-340.11829 -196.8418 -12.927 0
-343.88376 -193.82129 -12.968283 0
-344.86914 -193.52458 -12.96352 0
-344.14462 -193.57767 -12.983789 0
-344.16849 -193.18985 -12.948182 0
-344.01688 -192.28291 -12.971945 0
-343.93253 -192.29749 -12.967111 0
-344.46173 -191.6221 -12.989849 0
-345.67792 -190.86969 -12.979767 0
-345.15378 -190.64099 -12.946649 0
-344.6337 -189.58188 -12.909689 0
-345.83728 -189.2558 -12.969936 0
-345.78323 -189.09731 -12.968083 0
-345.79056 -188.98706 -12.970452 0
-346.12457 -188.30241 -12.927154 0
-347.56528 -186.94444 -12.930885 0
-346.73218 -186.94672 -12.947914 0
-347.33093 -186.51649 -12.961628 0
-348.37982 -185.70686 -12.973807 0
-348.2605 -185.79536 -12.955523 0
-348.69431 -185.33852 -12.911761 0
-348.24203 -185.13528 -12.907002 0
-347.21613 -185.172 -12.953771 0
-348.36707 -185.05267 -12.909333 0
-348.50418 -184.60651 -12.931111 0
-348.85275 -184.57779 -12.918361 0
-348.12012 -184.35284 -12.941204 0
-348.37454 -184.06024 -12.94114 0
-348.29504 -183.91475 -12.904071 0
-348.84039 -183.79591 -12.990085 0
-348.51923 -183.5621 -12.928941 0
-348.40158 -183.47102 -12.930302 0
-348.68344 -182.66418 -12.970965 0
-349.36719 -182.58054 -12.95955 0
-348.7879 -182.45406 -12.966013 0
-348.50262 -182.12144 -12.962532 0
-348.86575 -181.60539 -12.944074 0
-348.58023 -180.84328 -12.950272 0
-348.46945 -180.55017 -12.935442 0
-348.23355 -180.41975 -12.908168 0
-348.90515 -180.39586 -12.917517 0
-348.56363 -180.18042 -12.930429 0
-348.79535 -180.0977 -12.9994 0
-348.6759 -180.09056 -12.934525 0
-348.44611 -180.0768 -12.939353 0
-348.86316 -179.99275 -12.997242 0
-348.53391 -179.82649 -12.962977 0
-348.43341 -179.86536 -12.94315 0
-348.74841 -179.72105 -12.957506 0
-348.59726 -179.70096 -12.973225 0
-348.49289 -179.74637 -12.968175 0
-348.802 -179.5403 -12.984921 0
-348.82742 -179.18256 -12.988067 0
-348.89212 -178.89287 -12.965725 0
-348.92255 -178.61519 -12.993797 0
-348.8558 -178.64722 -12.975976 0
-348.52158 -178.52205 -12.908078 0
-348.97952 -178.442 -12.977789 0
-348.99155 -178.18575 -12.974778 0
-348.83212 -178.14142 -12.943223 0
-348.83536 -178.07463 -12.948384 0
-348.94147 -177.91835 -12.943734 0
-348.7988 -177.70494 -12.913335 0
-349.05957 -177.64378 -12.977375 0
-348.7616 -177.63335 -12.91544 0
-349.2135 -177.57149 -12.983869 0
-349.08124 -177.50818 -12.948206 0
-349.06396 -177.43053 -12.991338 0
-348.96948 -177.34676 -12.960659 0
-349.082 -177.28685 -12.969361 0
-348.97629 -177.21155 -12.936736 0
-348.95352 -177.0414 -12.951623 0
-348.82904 -177.07419 -12.958338 0
-348.9541 -176.93387 -12.949297 0
-348.91327 -176.87659 -12.942663 0
-349.04364 -176.77505 -12.93063 0
-348.87674 -176.6441 -12.947846 0
-349.40164 -176.42062 -12.964351 0
-349.18307 -176.34933 -12.952648 0
-348.88828 -176.20409 -12.941566 0
-348.95175 -176.11211 -12.932724 0
-349.14111 -176.09264 -12.960812 0
-349.32181 -175.9108 -12.956689 0
-349.08298 -175.96581 -12.978496 0
-349.30267 -175.88925 -12.98455 0
-349.27631 -175.82602 -12.986575 0
-349.12808 -175.85243 -12.948482 0
-349.18173 -174.96144 -12.903415 0
-349.7067 -174.61694 -12.995784 0
-349.47397 -174.62729 -12.930099 0
-349.52808 -174.46771 -12.943319 0
-349.37305 -174.41812 -12.9315 0
-349.25491 -174.44078 -12.915785 0
-349.46323 -174.39632 -12.925568 0
-348.97891 -174.34155 -12.91759 0
-348.88477 -174.33028 -12.943981 0
-349.12207 -174.22005 -12.908084 0
-349.35004 -173.93594 -12.954411 0
-349.28247 -173.71617 -12.92189 0
-348.91647 -173.76993 -12.94075 0
-349.77246 -173.69379 -12.987457 0
-349.49585 -173.40384 -12.957254 0
-348.78342 -173.49831 -12.980323 0
-349.0798 -173.31229 -12.926465 0
-348.55371 -173.3172 -12.960167 0
-349.02078 -173.24191 -12.908794 0
-349.38171 -173.15276 -12.988201 0
-349.23032 -173.19354 -12.946394 0
-349.26938 -172.94345 -12.920662 0
-348.64624 -172.95169 -12.908069 0
-349.7049 -172.81291 -12.98152 0
-349.40308 -172.84891 -12.917919 0
-349.1413 -172.88542 -12.91643 0
-349.54208 -172.759 -12.915124 0
-349.73062 -172.66061 -12.911512 0
-348.66245 -172.62805 -12.909214 0
-349.94916 -172.53494 -12.984254 0
-349.83643 -172.58879 -12.939133 0
-349.93143 -172.44164 -12.952419 0
-349.94574 -172.15404 -12.941649 0
-349.97623 -172.08739 -12.950438 0
-349.78973 -172.0757 -12.906196 0
-349.8801 -171.18895 -12.919409 0
-349.82974 -165.7735 -12.960919 0
-349.96509 -161.50513 -12.93942 0
-349.73859 -154.2718 -12.920564 0
-349.7793 -153.97411 -12.931839 0
-349.37299 -153.72284 -12.911887 0
-348.69254 -153.7795 -12.975391 0
-349.88431 -153.62901 -12.976919 0
-325.1564 -233.69128 -12.86213 0
-348.58044 -230.95108 -12.847867 0
-348.13489 -230.73895 -12.815625 0
-331.44296 -219.98352 -12.898789 0
-339.11984 -205.95578 -12.893907 0
-339.03351 -205.93671 -12.83852 0
-339.26898 -204.12083 -12.803372 0
-338.58929 -200.94034 -12.851991 0
-339.7012 -198.28156 -12.887262 0
-340.14761 -197.40378 -12.801597 0
-340.25177 -197.26547 -12.812722 0
-344.95554 -196.53479 -12.845798 0
-341.93958 -194.00171 -12.816608 0
-343.61267 -193.18394 -12.861561 0
-343.95953 -192.33397 -12.892567 0
-344.64743 -191.10387 -12.811349 0
-343.69397 -191.15662 -12.836651 0
-345.01202 -190.72484 -12.865464 0
-344.59924 -189.82542 -12.84594 0
-345.79605 -189.21638 -12.884829 0
-346.38422 -188.07103 -12.87476 0
-346.23465 -188.07611 -12.862459 0
-342.40234 -187.53098 -12.849643 0
-347.54236 -187.01514 -12.889132 0
-347.49597 -187.02284 -12.893008 0
-347.10526 -186.57118 -12.827522 0
-348.44629 -185.7527 -12.895456 0
-348.03775 -185.79555 -12.888558 0
-348.23404 -185.67929 -12.892972 0
-348.63983 -185.52269 -12.895462 0
-347.81693 -185.16505 -12.806705 0
-347.58731 -185.06738 -12.817683 0
-348.49829 -184.64449 -12.886087 0
-348.12717 -184.6162 -12.862885 0
-348.51691 -183.90143 -12.897287 0
-348.91306 -183.86429 -12.885255 0
-348.85129 -183.56941 -12.82839 0
-349.01059 -183.44838 -12.892638 0
-348.83817 -183.49974 -12.823104 0
-349.63934 -182.80692 -12.879765 0
-349.5108 -182.83887 -12.881914 0
-349.87119 -182.72627 -12.881119 0
-349.12643 -182.65709 -12.888248 0
-349.30328 -182.42781 -12.815525 0
-349.2128 -182.29276 -12.830735 0
-349.37347 -182.13565 -12.82315 0
-348.41321 -182.17984 -12.886773 0
-346.20251 -182.10707 -12.858837 0
-345.89456 -182.15291 -12.813587 0
-347.99396 -182.01608 -12.890352 0
-347.41382 -181.28362 -12.833117 0
-349.17194 -181.15778 -12.844692 0
-348.65634 -181.12897 -12.870846 0
-347.73947 -181.1071 -12.831687 0
-348.50934 -180.65524 -12.88123 0
-348.24277 -179.91148 -12.806175 0
-348.3511 -179.8996 -12.857712 0
-348.60315 -179.71588 -12.815588 0
-348.31 -179.52753 -12.836365 0
-348.13107 -179.46077 -12.818309 0
-348.21964 -179.38687 -12.828435 0
-348.36493 -179.26019 -12.838267 0
-348.61691 -179.19604 -12.852573 0
-348.5582 -178.86584 -12.878032 0
-348.38727 -178.82718 -12.856559 0
-348.52136 -178.7838 -12.850752 0
-348.82983 -178.64771 -12.896664 0
-348.47415 -178.38815 -12.88236 0
-348.6843 -178.12711 -12.851675 0
-348.31842 -178.06555 -12.815658 0
-348.77814 -177.89996 -12.88307 0
-348.55649 -177.87651 -12.863513 0
-348.32501 -177.66647 -12.856148 0
-348.8522 -177.50049 -12.877689 0
-348.46677 -177.48065 -12.829799 0
-348.3526 -177.40826 -12.807884 0
-348.21011 -177.48407 -12.801131 0
-348.76553 -177.32579 -12.864503 0
-348.76678 -177.05856 -12.869621 0
-348.56738 -177.02975 -12.832446 0
-348.67145 -176.99205 -12.833724 0
-348.70575 -176.86317 -12.865496 0
-348.65561 -176.8681 -12.850142 0
-348.60892 -176.75294 -12.820335 0
-348.44662 -176.77992 -12.818236 0
-348.36829 -176.39487 -12.873313 0
-348.76474 -176.12175 -12.895006 0
-348.36414 -175.96228 -12.869933 0
-348.43286 -175.60834 -12.846401 0
-348.9111 -175.0166 -12.896831 0
-348.43167 -174.76863 -12.817616 0
-348.74966 -174.52959 -12.821892 0
-348.23523 -174.58266 -12.828011 0
-348.66174 -174.48787 -12.858459 0
-348.64325 -174.06868 -12.831256 0
-348.47348 -174.04288 -12.813559 0
-348.35321 -174.01405 -12.823784 0
-348.74402 -173.54572 -12.863073 0
-348.68695 -173.59824 -12.835686 0
-348.81888 -173.46353 -12.870349 0
-348.5303 -173.47046 -12.843143 0
-347.44708 -172.42897 -12.835793 0
-349.56805 -172.21146 -12.820868 0
-349.62134 -172.08575 -12.820506 0
-349.48334 -172.03027 -12.889575 0
-349.66232 -171.90326 -12.854432 0
-349.45026 -171.96564 -12.833073 0
-349.73605 -171.80037 -12.847473 0
-349.63452 -171.77353 -12.8564 0
-349.9646 -171.65155 -12.876127 0
-349.82593 -171.56709 -12.873698 0
-349.78436 -171.5687 -12.821177 0
-349.88245 -171.39832 -12.899952 0
-349.71979 -171.30481 -12.880057 0
-349.97028 -171.25696 -12.897642 0
-349.81281 -171.06531 -12.893745 0
-348.74048 -170.84872 -12.80106 0
-348.66895 -170.89497 -12.813796 0
-349.78906 -170.66068 -12.825857 0
-349.5726 -170.64677 -12.813476 0
-349.33755 -169.9976 -12.8672 0
-349.47214 -169.71745 -12.846828 0
-349.99963 -169.64291 -12.887178 0
-349.45068 -169.6593 -12.88929 0
-349.10205 -169.11417 -12.878742 0
-348.96732 -169.17168 -12.80309 0
-349.69577 -169.09859 -12.888992 0
-348.79639 -168.66367 -12.891022 0
-348.69232 -168.40073 -12.89194 0
-349.81342 -168.12309 -12.823402 0
-349.84125 -167.94945 -12.866614 0
-349.24905 -167.94844 -12.890621 0
-349.88748 -166.01172 -12.822509 0
-349.66879 -166.07664 -12.877575 0
-349.11365 -165.6651 -12.885227 0
-349.80582 -159.9912 -12.834841 0
-349.98068 -159.53719 -12.871922 0
-349.95013 -158.69115 -12.805052 0
-349.98407 -158.29445 -12.879005 0
-349.56192 -154.61835 -12.867254 0
-349.52728 -154.5562 -12.803267 0
-349.91983 -154.27325 -12.855857 0
-349.63416 -154.22276 -12.855438 0
-349.89456 -154.08768 -12.811131 0
-349.81186 -153.8922 -12.862722 0
-349.95844 -153.70749 -12.851998 0
-349.73434 -153.60797 -12.85527 0
-349.29559 -153.51329 -12.810732 0
-349.08759 -153.38867 -12.848644 0
-349.87796 -153.13231 -12.828311 0
-349.70251 -152.81369 -12.831309 0
-349.92194 -152.71432 -12.832478 0
-336.1842 -205.57552 -12.725092 0
-337.2243 -205.23727 -12.787901 0
-336.7514 -204.83861 -12.75079 0
-337.71637 -204.24593 -12.755938 0
-336.96045 -203.67744 -12.764334 0
-338.4718 -200.88345 -12.787387 0
-338.39627 -200.82004 -12.789936 0
-345.10379 -196.4704 -12.730729 0
-341.15396 -194.84557 -12.781903 0
-343.95959 -193.74402 -12.768339 0
-343.6438 -192.85463 -12.739063 0
-343.44272 -192.59822 -12.778784 0
-343.35904 -192.30479 -12.705013 0
-344.65292 -191.60449 -12.773934 0
-345.80231 -190.7449 -12.769448 0
-345.0257 -190.60338 -12.768456 0
-345.25143 -190.15158 -12.796568 0
-344.59897 -189.50052 -12.780394 0
-344.55325 -189.47614 -12.704351 0
-346.62384 -189.05031 -12.707414 0
-346.64313 -188.93924 -12.765927 0
-346.11438 -188.43442 -12.718844 0
-346.48465 -188.06024 -12.719056 0
-346.83963 -187.92659 -12.75978 0
-347.00455 -187.76146 -12.71332 0
-347.03363 -187.5463 -12.790342 0
-347.50464 -187.10196 -12.757797 0
-347.45782 -187.13919 -12.717077 0
-347.22574 -187.19492 -12.731332 0
-347.24701 -187.06635 -12.729122 0
-347.37729 -186.76691 -12.745621 0
-347.0748 -186.64137 -12.713796 0
-347.03134 -186.47284 -12.712976 0
-348.13226 -185.59503 -12.745435 0
-347.50745 -185.54289 -12.763069 0
-347.47778 -185.47501 -12.772706 0
-347.26666 -185.35359 -12.775796 0
-347.79959 -184.96735 -12.742914 0
-348.14236 -184.53818 -12.734613 0
-348.6333 -184.30148 -12.755601 0
-348.55057 -184.30295 -12.718018 0
-348.86002 -184.25349 -12.70787 0
-348.91672 -184.12193 -12.708667 0
-348.44327 -183.78409 -12.701818 0
-348.84244 -183.60451 -12.725861 0
-348.9075 -183.3631 -12.700639 0
-342.75809 -183.22295 -12.790368 0
-342.10641 -183.23038 -12.733787 0
-349.66406 -182.90778 -12.702069 0
-349.50177 -182.91211 -12.751627 0
-349.62418 -182.84438 -12.706064 0
-349.70755 -182.70628 -12.702291 0
-348.83826 -182.62061 -12.756635 0
-348.12146 -182.62041 -12.758983 0
-348.79526 -182.57909 -12.76294 0
-348.39014 -182.59247 -12.759637 0
-349.80215 -182.44072 -12.705918 0
-349.28 -182.45514 -12.726728 0
-349.01956 -182.47466 -12.711538 0
-348.2489 -182.41277 -12.706631 0
-347.68146 -182.48758 -12.741399 0
-346.9899 -182.49002 -12.717957 0
-346.74603 -182.46996 -12.772442 0
-346.76379 -182.34509 -12.757085 0
-348.05389 -182.25029 -12.756371 0
-346.228 -182.23019 -12.750359 0
-346.19208 -182.24034 -12.753032 0
-347.99002 -182.19391 -12.72544 0
-347.3562 -181.86317 -12.74133 0
-344.48993 -181.81487 -12.777958 0
-349.64572 -181.64424 -12.728021 0
-348.34799 -181.64108 -12.790291 0
-348.40524 -181.57751 -12.73198 0
-348.33582 -181.55176 -12.736996 0
-348.32358 -181.45532 -12.731783 0
-349.18158 -181.20979 -12.73839 0
-349.05402 -181.20192 -12.707142 0
-347.34018 -181.2852 -12.747267 0
-349.19711 -181.16272 -12.721252 0
-348.84845 -181.09137 -12.752104 0
-347.90491 -180.7108 -12.704638 0
-348.42377 -180.62898 -12.733619 0
-347.99744 -180.60001 -12.738827 0
-348.44595 -180.26836 -12.752919 0
-348.29681 -180.21164 -12.775946 0
-348.26321 -180.08171 -12.798497 0
-348.435 -179.81955 -12.717792 0
-348.06604 -179.83771 -12.757859 0
-348.28491 -179.68936 -12.761424 0
-348.13422 -179.6179 -12.768064 0
-348.44461 -179.55209 -12.759555 0
-348.21454 -179.55318 -12.755589 0
-348.24448 -179.4332 -12.749292 0
-348.01819 -179.44545 -12.754443 0
-348.21259 -179.2701 -12.739711 0
-347.97968 -179.21268 -12.752736 0
-347.97269 -179.14259 -12.75575 0
-348.34647 -178.9511 -12.782207 0
-348.16245 -178.91127 -12.733251 0
-348.14691 -178.85156 -12.750358 0
-348.13721 -178.74725 -12.775663 0
-348.00415 -178.64505 -12.744428 0
-348.01212 -178.4631 -12.753188 0
-348.62497 -178.32228 -12.777905 0
-347.87808 -178.39595 -12.710258 0
-348.53741 -178.13406 -12.714906 0
-348.23129 -178.13542 -12.720838 0
-348.62582 -178.00743 -12.781869 0
-348.4368 -177.95985 -12.739735 0
-348.32071 -177.91425 -12.706286 0
-348.54742 -177.87033 -12.747381 0
-348.44394 -177.815 -12.749437 0
-348.33081 -177.80904 -12.70903 0
-348.26434 -177.87514 -12.741013 0
-348.21301 -177.73732 -12.700557 0
-348.3396 -177.65466 -12.7523 0
-348.25909 -177.47853 -12.711902 0
-348.4389 -177.36118 -12.780619 0
-348.55099 -177.2589 -12.794156 0
-348.25272 -177.16103 -12.758381 0
-347.38126 -177.03288 -12.751447 0
-348.02472 -176.90825 -12.744903 0
-347.21341 -176.66464 -12.758167 0
-347.37781 -176.51903 -12.700354 0
-347.62537 -176.39093 -12.765237 0
-347.49207 -176.30766 -12.729084 0
-347.56677 -176.24319 -12.741837 0
-347.13504 -176.03767 -12.757716 0
-347.51306 -175.88545 -12.75165 0
-347.29065 -175.77708 -12.742452 0
-347.59698 -175.6395 -12.741515 0
-347.69095 -175.54172 -12.701059 0
-347.90945 -175.48778 -12.72658 0
-347.62201 -175.4516 -12.727531 0
-347.86221 -175.23398 -12.767053 0
-347.72159 -175.20184 -12.723547 0
-347.47333 -175.15475 -12.743637 0
-347.42441 -175.05542 -12.739358 0
-348.22617 -174.91962 -12.796903 0
-347.92993 -174.79602 -12.761193 0
-347.82239 -174.75079 -12.767076 0
-347.7323 -174.77429 -12.73015 0
-347.71664 -174.69789 -12.745951 0
-348.32755 -174.58719 -12.790882 0
-348.17136 -174.35155 -12.789488 0
-347.28519 -174.39922 -12.712088 0
-347.87692 -174.1162 -12.734193 0
-347.78445 -174.15669 -12.715535 0
-347.44897 -174.12889 -12.709436 0
-348.24323 -174.09898 -12.756412 0
-347.74948 -174.08945 -12.742226 0
-348.38055 -173.93639 -12.778327 0
-348.3844 -173.85735 -12.791429 0
-347.88788 -173.85272 -12.725321 0
-347.7442 -173.89621 -12.745 0
-347.85422 -173.76801 -12.727945 0
-347.72769 -173.77791 -12.729937 0
-347.67746 -173.6694 -12.744474 0
-347.46487 -173.64119 -12.735754 0
-347.84897 -173.4745 -12.713259 0
-346.74091 -173.37097 -12.753156 0
-347.50552 -173.18546 -12.774183 0
-346.74429 -173.15886 -12.767982 0
-346.16223 -173.10944 -12.730285 0
-346.89243 -173.08206 -12.773783 0
-346.84906 -172.9053 -12.777034 0
-347.65152 -172.62993 -12.774735 0
-346.73639 -172.62651 -12.724856 0
-346.78363 -172.36536 -12.727738 0
-348.85095 -172.22531 -12.747195 0
-348.1666 -172.14281 -12.779837 0
-349.55075 -171.85236 -12.771071 0
-349.47089 -171.81728 -12.775288 0
-349.54492 -171.77277 -12.767105 0
-349.56097 -171.67064 -12.776461 0
-349.10068 -171.60695 -12.756076 0
-348.96478 -171.64412 -12.719467 0
-347.94226 -171.50612 -12.733084 0
-348.04572 -171.40863 -12.728268 0
-349.11978 -171.32275 -12.751258 0
-349.06015 -171.39928 -12.70493 0
-349.15366 -171.2758 -12.711374 0
-348.75702 -171.28491 -12.707025 0
-349.87985 -170.61903 -12.749055 0
-349.74261 -170.60208 -12.752064 0
-349.62988 -170.64561 -12.710207 0
-349.82303 -170.51045 -12.78273 0
-349.94632 -170.42363 -12.700088 0
-349.73816 -170.41566 -12.795146 0
-349.25238 -170.28429 -12.701832 0
-347.6084 -169.70117 -12.701029 0
-348.43018 -169.31454 -12.787816 0
-349.44153 -169.14252 -12.70927 0
-349.10394 -169.15196 -12.728385 0
-349.95984 -168.91864 -12.725977 0
-349.7739 -168.93224 -12.719104 0
-349.78998 -168.2126 -12.788828 0
-347.65393 -167.84355 -12.73705 0
-348.35617 -167.31387 -12.706015 0
-348.47214 -166.82968 -12.744676 0
-349.32553 -165.34518 -12.798316 0
-349.48358 -165.16748 -12.777221 0
-346.44763 -161.27603 -12.775161 0
-348.31097 -161.00504 -12.736893 0
-348.2518 -160.5132 -12.748169 0
-346.00165 -160.35158 -12.743858 0
-348.74011 -160.07288 -12.712494 0
-348.30676 -159.56288 -12.768299 0
-348.87897 -158.68443 -12.741616 0
-347.668 -158.6882 -12.706125 0
-346.6539 -158.61932 -12.717482 0
-343.85971 -158.18709 -12.727817 0
-349.91507 -158.01405 -12.711545 0
-349.38004 -157.30727 -12.710191 0
-349.90469 -156.69028 -12.716037 0
-348.75641 -156.32133 -12.718476 0
-349.99774 -156.24861 -12.734099 0
-349.96774 -156.16833 -12.712813 0
-349.97589 -155.34258 -12.702291 0
-347.08344 -154.92126 -12.777976 0
-349.49213 -154.6098 -12.757219 0
-349.78183 -154.51927 -12.783316 0
-349.61331 -154.53987 -12.742603 0
-349.81409 -154.42311 -12.704685 0
-349.56805 -154.45863 -12.729966 0
-349.50385 -154.34502 -12.706179 0
-349.99731 -154.26871 -12.746517 0
-349.75073 -154.2253 -12.726913 0
-349.59109 -154.22835 -12.757619 0
-349.45151 -154.299 -12.775965 0
-349.80234 -154.17593 -12.713343 0
-349.14096 -154.12685 -12.715168 0
-349.56622 -153.97322 -12.712846 0
-348.1265 -153.96982 -12.707236 0
-349.60706 -153.83257 -12.778242 0
-349.345 -153.84221 -12.718061 0
-349.19141 -153.84283 -12.749438 0
-349.03989 -153.86638 -12.715502 0
-348.53848 -153.85522 -12.755246 0
-347.57367 -153.82359 -12.751299 0
-347.33228 -153.83459 -12.701902 0
-349.1311 -153.79207 -12.754362 0
-348.77676 -153.77231 -12.703737 0
-347.30154 -153.76686 -12.702546 0
-348.84213 -153.52289 -12.704994 0
-347.71808 -153.55663 -12.739067 0
-347.00046 -153.58588 -12.711828 0
-349.34598 -153.49643 -12.739594 0
-348.85989 -153.45189 -12.708276 0
-348.55115 -153.40245 -12.710112 0
-348.70416 -153.23761 -12.739966 0
-348.47601 -153.23038 -12.723888 0
-347.3027 -153.20605 -12.70858 0
-346.92242 -153.20648 -12.724898 0
-348.452 -153.17776 -12.72644 0
-348.53235 -152.92783 -12.756741 0
-348.38467 -152.97151 -12.725924 0
-348.23877 -152.95508 -12.730713 0
-347.91544 -152.9153 -12.728548 0
-348.78107 -152.76295 -12.732185 0
-348.20551 -152.79399 -12.73255 0
-348.15985 -152.71567 -12.730597 0
-348.02917 -152.76559 -12.725022 0
-346.59839 -152.79585 -12.720667 0
-348.2879 -152.61256 -12.731443 0
-347.8887 -152.63676 -12.729084 0
-349.50836 -152.57626 -12.776137 0
-348.32022 -152.47426 -12.722949 0
-346.07458 -152.49055 -12.730709 0
-348.91592 -152.39944 -12.750793 0
-348.10614 -152.23495 -12.733252 0
-346.21671 -152.23587 -12.723518 0
-348.83105 -152.17534 -12.718543 0
-347.11749 -152.14087 -12.713755 0
-349.27393 -152.09071 -12.743978 0
-349.11679 -152.0076 -12.711273 0
-348.75192 -152.0611 -12.704937 0
-348.65802 -152.01941 -12.705551 0
-349.33459 -151.92606 -12.743292 0
-349.17096 -151.871 -12.711091 0
-349.26602 -151.61661 -12.753916 0
-348.84799 -151.66946 -12.720908 0
-349.33603 -151.50235 -12.797098 0
-349.12946 -151.53705 -12.774713 0
-348.94907 -151.42253 -12.731857 0
-349.30576 -151.11151 -12.746614 0
-349.06137 -151.01518 -12.741519 0
-349.6521 -150.70012 -12.760084 0
-349.50552 -150.71291 -12.7608 0
-348.69461 -150.75392 -12.702996 0
-348.71762 -150.58809 -12.702128 0
-349.38074 -150.34631 -12.712135 0
-349.00546 -150.12187 -12.708603 0
-322.9581 -237.00131 -12.633593 0
-338.21048 -202.99825 -12.697421 0
-337.95126 -201.99431 -12.629719 0
-335.01239 -201.93555 -12.694592 0
-338.13748 -201.26082 -12.606441 0
-344.52344 -196.37805 -12.696054 0
-344.90115 -196.2787 -12.606797 0
-341.85202 -194.44968 -12.619049 0
-343.496 -192.68332 -12.639823 0
-343.21817 -192.49475 -12.670107 0
-345.2785 -189.35883 -12.639122 0
-346.45309 -188.78764 -12.618888 0
-346.11746 -188.33342 -12.680089 0
-347.42316 -187.2327 -12.610192 0
-347.26056 -187.2301 -12.66888 0
-347.15143 -187.19792 -12.625971 0
-346.91815 -187.19109 -12.629868 0
-347.40421 -187.00537 -12.688787 0
-346.89291 -187.06479 -12.660296 0
-344.66034 -186.13791 -12.69586 0
-348.4205 -184.01942 -12.656953 0
-348.388 -183.95695 -12.664649 0
-348.43738 -183.74324 -12.605021 0
-347.97665 -183.79669 -12.618587 0
-348.686 -183.62076 -12.618904 0
-348.47607 -183.60884 -12.631388 0
-347.83182 -183.69894 -12.633528 0
-348.79282 -183.50333 -12.625446 0
-348.69485 -183.58012 -12.633116 0
-347.28534 -183.49231 -12.642598 0
-343.5275 -183.02696 -12.673963 0
-349.65543 -182.99283 -12.640881 0
-349.16956 -182.98738 -12.626345 0
-341.11066 -182.76753 -12.620151 0
-347.25278 -182.65112 -12.697798 0
-349.88126 -182.51059 -12.644746 0
-349.41998 -182.48203 -12.602146 0
-349.18961 -182.44292 -12.67433 0
-348.39719 -182.43446 -12.688158 0
-347.02515 -182.31068 -12.691275 0
-349.45529 -182.24046 -12.682228 0
-349.34955 -182.25864 -12.64082 0
-349.20291 -182.27533 -12.683594 0
-348.08701 -182.22258 -12.687976 0
-349.63217 -181.72878 -12.673599 0
-349.60181 -181.62062 -12.630872 0
-349.52206 -181.60414 -12.619248 0
-349.49646 -181.50415 -12.60395 0
-349.46512 -181.44318 -12.635962 0
-348.4668 -181.38081 -12.67604 0
-347.33987 -181.38522 -12.609353 0
-349.04996 -181.18924 -12.658744 0
-348.56152 -180.7368 -12.665484 0
-348.20322 -180.76222 -12.638318 0
-348.78638 -180.61438 -12.633232 0
-348.28491 -180.60175 -12.661996 0
-348.29474 -180.33051 -12.645335 0
-347.20328 -180.05949 -12.633496 0
-348.03494 -179.91299 -12.640737 0
-348.23975 -179.43343 -12.640005 0
-347.59708 -179.32896 -12.633595 0
-348.11755 -178.80713 -12.671463 0
-348.83234 -178.50662 -12.646122 0
-348.74792 -178.52823 -12.635273 0
-348.62238 -178.44856 -12.6407 0
-348.17773 -178.41588 -12.634152 0
-347.87576 -178.37242 -12.631032 0
-348.30487 -178.28177 -12.630006 0
-348.37347 -178.18121 -12.613398 0
-348.21939 -178.05771 -12.69867 0
-348.06952 -178.04979 -12.678876 0
-348.50833 -177.9796 -12.693724 0
-348.40881 -177.96939 -12.697268 0
-348.08264 -177.77356 -12.625033 0
-348.11856 -177.35217 -12.639668 0
-348.19092 -177.29074 -12.687407 0
-347.09564 -177.17462 -12.618181 0
-347.03369 -177.02341 -12.612688 0
-346.83484 -176.72429 -12.61892 0
-346.97391 -176.52965 -12.607643 0
-346.36014 -176.47813 -12.6098 0
-346.22571 -176.44919 -12.624697 0
-346.77625 -176.32675 -12.644497 0
-347.29764 -176.22717 -12.60257 0
-346.9165 -176.12062 -12.621803 0
-347.20779 -175.94229 -12.655193 0
-347.17715 -175.73035 -12.663815 0
-347.1618 -175.69972 -12.679267 0
-346.65189 -175.64079 -12.676568 0
-346.39685 -175.65741 -12.675933 0
-347.40829 -175.52802 -12.629386 0
-346.62802 -175.5285 -12.68113 0
-347.46228 -175.46039 -12.649754 0
-347.37271 -175.41931 -12.629274 0
-347.24463 -175.37698 -12.630862 0
-348.04892 -175.2144 -12.638424 0
-347.17416 -175.29991 -12.677295 0
-347.39246 -174.519 -12.658216 0
-347.04913 -174.48996 -12.623604 0
-347.21683 -174.23093 -12.684973 0
-346.71274 -174.29204 -12.622289 0
-347.14316 -174.15822 -12.693861 0
-347.36954 -173.95119 -12.62595 0
-347.41873 -173.78432 -12.624306 0
-346.91833 -173.64761 -12.620682 0
-347.1907 -173.43579 -12.660265 0
-345.52136 -172.91518 -12.621378 0
-346.59869 -172.63165 -12.614473 0
-346.92511 -172.22318 -12.612474 0
-346.6861 -172.21916 -12.638098 0
-345.45163 -172.20883 -12.614528 0
-346.61255 -172.11711 -12.611352 0
-346.55124 -172.13705 -12.627943 0
-346.9086 -172.04082 -12.610063 0
-349.00824 -171.52631 -12.621991 0
-348.99762 -171.58121 -12.62174 0
-349.34271 -171.41003 -12.633338 0
-349.25098 -171.49106 -12.653464 0
-349.07593 -171.47107 -12.626234 0
-349.25189 -171.35373 -12.62932 0
-349.1586 -171.35631 -12.674101 0
-349.069 -171.23474 -12.602121 0
-349.00702 -171.16837 -12.629835 0
-349.59909 -170.9084 -12.694416 0
-347.55002 -170.91618 -12.622592 0
-347.4166 -170.99425 -12.613729 0
-348.70734 -170.82245 -12.641193 0
-348.65259 -170.87231 -12.658844 0
-349.40771 -170.79156 -12.629103 0
-349.41544 -170.67255 -12.612741 0
-349.16962 -170.67728 -12.611996 0
-348.98578 -170.68921 -12.671626 0
-349.9519 -170.56432 -12.66292 0
-349.79636 -170.53154 -12.696378 0
-349.67819 -170.59637 -12.637447 0
-349.94125 -170.21112 -12.668003 0
-348.5535 -169.33458 -12.690422 0
-349.73129 -169.19974 -12.678814 0
-349.80194 -168.99344 -12.64831 0
-349.95294 -168.69234 -12.619682 0
-349.87222 -168.50436 -12.697333 0
-349.40036 -168.40495 -12.610974 0
-348.6795 -168.27612 -12.664238 0
-349.36703 -167.40262 -12.600755 0
-348.67093 -167.14915 -12.666267 0
-349.57196 -166.50304 -12.642955 0
-347.6188 -166.31638 -12.662497 0
-348.44107 -166.11325 -12.691905 0
-347.25433 -165.9106 -12.640097 0
-349.95105 -165.72461 -12.669737 0
-344.27515 -165.0728 -12.638294 0
-348.35361 -164.55507 -12.647163 0
-342.95447 -162.97089 -12.605356 0
-344.84393 -162.24655 -12.69748 0
-344.81549 -162.17297 -12.697963 0
-345.09537 -161.24123 -12.652634 0
-349.67798 -160.01738 -12.618781 0
-348.29251 -159.87198 -12.679545 0
-345.22867 -159.6073 -12.640828 0
-343.11395 -158.88879 -12.648805 0
-342.94421 -158.73795 -12.65295 0
-348.86523 -158.69521 -12.632075 0
-347.60077 -158.63469 -12.657509 0
-348.94724 -158.41087 -12.670259 0
-349.79556 -157.71754 -12.669571 0
-349.35727 -157.24371 -12.690416 0
-349.93829 -156.78557 -12.65227 0
-349.68686 -156.5526 -12.661629 0
-349.78943 -156.44884 -12.659297 0
-349.78955 -155.41194 -12.673931 0
-349.96341 -155.37173 -12.668852 0
-349.90039 -155.27844 -12.66923 0
-349.72931 -155.21913 -12.673335 0
-346.87299 -155.02336 -12.665879 0
-349.9238 -154.85796 -12.698616 0
-349.90042 -154.76241 -12.667828 0
-349.95459 -154.65302 -12.664629 0
-349.70969 -154.61153 -12.674595 0
-349.61703 -154.67894 -12.626656 0
-348.75769 -154.62054 -12.657269 0
-349.90198 -154.53229 -12.682951 0
-349.72049 -154.49965 -12.675082 0
-349.44806 -154.43909 -12.641396 0
-348.80667 -154.30507 -12.648818 0
-349.4704 -154.20084 -12.684679 0
-349.28378 -154.2402 -12.689692 0
-348.53922 -154.22676 -12.607083 0
-349.18231 -154.13947 -12.692054 0
-348.92661 -154.00562 -12.699517 0
-348.66876 -154.08647 -12.698991 0
-348.34229 -154.0927 -12.668454 0
-348.16885 -154.01721 -12.697161 0
-348.07825 -153.99983 -12.699278 0
-348.65576 -153.80551 -12.621137 0
-347.98163 -153.79228 -12.698942 0
-347.88611 -153.67175 -12.687738 0
-345.41299 -153.63521 -12.618587 0
-346.53302 -153.2972 -12.604229 0
-348.24698 -153.13197 -12.665714 0
-345.50003 -153.14944 -12.660131 0
-345.2457 -153.11909 -12.61832 0
-347.05682 -153.08875 -12.614598 0
-346.88675 -153.08089 -12.619931 0
-345.07541 -153.04399 -12.648759 0
-347.70496 -152.91103 -12.67134 0
-346.85495 -152.90689 -12.621505 0
-346.72659 -152.91098 -12.601808 0
-346.17032 -152.90445 -12.603872 0
-348.25873 -152.82967 -12.690609 0
-347.69724 -152.87119 -12.667263 0
-346.05457 -152.89017 -12.609457 0
-347.74249 -152.64375 -12.683908 0
-346.15686 -152.60646 -12.635229 0
-345.6868 -152.54625 -12.617915 0
-345.91367 -152.30055 -12.64327 0
-345.47876 -151.92955 -12.621872 0
-348.66852 -151.61078 -12.696048 0
-346.87909 -151.66035 -12.69839 0
-348.69711 -151.56007 -12.693501 0
-348.88708 -151.44193 -12.693988 0
-348.68002 -151.48558 -12.691471 0
-345.80042 -151.25415 -12.617913 0
-348.51956 -151.00694 -12.687139 0
-347.73465 -151.00325 -12.606547 0
-346.51154 -151.00038 -12.620459 0
-346.36423 -151.06894 -12.619304 0
-348.18161 -150.99757 -12.626817 0
-346.49994 -150.91127 -12.618454 0
-346.1644 -150.95384 -12.612805 0
-348.70602 -150.8186 -12.698713 0
-347.79529 -150.66484 -12.665436 0
-348.04507 -150.5533 -12.61768 0
-347.82852 -150.43927 -12.606249 0
-348.37988 -150.3045 -12.643077 0
-348.04575 -150.32576 -12.622663 0
-347.78101 -150.12497 -12.614756 0
-319.83585 -245.2019 -12.55366 0
-322.98322 -236.13344 -12.546203 0
-336.95071 -202.56395 -12.546065 0
-341.05014 -197.57967 -12.541017 0
-340.27264 -197.33279 -12.555192 0
-344.9978 -196.36789 -12.56843 0
-344.36682 -194.41473 -12.506068 0
-343.62888 -192.45619 -12.555301 0
-343.20459 -192.39436 -12.595421 0
-344.81348 -191.81145 -12.564515 0
-346.46719 -190.11624 -12.565922 0
-344.69424 -189.84248 -12.589217 0
-346.50504 -189.77263 -12.587712 0
-346.13205 -189.02615 -12.588252 0
-346.64511 -188.90425 -12.568398 0
-346.53961 -187.8739 -12.58557 0
-347.17471 -187.46878 -12.536443 0
-347.25961 -187.37975 -12.592607 0
-346.88672 -187.25076 -12.553717 0
-347.19366 -186.79039 -12.524739 0
-348.26083 -185.97484 -12.50267 0
-348.07983 -185.90686 -12.50801 0
-347.36575 -185.78616 -12.520147 0
-347.66486 -185.49733 -12.532837 0
-349.09479 -184.50749 -12.543388 0
-348.3562 -184.54752 -12.575734 0
-348.64243 -184.33301 -12.524602 0
-348.63745 -184.19148 -12.514304 0
-348.28812 -183.84485 -12.590003 0
-348.13596 -183.81821 -12.55663 0
-348.27869 -183.78003 -12.560779 0
-349.52094 -183.35913 -12.566248 0
-349.15195 -183.35986 -12.585702 0
-349.91241 -182.72244 -12.505654 0
-349.78531 -181.9306 -12.588903 0
-349.41928 -181.99141 -12.522581 0
-349.65384 -181.7961 -12.534285 0
-349.49329 -181.50642 -12.560066 0
-347.70325 -181.37321 -12.521054 0
-349.56995 -181.19055 -12.593978 0
-349.46704 -181.12503 -12.525358 0
-347.8764 -180.90314 -12.502089 0
-347.5 -180.84692 -12.512671 0
-348.33621 -180.6861 -12.508715 0
-344.32773 -180.50499 -12.504865 0
-347.85291 -180.40761 -12.517981 0
-347.60541 -180.33324 -12.522402 0
-347.87814 -180.14929 -12.512487 0
-345.94495 -180.145 -12.506536 0
-347.53024 -180.06349 -12.584283 0
-345.64896 -179.39267 -12.558454 0
-342.84387 -179.21532 -12.507903 0
-348.34174 -179.08319 -12.503605 0
-348.24457 -179.07034 -12.507829 0
-348.32181 -178.96118 -12.507401 0
-348.0451 -178.92172 -12.561275 0
-348.38898 -178.4308 -12.576136 0
-347.76276 -178.37737 -12.562718 0
-347.35104 -178.21124 -12.571726 0
-346.44009 -178.26802 -12.549704 0
-348.24149 -177.91727 -12.520867 0
-347.97235 -177.96942 -12.582475 0
-347.58737 -177.83681 -12.532514 0
-347.31912 -177.68079 -12.53751 0
-346.457 -177.64621 -12.551733 0
-348.18814 -177.56424 -12.57848 0
-348.00476 -177.48499 -12.554605 0
-347.99356 -177.46658 -12.557082 0
-348.01285 -177.2541 -12.55615 0
-345.72733 -176.6044 -12.567268 0
-345.629 -176.49249 -12.553829 0
-346.31747 -176.36823 -12.559488 0
-346.63882 -176.10486 -12.599163 0
-345.4209 -176.05789 -12.571152 0
-346.89661 -175.47273 -12.574039 0
-346.24612 -175.47707 -12.565721 0
-347.17831 -175.14964 -12.585191 0
-346.11835 -175.19688 -12.569837 0
-347.00095 -174.99155 -12.580804 0
-347.13409 -174.74666 -12.550996 0
-347.00961 -174.71591 -12.58174 0
-347.13684 -174.60948 -12.565446 0
-347.19739 -174.50534 -12.58599 0
-346.9335 -174.54912 -12.554883 0
-347.0423 -174.47078 -12.583989 0
-346.42386 -174.26459 -12.586473 0
-345.45959 -174.29521 -12.550083 0
-347.08548 -174.01189 -12.591576 0
-346.74365 -174.07225 -12.53447 0
-347.43396 -173.82629 -12.550241 0
-346.99265 -173.89432 -12.556106 0
-347.46481 -173.76956 -12.521567 0
-345.44516 -173.49756 -12.546594 0
-345.20001 -173.25742 -12.59006 0
-345.3967 -173.1908 -12.587829 0
-344.95898 -172.92017 -12.503342 0
-345.34448 -172.83662 -12.591495 0
-344.55695 -172.58713 -12.524861 0
-346.87375 -172.41505 -12.597319 0
-345.99356 -172.45442 -12.582825 0
-345.42877 -172.15758 -12.577198 0
-348.81436 -171.56996 -12.566573 0
-348.66656 -171.5936 -12.53171 0
-349.06396 -171.47726 -12.500806 0
-348.80164 -171.48256 -12.590326 0
-349.30841 -171.36993 -12.530843 0
-348.06836 -171.20747 -12.564163 0
-349.11304 -171.03287 -12.513641 0
-349.72861 -170.80708 -12.52216 0
-349.79407 -170.62944 -12.517815 0
-349.50397 -170.68784 -12.511312 0
-349.81262 -170.57509 -12.527657 0
-349.98453 -170.41119 -12.592443 0
-349.94653 -169.96135 -12.524641 0
-348.03986 -169.71843 -12.552296 0
-349.85846 -168.98209 -12.577121 0
-349.86691 -168.42616 -12.521704 0
-349.94305 -167.89551 -12.580877 0
-349.43051 -167.32353 -12.567692 0
-348.98392 -167.28024 -12.595551 0
-348.47971 -166.74091 -12.584731 0
-348.31717 -166.59447 -12.581228 0
-349.64212 -166.1622 -12.565866 0
-343.62646 -166.01355 -12.596442 0
-343.26437 -165.6498 -12.598365 0
-347.35208 -164.64548 -12.500702 0
-349.97906 -164.0033 -12.585236 0
-346.48392 -162.91563 -12.527728 0
-346.52628 -162.89886 -12.53146 0
-346.28726 -160.70332 -12.538433 0
-348.35629 -159.59096 -12.597656 0
-347.55322 -158.81331 -12.598287 0
-349.9852 -158.63403 -12.545671 0
-347.64877 -158.68607 -12.563338 0
-348.91046 -158.52049 -12.561749 0
-342.49091 -158.58157 -12.592749 0
-348.89236 -158.26357 -12.565911 0
-342.05838 -158.21776 -12.539514 0
-344.09036 -158.1304 -12.591166 0
-348.54135 -157.88422 -12.568169 0
-348.48767 -157.21164 -12.583926 0
-349.89719 -156.61607 -12.549333 0
-344.39728 -156.6109 -12.578408 0
-349.70172 -156.50385 -12.592098 0
-349.69516 -156.47729 -12.50749 0
-349.80676 -156.36957 -12.512109 0
-349.78677 -156.27715 -12.551414 0
-349.92053 -156.13013 -12.594359 0
-346.86447 -155.95609 -12.588902 0
-349.99417 -155.88281 -12.540272 0
-349.80951 -155.27986 -12.525508 0
-345.05154 -155.23354 -12.571177 0
-346.84955 -155.00671 -12.505202 0
-349.81226 -154.72025 -12.594834 0
-345.06967 -154.66762 -12.55074 0
-349.26996 -154.42847 -12.561507 0
-349.24115 -154.38332 -12.505138 0
-346.73395 -154.35493 -12.520761 0
-349.04169 -154.2547 -12.50036 0
-348.86395 -154.21059 -12.544817 0
-344.36893 -154.26222 -12.572121 0
-348.34702 -154.10428 -12.578646 0
-348.08127 -154.13409 -12.509559 0
-344.78592 -154.16212 -12.578174 0
-348.82858 -154.09746 -12.545609 0
-348.01398 -154.09805 -12.503413 0
-349.18237 -153.96019 -12.534897 0
-347.78003 -153.96637 -12.584577 0
-345.39532 -153.82915 -12.549621 0
-347.51819 -153.73914 -12.588811 0
-347.89075 -153.65681 -12.506633 0
-346.20828 -153.58551 -12.550453 0
-345.83585 -153.41039 -12.555662 0
-345.64993 -153.34782 -12.558014 0
-345.54605 -153.20607 -12.539296 0
-346.76309 -153.16501 -12.589789 0
-346.16223 -153.12111 -12.556595 0
-345.56015 -153.19145 -12.559493 0
-348.2662 -153.04907 -12.582981 0
-346.30576 -153.01418 -12.552409 0
-345.67264 -153.08772 -12.556817 0
-345.46072 -153.08444 -12.5479 0
-345.18918 -153.04262 -12.553784 0
-344.91214 -153.03226 -12.546062 0
-344.4942 -153.02673 -12.521119 0
-345.64331 -152.9422 -12.514627 0
-345.33411 -152.94208 -12.538023 0
-344.87347 -152.94958 -12.579414 0
-344.72842 -152.96906 -12.552153 0
-344.99063 -152.78773 -12.557972 0
-344.59641 -152.78404 -12.572587 0
-344.96906 -152.67632 -12.592052 0
-344.92627 -152.36163 -12.572052 0
-344.46692 -152.27495 -12.513439 0
-344.79614 -152.19647 -12.561943 0
-343.91306 -152.13893 -12.565287 0
-345.31839 -152.09212 -12.572136 0
-344.96667 -151.83212 -12.570215 0
-343.28775 -151.70375 -12.540194 0
-345.47681 -151.58003 -12.576312 0
-344.67505 -151.39714 -12.564211 0
-343.48596 -151.3374 -12.501502 0
-345.41895 -151.24657 -12.559158 0
-343.61356 -151.11899 -12.50633 0
-343.56146 -151.02063 -12.501864 0
-345.63025 -150.99001 -12.554023 0
-345.21863 -150.99539 -12.525003 0
-344.16815 -150.90968 -12.506142 0
-347.74426 -150.74489 -12.554841 0
-344.28445 -150.75031 -12.511162 0
-347.92014 -150.58755 -12.599826 0
-344.7034 -150.50102 -12.511153 0
-347.98053 -150.49014 -12.599661 0
-344.85361 -150.46353 -12.511001 0
-347.25497 -150.32478 -12.597207 0
-345.12421 -150.27229 -12.51072 0
-345.95053 -150.15352 -12.535959 0
-344.13281 -150.03349 -12.520269 0
-337.80573 -202.93552 -12.449819 0
-336.99374 -202.94156 -12.450004 0
-336.95541 -202.53598 -12.400857 0
-338.01215 -201.9399 -12.489527 0
-338.55661 -197.59982 -12.49472 0
-340.29236 -197.31642 -12.478484 0
-338.72595 -197.28741 -12.474687 0
-344.15009 -195.12726 -12.440939 0
-343.45801 -193.672 -12.48147 0
-345.28412 -192.633 -12.441866 0
-347.10538 -191.63983 -12.42668 0
-346.88409 -191.51906 -12.466885 0
-347.24368 -191.49747 -12.477422 0
-347.09058 -191.31039 -12.402843 0
-346.74374 -190.02812 -12.410378 0
-346.23663 -189.84784 -12.430115 0
-346.88873 -189.37984 -12.420351 0
-346.79819 -189.04475 -12.497307 0
-346.7272 -188.99564 -12.491905 0
-346.09372 -188.60646 -12.498427 0
-345.95834 -188.28894 -12.43492 0
-347.56149 -187.78537 -12.41633 0
-347.07724 -186.64594 -12.478484 0
-348.70554 -186.11655 -12.477895 0
-348.3233 -185.81235 -12.419291 0
-348.32709 -185.73335 -12.419792 0
-347.83505 -185.59061 -12.419441 0
-347.68228 -185.31857 -12.428694 0
-348.02615 -185.16484 -12.416426 0
-348.37253 -185.06841 -12.425385 0
-348.31531 -184.87985 -12.482769 0
-347.91849 -184.85391 -12.451047 0
-347.76691 -184.47716 -12.443538 0
-349.04156 -184.34029 -12.493978 0
-348.72043 -184.30463 -12.440655 0
-348.90576 -183.91745 -12.432011 0
-349.07623 -183.65662 -12.436165 0
-349.11768 -183.55058 -12.495135 0
-349.45483 -183.36531 -12.466782 0
-349.75574 -183.20615 -12.464911 0
-349.95203 -183.08565 -12.464606 0
-349.73312 -183.08459 -12.416152 0
-348.88766 -183.04599 -12.480035 0
-349.96548 -182.68645 -12.414037 0
-349.97873 -182.58478 -12.483114 0
-349.68918 -182.53873 -12.457415 0
-348.18417 -182.24132 -12.482291 0
-349.37064 -182.19516 -12.484591 0
-348.89648 -182.04102 -12.486007 0
-349.24075 -181.8952 -12.442091 0
-348.50803 -181.40828 -12.400712 0
-349.48489 -181.22807 -12.487001 0
-346.13281 -181.20525 -12.481158 0
-348.32901 -181.13737 -12.474466 0
-349.56393 -181.06944 -12.463049 0
-346.34702 -180.86089 -12.463186 0
-345.88443 -180.66995 -12.4108 0
-346.29266 -180.53693 -12.480933 0
-344.27332 -180.54974 -12.424529 0
-347.85709 -180.34241 -12.48942 0
-348.42316 -180.28946 -12.468562 0
-347.71548 -180.22893 -12.465472 0
-347.64676 -179.94156 -12.462438 0
-347.62451 -179.77306 -12.472365 0
-348.086 -178.61681 -12.480605 0
-348.41562 -178.58568 -12.46129 0
-348.57947 -178.39458 -12.415577 0
-348.44858 -178.36943 -12.454222 0
-345.71072 -178.325 -12.442656 0
-348.56866 -178.27936 -12.477551 0
-345.70551 -178.2704 -12.452225 0
-348.58069 -178.16957 -12.454314 0
-348.47498 -178.1205 -12.450912 0
-348.40979 -177.92972 -12.478589 0
-348.10989 -177.75432 -12.425857 0
-348.00784 -177.44067 -12.454664 0
-347.32584 -176.44217 -12.425341 0
-345.224 -176.2616 -12.490182 0
-344.93173 -175.25925 -12.457463 0
-345.04126 -175.18137 -12.449677 0
-347.9642 -175.0417 -12.449303 0
-347.92731 -174.93646 -12.400401 0
-344.71011 -174.92981 -12.478436 0
-343.81577 -174.98866 -12.447459 0
-347.06235 -174.60178 -12.430881 0
-347.04587 -174.54858 -12.443969 0
-346.92828 -174.36417 -12.420229 0
-348.21814 -174.24806 -12.464801 0
-345.04095 -174.19911 -12.419751 0
-344.96539 -174.13972 -12.419514 0
-346.57669 -173.99948 -12.450609 0
-347.45032 -173.5029 -12.484063 0
-344.31891 -173.2973 -12.421318 0
-343.26334 -173.11311 -12.434075 0
-343.28641 -172.91843 -12.44635 0
-344.52747 -172.59602 -12.495937 0
-345.45248 -172.47556 -12.497751 0
-344.37793 -172.40791 -12.483635 0
-346.93542 -172.22101 -12.479697 0
-349.51212 -171.82143 -12.406049 0
-349.48123 -171.86261 -12.437261 0
-348.58276 -171.62595 -12.447449 0
-349.80383 -171.41656 -12.457354 0
-349.40118 -171.40988 -12.499801 0
-349.24811 -171.41743 -12.481021 0
-349.51532 -171.34683 -12.435059 0
-349.12988 -171.25089 -12.447753 0
-349.28268 -171.1559 -12.424478 0
-348.29596 -171.11548 -12.441903 0
-349.98999 -171.07016 -12.482757 0
-349.10349 -171.093 -12.458346 0
-349.8898 -170.93733 -12.408802 0
-349.31357 -170.91386 -12.469369 0
-348.96835 -170.86151 -12.472316 0
-349.81815 -170.57774 -12.465887 0
-349.74985 -170.21176 -12.402286 0
-349.5304 -169.91455 -12.448773 0
-348.50354 -169.15855 -12.426449 0
-348.27429 -168.91139 -12.489867 0
-348.69751 -167.71964 -12.426163 0
-346.56281 -167.52531 -12.466433 0
-349.35327 -167.21872 -12.478525 0
-348.46695 -166.75215 -12.446003 0
-346.48874 -165.43236 -12.452721 0
-347.51544 -164.84048 -12.481812 0
-342.39917 -164.78751 -12.470845 0
-345.00348 -164.31664 -12.406078 0
-346.52271 -163.99918 -12.479911 0
-341.95377 -163.53903 -12.433184 0
-344.83136 -162.35864 -12.455494 0
-349.9003 -162.14354 -12.478909 0
-342.11505 -161.58493 -12.47666 0
-349.23166 -161.32469 -12.430319 0
-348.54651 -160.50969 -12.487436 0
-341.6731 -160.50362 -12.472713 0
-348.2991 -160.44073 -12.431011 0
-349.8573 -159.73911 -12.412643 0
-341.50769 -159.55348 -12.46532 0
-349.57474 -159.12433 -12.489972 0
-349.52698 -159.06197 -12.499324 0
-349.95853 -158.74925 -12.451541 0
-348.3703 -158.70712 -12.462648 0
-347.44913 -158.70248 -12.468079 0
-347.27798 -158.75737 -12.437607 0
-348.74103 -158.46037 -12.48485 0
-346.78506 -158.33301 -12.488817 0
-341.5354 -158.03946 -12.444042 0
-344.07629 -157.97078 -12.493877 0
-349.88019 -157.70467 -12.452852 0
-348.15945 -157.5907 -12.438414 0
-341.51215 -157.46266 -12.437432 0
-349.60342 -157.30278 -12.492874 0
-349.32828 -157.37448 -12.465687 0
-349.52194 -157.20027 -12.454071 0
-348.95572 -157.23686 -12.415743 0
-348.40909 -157.26646 -12.474621 0
-349.16541 -156.96349 -12.460501 0
-349.78571 -156.84065 -12.483262 0
-343.02219 -156.87451 -12.407741 0
-349.14847 -156.66653 -12.417432 0
-349.57666 -156.54111 -12.47553 0
-341.73502 -156.51833 -12.429296 0
-349.10516 -156.42822 -12.411917 0
-347.9509 -156.21147 -12.479267 0
-347.44611 -155.81435 -12.473183 0
-349.92374 -155.70287 -12.401208 0
-349.07047 -155.75554 -12.426723 0
-349.73849 -155.13986 -12.455709 0
-349.88208 -154.95216 -12.488891 0
-349.22849 -154.71426 -12.466665 0
-348.10474 -154.51755 -12.445305 0
-348.57309 -154.27805 -12.480755 0
-348.17416 -154.02446 -12.489315 0
-347.69601 -154.03903 -12.484625 0
-349.38391 -153.7937 -12.431705 0
-349.14008 -153.73936 -12.484352 0
-348.99008 -153.7408 -12.400886 0
-347.77484 -153.75583 -12.497894 0
-347.8414 -153.63039 -12.478726 0
-346.17889 -153.67574 -12.407295 0
-345.49988 -153.17839 -12.403551 0
-345.48691 -153.04393 -12.402297 0
-344.24414 -152.93459 -12.4311 0
-345.25641 -152.85748 -12.420897 0
-344.681 -152.75417 -12.433241 0
-344.13712 -152.56281 -12.448439 0
-344.05817 -152.43297 -12.454559 0
-343.86139 -152.40764 -12.434192 0
-343.98602 -152.20189 -12.454826 0
-343.75415 -152.02158 -12.475313 0
-343.67422 -152.05917 -12.479959 0
-344.14835 -151.8884 -12.475551 0
-343.52612 -151.82643 -12.495695 0
-343.71664 -151.75349 -12.459175 0
-344.02548 -151.58119 -12.485267 0
-343.60883 -151.45763 -12.447411 0
-343.40414 -151.42024 -12.433683 0
-343.30811 -151.25836 -12.434109 0
-343.39883 -151.17947 -12.464458 0
-342.93073 -151.15712 -12.402361 0
-343.74249 -150.66476 -12.496037 0
-343.01202 -150.65862 -12.476788 0
-343.32355 -150.40347 -12.467877 0
-343.47961 -150.33971 -12.490875 0
-342.4762 -150.00685 -12.467683 0
-334.73117 -209.02328 -12.382878 0
-339.50653 -201.22644 -12.392122 0
-345.58774 -196.59901 -12.339262 0
-342.72614 -195.78799 -12.344923 0
-345.48572 -195.4334 -12.342363 0
-345.90784 -195.32544 -12.304819 0
-344.13525 -194.67966 -12.371283 0
-345.09906 -193.44824 -12.340759 0
-345.99579 -192.5253 -12.33075 0
-345.3765 -192.37918 -12.347674 0
-345.99387 -192.11224 -12.368587 0
-345.90536 -191.98599 -12.350883 0
-347.14258 -191.53294 -12.321499 0
-347.02728 -191.41942 -12.322092 0
-347.04166 -191.34848 -12.387884 0
-347.10345 -191.23059 -12.35715 0
-347.04749 -191.12253 -12.385366 0
-345.54343 -191.10628 -12.313434 0
-347.0535 -190.98775 -12.358195 0
-346.52832 -190.82031 -12.36092 0
-346.43924 -190.81667 -12.336414 0
-346.28799 -190.76781 -12.336974 0
-346.88934 -190.65974 -12.382029 0
-346.91547 -190.54614 -12.363405 0
-346.94858 -190.3856 -12.33803 0
-346.24506 -190.2482 -12.300244 0
-347.19464 -190.13377 -12.334135 0
-346.92917 -190.07454 -12.356207 0
-345.68127 -190.02368 -12.392666 0
-344.66891 -189.57936 -12.336828 0
-347.11597 -189.32994 -12.375576 0
-346.97873 -189.30673 -12.341474 0
-346.86017 -189.13617 -12.352189 0
-346.78845 -189.01015 -12.3596 0
-346.85727 -188.94418 -12.339263 0
-346.9119 -188.84628 -12.371655 0
-346.09393 -188.21227 -12.313789 0
-347.62219 -188.16306 -12.310903 0
-346.05219 -188.07979 -12.333761 0
-346.19598 -187.98677 -12.355027 0
-347.60162 -187.65685 -12.363598 0
-347.4454 -187.6835 -12.367799 0
-347.32635 -187.52101 -12.359964 0
-348.51923 -185.91382 -12.363355 0
-348.461 -185.90735 -12.345255 0
-348.48526 -185.83827 -12.362741 0
-348.46411 -185.7444 -12.362091 0
-348.23892 -185.76707 -12.36102 0
-348.37985 -185.60257 -12.370635 0
-348.60498 -185.02551 -12.36992 0
-348.13849 -184.72209 -12.334506 0
-348.71472 -184.44656 -12.370761 0
-349.26721 -184.22792 -12.385967 0
-348.62506 -184.2312 -12.380561 0
-349.4758 -184.14191 -12.356422 0
-339.51114 -184.05743 -12.311539 0
-349.90283 -182.30333 -12.382398 0
-349.24384 -182.12347 -12.353317 0
-349.31427 -181.95422 -12.375405 0
-346.07339 -181.95789 -12.357912 0
-349.18005 -181.86351 -12.375978 0
-349.34387 -181.78506 -12.365557 0
-348.81824 -181.66229 -12.351818 0
-347.76465 -181.45963 -12.336118 0
-349.49673 -181.29985 -12.385596 0
-348.11688 -181.26382 -12.336771 0
-349.69583 -181.13358 -12.306177 0
-349.58359 -181.11359 -12.376285 0
-349.18167 -181.17204 -12.37722 0
-348.6897 -180.23495 -12.372319 0
-349.0625 -179.81458 -12.324454 0
-348.96341 -179.89532 -12.333897 0
-349.08527 -179.70581 -12.363303 0
-349.09665 -179.60504 -12.374404 0
-348.97992 -179.66757 -12.337403 0
-349.04547 -179.58484 -12.332751 0
-340.91434 -179.57747 -12.306481 0
-347.11172 -179.32448 -12.363285 0
-346.77814 -179.35808 -12.358258 0
-347.15704 -178.97061 -12.363723 0
-342.83026 -178.78221 -12.301847 0
-348.79538 -178.27272 -12.308356 0
-347.56082 -178.19171 -12.35822 0
-348.85977 -178.09657 -12.371915 0
-348.21381 -177.81393 -12.366474 0
-343.40305 -177.77272 -12.334624 0
-348.58179 -177.69238 -12.333456 0
-345.25131 -177.67696 -12.307215 0
-347.96243 -177.52972 -12.318192 0
-346.42484 -177.25392 -12.356058 0
-347.31073 -176.46992 -12.39001 0
-345.10522 -176.29512 -12.326564 0
-343.67014 -175.95638 -12.31977 0
-343.59314 -175.74608 -12.331167 0
-342.09067 -175.4666 -12.366488 0
-348.05112 -174.88142 -12.322562 0
-347.11331 -174.74475 -12.302277 0
-347.26788 -174.63805 -12.337611 0
-347.10294 -174.62041 -12.314532 0
-348.18158 -174.56697 -12.331736 0
-347.85278 -174.54993 -12.305581 0
-347.20773 -174.55205 -12.301847 0
-348.17566 -174.47894 -12.325825 0
-347.45654 -174.16628 -12.330435 0
-346.8013 -173.97894 -12.397415 0
-343.15421 -173.94341 -12.325448 0
-347.42084 -171.74152 -12.396746 0
-349.33481 -171.50523 -12.399817 0
-348.62491 -171.58754 -12.390303 0
-349.625 -171.42703 -12.342905 0
-348.70285 -171.45107 -12.38937 0
-349.84537 -171.009 -12.352997 0
-349.82889 -170.8936 -12.331886 0
-344.58987 -170.76697 -12.377521 0
-349.92981 -170.35483 -12.344199 0
-349.26959 -170.21907 -12.366006 0
-349.68875 -170.02385 -12.341586 0
-349.51962 -169.7005 -12.358511 0
-347.81873 -169.40921 -12.388902 0
-349.76871 -169.00395 -12.384922 0
-349.82697 -168.6331 -12.350485 0
-348.25378 -166.66183 -12.398712 0
-348.37057 -166.58098 -12.378722 0
-341.65567 -165.70357 -12.315407 0
-346.52768 -165.52353 -12.381617 0
-346.52356 -165.47409 -12.388567 0
-349.69077 -163.12808 -12.379864 0
-349.29636 -161.75798 -12.333904 0
-341.16681 -161.53683 -12.392097 0
-341.09372 -161.50116 -12.343562 0
-341.90323 -161.30598 -12.385068 0
-341.34811 -161.38394 -12.389573 0
-346.19104 -159.76253 -12.342484 0
-349.97836 -159.68375 -12.305964 0
-349.8793 -158.82504 -12.362696 0
-347.34665 -158.62128 -12.366464 0
-347.37869 -158.59251 -12.307393 0
-347.23056 -158.4827 -12.304824 0
-340.8754 -157.79738 -12.363176 0
-341.27863 -157.54514 -12.357426 0
-341.30182 -157.4796 -12.354734 0
-348.40189 -157.24902 -12.306273 0
-349.56375 -156.64977 -12.349768 0
-349.50699 -156.59619 -12.363605 0
-349.22449 -156.50877 -12.394658 0
-349.02789 -156.51711 -12.301114 0
-349.73151 -156.17435 -12.305235 0
-349.42422 -155.49673 -12.327219 0
-342.065 -155.46724 -12.381263 0
-349.07913 -154.87119 -12.33642 0
-348.36041 -154.87407 -12.320587 0
-348.27161 -154.39876 -12.30247 0
-347.8364 -154.10695 -12.308784 0
-347.85898 -154.01091 -12.310927 0
-346.36615 -153.9716 -12.302349 0
-349.31915 -153.76343 -12.305601 0
-347.9632 -153.72256 -12.320431 0
-346.06631 -153.6265 -12.301905 0
-345.58386 -153.68086 -12.307884 0
-342.20029 -153.62221 -12.345059 0
-346.1319 -153.5813 -12.33214 0
-345.63129 -153.54814 -12.34811 0
-344.45755 -153.48364 -12.398613 0
-345.72394 -153.01744 -12.36752 0
-345.59592 -153.04701 -12.355326 0
-345.29303 -153.02058 -12.303916 0
-344.79602 -153.04755 -12.326873 0
-344.30313 -153.07181 -12.337413 0
-344.20312 -153.03281 -12.361995 0
-344.12411 -153.07904 -12.353865 0
-346.09555 -152.96106 -12.330059 0
-345.53421 -152.92056 -12.35078 0
-344.38379 -152.93407 -12.33729 0
-345.33951 -152.87727 -12.346722 0
-344.98767 -152.81242 -12.345638 0
-345.1886 -152.77223 -12.389508 0
-343.60239 -152.53574 -12.317559 0
-344.06918 -152.2637 -12.335605 0
-343.99506 -152.22394 -12.357708 0
-343.81628 -152.16492 -12.352842 0
-343.75916 -151.73856 -12.349879 0
-343.33691 -151.65419 -12.358465 0
-342.94467 -151.63336 -12.349321 0
-343.26056 -151.48763 -12.383299 0
-342.83542 -151.32166 -12.313058 0
-343.16171 -151.19829 -12.393051 0
-343.03485 -151.08638 -12.30828 0
-342.94312 -151.08057 -12.359892 0
-342.75635 -151.05646 -12.311086 0
-342.50296 -150.50131 -12.307979 0
-342.8071 -150.44325 -12.355841 0
-342.72095 -150.27412 -12.346287 0
-335.06766 -206.49789 -12.220877 0
-345.94116 -197.7704 -12.27856 0
-345.22592 -197.46225 -12.248151 0
-346.18771 -197.28969 -12.292421 0
-345.69992 -197.04211 -12.244122 0
-346.04184 -196.88962 -12.290537 0
-345.7034 -196.85683 -12.250797 0
-345.15552 -196.75299 -12.251176 0
-346.06384 -196.58315 -12.274421 0
-345.73517 -196.37956 -12.223117 0
-345.68768 -195.93739 -12.278773 0
-346.05765 -195.75871 -12.20427 0
-345.78375 -195.69002 -12.209556 0
-345.85065 -195.58702 -12.227089 0
-345.65601 -195.2361 -12.293695 0
-345.47369 -194.73903 -12.231846 0
-344.21237 -194.77344 -12.226472 0
-345.35809 -194.44897 -12.216675 0
-344.97522 -193.56404 -12.272606 0
-346.16327 -192.44675 -12.237428 0
-345.1929 -192.14424 -12.209432 0
-345.46793 -192.01631 -12.290823 0
-346.66788 -191.87328 -12.250394 0
-346.8064 -191.7578 -12.246311 0
-346.98199 -191.5675 -12.289529 0
-346.96912 -191.2229 -12.229265 0
-346.86261 -191.21472 -12.258812 0
-346.17825 -191.06366 -12.221012 0
-346.02866 -189.97252 -12.200191 0
-346.50235 -189.03447 -12.211318 0
-346.09747 -188.49677 -12.273475 0
-347.55719 -187.30005 -12.239538 0
-347.30969 -187.2822 -12.257944 0
-347.50616 -187.02892 -12.218956 0
-346.88904 -186.9771 -12.224671 0
-347.38171 -186.71014 -12.222596 0
-347.4769 -186.65736 -12.2401 0
-347.30316 -186.53087 -12.213606 0
-347.2294 -186.59836 -12.217049 0
-348.70752 -186.00639 -12.284239 0
-348.51678 -186.04742 -12.234895 0
-347.77939 -185.80106 -12.214115 0
-348.48224 -185.70248 -12.211654 0
-348.34943 -185.62637 -12.248801 0
-347.47855 -185.32199 -12.208223 0
-347.57141 -185.17665 -12.208189 0
-348.19354 -184.93063 -12.259615 0
-348.31815 -184.87654 -12.245078 0
-348.06802 -184.64143 -12.227797 0
-348.87451 -184.43987 -12.23558 0
-349.14691 -184.12122 -12.24409 0
-349.06738 -184.13211 -12.271417 0
-348.98529 -183.9115 -12.292063 0
-349.4787 -183.76929 -12.214209 0
-349.20886 -183.66154 -12.202645 0
-349.13083 -183.57991 -12.290635 0
-349.06564 -183.56923 -12.262063 0
-349.74832 -183.18929 -12.290399 0
-349.84079 -183.05777 -12.268308 0
-349.81274 -182.08339 -12.22306 0
-349.92984 -181.8112 -12.27359 0
-349.90503 -181.75714 -12.271752 0
-349.2803 -181.39587 -12.27942 0
-347.70691 -181.31583 -12.207345 0
-347.50134 -181.3015 -12.203011 0
-349.55511 -181.07944 -12.298188 0
-349.54617 -180.95984 -12.221252 0
-349.07727 -180.70114 -12.281672 0
-349.26895 -180.64566 -12.215175 0
-349.26852 -180.49715 -12.256427 0
-344.31723 -180.43355 -12.235258 0
-349.13297 -180.32234 -12.223104 0
-349.06174 -180.10092 -12.293372 0
-348.85022 -180.02519 -12.219539 0
-349.12421 -179.58292 -12.221409 0
-349.09256 -179.31062 -12.213705 0
-347.05481 -179.33084 -12.284504 0
-349.03647 -179.1516 -12.237275 0
-348.90598 -178.65154 -12.268966 0
-343.88458 -178.53577 -12.216637 0
-348.42975 -178.42162 -12.278765 0
-349.38065 -178.2464 -12.228005 0
-348.39517 -178.23181 -12.205887 0
-345.22452 -178.29521 -12.204605 0
-347.44934 -178.1162 -12.282781 0
-348.95288 -178.01378 -12.218787 0
-348.39148 -178.00081 -12.289787 0
-348.43961 -177.76949 -12.259552 0
-348.20779 -177.58881 -12.211265 0
-347.20679 -177.54747 -12.295098 0
-347.96942 -176.39154 -12.206017 0
-347.36771 -176.17281 -12.232083 0
-347.35309 -176.06131 -12.262249 0
-347.40259 -175.99507 -12.27459 0
-347.85742 -175.29538 -12.237756 0
-348.24539 -174.95946 -12.268985 0
-348.13217 -174.60638 -12.286811 0
-347.94861 -174.63965 -12.26163 0
-347.78574 -174.56145 -12.217315 0
-348.04608 -174.13918 -12.200459 0
-347.36237 -173.85489 -12.299565 0
-347.6926 -173.66896 -12.268957 0
-347.13739 -173.52216 -12.253562 0
-346.84061 -173.56345 -12.29624 0
-347.28754 -173.23528 -12.272586 0
-347.27521 -173.19385 -12.282514 0
-344.42224 -172.35242 -12.249941 0
-349.64594 -171.91693 -12.22965 0
-349.62164 -171.75024 -12.236124 0
-349.58582 -171.43652 -12.276091 0
-349.75522 -171.38542 -12.268001 0
-349.48145 -171.30757 -12.206896 0
-349.78561 -171.25255 -12.207587 0
-349.6506 -170.59938 -12.277347 0
-347.99203 -169.80826 -12.279965 0
-349.87851 -168.83522 -12.275816 0
-349.36392 -168.81647 -12.244438 0
-346.44308 -166.85873 -12.255844 0
-349.49997 -166.56989 -12.247424 0
-341.4664 -165.65074 -12.221205 0
-349.7814 -164.85342 -12.233341 0
-349.91956 -163.17717 -12.210052 0
-341.19467 -163.04218 -12.278842 0
-349.61713 -162.98969 -12.205585 0
-349.30438 -161.93034 -12.240211 0
-345.0387 -161.02982 -12.299077 0
-346.31482 -160.92198 -12.260029 0
-340.5191 -160.01169 -12.294669 0
-347.48016 -159.3624 -12.261553 0
-349.91483 -158.16501 -12.298313 0
-349.32431 -157.54585 -12.283103 0
-349.10782 -157.32628 -12.23869 0
-349.95972 -157.17302 -12.290399 0
-349.83417 -156.84351 -12.224119 0
-349.66547 -156.81042 -12.266469 0
-349.24649 -156.89165 -12.285467 0
-342.14401 -156.73549 -12.25878 0
-349.75674 -156.61447 -12.269685 0
-341.17957 -156.63777 -12.253206 0
-349.58673 -156.44283 -12.265979 0
-340.48016 -156.25682 -12.260248 0
-349.99121 -156.16138 -12.286363 0
-349.11276 -156.13487 -12.286119 0
-348.96967 -155.84392 -12.275231 0
-349.94092 -155.52843 -12.281404 0
-348.20517 -155.11485 -12.294555 0
-347.67496 -155.11563 -12.264098 0
-348.48071 -155.00357 -12.29028 0
-347.69196 -155.01244 -12.299102 0
-347.55792 -155.08134 -12.223267 0
-347.63303 -154.98996 -12.207353 0
-347.0228 -154.93683 -12.213422 0
-349.97366 -154.71696 -12.297626 0
-347.86069 -154.70692 -12.22584 0
-349.56467 -154.64819 -12.284914 0
-349.99289 -154.54875 -12.266281 0
-349.66629 -154.4903 -12.274774 0
-349.56342 -154.46494 -12.275279 0
-349.47803 -154.38446 -12.298079 0
-347.97665 -154.20432 -12.284173 0
-349.34387 -154.05458 -12.249029 0
-349.02881 -154.05292 -12.273692 0
-348.31424 -154.02005 -12.285708 0
-349.32721 -153.98335 -12.227138 0
-349.25674 -153.62051 -12.28358 0
-344.64514 -153.57141 -12.222289 0
-345.88202 -153.44514 -12.226602 0
-346.19885 -153.11818 -12.241117 0
-345.69 -153.15787 -12.220222 0
-344.2897 -153.10355 -12.201109 0
-345.26489 -152.89896 -12.273098 0
-339.82806 -152.88165 -12.267529 0
-345.19952 -152.746 -12.280825 0
-342.99173 -152.644 -12.288733 0
-343.71436 -152.10748 -12.262916 0
-343.18625 -152.06978 -12.20207 0
-343.81183 -151.92293 -12.29712 0
-343.73264 -151.86189 -12.29571 0
-343.57816 -151.60408 -12.245327 0
-342.64096 -151.30856 -12.27473 0
-342.70117 -151.25038 -12.219745 0
-342.50214 -151.2874 -12.212825 0
-342.84244 -151.11259 -12.209018 0
-343.06253 -150.88571 -12.260564 0
-342.99792 -150.87343 -12.226645 0
-342.40826 -150.83757 -12.213931 0
-342.35785 -150.83418 -12.2069 0
-342.54138 -150.66052 -12.207861 0
-342.64395 -150.50467 -12.237757 0
-342.47791 -150.44188 -12.21982 0
-342.25409 -150.03847 -12.266777 0
-341.80679 -150.09966 -12.201689 0
-340.78989 -246.37297 -12.132842 0
-339.50015 -201.15981 -12.173639 0
-339.80713 -200.34723 -12.171988 0
-345.70618 -198.37582 -12.1649 0
-345.90311 -197.31885 -12.102248 0
-346.02573 -197.18448 -12.106689 0
-344.69659 -197.02913 -12.113311 0
-346.32401 -196.82422 -12.157255 0
-346.02261 -196.84865 -12.187299 0
-345.69415 -196.69925 -12.186003 0
-346.2341 -196.20702 -12.139831 0
-345.75986 -196.10991 -12.163763 0
-345.68042 -196.04445 -12.154899 0
-346.1575 -195.91399 -12.116818 0
-346.38333 -195.52911 -12.126096 0
-345.94342 -195.12573 -12.15906 0
-345.42227 -194.66547 -12.121553 0
-344.31854 -194.69664 -12.164809 0
-345.44971 -194.56216 -12.122799 0
-341.91925 -194.11769 -12.123688 0
-345.49625 -194.06937 -12.100552 0
-344.3103 -193.93875 -12.154896 0
-346.49835 -193.64783 -12.108342 0
-345.95898 -193.51826 -12.123965 0
-345.54761 -193.44443 -12.109859 0
-346.26901 -193.31425 -12.111614 0
-346.0697 -193.32272 -12.140647 0
-346.51205 -193.28851 -12.104052 0
-345.75494 -193.22818 -12.136726 0
-345.52597 -193.2859 -12.108429 0
-345.7265 -193.1214 -12.195664 0
-345.64255 -193.13281 -12.156393 0
-346.69434 -192.08183 -12.195551 0
-346.53705 -192.00958 -12.198388 0
-346.60046 -191.63092 -12.187411 0
-346.92773 -191.23465 -12.143537 0
-346.27377 -191.12852 -12.176436 0
-346.94971 -191.07002 -12.169931 0
-346.52567 -190.91859 -12.141101 0
-346.64365 -190.3661 -12.150362 0
-345.70114 -190.32306 -12.119135 0
-347.03076 -190.24753 -12.147647 0
-347.25122 -190.17484 -12.15069 0
-346.92157 -190.10132 -12.107658 0
-347.63678 -188.32191 -12.160181 0
-347.42422 -188.29265 -12.100366 0
-346.23019 -187.85724 -12.179964 0
-347.28531 -187.5999 -12.138539 0
-346.09235 -187.47189 -12.197121 0
-347.4585 -187.11488 -12.143847 0
-347.50253 -186.7896 -12.191763 0
-348.74182 -186.13678 -12.166633 0
-348.56061 -186.10477 -12.183375 0
-348.44897 -185.91968 -12.186241 0
-348.41385 -185.77094 -12.186221 0
-348.54825 -185.58983 -12.101821 0
-348.38092 -185.4518 -12.190191 0
-347.99692 -185.34769 -12.151659 0
-347.7142 -184.80183 -12.182949 0
-348.30676 -184.51187 -12.108374 0
-348.80151 -184.32301 -12.139859 0
-348.20651 -184.13942 -12.148581 0
-348.6188 -183.96611 -12.136987 0
-349.59937 -183.80814 -12.148381 0
-348.9837 -183.7348 -12.18889 0
-348.78827 -183.63089 -12.172433 0
-349.82516 -183.35329 -12.171196 0
-349.78067 -183.29988 -12.165022 0
-349.578 -183.00037 -12.133307 0
-349.53281 -182.98213 -12.1491 0
-338.90958 -182.97307 -12.137423 0
-348.80817 -182.37401 -12.117994 0
-348.72147 -182.35109 -12.114973 0
-349.96387 -181.45558 -12.174504 0
-349.87946 -181.48874 -12.19428 0
-349.90408 -181.27937 -12.132355 0
-346.20465 -181.10207 -12.184575 0
-349.62726 -180.93834 -12.144831 0
-349.54468 -180.99789 -12.100146 0
-349.30368 -180.93561 -12.169908 0
-349.50293 -180.88223 -12.142399 0
-349.08853 -180.66583 -12.12332 0
-349.38049 -180.54459 -12.119161 0
-346.76581 -180.53659 -12.194987 0
-349.77682 -180.44487 -12.122463 0
-349.50778 -180.45006 -12.172965 0
-349.42453 -180.48361 -12.144757 0
-349.72913 -180.32291 -12.156013 0
-349.46371 -180.39221 -12.177718 0
-348.67505 -180.36867 -12.178297 0
-348.33795 -180.33136 -12.165039 0
-349.74512 -180.25459 -12.10967 0
-349.42514 -180.28818 -12.128194 0
-349.70004 -180.13159 -12.103763 0
-349.34842 -180.14728 -12.1652 0
-348.87503 -180.10269 -12.196222 0
-348.25549 -180.13249 -12.112627 0
-348.70328 -179.89012 -12.162817 0
-348.78577 -179.73686 -12.172272 0
-345.76413 -179.45483 -12.110915 0
-348.97595 -179.17117 -12.171771 0
-347.02084 -179.16373 -12.107317 0
-349.0929 -178.92355 -12.150157 0
-348.70819 -178.70049 -12.133248 0
-348.74365 -178.66208 -12.144514 0
-349.20465 -178.5955 -12.163914 0
-348.9678 -178.58894 -12.162428 0
-348.36386 -178.41319 -12.122892 0
-343.68689 -178.33791 -12.118183 0
-348.10449 -178.28806 -12.1958 0
-349.13248 -178.10307 -12.155156 0
-345.90613 -178.05931 -12.103119 0
-348.63925 -177.92664 -12.150397 0
-346.00836 -177.96121 -12.104325 0
-340.37418 -177.74921 -12.122239 0
-339.81168 -177.25981 -12.15348 0
-344.60599 -176.76921 -12.118874 0
-347.44794 -176.62706 -12.131462 0
-345.43015 -176.42557 -12.167451 0
-347.87515 -176.36636 -12.195222 0
-347.35431 -176.02827 -12.134656 0
-344.41785 -176.07193 -12.118471 0
-347.36057 -175.96414 -12.143484 0
-343.95883 -175.89888 -12.151598 0
-343.70209 -175.62361 -12.102657 0
-343.71796 -175.55095 -12.111755 0
-347.85608 -175.19998 -12.193829 0
-347.83109 -175.09937 -12.143946 0
-347.21652 -174.88496 -12.141497 0
-344.04929 -174.88063 -12.114087 0
-344.77249 -174.71043 -12.152586 0
-347.72256 -174.48621 -12.168376 0
-347.62155 -174.36 -12.109805 0
-347.95224 -174.27304 -12.188325 0
-348.09158 -174.16736 -12.146612 0
-347.75415 -174.15833 -12.11748 0
-347.1066 -174.00185 -12.102941 0
-347.75015 -173.81392 -12.182616 0
-346.98416 -173.85371 -12.100341 0
-344.01797 -173.83569 -12.111128 0
-343.07629 -172.80696 -12.164351 0
-347.82172 -172.74368 -12.18378 0
-343.10815 -172.67563 -12.177717 0
-343.44357 -172.28432 -12.117017 0
-347.98975 -172.1404 -12.133191 0
-349.62344 -171.62518 -12.163462 0
-349.57269 -171.66446 -12.176149 0
-349.41907 -171.62219 -12.163284 0
-349.6188 -171.53087 -12.173363 0
-349.53555 -171.57883 -12.16017 0
-349.48486 -171.44542 -12.16917 0
-349.7937 -171.38173 -12.152748 0
-348.53821 -171.28316 -12.141229 0
-343.20377 -171.1694 -12.119304 0
-348.58292 -170.94016 -12.142452 0
-348.94586 -170.66357 -12.154428 0
-349.28516 -168.17697 -12.128204 0
-349.84052 -167.36099 -12.13594 0
-342.22278 -166.04773 -12.111526 0
-345.38696 -164.9073 -12.122806 0
-349.59418 -164.80392 -12.183634 0
-349.64557 -163.22081 -12.187525 0
-349.72485 -163.09402 -12.147808 0
-349.9614 -162.51686 -12.101109 0
-349.1644 -161.99916 -12.151522 0
-349.3396 -161.76843 -12.141726 0
-348.97153 -160.03497 -12.143476 0
-344.93365 -159.45093 -12.162605 0
-340.26477 -159.39006 -12.123338 0
-340.25809 -159.15323 -12.175462 0
-340.13303 -158.90561 -12.163929 0
-349.89957 -158.80814 -12.120675 0
-349.84485 -158.79132 -12.10442 0
-340.25876 -158.19711 -12.182928 0
-340.25305 -157.8553 -12.163775 0
-348.94501 -157.79967 -12.182425 0
-349.35645 -156.68211 -12.116283 0
-349.8175 -156.5939 -12.188046 0
-349.88547 -156.45253 -12.106204 0
-341.10968 -156.30696 -12.116894 0
-339.53485 -155.70682 -12.196854 0
-349.94193 -155.55724 -12.105885 0
-340.71643 -155.55333 -12.195022 0
-349.96869 -155.45581 -12.14942 0
-343.7561 -155.3656 -12.143649 0
-340.40228 -155.34718 -12.174207 0
-342.51358 -155.27211 -12.105809 0
-349.08356 -155.06801 -12.110748 0
-348.12381 -155.05571 -12.118313 0
-347.15341 -155.00604 -12.132305 0
-348.22058 -154.95575 -12.194992 0
-338.66537 -154.96565 -12.121993 0
-349.89871 -154.89314 -12.151682 0
-347.44199 -154.85803 -12.134813 0
-341.06424 -154.83658 -12.194036 0
-343.35895 -154.75224 -12.102075 0
-349.49109 -154.40834 -12.191644 0
-348.20758 -154.31117 -12.173903 0
-349.99799 -154.25584 -12.150537 0
-349.86664 -154.29459 -12.170553 0
-349.35117 -154.0195 -12.130272 0
-347.99811 -154.02434 -12.122169 0
-349.53128 -153.73845 -12.173386 0
-349.36197 -153.64067 -12.17752 0
-345.71848 -153.65108 -12.106901 0
-349.42886 -153.47231 -12.192614 0
-345.79736 -153.49533 -12.1553 0
-344.71286 -153.46394 -12.154129 0
-345.6532 -153.12674 -12.119196 0
-344.82883 -153.14072 -12.169216 0
-345.69049 -153.02379 -12.119285 0
-345.5405 -153.03635 -12.122085 0
-345.47662 -153.0177 -12.157723 0
-342.83533 -153.00162 -12.190196 0
-345.20105 -152.81349 -12.153881 0
-344.22992 -152.8976 -12.125476 0
-338.07574 -152.71748 -12.11135 0
-345.03375 -152.66499 -12.126179 0
-343.73682 -152.63127 -12.167169 0
-343.20621 -152.67886 -12.13525 0
-345.04129 -152.5088 -12.187863 0
-343.84036 -152.42908 -12.1896 0
-345.18448 -152.34325 -12.116876 0
-343.88458 -152.37759 -12.180329 0
-343.71579 -152.37341 -12.162558 0
-343.59445 -151.92792 -12.157127 0
-343.66733 -151.82579 -12.131556 0
-343.45013 -151.84122 -12.195639 0
-342.75266 -151.59023 -12.142546 0
-342.49628 -151.58498 -12.17779 0
-343.26309 -151.48685 -12.137447 0
-342.85327 -151.42113 -12.187042 0
-342.79849 -151.41257 -12.139161 0
-343.26178 -151.38405 -12.184784 0
-343.04886 -151.37979 -12.18356 0
-342.26227 -151.1208 -12.199925 0
-342.7623 -151.05887 -12.191921 0
-343.168 -150.97052 -12.121319 0
-342.4155 -150.97864 -12.146372 0
-342.39682 -150.84338 -12.182138 0
-342.55707 -150.77289 -12.180077 0
-342.45929 -150.5925 -12.193516 0
-342.39767 -150.51265 -12.178243 0
-342.41455 -150.47919 -12.184024 0
-342.27997 -150.4762 -12.193247 0
-342.13794 -150.451 -12.18218 0
-342.44464 -150.38676 -12.177685 0
-342.52634 -150.11569 -12.165839 0
-342.31274 -150.08377 -12.186567 0
-319.09552 -242.05954 -12.051553 0
-324.27954 -227.60194 -12.046664 0
-346.22833 -197.20624 -12.046352 0
-346.3938 -197.00328 -12.058401 0
-346.49539 -196.47034 -12.076933 0
-345.21017 -195.78891 -12.064522 0
-345.56982 -194.9286 -12.080224 0
-345.14056 -194.55011 -12.058943 0
-345.19388 -194.44962 -12.065874 0
-345.5972 -194.32249 -12.071456 0
-346.22791 -194.02458 -12.021697 0
-345.66467 -193.95576 -12.090187 0
-345.66486 -193.85838 -12.066836 0
-346.44681 -193.71519 -12.046345 0
-345.63235 -193.4415 -12.095956 0
-344.33875 -193.41592 -12.036721 0
-346.57379 -193.39371 -12.04581 0
-345.4527 -193.34377 -12.006444 0
-345.66586 -193.26274 -12.090138 0
-345.27997 -193.00946 -12.065443 0
-345.37515 -192.88426 -12.073712 0
-346.45526 -191.68045 -12.071245 0
-346.00323 -191.37898 -12.03397 0
-345.43201 -190.72801 -12.027711 0
-346.35544 -190.47133 -12.023593 0
-344.51413 -190.46478 -12.00958 0
-347.09534 -189.1162 -12.070867 0
-347.42145 -188.51755 -12.052156 0
-347.40509 -188.12267 -12.00729 0
-347.43527 -187.69316 -12.004423 0
-346.86386 -187.52693 -12.090151 0
-347.06442 -187.49162 -12.044326 0
-347.14307 -187.28912 -12.027938 0
-347.76987 -186.79352 -12.086886 0
-348.5914 -186.2469 -12.040428 0
-348.68036 -185.92957 -12.068182 0
-348.63702 -185.77534 -12.049747 0
-348.52505 -185.72635 -12.06983 0
-348.52356 -185.66168 -12.090409 0
-347.16711 -185.62743 -12.03587 0
-348.5278 -185.42363 -12.071205 0
-349.48376 -184.8353 -12.094459 0
-349.69974 -183.66031 -12.000358 0
-349.50647 -181.37773 -12.001595 0
-349.41321 -181.15469 -12.043277 0
-349.30325 -181.15845 -12.050128 0
-349.78094 -181.0977 -12.020738 0
-349.04321 -181.03503 -12.015826 0
-349.22241 -180.8763 -12.043109 0
-349.33878 -180.79614 -12.02787 0
-349.05713 -180.78027 -12.067778 0
-344.4632 -180.50006 -12.019794 0
-344.27322 -180.53644 -12.097184 0
-349.57428 -180.32944 -12.018522 0
-348.36044 -180.37057 -12.087202 0
-349.14355 -180.00076 -12.028094 0
-347.86145 -180.0909 -12.009185 0
-349.7579 -179.91846 -12.000011 0
-348.97415 -179.9666 -12.042555 0
-349.31815 -179.72414 -12.034861 0
-349.24832 -179.52434 -12.046095 0
-348.38153 -179.56726 -12.033919 0
-349.13574 -179.16429 -12.091816 0
-349.5163 -178.9756 -12.034417 0
-349.21979 -178.96796 -12.058201 0
-337.47922 -178.99649 -12.066492 0
-349.5119 -178.64914 -12.051514 0
-349.35657 -178.6656 -12.069236 0
-349.4892 -178.53661 -12.098453 0
-349.07819 -178.58066 -12.06462 0
-349.1825 -178.47513 -12.077992 0
-348.89139 -178.44943 -12.085568 0
-349.18384 -178.29094 -12.068525 0
-349.27939 -178.18878 -12.080363 0
-349.04108 -178.14507 -12.078497 0
-349.00238 -178.04906 -12.071929 0
-348.98795 -177.68781 -12.073072 0
-346.84085 -177.01454 -12.054723 0
-346.92157 -176.95148 -12.001865 0
-347.37836 -176.84039 -12.030896 0
-347.37106 -176.57233 -12.082761 0
-347.23669 -176.57764 -12.064345 0
-347.1337 -176.5999 -12.013937 0
-347.80869 -176.44148 -12.051302 0
-347.66504 -176.3757 -12.026286 0
-347.28259 -176.37379 -12.092932 0
-347.36249 -176.22701 -12.02416 0
-347.37558 -176.0451 -12.03456 0
-347.03183 -176.0376 -12.033156 0
-347.08588 -175.94232 -12.044129 0
-341.86288 -175.86159 -12.062391 0
-345.33441 -175.66602 -12.008801 0
-347.66486 -175.19649 -12.093472 0
-348.05142 -174.78008 -12.040847 0
-347.82745 -174.79675 -12.092441 0
-347.54047 -174.5162 -12.099355 0
-342.47827 -174.5433 -12.040447 0
-347.18918 -174.07964 -12.015958 0
-343.56085 -174.05829 -12.058654 0
-345.29425 -173.02702 -12.086773 0
-347.75348 -172.46771 -12.097369 0
-347.68259 -172.09665 -12.095556 0
-347.85785 -171.90219 -12.014113 0
-348.47629 -171.6978 -12.044932 0
-349.40561 -171.57372 -12.073288 0
-348.72235 -171.56834 -12.003507 0
-347.47156 -171.49091 -12.016375 0
-349.69168 -171.3409 -12.047182 0
-343.26685 -171.19225 -12.028941 0
-348.41031 -171.01512 -12.051487 0
-349.12589 -170.67387 -12.07508 0
-349.48969 -170.35249 -12.079461 0
-349.02176 -170.02374 -12.073613 0
-348.4678 -167.10808 -12.063182 0
-348.87262 -166.78209 -12.038561 0
-348.52933 -166.64009 -12.075212 0
-348.46793 -166.68248 -12.008402 0
-346.60501 -165.41217 -12.022251 0
-346.51605 -165.28712 -12.096733 0
-349.00742 -163.59755 -12.00596 0
-349.53015 -162.32002 -12.027982 0
-346.91116 -160.57928 -12.018627 0
-348.4577 -160.41229 -12.061325 0
-347.10492 -160.41986 -12.076043 0
-349.82733 -160.30042 -12.000237 0
-349.06305 -160.30408 -12.062714 0
-349.97629 -160.242 -12.006185 0
-349.01447 -159.99358 -12.042891 0
-349.99377 -158.16208 -12.072492 0
-348.6102 -157.75281 -12.07605 0
-349.32047 -157.56624 -12.0749 0
-348.77768 -157.28087 -12.005284 0
-349.70035 -156.93861 -12.082995 0
-349.6167 -156.82619 -12.005372 0
-349.55545 -156.57042 -12.024806 0
-348.13263 -156.27423 -12.078563 0
-349.57462 -156.14204 -12.097369 0
-348.81882 -156.19444 -12.062433 0
-349.78027 -155.94182 -12.022208 0
-349.64746 -155.99908 -12.020704 0
-349.71475 -155.3596 -12.003772 0
-348.39703 -155.14828 -12.008722 0
-349.70609 -155.01219 -12.046269 0
-348.64124 -155.06114 -12.070631 0
-349.56699 -154.93665 -12.021317 0
-349.91901 -154.87965 -12.004772 0
-348.18909 -154.81569 -12.070415 0
-349.77972 -154.52737 -12.029396 0
-348.75476 -154.56744 -12.074126 0
-348.97516 -154.25534 -12.069131 0
-349.92355 -154.19048 -12.058913 0
-349.67401 -154.11432 -12.059812 0
-348.90009 -154.10597 -12.01245 0
-349.49921 -154.0444 -12.05975 0
-349.53378 -153.74829 -12.040034 0
-348.96237 -153.68962 -12.066743 0
-349.55051 -153.57161 -12.084291 0
-345.98923 -153.42879 -12.003344 0
-348.92804 -153.24776 -12.034191 0
-345.57578 -153.22659 -12.009554 0
-345.69794 -153.14062 -12.029633 0
-345.89035 -153.09914 -12.078563 0
-345.42239 -153.05759 -12.04443 0
-345.37393 -152.91304 -12.008803 0
-345.01947 -152.60646 -12.062243 0
-344.99771 -152.31972 -12.014539 0
-345.11105 -152.25313 -12.016969 0
-345.09433 -152.28577 -12.078071 0
-337.85294 -152.21078 -12.032308 0
-345.04126 -152.18469 -12.01564 0
-344.80051 -152.11282 -12.016644 0
-343.72122 -152.00664 -12.039281 0
-343.67676 -151.92154 -12.084884 0
-343.43851 -151.92519 -12.019608 0
-343.74841 -151.82962 -12.078081 0
-343.45038 -151.67426 -12.083261 0
-343.21564 -151.66464 -12.074845 0
-342.95554 -151.64153 -12.023658 0
-342.6597 -151.56053 -12.086348 0
-341.36499 -151.50052 -12.086919 0
-343.48672 -151.36177 -12.097981 0
-342.84488 -150.94237 -12.072298 0
-343.17621 -150.77859 -12.077149 0
-342.51053 -150.28191 -12.077605 0
-342.74945 -150.05194 -12.000716 0
-342.43771 -150.01367 -12.038467 0
-319.04495 -241.50854 -11.970452 0
-323.09488 -230.49867 -11.992661 0
-322.88647 -230.33626 -11.965399 0
-340.79803 -204.9415 -11.92866 0
-340.81659 -204.89214 -11.997046 0
-340.26859 -201.89668 -11.975359 0
-340.15024 -201.86118 -11.953989 0
-339.29489 -201.89458 -11.91597 0
-344.85101 -197.842 -11.915482 0
-346.15811 -197.44157 -11.909353 0
-346.40179 -197.15381 -11.9175 0
-346.33215 -197.14877 -11.991078 0
-346.23914 -196.68134 -11.956183 0
-346.33676 -196.1201 -11.936973 0
-346.40701 -195.83951 -11.928649 0
-345.34515 -195.14534 -11.951191 0
-345.8707 -194.94186 -11.91195 0
-345.45908 -194.90334 -11.925287 0
-345.86731 -194.55797 -11.998816 0
-345.9176 -194.38531 -11.963533 0
-346.05954 -194.18567 -11.988094 0
-345.68808 -193.96202 -11.942261 0
-346.45688 -193.52228 -11.986279 0
-345.81656 -193.36848 -11.924912 0
-345.51572 -192.20813 -11.998172 0
-346.51163 -192.13411 -11.989287 0
-346.05676 -191.9994 -11.950589 0
-346.81128 -190.99571 -11.995256 0
-345.57043 -189.35168 -11.915697 0
-346.3042 -188.96394 -11.942952 0
-347.12531 -188.49678 -11.966769 0
-346.22391 -188.41139 -11.913501 0
-347.43732 -188.25697 -11.96769 0
-346.66589 -188.08788 -11.932092 0
-347.21158 -187.963 -11.91187 0
-346.75458 -187.72838 -11.988544 0
-347.64398 -187.45465 -11.901925 0
-348.64636 -183.8597 -11.964375 0
-349.80389 -183.76772 -11.916437 0
-349.64172 -183.6535 -11.928586 0
-349.64926 -183.59074 -11.93752 0
-348.82495 -183.5701 -11.934538 0
-338.96954 -182.96506 -11.955544 0
-349.90097 -181.78778 -11.949744 0
-349.87399 -181.52145 -11.970553 0
-349.84695 -181.40778 -11.903709 0
-349.75763 -181.2296 -11.933604 0
-345.72122 -181.27841 -11.910497 0
-349.94299 -181.13231 -11.932193 0
-349.87286 -181.1452 -11.950079 0
-348.85178 -181.13692 -11.99614 0
-348.62225 -180.7807 -11.931229 0
-349.5347 -180.54628 -11.971765 0
-349.53784 -180.42252 -11.963915 0
-349.0849 -180.44604 -11.908701 0
-349.04074 -180.37143 -11.916596 0
-343.68729 -180.31102 -11.978632 0
-342.87845 -180.38394 -11.950934 0
-349.87097 -180.27408 -11.95511 0
-349.69421 -180.23854 -11.961521 0
-349.85843 -180.11795 -11.966428 0
-349.54599 -180.14473 -11.905522 0
-349.45126 -180.12132 -11.975709 0
-349.84512 -180.0473 -11.938491 0
-349.69281 -179.98338 -11.980741 0
-349.42642 -179.72966 -11.912058 0
-349.38074 -179.73579 -11.924934 0
-349.33447 -179.54083 -11.941136 0
-346.56119 -179.3772 -11.990105 0
-349.83859 -179.12715 -11.935485 0
-349.25601 -179.16794 -11.945201 0
-349.01736 -178.8494 -11.940948 0
-345.27341 -178.84911 -11.948352 0
-349.9696 -178.60277 -11.942627 0
-349.79587 -178.68582 -11.93011 0
-349.79224 -178.5648 -11.947999 0
-347.95581 -178.47798 -11.922798 0
-349.70825 -178.38811 -11.968301 0
-349.55362 -178.36481 -11.924096 0
-349.69608 -178.26195 -11.931235 0
-349.13425 -178.20546 -11.955697 0
-348.92944 -178.12172 -11.936411 0
-348.88812 -178.1969 -11.930551 0
-349.04269 -178.04341 -11.917999 0
-348.87033 -178.0208 -11.966782 0
-345.7272 -178.06789 -11.927847 0
-348.90515 -177.71989 -11.939363 0
-346.26547 -177.46793 -11.984834 0
-347.03516 -176.71761 -11.978642 0
-339.11319 -176.02061 -11.979084 0
-347.41977 -175.95639 -11.986066 0
-347.03278 -175.90173 -11.952269 0
-344.95691 -175.95775 -11.94189 0
-346.94427 -175.75168 -11.950995 0
-345.2648 -175.74629 -11.98948 0
-345.52902 -175.57454 -11.916266 0
-345.4357 -175.50342 -11.919119 0
-348.09506 -175.40367 -11.915446 0
-338.46298 -175.12149 -11.956866 0
-347.32132 -174.97148 -11.986889 0
-346.98874 -174.34523 -11.922062 0
-347.34601 -173.99695 -11.966559 0
-344.23303 -173.35579 -11.906978 0
-347.75125 -172.25525 -11.940102 0
-347.67368 -172.17055 -11.931009 0
-343.27988 -172.12746 -11.943554 0
-347.73444 -171.91827 -11.954609 0
-349.76981 -171.52765 -11.986597 0
-349.86951 -170.08974 -11.900111 0
-348.77411 -169.92596 -11.949636 0
-348.49832 -169.84053 -11.910497 0
-349.46579 -169.68413 -11.935026 0
-349.62164 -166.54556 -11.970231 0
-346.74411 -164.06514 -11.945784 0
-349.33624 -163.42934 -11.967477 0
-348.76926 -162.71877 -11.943896 0
-348.9519 -162.45905 -11.948708 0
-348.6655 -162.05583 -11.974824 0
-349.85873 -161.72687 -11.986541 0
-349.64752 -161.73286 -11.929315 0
-349.89899 -161.57433 -11.935427 0
-339.73752 -161.39281 -11.927979 0
-349.64481 -160.29279 -11.997553 0
-344.19421 -159.02094 -11.912283 0
-337.60321 -157.93913 -11.946304 0
-339.71313 -157.82104 -11.915691 0
-349.31287 -157.42975 -11.962624 0
-349.12741 -156.64876 -11.987631 0
-349.92801 -156.43977 -11.949885 0
-349.77155 -156.23529 -11.979464 0
-349.71545 -156.18007 -11.97728 0
-348.55075 -156.13335 -11.975441 0
-349.65787 -156.03815 -11.914073 0
-348.91736 -156.03734 -11.909321 0
-338.63007 -155.8521 -11.973338 0
-338.49683 -155.84435 -11.977679 0
-338.87094 -155.66617 -11.918417 0
-349.25616 -155.46237 -11.941322 0
-347.79935 -155.26369 -11.926111 0
-348.40402 -155.18088 -11.934961 0
-349.02859 -155.0928 -11.943139 0
-347.95993 -154.96643 -11.942173 0
-347.86426 -154.91905 -11.941809 0
-346.90985 -154.91469 -11.948713 0
-347.95291 -154.87614 -11.946391 0
-348.73151 -154.79349 -11.937407 0
-343.28754 -154.69156 -11.996741 0
-349.4458 -154.59138 -11.907702 0
-348.72153 -154.3913 -11.927651 0
-349.63803 -154.26941 -11.921627 0
-349.40268 -154.21796 -11.957981 0
-348.98618 -154.14029 -11.982596 0
-348.8067 -154.01067 -11.951343 0
-339.8042 -154.09584 -11.980547 0
-349.53799 -153.98756 -11.907928 0
-339.73853 -153.92607 -11.959665 0
-349.85107 -153.81165 -11.902443 0
-349.83215 -153.7816 -11.921665 0
-348.78668 -153.79118 -11.922517 0
-345.21594 -153.62633 -11.938738 0
-348.69922 -153.50261 -11.956898 0
-348.96722 -153.41243 -11.933289 0
-349.0694 -153.30534 -11.978236 0
-344.76532 -153.39474 -11.95042 0
-343.06775 -153.28186 -11.950086 0
-338.1626 -153.20357 -11.994218 0
-349.05325 -153.1524 -11.960916 0
-345.11655 -153.11182 -11.942193 0
-345.45636 -153.05704 -11.909219 0
-345.06403 -153.05943 -11.94273 0
-343.01581 -153.00789 -11.910066 0
-343.27826 -152.97192 -11.951015 0
-337.66049 -152.92152 -11.976007 0
-345.25989 -152.75409 -11.963869 0
-343.29712 -152.50424 -11.903208 0
-345.06296 -152.31898 -11.928774 0
-343.73883 -152.36879 -11.906283 0
-340.07303 -152.39931 -11.968537 0
-345.06396 -152.2561 -11.903652 0
-343.33557 -152.21556 -11.901843 0
-343.72287 -152.00636 -11.954859 0
-343.46573 -152.01559 -11.977603 0
-343.5246 -151.94115 -11.956122 0
-342.82858 -151.85735 -11.916382 0
-337.90018 -151.89059 -11.996307 0
-343.01651 -151.7812 -11.959323 0
-336.31677 -151.65565 -11.91038 0
-341.14728 -151.59285 -11.904181 0
-343.05246 -151.48482 -11.960963 0
-342.64853 -150.27412 -11.926841 0
-342.44293 -150.21184 -11.913042 0
-345.64633 -198.18729 -11.804728 0
-346.34589 -197.67044 -11.826242 0
-346.79648 -197.569 -11.820236 0
-346.5545 -197.54521 -11.82152 0
-346.65613 -197.05463 -11.822264 0
-346.69849 -196.86476 -11.869908 0
-346.85193 -196.60262 -11.842523 0
-346.07199 -196.67859 -11.888487 0
-345.82422 -196.30788 -11.810818 0
-345.32364 -196.17914 -11.841818 0
-346.56705 -196.07841 -11.853559 0
-345.59094 -195.95934 -11.866579 0
-346.39951 -195.70506 -11.803786 0
-346.36856 -195.62552 -11.824725 0
-346.25339 -195.5881 -11.826838 0
-346.40942 -195.49078 -11.869307 0
-346.39505 -195.36946 -11.801243 0
-346.15054 -195.00801 -11.835993 0
-345.95425 -194.71176 -11.830304 0
-345.34787 -194.78191 -11.830636 0
-345.77975 -194.57426 -11.874306 0
-346.30441 -193.76498 -11.807008 0
-345.82199 -193.73947 -11.871741 0
-346.28287 -193.6862 -11.803883 0
-346.00195 -193.69545 -11.802674 0
-345.54193 -193.66893 -11.88014 0
-345.60919 -193.38963 -11.891828 0
-345.36185 -193.05019 -11.892555 0
-345.73709 -192.73877 -11.89753 0
-344.94565 -192.57542 -11.853375 0
-345.20154 -192.01041 -11.844415 0
-347.4093 -191.52744 -11.802626 0
-347.42114 -191.18169 -11.869253 0
-346.95496 -190.91684 -11.817094 0
-346.91776 -190.00279 -11.889378 0
-347.19455 -189.79095 -11.846025 0
-347.39249 -189.67326 -11.856856 0
-347.27051 -189.66882 -11.851185 0
-347.21173 -188.54968 -11.897159 0
-347.51831 -188.35097 -11.864778 0
-347.73337 -187.76299 -11.853888 0
-347.71835 -187.54765 -11.807472 0
-347.49017 -187.55394 -11.804077 0
-347.88364 -187.39679 -11.805908 0
-348.11087 -187.22719 -11.809376 0
-347.80695 -187.2039 -11.807025 0
-348.45541 -185.845 -11.828317 0
-349.66916 -183.72656 -11.858283 0
-349.69159 -183.17064 -11.853877 0
-349.72919 -183.08223 -11.858854 0
-349.94305 -182.88127 -11.816113 0
-349.88831 -182.87148 -11.867558 0
-349.78595 -182.85855 -11.864453 0
-349.8765 -182.59595 -11.816984 0
-349.89526 -182.49783 -11.80438 0
-349.52682 -182.22748 -11.865024 0
-349.83932 -181.52257 -11.832652 0
-349.83612 -181.48114 -11.876911 0
-349.41501 -181.24586 -11.876686 0
-349.84769 -180.66803 -11.801888 0
-349.74594 -180.41005 -11.814372 0
-349.89865 -180.27609 -11.866243 0
-349.82593 -180.1553 -11.847812 0
-348.80893 -180.16071 -11.829206 0
-349.69211 -180.06183 -11.803899 0
-349.22824 -180.00345 -11.838003 0
-349.81931 -179.96037 -11.87032 0
-349.5849 -179.99423 -11.839361 0
-349.46964 -179.85239 -11.825637 0
-349.32169 -179.69012 -11.839689 0
-349.40063 -179.59622 -11.859652 0
-347.41095 -179.50034 -11.804814 0
-349.26471 -179.20605 -11.86811 0
-349.18631 -179.26784 -11.867335 0
-348.87204 -178.91615 -11.898762 0
-349.9747 -178.73694 -11.873409 0
-349.88074 -178.75642 -11.876468 0
-349.73706 -178.54826 -11.854146 0
-348.96304 -178.00325 -11.89847 0
-347.57059 -177.93147 -11.89442 0
-349.16299 -177.82515 -11.805648 0
-346.29004 -177.45378 -11.86864 0
-343.8298 -177.15451 -11.828748 0
-347.13177 -176.70421 -11.857115 0
-348.37308 -176.22342 -11.811825 0
-347.97064 -176.28653 -11.851024 0
-347.8714 -176.1282 -11.821216 0
-346.5553 -176.15034 -11.895869 0
-344.30347 -175.70026 -11.836545 0
-339.04776 -175.56868 -11.880158 0
-348.11011 -175.42563 -11.891905 0
-337.66403 -175.272 -11.805374 0
-347.9592 -175.11682 -11.897742 0
-346.6713 -173.99245 -11.801389 0
-347.54871 -173.82535 -11.826912 0
-347.992 -173.51602 -11.806357 0
-348.13104 -173.36859 -11.824525 0
-348.06079 -173.34947 -11.837656 0
-345.38489 -172.63924 -11.832283 0
-347.93307 -172.45264 -11.840659 0
-343.11102 -172.37122 -11.872844 0
-347.98792 -172.16914 -11.84542 0
-341.57999 -172.11011 -11.815653 0
-347.98541 -171.92297 -11.815219 0
-348.37741 -171.79494 -11.855234 0
-349.70364 -171.17973 -11.807999 0
-338.55463 -170.38145 -11.891354 0
-349.45081 -169.75262 -11.855341 0
-348.32101 -169.45656 -11.890629 0
-348.19101 -169.45926 -11.837488 0
-349.78506 -167.51189 -11.858214 0
-349.13449 -162.89519 -11.832594 0
-349.14365 -162.41124 -11.81873 0
-349.09738 -162.45651 -11.810652 0
-349.20294 -162.3783 -11.824721 0
-349.11566 -162.002 -11.821419 0
-345.746 -161.88571 -11.866016 0
-348.91785 -161.71844 -11.815265 0
-349.86679 -161.38326 -11.851397 0
-346.76984 -161.35736 -11.842415 0
-346.19635 -159.85429 -11.8351 0
-349.97275 -158.8455 -11.89274 0
-335.24692 -158.20384 -11.851748 0
-339.62006 -157.63695 -11.887976 0
-349.86127 -157.49474 -11.897593 0
-348.35883 -157.24275 -11.847038 0
-347.27777 -157.12045 -11.897171 0
-349.64548 -156.58325 -11.843487 0
-343.28149 -156.50117 -11.803994 0
-340.66739 -156.50549 -11.816046 0
-349.7012 -156.39421 -11.86331 0
-348.15942 -156.23055 -11.860284 0
-349.52338 -156.1709 -11.809589 0
-336.65958 -156.01674 -11.8814 0
-346.56201 -155.85216 -11.887435 0
-346.43945 -155.80254 -11.831707 0
-348.50769 -155.66364 -11.851127 0
-348.00247 -155.67239 -11.846495 0
-348.49396 -155.55841 -11.850986 0
-343.60086 -155.38435 -11.886154 0
-349.87097 -155.24409 -11.869343 0
-336.22198 -155.27071 -11.838933 0
-348.70422 -155.18645 -11.858363 0
-349.08667 -155.05695 -11.834259 0
-348.7402 -155.08768 -11.859728 0
-342.43628 -155.0322 -11.874255 0
-342.28867 -155.02681 -11.81867 0
-349.73404 -154.95778 -11.875596 0
-349.12943 -154.95918 -11.870757 0
-348.80145 -154.94685 -11.85603 0
-338.61316 -154.98238 -11.886311 0
-349.88275 -154.87212 -11.888764 0
-347.39703 -154.75595 -11.816169 0
-349.6174 -154.47672 -11.866022 0
-349.93573 -154.21053 -11.866875 0
-349.78644 -154.16107 -11.850809 0
-347.9408 -154.18398 -11.859076 0
-348.80219 -154.06633 -11.853539 0
-349.86185 -153.98546 -11.866768 0
-348.95407 -153.97684 -11.88658 0
-341.03467 -153.96593 -11.884225 0
-349.86398 -153.73938 -11.866344 0
-349.30319 -153.58728 -11.856861 0
-336.6391 -153.47112 -11.897327 0
-336.27472 -153.44052 -11.846517 0
-349.21188 -153.29971 -11.886747 0
-349.03488 -153.04459 -11.895465 0
-345.34589 -153.07227 -11.898862 0
-345.27548 -153.0567 -11.814894 0
-336.74155 -153.0322 -11.899279 0
-345.18298 -152.85019 -11.893666 0
-339.77411 -152.80869 -11.839816 0
-345.10007 -152.71291 -11.823001 0
-343.24649 -152.7205 -11.895235 0
-341.85202 -152.78143 -11.890943 0
-345.00504 -152.14554 -11.877374 0
-343.50293 -152.07571 -11.867747 0
-343.3786 -152.007 -11.897461 0
-343.8313 -151.99077 -11.899663 0
-343.67783 -151.92563 -11.898939 0
-342.56729 -151.72336 -11.851503 0
-340.83307 -151.75842 -11.897616 0
-343.57681 -151.65074 -11.832685 0
-342.33923 -151.60811 -11.858591 0
-342.39575 -151.5672 -11.822365 0
-341.17105 -151.53226 -11.895182 0
-336.05826 -151.43697 -11.891142 0
-338.00101 -150.87521 -11.863995 0
-338.21579 -150.46211 -11.852278 0
-334.0101 -215.48141 -11.778473 0
-333.10605 -213.70137 -11.784501 0
-337.07547 -208.3497 -11.701993 0
-345.79773 -198.21136 -11.754023 0
-340.55191 -198.05969 -11.744685 0
-347.06601 -196.85477 -11.754519 0
-346.21017 -196.87241 -11.706628 0
-346.07196 -196.89452 -11.70634 0
-345.15274 -196.7307 -11.767456 0
-346.92252 -196.56468 -11.721829 0
-344.20929 -196.30806 -11.771688 0
-345.03625 -196.29674 -11.72251 0
-346.14545 -195.71753 -11.709474 0
-344.45627 -195.72089 -11.777233 0
-345.84882 -195.44197 -11.783768 0
-345.44125 -195.49966 -11.785046 0
-346.33554 -195.39143 -11.7762 0
-346.26089 -195.35559 -11.780355 0
-346.31091 -195.2608 -11.705771 0
-346.20825 -195.15591 -11.706527 0
-345.60474 -195.08121 -11.790971 0
-346.59012 -193.43344 -11.750675 0
-345.84753 -192.82234 -11.714713 0
-345.25656 -192.52765 -11.738589 0
-347.43704 -191.62712 -11.797726 0
-346.05814 -191.65067 -11.780901 0
-347.10208 -191.48283 -11.705853 0
-346.564 -191.46143 -11.797585 0
-346.93704 -191.25256 -11.738557 0
-347.22009 -190.99619 -11.72785 0
-347.13354 -189.80164 -11.777231 0
-347.0983 -189.85683 -11.768726 0
-345.86032 -189.814 -11.776966 0
-347.27582 -189.7973 -11.757299 0
-345.66183 -189.75735 -11.76709 0
-346.93564 -189.10927 -11.74349 0
-347.40771 -188.72047 -11.729581 0
-347.34589 -188.75983 -11.751578 0
-344.54941 -187.67409 -11.752483 0
-347.89859 -187.15623 -11.775807 0
-346.99973 -187.099 -11.746206 0
-348.70532 -184.7867 -11.779736 0
-349.20642 -184.43245 -11.759375 0
-349.91864 -183.89708 -11.785795 0
-349.82837 -183.87338 -11.789342 0
-348.52966 -183.59389 -11.76095 0
-349.99219 -182.99496 -11.705792 0
-349.88589 -182.96762 -11.775349 0
-349.72952 -182.75278 -11.793697 0
-349.8291 -182.19942 -11.731842 0
-349.85413 -180.60814 -11.766344 0
-349.66904 -180.66212 -11.786689 0
-349.76889 -180.56424 -11.750537 0
-349.2851 -180.53253 -11.721283 0
-349.67773 -180.46677 -11.746458 0
-349.78915 -180.33553 -11.70796 0
-349.59949 -180.33353 -11.72055 0
-349.61694 -180.22906 -11.764794 0
-349.57883 -180.2263 -11.789019 0
-349.6633 -180.16219 -11.741897 0
-349.74902 -180.0372 -11.703503 0
-349.48599 -179.99631 -11.767035 0
-349.35043 -179.99615 -11.719399 0
-349.27335 -179.93015 -11.714004 0
-349.27332 -179.50089 -11.773742 0
-349.29144 -179.49905 -11.770442 0
-349.03592 -179.45499 -11.763171 0
-349.31485 -179.33421 -11.758593 0
-349.28635 -179.34674 -11.795621 0
-345.81427 -179.38957 -11.76237 0
-348.86627 -178.96852 -11.777552 0
-348.74268 -178.95596 -11.763665 0
-349.30673 -178.77895 -11.796682 0
-347.72275 -178.71384 -11.726773 0
-349.94547 -178.64307 -11.795192 0
-348.7298 -178.44788 -11.756099 0
-348.45911 -178.49901 -11.74449 0
-349.98352 -178.30791 -11.78492 0
-345.36807 -178.20502 -11.776695 0
-344.21582 -178.25661 -11.724194 0
-349.96906 -178.13815 -11.760153 0
-345.80225 -178.07428 -11.799205 0
-348.92245 -177.93892 -11.782237 0
-349.11102 -177.87381 -11.747521 0
-349.11823 -177.60883 -11.737786 0
-347.67227 -177.49467 -11.780311 0
-347.56354 -177.04956 -11.708816 0
-348.24213 -176.99921 -11.757457 0
-347.83978 -176.98253 -11.74802 0
-342.31171 -176.99727 -11.732217 0
-347.65274 -176.70656 -11.776903 0
-347.32349 -176.74187 -11.718912 0
-348.05484 -176.68871 -11.748563 0
-348.27142 -176.26566 -11.775831 0
-347.45053 -176.26273 -11.744743 0
-348.52448 -176.16257 -11.770011 0
-347.67438 -176.19757 -11.747595 0
-347.10712 -176.04726 -11.729366 0
-346.98346 -175.78548 -11.728734 0
-347.36008 -175.62965 -11.784201 0
-348.13635 -175.1329 -11.76591 0
-347.77798 -175.02797 -11.760218 0
-348.82718 -174.61263 -11.72543 0
-345.06491 -174.6722 -11.794252 0
-347.19946 -174.58289 -11.734478 0
-343.35086 -174.58066 -11.786665 0
-348.32068 -174.3284 -11.776075 0
-347.51273 -174.22389 -11.788724 0
-347.44043 -174.02357 -11.781442 0
-347.84903 -173.10941 -11.76816 0
-347.86282 -172.4966 -11.707762 0
-347.65491 -172.12878 -11.76883 0
-348.08746 -172.03949 -11.728451 0
-347.57492 -172.0618 -11.764578 0
-348.04727 -171.98651 -11.785078 0
-348.12082 -171.80537 -11.784872 0
-347.77356 -171.88225 -11.742291 0
-348.42252 -171.64941 -11.712254 0
-348.32452 -171.56119 -11.717952 0
-347.62308 -171.47581 -11.760772 0
-349.1445 -170.87256 -11.721532 0
-348.31119 -170.83273 -11.790149 0
-344.90262 -170.35574 -11.734669 0
-349.4375 -170.1721 -11.732567 0
-349.77521 -170.02324 -11.765676 0
-348.82211 -169.49008 -11.729337 0
-335.81351 -163.29041 -11.755822 0
-349.16721 -162.11244 -11.709759 0
-346.65485 -161.60201 -11.709466 0
-346.46042 -161.04346 -11.746156 0
-349.19406 -160.76523 -11.724661 0
-346.10501 -159.81465 -11.78391 0
-349.85492 -157.78813 -11.730676 0
-348.66296 -157.6873 -11.703552 0
-349.90585 -157.5322 -11.728256 0
-349.98389 -157.45151 -11.755877 0
-349.76373 -156.63084 -11.726713 0
-343.01752 -156.01965 -11.713994 0
-349.26993 -155.45 -11.780575 0
-348.07669 -155.42416 -11.758046 0
-349.78513 -155.31409 -11.725657 0
-349.84088 -155.18021 -11.765166 0
-349.95633 -155.09648 -11.792413 0
-349.64154 -154.93697 -11.715273 0
-346.90143 -154.94316 -11.798735 0
-348.76358 -154.75923 -11.710267 0
-348.50076 -154.64711 -11.750837 0
-349.51056 -154.47215 -11.712229 0
-349.5574 -154.36832 -11.751435 0
-349.9754 -154.28926 -11.7808 0
-349.71405 -154.2036 -11.743912 0
-349.60638 -154.20482 -11.700296 0
-349.59177 -154.25267 -11.764652 0
-349.44189 -154.29257 -11.719646 0
-349.62152 -154.12683 -11.783793 0
-349.79132 -154.00705 -11.757564 0
-349.65704 -154.08086 -11.709854 0
-349.51547 -154.00945 -11.721789 0
-349.43158 -154.06856 -11.704052 0
-349.76404 -153.93768 -11.783957 0
-349.63718 -153.98526 -11.72943 0
-349.50143 -153.97992 -11.764452 0
-349.15805 -153.96689 -11.725166 0
-348.73526 -153.97401 -11.796364 0
-347.70096 -153.94179 -11.738033 0
-349.88916 -153.84502 -11.744006 0
-349.64813 -153.85872 -11.704698 0
-349.56702 -153.89955 -11.788109 0
-349.59378 -153.67068 -11.71846 0
-347.57608 -153.68277 -11.744407 0
-348.33505 -153.58788 -11.724504 0
-348.68762 -153.49002 -11.796673 0
-347.80927 -153.41763 -11.799672 0
-347.5752 -153.4713 -11.735569 0
-348.84131 -153.38426 -11.793566 0
-348.68735 -153.26602 -11.738555 0
-343.57065 -153.2654 -11.786885 0
-349.12042 -153.07478 -11.703152 0
-349.04312 -152.95001 -11.711261 0
-342.47113 -151.70988 -11.737597 0
-342.31805 -151.64058 -11.785277 0
-342.00415 -150.93602 -11.783322 0
-341.82144 -150.74022 -11.770156 0
-342.58929 -150.15201 -11.776399 0
-330.49612 -220.99239 -11.609093 0
-346.69962 -197.34056 -11.694556 0
-345.10504 -197.28598 -11.628729 0
-346.88171 -197.15729 -11.608964 0
-346.18686 -197.03749 -11.648811 0
-346.6579 -196.82585 -11.655699 0
-346.94992 -196.70175 -11.652685 0
-346.75558 -196.72551 -11.648952 0
-346.64185 -196.69379 -11.684541 0
-345.63098 -196.22972 -11.69181 0
-346.31091 -195.61324 -11.633265 0
-346.08191 -195.52843 -11.635402 0
-346.19983 -195.29257 -11.678829 0
-346.09604 -195.25084 -11.69382 0
-346.21173 -195.11806 -11.678332 0
-346.12671 -195.18042 -11.600427 0
-345.72357 -194.14973 -11.626256 0
-346.95496 -193.92256 -11.677444 0
-346.49377 -193.52571 -11.654104 0
-346.90637 -193.12106 -11.625692 0
-346.17926 -193.19637 -11.618374 0
-346.32187 -192.75479 -11.624956 0
-347.1857 -191.6721 -11.683263 0
-347.42545 -191.53786 -11.603952 0
-346.41241 -191.20438 -11.600801 0
-346.81158 -190.96533 -11.690985 0
-346.62183 -190.94876 -11.673357 0
-346.63815 -190.8087 -11.638241 0
-344.50104 -190.57712 -11.677609 0
-347.07141 -189.88611 -11.637017 0
-346.9906 -189.73685 -11.606014 0
-347.1702 -189.54248 -11.672029 0
-347.1272 -189.46179 -11.677885 0
-347.23474 -188.64862 -11.612786 0
-347.23041 -188.51405 -11.638737 0
-347.19458 -188.595 -11.66466 0
-347.36115 -188.3941 -11.662985 0
-347.32846 -188.20718 -11.671488 0
-347.18982 -188.17989 -11.633049 0
-347.31912 -188.05934 -11.695072 0
-347.26733 -188.01131 -11.698092 0
-347.14874 -187.8638 -11.622583 0
-347.52231 -187.62912 -11.604033 0
-347.55261 -187.45079 -11.646527 0
-347.86624 -187.32617 -11.683886 0
-347.07971 -187.10416 -11.683031 0
-347.95966 -187.00046 -11.697145 0
-347.14188 -185.91258 -11.683266 0
-347.64407 -185.88925 -11.682114 0
-346.978 -185.79448 -11.664635 0
-347.26959 -185.62129 -11.636257 0
-346.97665 -185.60449 -11.606119 0
-349.00916 -184.44182 -11.668085 0
-349.08661 -184.22824 -11.687125 0
-349.60742 -183.52667 -11.604947 0
-349.41885 -183.382 -11.644029 0
-349.73965 -182.81854 -11.635256 0
-349.62885 -182.72194 -11.637588 0
-349.09689 -182.00948 -11.655006 0
-349.89612 -181.59576 -11.641753 0
-349.64026 -181.50348 -11.617241 0
-349.55597 -180.79599 -11.677548 0
-349.54526 -180.6855 -11.643495 0
-349.54581 -180.57088 -11.627043 0
-349.66226 -180.33734 -11.649286 0
-349.52487 -180.34889 -11.655568 0
-349.43045 -180.38399 -11.62224 0
-349.14645 -180.35124 -11.69138 0
-349.46356 -180.28415 -11.651841 0
-349.38474 -180.16431 -11.601916 0
-347.61029 -180.0032 -11.661037 0
-347.94806 -179.93314 -11.62795 0
-349.6312 -179.87964 -11.695697 0
-349.45428 -179.44411 -11.609867 0
-349.14282 -179.3074 -11.618956 0
-349.61642 -178.90067 -11.627987 0
-349.69885 -178.84712 -11.667451 0
-348.18451 -178.86414 -11.625393 0
-349.88672 -178.54237 -11.634871 0
-349.81091 -178.46764 -11.635571 0
-349.89725 -178.29869 -11.601733 0
-348.89362 -178.20618 -11.650428 0
-349.87689 -178.15472 -11.608254 0
-349.99066 -178.08775 -11.674755 0
-349.04865 -177.57158 -11.63752 0
-345.10138 -177.5024 -11.646494 0
-349.0531 -177.45346 -11.618415 0
-345.85739 -177.40179 -11.611107 0
-349.06482 -177.03244 -11.665688 0
-348.88821 -177.07663 -11.656842 0
-348.99417 -176.93161 -11.664913 0
-348.95721 -176.767 -11.642131 0
-349.11386 -176.53893 -11.668984 0
-348.90979 -176.44183 -11.619601 0
-347.57721 -176.49141 -11.662471 0
-346.03986 -175.3165 -11.687488 0
-345.73245 -175.33278 -11.69814 0
-348.53848 -174.82793 -11.626907 0
-347.62292 -174.80452 -11.668177 0
-348.83264 -174.76111 -11.658121 0
-344.89697 -174.78061 -11.675776 0
-348.73334 -174.69933 -11.673815 0
-348.63208 -174.6324 -11.69404 0
-348.82846 -174.5574 -11.614235 0
-348.34924 -174.56848 -11.666641 0
-348.70834 -174.48621 -11.68092 0
-348.90707 -173.9312 -11.614762 0
-347.59531 -173.95746 -11.663749 0
-347.29904 -173.9644 -11.644755 0
-343.81305 -173.98543 -11.645708 0
-347.6918 -173.54803 -11.617778 0
-347.77304 -173.43346 -11.622357 0
-336.73508 -173.36375 -11.674749 0
-348.14734 -172.8889 -11.693649 0
-347.91339 -172.54462 -11.683197 0
-343.10327 -172.57607 -11.699747 0
-347.91028 -172.43616 -11.679223 0
-344.75223 -172.22014 -11.690147 0
-348.67252 -171.98514 -11.610294 0
-348.23099 -171.6035 -11.627819 0
-348.43448 -171.57135 -11.649092 0
-348.5744 -171.45114 -11.670301 0
-349.69464 -170.08325 -11.632519 0
-349.79318 -169.71086 -11.662106 0
-349.53857 -169.77682 -11.619205 0
-348.69839 -169.41588 -11.698113 0
-349.73813 -169.26527 -11.670012 0
-348.60608 -169.0809 -11.688354 0
-348.28439 -169.07112 -11.663053 0
-347.7392 -164.72986 -11.679933 0
-350 -164.3476 -11.60797 0
-349.89258 -163.46539 -11.64735 0
-349.99637 -163.39842 -11.628767 0
-349.30908 -162.73895 -11.691069 0
-349.5387 -162.69911 -11.651575 0
-349.28967 -162.30081 -11.640222 0
-349.15698 -162.35873 -11.631989 0
-348.94888 -162.30261 -11.615108 0
-349.14566 -162.20163 -11.627803 0
-349.03632 -162.24782 -11.625154 0
-348.98706 -161.99245 -11.644482 0
-349.62738 -161.82034 -11.658968 0
-349.81195 -161.79543 -11.678624 0
-349.93304 -161.40297 -11.676166 0
-348.56497 -160.35968 -11.616954 0
-349.75833 -156.55399 -11.677287 0
-342.99359 -156.40945 -11.652955 0
-349.23819 -155.96263 -11.673026 0
-349.8707 -155.73871 -11.627157 0
-349.93542 -155.27901 -11.659421 0
-349.40393 -155.29225 -11.642492 0
-349.98972 -155.14642 -11.602674 0
-349.33707 -154.92975 -11.634933 0
-349.50146 -154.81729 -11.65001 0
-349.90298 -154.37906 -11.673265 0
-346.67972 -154.23579 -11.616681 0
-349.27277 -154.14935 -11.641983 0
-349.40302 -154.09807 -11.685496 0
-343.25186 -154.01343 -11.620279 0
-349.13037 -153.91649 -11.635979 0
-347.56195 -153.90935 -11.689561 0
-349.85727 -153.83319 -11.61657 0
-348.60547 -153.83635 -11.630912 0
-349.68735 -153.74158 -11.685498 0
-348.67398 -153.72887 -11.633977 0
-348.29163 -153.72263 -11.671617 0
-349.72394 -153.68065 -11.654045 0
-344.49805 -153.63441 -11.604838 0
-348.77707 -153.58534 -11.63124 0
-347.63077 -153.55869 -11.65229 0
-348.71698 -153.40904 -11.693164 0
-348.59091 -153.48341 -11.655272 0
-349.06482 -153.36809 -11.638929 0
-348.8862 -153.39639 -11.632557 0
-349.21866 -153.10225 -11.618199 0
-348.90366 -153.17111 -11.606247 0
-346.1521 -152.99739 -11.608989 0
-348.95599 -152.8541 -11.611266 0
-339.97134 -152.8158 -11.690158 0
-348.9957 -152.71219 -11.61881 0
-344.90881 -152.6067 -11.699014 0
-344.87219 -152.50145 -11.606315 0
-336.74326 -152.5041 -11.697377 0
-345.51645 -152.43407 -11.658765 0
-343.49936 -151.69261 -11.639334 0
-334.64539 -151.09221 -11.671644 0
-334.4729 -150.08997 -11.671851 0
-341.02432 -239.60637 -11.576269 0
-329.76703 -222.08739 -11.523777 0
-330.49518 -220.38707 -11.501924 0
-333.83948 -217.81992 -11.576813 0
-333.70468 -217.11932 -11.568137 0
-333.4024 -215.61548 -11.557479 0
-333.55981 -213.57193 -11.569726 0
-336.44073 -210.63783 -11.52767 0
-336.14792 -205.48216 -11.593855 0
-346.85593 -197.41603 -11.577191 0
-346.88641 -197.23842 -11.598526 0
-346.51672 -196.78564 -11.542588 0
-346.33887 -195.6167 -11.536909 0
-347.14725 -193.75041 -11.577156 0
-346.80908 -193.50362 -11.562647 0
-346.17987 -193.45041 -11.532255 0
-346.95163 -193.37976 -11.550959 0
-346.88928 -193.29984 -11.576855 0
-346.55011 -193.13974 -11.548477 0
-346.39578 -193.11633 -11.588142 0
-346.4267 -193.05255 -11.594436 0
-346.2114 -192.72008 -11.535323 0
-346.0741 -192.7682 -11.517625 0
-346.19894 -192.62877 -11.533237 0
-347.02319 -191.21414 -11.589564 0
-347.32217 -190.32779 -11.524773 0
-347.37231 -190.27687 -11.574485 0
-347.25192 -190.25047 -11.577116 0
-347.19702 -190.12747 -11.544781 0
-346.73434 -190.16782 -11.546824 0
-347.0929 -190.03275 -11.524436 0
-347.05029 -189.93398 -11.581217 0
-347.06238 -189.88129 -11.576138 0
-347.17581 -189.25716 -11.54541 0
-347.2644 -189.08305 -11.535352 0
-347.29123 -188.99783 -11.55524 0
-347.0473 -188.91927 -11.504618 0
-347.37134 -188.86774 -11.582113 0
-347.2847 -188.83559 -11.558544 0
-347.31177 -188.73477 -11.597407 0
-347.22409 -188.61676 -11.552299 0
-347.31183 -188.59734 -11.587211 0
-347.34296 -188.43373 -11.587585 0
-347.27194 -188.15608 -11.565443 0
-347.46713 -187.94814 -11.570079 0
-347.69684 -187.84882 -11.514072 0
-347.46609 -187.83546 -11.566854 0
-347.19382 -187.82617 -11.549078 0
-347.48047 -187.39207 -11.538079 0
-347.49707 -187.20079 -11.528188 0
-347.3233 -187.0267 -11.506442 0
-347.54468 -186.21867 -11.591559 0
-348.48886 -184.8167 -11.561545 0
-348.71057 -184.61401 -11.508665 0
-349.24521 -184.53625 -11.577612 0
-348.94913 -184.44974 -11.554702 0
-348.73663 -184.41815 -11.527354 0
-349.13873 -184.27835 -11.592268 0
-348.4725 -183.55878 -11.591874 0
-348.95316 -182.69041 -11.540746 0
-349.42822 -182.44971 -11.562146 0
-349.69272 -182.15446 -11.588152 0
-349.75607 -182.09473 -11.575593 0
-349.72028 -181.86208 -11.547125 0
-347.7753 -181.81056 -11.526195 0
-349.12445 -181.72302 -11.506862 0
-348.88828 -181.67873 -11.576563 0
-349.53125 -181.52866 -11.55081 0
-349.6543 -181.4735 -11.583585 0
-349.4935 -181.49451 -11.553444 0
-349.33783 -181.46996 -11.571609 0
-349.67877 -181.25951 -11.553537 0
-349.76355 -181.17601 -11.557046 0
-349.45984 -180.48767 -11.57811 0
-347.47836 -180.44644 -11.511023 0
-349.42123 -180.32568 -11.591014 0
-348.94504 -180.30003 -11.571779 0
-348.78769 -180.35861 -11.524591 0
-349.45996 -180.28809 -11.540731 0
-333.21585 -180.27747 -11.559873 0
-348.86801 -180.00888 -11.533415 0
-348.07108 -180.01756 -11.561523 0
-349.03516 -179.80504 -11.541691 0
-348.98682 -179.89194 -11.538961 0
-348.07468 -179.60155 -11.508719 0
-349.65317 -179.04114 -11.576715 0
-349.66052 -178.97812 -11.580791 0
-349.76135 -178.86513 -11.52418 0
-349.09509 -178.50957 -11.522893 0
-349.15076 -178.46417 -11.580893 0
-349.03345 -178.38512 -11.566685 0
-348.86435 -178.37529 -11.559494 0
-349.91876 -178.10506 -11.598773 0
-343.76947 -178.08087 -11.508249 0
-349.18787 -177.96568 -11.565326 0
-349.03845 -177.8187 -11.528034 0
-348.96432 -177.73965 -11.537765 0
-346.06458 -177.70326 -11.593276 0
-348.62662 -177.63243 -11.501752 0
-348.19424 -176.97765 -11.550797 0
-348.02658 -176.93642 -11.504507 0
-348.47098 -176.83298 -11.561923 0
-348.33044 -176.85191 -11.590303 0
-347.67471 -176.76663 -11.506058 0
-348.8042 -176.45155 -11.540413 0
-347.58521 -176.43913 -11.585057 0
-345.62247 -176.43575 -11.537998 0
-349.43173 -176.31569 -11.541312 0
-349.35556 -176.32539 -11.526052 0
-349.02805 -176.36357 -11.592016 0
-347.46802 -176.36072 -11.572605 0
-347.29108 -176.32521 -11.521844 0
-349.29355 -176.21611 -11.506191 0
-348.22668 -176.24416 -11.503856 0
-347.32117 -176.02292 -11.504918 0
-347.74509 -175.65891 -11.554016 0
-347.82385 -175.58798 -11.514894 0
-346.16818 -175.57852 -11.566771 0
-348.0625 -175.41164 -11.556287 0
-348.33371 -175.37904 -11.519053 0
-347.78403 -175.32889 -11.510463 0
-345.37808 -175.2502 -11.538095 0
-347.96655 -175.15985 -11.508255 0
-347.84778 -175.00673 -11.522331 0
-347.73145 -174.99265 -11.593153 0
-348.44025 -174.86685 -11.575227 0
-349.01251 -174.60275 -11.55922 0
-348.29962 -174.67598 -11.513342 0
-348.70282 -174.53046 -11.589551 0
-347.95575 -174.51707 -11.557241 0
-348.94772 -174.43726 -11.557152 0
-348.65387 -174.48344 -11.551808 0
-347.59464 -174.29547 -11.578969 0
-347.43951 -174.11595 -11.561519 0
-347.13458 -174.17018 -11.513801 0
-347.53247 -174.07626 -11.531561 0
-347.42255 -174.00354 -11.571146 0
-347.37927 -174.07471 -11.569128 0
-346.99994 -174.07295 -11.542442 0
-347.32379 -173.90614 -11.554586 0
-347.39615 -173.70572 -11.5393 0
-347.70074 -173.62628 -11.573986 0
-347.43976 -173.69823 -11.573041 0
-347.92581 -173.53932 -11.591854 0
-347.94992 -173.41388 -11.576576 0
-347.89645 -173.35014 -11.599403 0
-348.17203 -173.25124 -11.588196 0
-347.96402 -173.21367 -11.563925 0
-348.16287 -173.01353 -11.571479 0
-337.60809 -173.08849 -11.50825 0
-345.50034 -172.91241 -11.517646 0
-347.92789 -172.70615 -11.579985 0
-347.71899 -172.72617 -11.567358 0
-347.70276 -172.54559 -11.553227 0
-347.69116 -172.44267 -11.567342 0
-347.58948 -171.97356 -11.57411 0
-347.68039 -171.88426 -11.502114 0
-348.05289 -171.75746 -11.541574 0
-347.94485 -171.79193 -11.500558 0
-349.54715 -171.12842 -11.520126 0
-349.63174 -170.95845 -11.51457 0
-348.12772 -170.61542 -11.529548 0
-348.03488 -170.0482 -11.556497 0
-349.75342 -169.79475 -11.543466 0
-349.61572 -169.72072 -11.52262 0
-348.26581 -169.1163 -11.588049 0
-348.34979 -168.99901 -11.556159 0
-349.98892 -167.21332 -11.591891 0
-348.487 -166.56964 -11.548184 0
-349.70474 -164.73514 -11.502796 0
-348.43228 -164.76404 -11.525781 0
-349.07645 -164.62137 -11.576339 0
-349.69098 -164.53534 -11.509354 0
-349.95309 -164.32323 -11.55004 0
-349.38962 -164.16672 -11.582507 0
-349.35156 -163.91951 -11.543121 0
-349.91394 -163.85675 -11.556184 0
-349.83371 -163.64322 -11.595244 0
-349.73599 -163.22615 -11.590179 0
-349.54318 -162.38097 -11.573398 0
-347.72238 -162.27673 -11.504636 0
-344.72488 -161.2851 -11.581664 0
-347.46213 -160.17882 -11.54326 0
-344.67642 -157.94308 -11.599846 0
-348.328 -156.96637 -11.526173 0
-347.60745 -156.83441 -11.593601 0
-349.84271 -155.57939 -11.599632 0
-343.58698 -155.21277 -11.586806 0
-349.89569 -155.11586 -11.526437 0
-349.55261 -154.49461 -11.559633 0
-349.61179 -154.35417 -11.594535 0
-349.4361 -154.34383 -11.583953 0
-349.87039 -154.27403 -11.525058 0
-349.70648 -154.27878 -11.566606 0
-349.09036 -154.29648 -11.529486 0
-349.84155 -154.18964 -11.587732 0
-349.68695 -154.16801 -11.594467 0
-349.82889 -153.93658 -11.575535 0
-349.63354 -153.90913 -11.556941 0
-349.34756 -153.94034 -11.528316 0
-339.74286 -153.99107 -11.551478 0
-349.80307 -153.85123 -11.547837 0
-341.32779 -153.89104 -11.567638 0
-349.82855 -153.71252 -11.563375 0
-349.0788 -153.77753 -11.539275 0
-349.73242 -153.69717 -11.557478 0
-349.64819 -153.66295 -11.581629 0
-349.38748 -153.61441 -11.54495 0
-348.89459 -153.65633 -11.565264 0
-349.37909 -153.57831 -11.576457 0
-346.36893 -153.52953 -11.504654 0
-348.69504 -153.46443 -11.535388 0
-347.3942 -153.36926 -11.546885 0
-344.76215 -153.38911 -11.598785 0
-345.8988 -152.58076 -11.532427 0
-345.72046 -152.52521 -11.51773 0
-347.27365 -152.45959 -11.51262 0
-344.91965 -152.44295 -11.51955 0
-346.17654 -152.38351 -11.544166 0
-345.42065 -152.39046 -11.532704 0
-346.34128 -152.23087 -11.546393 0
-346.12289 -152.2562 -11.543786 0
-345.51825 -152.23402 -11.586591 0
-346.10364 -152.14389 -11.541875 0
-345.96149 -152.17816 -11.510297 0
-345.39764 -152.19818 -11.525158 0
-345.04086 -152.02077 -11.513208 0
-344.50522 -152.06247 -11.527299 0
-344.56729 -151.87016 -11.500371 0
-342.98993 -151.742 -11.504689 0
-339.96881 -151.35802 -11.545588 0
-340.08975 -246.28925 -11.44242 0
-340.98013 -239.75356 -11.447683 0
-319.50021 -234.1386 -11.410485 0
-329.63208 -222.00452 -11.401927 0
-330.48694 -221.01004 -11.481066 0
-335.4624 -212.24174 -11.445548 0
-336.13736 -211.37442 -11.467219 0
-339.62891 -201.67035 -11.454785 0
-339.28992 -200.84998 -11.481722 0
-346.55093 -196.70259 -11.464205 0
-345.43478 -196.66376 -11.468331 0
-346.32431 -195.72984 -11.4112 0
-346.4248 -195.69061 -11.452635 0
-346.47195 -195.59921 -11.499984 0
-346.28867 -195.46846 -11.41383 0
-346.12036 -195.17677 -11.408712 0
-344.51486 -195.15352 -11.478463 0
-346.37732 -194.14304 -11.40019 0
-347.01938 -193.70497 -11.494112 0
-347.03226 -193.52556 -11.447684 0
-345.07635 -193.25153 -11.41255 0
-346.73718 -193.07275 -11.445509 0
-346.51236 -193.06003 -11.439185 0
-346.48117 -190.95967 -11.454416 0
-346.53763 -190.82594 -11.49686 0
-346.55087 -190.74673 -11.445686 0
-346.62811 -190.65912 -11.466352 0
-345.91406 -190.68837 -11.499156 0
-347.27597 -190.31447 -11.499385 0
-347.12924 -190.13614 -11.486437 0
-346.99869 -189.94504 -11.473731 0
-346.98209 -189.88472 -11.488052 0
-344.64218 -189.84792 -11.447638 0
-346.98248 -189.74855 -11.487262 0
-345.62662 -189.7567 -11.431345 0
-347.12936 -189.47209 -11.483495 0
-344.39172 -189.41606 -11.436418 0
-346.96005 -187.79668 -11.455551 0
-347.70563 -187.42148 -11.470417 0
-347.54053 -187.4209 -11.464326 0
-347.341 -187.41359 -11.47445 0
-347.23923 -187.45786 -11.472431 0
-347.58038 -187.26067 -11.488969 0
-347.75162 -186.68227 -11.474276 0
-346.70895 -186.16591 -11.433556 0
-347.93253 -186.01019 -11.427086 0
-344.78598 -186.01672 -11.437508 0
-347.8912 -185.95381 -11.42521 0
-347.05859 -185.74924 -11.438319 0
-347.77319 -185.59856 -11.40334 0
-347.14169 -185.58984 -11.40327 0
-347.93045 -185.35423 -11.451423 0
-348.56866 -184.98305 -11.461027 0
-349.02731 -184.22818 -11.491078 0
-347.38165 -184.18423 -11.494174 0
-348.84488 -183.97844 -11.481754 0
-347.72467 -183.23149 -11.453919 0
-348.57373 -182.97708 -11.435865 0
-348.84808 -182.87151 -11.449383 0
-348.6611 -182.82658 -11.449682 0
-348.40909 -182.88533 -11.425733 0
-348.67252 -182.77724 -11.45757 0
-348.76117 -182.56041 -11.400906 0
-349.24234 -182.45667 -11.492454 0
-349.94031 -182.34911 -11.492738 0
-349.73114 -182.05382 -11.450571 0
-349.9079 -181.90468 -11.455608 0
-349.63815 -181.9334 -11.422215 0
-349.86563 -181.83434 -11.464803 0
-349.73181 -181.88307 -11.404924 0
-349.36075 -181.60538 -11.443867 0
-349.5173 -181.59294 -11.470361 0
-349.39908 -181.53804 -11.456767 0
-348.38858 -181.53294 -11.483721 0
-349.34225 -181.47411 -11.464293 0
-349.42419 -181.39619 -11.444495 0
-349.56207 -181.24368 -11.458223 0
-349.69666 -181.15863 -11.45598 0
-349.53198 -181.1711 -11.474874 0
-346.36047 -180.65213 -11.457035 0
-348.83441 -180.45361 -11.436418 0
-348.81165 -180.12303 -11.493402 0
-347.95859 -180.04022 -11.461058 0
-349.14899 -179.37299 -11.41748 0
-349.15414 -179.27512 -11.465864 0
-349.18097 -179.08972 -11.435465 0
-349.41452 -178.99968 -11.48138 0
-349.60172 -178.80627 -11.442101 0
-349.28543 -178.71439 -11.445004 0
-349.19476 -178.78453 -11.489821 0
-349.54941 -178.61272 -11.431025 0
-349.13925 -178.69237 -11.494278 0
-348.66306 -178.35619 -11.486977 0
-348.66849 -178.27939 -11.457026 0
-348.77979 -178.18871 -11.441328 0
-349.14658 -177.90108 -11.49972 0
-348.91031 -177.93681 -11.409758 0
-347.92542 -177.93855 -11.421408 0
-348.80594 -177.82355 -11.454247 0
-348.3634 -177.87695 -11.406651 0
-348.78284 -177.13806 -11.412291 0
-348.07968 -177.02496 -11.426116 0
-348.59048 -176.9957 -11.400638 0
-348.54315 -176.8228 -11.43208 0
-347.9772 -176.71207 -11.434349 0
-347.83386 -176.73871 -11.498802 0
-347.79718 -176.7634 -11.426041 0
-347.17746 -176.71751 -11.410873 0
-347.04205 -176.739 -11.406201 0
-347.92508 -176.64279 -11.433241 0
-347.89359 -176.65456 -11.423071 0
-345.13138 -176.57069 -11.443818 0
-349.31363 -176.43083 -11.450936 0
-348.95596 -176.49577 -11.495615 0
-349.36261 -176.3042 -11.49086 0
-345.38992 -176.37976 -11.494347 0
-349.39932 -176.24727 -11.49762 0
-345.38168 -176.28128 -11.49508 0
-347.31372 -176.14633 -11.487825 0
-347.24231 -175.87047 -11.437616 0
-348.32547 -175.65121 -11.469691 0
-347.80777 -175.67455 -11.458719 0
-348.25385 -175.52809 -11.457151 0
-347.94849 -175.40477 -11.466134 0
-347.75461 -175.44995 -11.469082 0
-347.60733 -175.4068 -11.46495 0
-348.16364 -175.10278 -11.437639 0
-345.34891 -175.17702 -11.495583 0
-347.88644 -174.73161 -11.40189 0
-347.37033 -174.64455 -11.442831 0
-348.83453 -174.4518 -11.492701 0
-348.73248 -174.43675 -11.49163 0
-348.21902 -174.49051 -11.496124 0
-348.80249 -174.30562 -11.476793 0
-347.48065 -174.33606 -11.495303 0
-347.58176 -174.21518 -11.437909 0
-348.34821 -174.05501 -11.426952 0
-348.24466 -174.01541 -11.466497 0
-348.72592 -173.90509 -11.458314 0
-344.30054 -173.9427 -11.440907 0
-347.70242 -173.86861 -11.406547 0
-347.92593 -173.76846 -11.453615 0
-348.03769 -173.31203 -11.44763 0
-348.00574 -173.13841 -11.49559 0
-347.88364 -173.06627 -11.493913 0
-345.26965 -173.01599 -11.444946 0
-347.94836 -172.91788 -11.494794 0
-343.24017 -172.96858 -11.422867 0
-347.92191 -172.84157 -11.44419 0
-346.25748 -172.61436 -11.453083 0
-347.90067 -172.5649 -11.426948 0
-347.82047 -172.43961 -11.498227 0
-347.61115 -172.22163 -11.425995 0
-348.17581 -171.94128 -11.455049 0
-348.39398 -171.80586 -11.470422 0
-348.15363 -171.86421 -11.413587 0
-349.93564 -166.53381 -11.477645 0
-347.48734 -166.1613 -11.467677 0
-348.32007 -164.414 -11.448611 0
-349.68829 -164.13385 -11.407688 0
-349.97498 -163.74837 -11.440602 0
-349.78271 -163.58521 -11.477975 0
-349.73938 -163.38091 -11.469333 0
-349.72372 -163.06992 -11.430715 0
-349.55743 -162.61082 -11.448563 0
-349.21756 -162.13383 -11.487422 0
-349.01904 -162.02173 -11.404537 0
-348.07153 -162.09297 -11.408296 0
-349.72607 -161.81389 -11.407864 0
-349.73343 -160.31416 -11.48146 0
-348.82022 -158.16942 -11.451989 0
-348.36768 -157.17218 -11.446028 0
-349.88937 -156.65459 -11.498407 0
-347.41299 -155.11993 -11.496934 0
-349.37909 -155.08833 -11.468892 0
-347.94742 -154.93388 -11.434866 0
-349.33902 -154.85829 -11.438753 0
-342.86511 -154.65839 -11.447413 0
-349.99692 -154.47734 -11.473811 0
-349.258 -154.44147 -11.491935 0
-348.58267 -154.42284 -11.405411 0
-349.16046 -154.05315 -11.404543 0
-346.90738 -154.05402 -11.429309 0
-346.88495 -154.06114 -11.407455 0
-345.09586 -154.00047 -11.403626 0
-349.40897 -153.91235 -11.415309 0
-349.36185 -153.83336 -11.416661 0
-349.09668 -153.86281 -11.464674 0
-349.82172 -153.7341 -11.423859 0
-349.61954 -153.73306 -11.484103 0
-349.55273 -153.77956 -11.477909 0
-349.75357 -153.69096 -11.484982 0
-348.13672 -153.66525 -11.458644 0
-348.077 -153.65717 -11.421329 0
-349.62631 -153.54599 -11.402404 0
-349.19327 -153.49409 -11.432542 0
-349.03815 -153.48094 -11.42792 0
-348.61957 -153.41289 -11.402266 0
-349.14447 -153.32848 -11.452942 0
-349.05496 -153.35048 -11.439723 0
-349.03598 -153.26683 -11.434782 0
-347.31985 -153.26898 -11.438435 0
-349.04199 -153.047 -11.411951 0
-349.15082 -152.82758 -11.419146 0
-348.78372 -152.78046 -11.443679 0
-347.4278 -152.70955 -11.442963 0
-348.84457 -152.66336 -11.404767 0
-347.32693 -152.68752 -11.440288 0
-346.91357 -152.43767 -11.421526 0
-346.73969 -152.40555 -11.442212 0
-346.16461 -152.41006 -11.414117 0
-345.07861 -152.43031 -11.425822 0
-338.35962 -152.40468 -11.401748 0
-347.32709 -152.35922 -11.409006 0
-344.11243 -152.32909 -11.430324 0
-345.97589 -152.23053 -11.441491 0
-345.7048 -152.27248 -11.457679 0
-345.80435 -152.17949 -11.408642 0
-344.35516 -152.07748 -11.439652 0
-344.17905 -152.00633 -11.402089 0
-340.42108 -152.06363 -11.409131 0
-347.11862 -151.99934 -11.42977 0
-347.08716 -151.9444 -11.430168 0
-344.44626 -151.99821 -11.49007 0
-344.31607 -151.647 -11.403908 0
-343.90091 -151.53951 -11.475536 0
-344.21207 -151.40846 -11.428428 0
-344.37866 -151.32301 -11.408376 0
-344.28711 -151.39828 -11.470435 0
-344.30356 -151.27876 -11.462012 0
-343.7522 -151.18237 -11.457733 0
-343.63538 -151.03781 -11.461813 0
-343.54163 -151.07706 -11.463744 0
-344.37277 -150.93138 -11.45496 0
-343.88879 -150.98557 -11.468405 0
-343.63968 -150.98132 -11.438801 0
-343.99649 -150.88695 -11.40857 0
-343.81976 -150.80084 -11.492331 0
-341.31818 -239.23291 -11.375371 0
-329.74615 -222.96352 -11.375285 0
-333.49283 -216.933 -11.347247 0
-333.49603 -215.39021 -11.387838 0
-339.62231 -201.80605 -11.37359 0
-344.49759 -197.59003 -11.301803 0
-346.90277 -196.81908 -11.31678 0
-346.6405 -196.73668 -11.316979 0
-346.08652 -196.10376 -11.390187 0
-345.59583 -194.9984 -11.31597 0
-346.36642 -194.29437 -11.33695 0
-346.87695 -194.11086 -11.304024 0
-346.44461 -193.84941 -11.389688 0
-346.11514 -193.58849 -11.345304 0
-344.50116 -193.22711 -11.373803 0
-346.60846 -193.10432 -11.319727 0
-346.51108 -193.1622 -11.333478 0
-345.07471 -192.87668 -11.359939 0
-345.39844 -192.59358 -11.361898 0
-344.86398 -192.00497 -11.356706 0
-345.14716 -191.7263 -11.346928 0
-344.86673 -191.79659 -11.336295 0
-344.62387 -191.69783 -11.356414 0
-345.88669 -191.07916 -11.324875 0
-347.62772 -190.90659 -11.315678 0
-347.52948 -190.87738 -11.352148 0
-347.49609 -190.54324 -11.338165 0
-347.37949 -190.44672 -11.35408 0
-347.33432 -190.16153 -11.395014 0
-347.22366 -190.13737 -11.326337 0
-346.8439 -190.00034 -11.369473 0
-346.67102 -190.01816 -11.343133 0
-347.23471 -189.97266 -11.366864 0
-346.77673 -189.6787 -11.376722 0
-347.13824 -188.93954 -11.349281 0
-347.19669 -188.70982 -11.319417 0
-347.05011 -188.65877 -11.37076 0
-346.56216 -188.22017 -11.334811 0
-347.16739 -188.18085 -11.318233 0
-346.73032 -188.1902 -11.370671 0
-347.89062 -187.30724 -11.319609 0
-347.69162 -187.34453 -11.309381 0
-346.15271 -186.85576 -11.38683 0
-347.39786 -185.57118 -11.352029 0
-348.27524 -185.4265 -11.368515 0
-346.42145 -185.42313 -11.387422 0
-348.88303 -185.03098 -11.334368 0
-349.15256 -184.37007 -11.306726 0
-348.95105 -184.30687 -11.397094 0
-348.28711 -183.77895 -11.38685 0
-349.52628 -183.62263 -11.374127 0
-348.8176 -183.65688 -11.37299 0
-348.63065 -183.32822 -11.310993 0
-349.13199 -183.09003 -11.355211 0
-348.7916 -183.00349 -11.389517 0
-348.56122 -183.03905 -11.380174 0
-348.19577 -183.03416 -11.3013 0
-349.34573 -182.95938 -11.381505 0
-348.47067 -182.64458 -11.390727 0
-349.66675 -182.47606 -11.372334 0
-348.42999 -182.4138 -11.347023 0
-349.40485 -182.15462 -11.397637 0
-349.60837 -181.97499 -11.30646 0
-347.73538 -181.97629 -11.362074 0
-349.55392 -181.71362 -11.367101 0
-349.41684 -181.79572 -11.312513 0
-349.21024 -181.64395 -11.311695 0
-349.41492 -181.31187 -11.325636 0
-347.98886 -181.34433 -11.369682 0
-347.71899 -181.12723 -11.334287 0
-349.2572 -180.45103 -11.351262 0
-348.95389 -180.28929 -11.350047 0
-348.35709 -180.12128 -11.373557 0
-348.33136 -179.93063 -11.367996 0
-348.3613 -179.38541 -11.364949 0
-349.40842 -179.23628 -11.391613 0
-349.37039 -179.12515 -11.398475 0
-349.3833 -179.06157 -11.368616 0
-348.24506 -178.3925 -11.333511 0
-349.11307 -178.24382 -11.385256 0
-349.20941 -178.00899 -11.311659 0
-348.82034 -177.83228 -11.373964 0
-348.4295 -177.54008 -11.302023 0
-348.17578 -177.2534 -11.358064 0
-348.56934 -177.16444 -11.369214 0
-348.79938 -177.08249 -11.326917 0
-348.69547 -177.07712 -11.375525 0
-346.07562 -177.08665 -11.381756 0
-348.77844 -176.95052 -11.388963 0
-348.34506 -176.94461 -11.366477 0
-346.78275 -176.9637 -11.38454 0
-348.43408 -176.82031 -11.387984 0
-348.43585 -176.77116 -11.386683 0
-347.79129 -176.76122 -11.392314 0
-346.78363 -176.7847 -11.393235 0
-348.5885 -176.69357 -11.399386 0
-346.7814 -176.5593 -11.313059 0
-347.15585 -176.33813 -11.327801 0
-347.44189 -176.22716 -11.348564 0
-347.49097 -176.15714 -11.373541 0
-348.1972 -176.09818 -11.330839 0
-345.86548 -176.08031 -11.306795 0
-347.81604 -175.76009 -11.341597 0
-348.46161 -175.18027 -11.317703 0
-348.58899 -174.62775 -11.318167 0
-347.00485 -174.45667 -11.388928 0
-348.56131 -174.397 -11.361403 0
-348.11789 -174.11063 -11.364092 0
-347.3114 -173.64445 -11.328532 0
-347.34674 -173.5883 -11.335723 0
-347.78296 -173.31767 -11.383854 0
-347.66611 -173.23912 -11.380213 0
-347.83966 -172.92662 -11.370254 0
-347.35138 -172.97021 -11.396317 0
-347.90326 -172.80209 -11.36594 0
-347.88596 -172.86313 -11.368914 0
-343.67847 -172.88477 -11.386708 0
-347.93246 -172.78926 -11.326938 0
-347.81757 -172.62985 -11.398873 0
-349.20654 -172.34343 -11.355746 0
-349.62485 -172.20792 -11.345406 0
-347.89856 -172.0105 -11.354876 0
-348.45377 -171.80373 -11.332704 0
-347.9122 -171.66309 -11.349348 0
-347.9155 -171.56851 -11.372556 0
-349.32617 -171.34869 -11.350809 0
-349.34982 -171.19211 -11.348052 0
-349.66992 -171.0305 -11.398377 0
-349.6597 -170.89912 -11.376502 0
-344.16031 -170.30341 -11.378365 0
-346.84012 -169.57179 -11.358845 0
-349.78619 -168.15047 -11.321898 0
-349.95355 -166.7717 -11.320044 0
-349.88977 -166.72108 -11.315875 0
-349.43347 -166.31802 -11.308413 0
-348.95822 -163.10168 -11.383753 0
-349.61969 -162.98444 -11.39181 0
-349.81628 -162.1973 -11.31166 0
-349.93735 -161.90608 -11.353743 0
-349.83798 -161.93526 -11.332676 0
-347.38409 -161.83975 -11.397046 0
-349.93967 -161.58524 -11.367579 0
-349.5856 -161.37877 -11.328882 0
-348.9021 -160.87288 -11.387648 0
-349.58875 -160.12575 -11.324838 0
-348.71439 -160.18407 -11.371195 0
-348.63687 -158.112 -11.385343 0
-349.84756 -157.68951 -11.317382 0
-349.40707 -157.52841 -11.314262 0
-349.2529 -157.58359 -11.361311 0
-349.85629 -157.37947 -11.321461 0
-349.77197 -156.37802 -11.374239 0
-349.79385 -155.97475 -11.367922 0
-349.24591 -155.14297 -11.382854 0
-349.5795 -155.0864 -11.396562 0
-349.20837 -155.04997 -11.383737 0
-346.01138 -155.01912 -11.342389 0
-349.52832 -154.87199 -11.389583 0
-349.27661 -154.84308 -11.316442 0
-349.1275 -154.73146 -11.389761 0
-349.90054 -154.6837 -11.308215 0
-349.97302 -154.56494 -11.334227 0
-349.96164 -154.46748 -11.356625 0
-349.49249 -154.16901 -11.363012 0
-348.42502 -154.19783 -11.362575 0
-346.92038 -154.0352 -11.397995 0
-349.73737 -153.92107 -11.37865 0
-349.67105 -153.81422 -11.313636 0
-349.87979 -153.75385 -11.37743 0
-349.71341 -153.77965 -11.390246 0
-349.7605 -153.62537 -11.360882 0
-349.64914 -153.67955 -11.398394 0
-349.50146 -153.66959 -11.393136 0
-349.45273 -153.56274 -11.372857 0
-333.73712 -153.5508 -11.325932 0
-346.19693 -153.49565 -11.311412 0
-349.28256 -153.37352 -11.352161 0
-349.15332 -153.32498 -11.347229 0
-349.09042 -153.28999 -11.396904 0
-349.03772 -153.16861 -11.310047 0
-348.88113 -153.14745 -11.381983 0
-349.25107 -153.01981 -11.317364 0
-349.06165 -153.07869 -11.384066 0
-349.0632 -152.91576 -11.364007 0
-348.95697 -152.9281 -11.327667 0
-349.28348 -152.84813 -11.309907 0
-348.98526 -152.89699 -11.319073 0
-348.7952 -152.80934 -11.391257 0
-349.04941 -152.73854 -11.305724 0
-348.9176 -152.75821 -11.307819 0
-348.68002 -152.74905 -11.318951 0
-347.64764 -152.60703 -11.399814 0
-346.38406 -152.67805 -11.310474 0
-344.38333 -152.69623 -11.39255 0
-346.3045 -152.59335 -11.302505 0
-346.13403 -152.506 -11.308017 0
-346.34851 -152.49637 -11.309707 0
-346.22607 -152.49342 -11.312454 0
-345.64679 -152.49913 -11.343568 0
-345.56976 -152.4267 -11.353456 0
-346.70969 -152.32401 -11.314942 0
-346.05554 -152.22684 -11.368133 0
-345.8707 -152.24786 -11.383725 0
-347.13663 -152.16113 -11.354603 0
-345.32779 -152.10458 -11.304551 0
-347.10141 -152.0504 -11.397068 0
-344.94821 -152.02925 -11.317772 0
-344.73874 -152.0618 -11.362149 0
-344.84726 -151.99106 -11.334081 0
-344.28204 -151.90271 -11.354252 0
-344.17407 -151.61848 -11.387486 0
-344.10773 -151.32677 -11.315195 0
-344.54953 -151.28662 -11.393176 0
-344.43158 -151.2644 -11.304142 0
-344.71262 -151.14667 -11.340926 0
-344.50372 -151.11392 -11.300959 0
-344.27905 -151.15555 -11.360681 0
-343.59314 -151.07381 -11.347493 0
-343.98468 -150.99942 -11.350796 0
-343.84378 -150.96736 -11.30267 0
-343.79572 -150.96194 -11.334869 0
-338.18106 -150.83694 -11.399814 0
-344.91745 -150.67561 -11.340226 0
-343.27316 -150.61427 -11.346945 0
-340.59259 -150.09541 -11.319503 0
-341.62317 -239.72893 -11.298457 0
-337.32407 -208.60367 -11.214458 0
-340.12094 -199.606 -11.25081 0
-346.70059 -196.91846 -11.266026 0
-346.68521 -196.84116 -11.296577 0
-345.94846 -196.35109 -11.235096 0
-346.11905 -196.06165 -11.240303 0
-345.96066 -195.90138 -11.229509 0
-346.1478 -195.83734 -11.235205 0
-346.07156 -195.68333 -11.241183 0
-346.11139 -194.97946 -11.271502 0
-346.83716 -194.37274 -11.290434 0
-346.54559 -194.24446 -11.264765 0
-347.15857 -194.07097 -11.212188 0
-347.42667 -193.97363 -11.292566 0
-347.37302 -193.95218 -11.28624 0
-347.45392 -193.88409 -11.22292 0
-342.99121 -193.86403 -11.216641 0
-346.08258 -193.77533 -11.299687 0
-342.83597 -193.70288 -11.246661 0
-345.02606 -193.67406 -11.202047 0
-346.73395 -193.47786 -11.218264 0
-345.33759 -193.11981 -11.216245 0
-346.30386 -193.01265 -11.213397 0
-345.28253 -192.70236 -11.228448 0
-343.53589 -192.34407 -11.261545 0
-344.94409 -192.21535 -11.273499 0
-346.97131 -191.91136 -11.235875 0
-344.9061 -191.97372 -11.29705 0
-347.05661 -191.57825 -11.271288 0
-347.5415 -190.91096 -11.286323 0
-347.60464 -190.79974 -11.254288 0
-347.30429 -190.19083 -11.277978 0
-343.09616 -190.19574 -11.236169 0
-347.11584 -189.92021 -11.22034 0
-348.03763 -189.76917 -11.22883 0
-347.16843 -189.61906 -11.225634 0
-347.94217 -189.52428 -11.249475 0
-347.05746 -189.52951 -11.227448 0
-347.02884 -189.38148 -11.28149 0
-347.17957 -189.23518 -11.28932 0
-347.03806 -189.22551 -11.265669 0
-347.09637 -189.05878 -11.254719 0
-347.21988 -188.76842 -11.254239 0
-346.99152 -188.24242 -11.263953 0
-347.9855 -187.74445 -11.272168 0
-346.94754 -187.76498 -11.279471 0
-346.20953 -186.53125 -11.29481 0
-347.85379 -184.78528 -11.234687 0
-347.87979 -184.18597 -11.206281 0
-348.61365 -184.08252 -11.219727 0
-348.84531 -183.7459 -11.268945 0
-348.79736 -183.77724 -11.28718 0
-348.61426 -183.76056 -11.226993 0
-347.70972 -183.7692 -11.233953 0
-347.19443 -183.36293 -11.264378 0
-349.1698 -181.64774 -11.291875 0
-349.22418 -181.50049 -11.278878 0
-348.57086 -181.41295 -11.255992 0
-349.52704 -181.32489 -11.240517 0
-348.34717 -181.31956 -11.245595 0
-349.53006 -181.25809 -11.251895 0
-349.18939 -181.209 -11.291575 0
-348.77444 -181.26775 -11.268442 0
-349.33511 -180.99147 -11.247903 0
-349.47745 -180.84166 -11.211834 0
-349.10349 -180.6981 -11.278528 0
-349.47717 -180.55072 -11.217182 0
-347.5835 -180.08919 -11.264171 0
-348.24774 -179.93021 -11.205796 0
-347.25281 -179.60115 -11.294606 0
-347.19376 -179.6494 -11.249519 0
-349.98343 -179.59425 -11.234076 0
-349.80765 -179.41971 -11.283806 0
-349.74649 -179.33197 -11.284079 0
-348.76169 -179.37997 -11.289821 0
-347.18073 -179.38293 -11.222439 0
-349.83481 -179.20821 -11.286179 0
-349.92001 -179.02968 -11.295927 0
-348.93375 -178.40279 -11.252394 0
-348.91281 -178.3517 -11.257992 0
-348.78134 -178.34734 -11.253155 0
-347.6958 -177.90552 -11.258397 0
-346.89917 -177.79735 -11.200782 0
-348.60391 -176.8544 -11.217708 0
-348.56555 -176.82921 -11.297851 0
-349.45453 -176.74339 -11.234751 0
-347.94067 -176.66307 -11.240426 0
-348.18506 -176.57787 -11.226008 0
-348.32559 -176.41154 -11.298395 0
-348.15659 -176.48412 -11.252789 0
-347.97934 -176.40295 -11.23327 0
-348.17346 -176.23074 -11.236186 0
-345.49646 -176.28526 -11.274785 0
-348.81836 -176.10779 -11.22321 0
-349.39777 -176.00696 -11.277719 0
-349.2933 -175.9055 -11.23707 0
-349.03708 -175.27975 -11.280613 0
-347.69666 -175.13142 -11.26607 0
-348.32806 -174.91479 -11.252456 0
-348.23407 -174.69089 -11.293599 0
-348.64243 -174.46513 -11.250233 0
-348.43182 -174.40808 -11.285095 0
-348.56305 -174.15717 -11.248388 0
-347.73962 -174.17438 -11.289865 0
-344.42447 -173.96742 -11.248068 0
-343.89334 -173.80591 -11.29119 0
-347.5668 -173.51894 -11.273248 0
-347.49353 -173.5027 -11.212715 0
-344.50745 -173.38879 -11.246744 0
-345.74271 -173.17899 -11.206318 0
-347.30707 -172.90796 -11.296337 0
-345.81216 -172.90765 -11.245367 0
-345.72256 -172.90424 -11.239063 0
-347.84927 -172.89261 -11.218975 0
-348.52853 -172.55821 -11.223616 0
-349.34378 -172.3252 -11.224357 0
-349.72229 -172.25082 -11.260061 0
-347.82269 -172.25948 -11.272063 0
-349.55295 -172.1586 -11.245156 0
-349.3255 -172.04596 -11.272772 0
-349.26709 -172.08205 -11.292344 0
-349.11298 -171.92809 -11.231168 0
-347.82361 -171.93654 -11.252485 0
-343.98373 -171.60081 -11.215936 0
-347.76276 -171.59138 -11.245926 0
-343.50735 -171.50188 -11.219146 0
-349.78607 -171.01057 -11.29141 0
-349.45023 -170.03323 -11.292701 0
-348.61392 -168.7697 -11.248987 0
-348.49579 -166.58026 -11.298324 0
-349.38782 -166.39134 -11.230451 0
-349.9079 -163.62915 -11.299523 0
-349.40994 -163.43852 -11.242622 0
-348.73172 -162.80669 -11.242781 0
-349.66068 -162.50636 -11.285292 0
-349.64154 -162.22237 -11.245773 0
-349.746 -162.11789 -11.271764 0
-349.6123 -162.05347 -11.248013 0
-349.22098 -161.85922 -11.239888 0
-349.81613 -160.45807 -11.25833 0
-347.98987 -160.36319 -11.229019 0
-346.6954 -159.06755 -11.297646 0
-348.73587 -158.19611 -11.275555 0
-349.25443 -157.92233 -11.294308 0
-343.91824 -157.95027 -11.252085 0
-349.42975 -157.38039 -11.212771 0
-347.47043 -156.4357 -11.210189 0
-349.3356 -156.04568 -11.245974 0
-343.04333 -154.6142 -11.248337 0
-349.98035 -154.48228 -11.232918 0
-349.90021 -154.38503 -11.285739 0
-349.6496 -153.82207 -11.250401 0
-349.44409 -153.86465 -11.295159 0
-348.70712 -153.85912 -11.28737 0
-348.85068 -153.69873 -11.218704 0
-348.41678 -153.66051 -11.240783 0
-349.16257 -153.52054 -11.296971 0
-348.96735 -153.27884 -11.269454 0
-347.99023 -153.23956 -11.298224 0
-348.98395 -153.12526 -11.292606 0
-347.948 -153.17937 -11.214142 0
-347.4859 -153.1212 -11.210534 0
-338.00363 -153.16325 -11.298356 0
-346.04947 -153.00743 -11.239762 0
-349.07068 -152.87598 -11.295356 0
-348.20761 -152.82275 -11.27464 0
-347.71271 -152.88214 -11.278505 0
-346.51306 -152.81535 -11.213598 0
-346.25934 -152.80127 -11.287343 0
-348.99725 -152.78304 -11.29702 0
-348.81976 -152.74377 -11.277508 0
-347.30307 -152.76691 -11.295825 0
-346.7948 -152.67625 -11.28748 0
-346.13348 -152.53807 -11.216669 0
-345.21844 -152.58366 -11.229449 0
-347.26709 -152.40244 -11.284117 0
-347.17056 -152.43791 -11.231302 0
-347.03418 -152.48524 -11.233908 0
-346.36697 -152.49719 -11.295015 0
-346.05353 -152.42703 -11.281206 0
-345.91049 -152.47989 -11.200754 0
-347.34485 -152.34204 -11.250215 0
-346.92987 -152.37589 -11.275939 0
-346.83231 -152.33543 -11.287918 0
-346.7356 -152.30579 -11.226879 0
-344.68805 -152.3403 -11.238339 0
-346.80826 -152.20822 -11.215087 0
-346.10986 -152.21066 -11.232921 0
-345.72723 -152.24809 -11.281304 0
-345.40527 -152.25317 -11.268332 0
-347.35181 -152.10948 -11.286575 0
-347.17093 -152.14937 -11.290808 0
-345.77505 -152.11238 -11.218507 0
-345.61459 -152.15697 -11.279212 0
-345.59552 -152.1938 -11.239894 0
-344.53375 -151.82416 -11.222122 0
-344.7287 -151.77919 -11.259301 0
-344.4292 -151.53122 -11.224256 0
-344.41687 -151.14514 -11.229364 0
-343.83041 -151.11194 -11.215283 0
-343.92297 -151.05038 -11.273024 0
-343.74573 -151.00441 -11.268616 0
-343.46445 -150.9648 -11.290689 0
-343.14685 -150.84593 -11.203412 0
-344.67871 -150.65987 -11.240053 0
-343.95499 -150.66827 -11.242377 0
-343.32651 -150.67813 -11.259656 0
-343.48672 -150.50417 -11.2551 0
-343.43216 -150.32066 -11.288707 0
-338.4371 -246.30327 -11.151912 0
-336.58713 -211.32353 -11.198647 0
-335.57324 -211.17346 -11.136999 0
-334.65067 -207.27205 -11.157795 0
-346.84512 -196.73941 -11.106199 0
-346.745 -196.62544 -11.128711 0
-344.75 -196.6855 -11.180958 0
-346.33337 -196.58484 -11.12042 0
-346.51965 -196.38522 -11.18338 0
-346.15451 -195.75082 -11.162148 0
-345.87601 -194.65334 -11.187646 0
-347.13141 -194.35902 -11.115538 0
-346.48697 -194.3564 -11.197205 0
-346.70956 -193.81013 -11.197266 0
-345.63058 -193.65118 -11.184604 0
-346.06799 -193.19386 -11.153256 0
-345.49554 -192.80603 -11.166645 0
-344.3548 -192.15567 -11.161136 0
-346.96729 -191.89894 -11.142908 0
-346.97714 -191.34578 -11.132403 0
-346.79144 -190.66197 -11.158815 0
-347.47818 -190.51018 -11.135805 0
-347.15027 -190.24303 -11.110353 0
-347.96371 -189.70094 -11.198418 0
-344.71411 -189.58241 -11.193622 0
-346.71008 -189.39781 -11.102284 0
-347.10941 -188.73375 -11.137458 0
-347.39713 -188.3873 -11.161206 0
-347.25339 -188.34479 -11.11192 0
-347.97165 -187.49876 -11.182416 0
-347.88361 -186.78833 -11.148436 0
-347.36722 -186.55936 -11.123835 0
-347.84061 -185.76198 -11.164649 0
-346.50403 -185.28564 -11.146278 0
-348.47971 -184.83524 -11.118233 0
-348.51367 -184.41826 -11.154461 0
-349.05383 -184.36777 -11.187344 0
-348.8385 -184.28557 -11.19311 0
-349.62695 -183.30713 -11.171705 0
-349.03641 -183.18581 -11.171998 0
-349.38715 -183.03433 -11.124952 0
-349.09735 -183.08827 -11.177866 0
-349.78253 -182.64963 -11.163502 0
-349.24258 -182.61867 -11.140056 0
-349.99506 -182.0658 -11.104197 0
-349.82574 -181.95651 -11.194417 0
-349.51355 -181.95987 -11.101526 0
-349.62393 -181.85776 -11.171624 0
-349.98254 -181.6962 -11.148937 0
-349.08514 -181.69809 -11.167784 0
-349.45392 -181.48323 -11.112381 0
-349.7095 -181.13576 -11.18215 0
-349.08939 -181.16985 -11.187491 0
-347.12201 -181.06444 -11.198951 0
-349.65771 -180.97705 -11.160348 0
-347.92905 -180.95404 -11.177247 0
-349.85696 -180.89372 -11.167327 0
-349.51688 -180.81085 -11.11284 0
-349.44147 -180.87914 -11.135039 0
-348.14618 -180.61104 -11.16445 0
-349.45267 -180.4608 -11.134693 0
-348.23254 -180.11099 -11.160763 0
-349.724 -180.03557 -11.160929 0
-348.28909 -179.96857 -11.140277 0
-347.83893 -179.55197 -11.1547 0
-349.03192 -179.23413 -11.130219 0
-349.35617 -179.07925 -11.164563 0
-349.2453 -179.07205 -11.160997 0
-349.08157 -179.09871 -11.148521 0
-349.05392 -178.98404 -11.142543 0
-348.69272 -178.98714 -11.177163 0
-349.39178 -178.87123 -11.171679 0
-348.72775 -178.65791 -11.108355 0
-348.67889 -178.6855 -11.172234 0
-347.74957 -178.51831 -11.18015 0
-348.75577 -178.33875 -11.17169 0
-348.77261 -178.12318 -11.156797 0
-345.86417 -177.86127 -11.134048 0
-348.43286 -177.61063 -11.11307 0
-347.98892 -177.67744 -11.127966 0
-348.32715 -177.27765 -11.149009 0
-348.24374 -176.68869 -11.151941 0
-348.16986 -176.6259 -11.179851 0
-348.23975 -176.58453 -11.157002 0
-348.2514 -176.03789 -11.172729 0
-347.87976 -175.19185 -11.156272 0
-348.62616 -174.58954 -11.134434 0
-348.207 -174.48486 -11.189014 0
-348.75369 -174.39676 -11.177248 0
-346.23492 -174.3736 -11.157694 0
-347.25412 -174.29938 -11.19444 0
-347.0448 -173.90065 -11.185552 0
-346.9184 -173.90445 -11.185653 0
-345.6582 -173.97002 -11.173704 0
-345.44861 -173.94649 -11.17619 0
-347.4342 -173.8588 -11.113672 0
-345.14517 -173.40392 -11.184532 0
-347.45633 -173.22478 -11.153678 0
-346.84232 -173.28958 -11.124557 0
-345.10892 -173.27042 -11.192612 0
-347.371 -173.15157 -11.152382 0
-347.47995 -173.09587 -11.17085 0
-349.42487 -172.4321 -11.120305 0
-346.34415 -172.30603 -11.19243 0
-349.85425 -172.29993 -11.14559 0
-348.92386 -172.21246 -11.137088 0
-349.81046 -172.19833 -11.141204 0
-349.76755 -172.11345 -11.112542 0
-349.43237 -172.19177 -11.104158 0
-349.1524 -172.02502 -11.128945 0
-349.01657 -171.74294 -11.13344 0
-348.16821 -171.70113 -11.168278 0
-348.0296 -171.63426 -11.164944 0
-348.38464 -171.57474 -11.199316 0
-349.95816 -171.45898 -11.128292 0
-347.89807 -171.24117 -11.181293 0
-349.36642 -171.05888 -11.101212 0
-345.06165 -170.36655 -11.146467 0
-346.78519 -170.24197 -11.196133 0
-349.85345 -167.03955 -11.130186 0
-348.80991 -166.64709 -11.153262 0
-349.06528 -165.98604 -11.195091 0
-349.47272 -163.95003 -11.14263 0
-349.98773 -162.09973 -11.176505 0
-349.952 -161.71298 -11.105999 0
-348.6611 -160.34456 -11.152153 0
-346.24609 -160.24237 -11.191801 0
-349.04617 -158.9017 -11.110367 0
-349.93015 -158.836 -11.120231 0
-348.76724 -158.4949 -11.157156 0
-347.58722 -157.53168 -11.114205 0
-348.39383 -157.34494 -11.182437 0
-348.2583 -156.48085 -11.105915 0
-349.91064 -155.72969 -11.150732 0
-348.33032 -155.70567 -11.108956 0
-349.43454 -155.53506 -11.15486 0
-340.45322 -155.5428 -11.199805 0
-349.53143 -155.07401 -11.16041 0
-349.86353 -154.86206 -11.168906 0
-348.16449 -154.87381 -11.177627 0
-348.51175 -154.2352 -11.158736 0
-349.58463 -154.09663 -11.178585 0
-349.04028 -153.95764 -11.165169 0
-349.91754 -153.82071 -11.178802 0
-349.56729 -153.87025 -11.138838 0
-349.2601 -153.89128 -11.171868 0
-349.7092 -153.75841 -11.14211 0
-349.49332 -153.76624 -11.108508 0
-349.31622 -153.69757 -11.150954 0
-348.32553 -153.69713 -11.103691 0
-348.90073 -153.40619 -11.137324 0
-348.78497 -153.33745 -11.128549 0
-348.81955 -153.28746 -11.126025 0
-348.77109 -153.21468 -11.116797 0
-347.54568 -153.14746 -11.120783 0
-344.58423 -153.12221 -11.1544 0
-349.27335 -153.08244 -11.188991 0
-349.16196 -153.09706 -11.163608 0
-349.05963 -153.02989 -11.137233 0
-348.99731 -153.07957 -11.122032 0
-349.12708 -152.98871 -11.126037 0
-348.7627 -152.91031 -11.173111 0
-347.95096 -152.95021 -11.13666 0
-345.81396 -152.9724 -11.1752 0
-349.08612 -152.86359 -11.139423 0
-348.96851 -152.85133 -11.142231 0
-346.71167 -152.85376 -11.167496 0
-348.75623 -152.76813 -11.157331 0
-346.4447 -152.62016 -11.126683 0
-345.17267 -152.58066 -11.146303 0
-345.06464 -152.48309 -11.15926 0
-347.57785 -152.38513 -11.178183 0
-346.97449 -152.38588 -11.195401 0
-345.94046 -152.25032 -11.166297 0
-347.00629 -152.16713 -11.146036 0
-345.78232 -152.18309 -11.118625 0
-344.70865 -152.1033 -11.103404 0
-344.45389 -151.74069 -11.185066 0
-344.35217 -151.65213 -11.188767 0
-344.55191 -151.58299 -11.108966 0
-344.71881 -150.6167 -11.197948 0
-344.36612 -150.68222 -11.130901 0
-343.8895 -150.67491 -11.133832 0
-343.64444 -150.63109 -11.10467 0
-343.51126 -150.38727 -11.140392 0
-343.36792 -150.26523 -11.103205 0
-343.4957 -150.19928 -11.105106 0
-329.69177 -223.18098 -11.028526 0
-336.65738 -210.44597 -11.086414 0
-336.60068 -210.31311 -11.082238 0
-334.53732 -209.10924 -11.042166 0
-339.3046 -201.17076 -11.003126 0
-339.75891 -200.73756 -11.034763 0
-339.5029 -200.49112 -11.018283 0
-345.55798 -196.86452 -11.07214 0
-346.92325 -196.47993 -11.033882 0
-346.33228 -196.06255 -11.022841 0
-346.58716 -194.6373 -11.099515 0
-346.39484 -194.25487 -11.069416 0
-346.57098 -193.87393 -11.026937 0
-347.10522 -191.605 -11.085735 0
-347.17953 -190.40544 -11.087081 0
-347.07126 -190.20265 -11.080881 0
-347.83099 -189.93295 -11.003745 0
-347.772 -189.96477 -11.096546 0
-346.50696 -189.87885 -11.091456 0
-346.2923 -189.60698 -11.013019 0
-346.07373 -188.33319 -11.054008 0
-348.09927 -187.59854 -11.099249 0
-347.60406 -187.4001 -11.034122 0
-347.54922 -187.36749 -11.08064 0
-347.33447 -187.39157 -11.061194 0
-347.45697 -187.13789 -11.08633 0
-347.15967 -187.12245 -11.044353 0
-346.84018 -187.12485 -11.040561 0
-345.4812 -187.13744 -11.048604 0
-347.51596 -187.07515 -11.055291 0
-345.67361 -187.01199 -11.00489 0
-347.47263 -186.44275 -11.005994 0
-345.15985 -186.12975 -11.052307 0
-347.4447 -185.38547 -11.021091 0
-347.45474 -184.96216 -11.078196 0
-349.35852 -184.84239 -11.09996 0
-348.59644 -184.39839 -11.008146 0
-349.26233 -183.65613 -11.022585 0
-349.26782 -183.20073 -11.056962 0
-349.49304 -180.96881 -11.009952 0
-349.6008 -180.83601 -11.020308 0
-349.05341 -180.73918 -11.00932 0
-349.51324 -180.68851 -11.034642 0
-348.96487 -180.53528 -11.021656 0
-348.47012 -180.38319 -11.021583 0
-349.61536 -180.17276 -11.021334 0
-347.98178 -180.17262 -11.009968 0
-347.84369 -179.96317 -11.024722 0
-347.77652 -179.81076 -11.08866 0
-349.8457 -179.33429 -11.088195 0
-349.98495 -179.28638 -11.025445 0
-349.58917 -179.13803 -11.023807 0
-349.19812 -179.11961 -11.034306 0
-349.0343 -178.82065 -11.079412 0
-346.47272 -178.70297 -11.095702 0
-348.57196 -178.61201 -11.07429 0
-348.90817 -178.48665 -11.030332 0
-349.00677 -178.08226 -11.004104 0
-348.66232 -178.09778 -11.046298 0
-348.18573 -177.8808 -11.079506 0
-347.25894 -177.30713 -11.056752 0
-348.79419 -177.19353 -11.009291 0
-347.52271 -177.16676 -11.052182 0
-347.68607 -177.03357 -11.077202 0
-347.57196 -176.97737 -11.074198 0
-348.50424 -176.70735 -11.019978 0
-348.14008 -176.13066 -11.064625 0
-344.70071 -175.66801 -11.084991 0
-347.04028 -175.47832 -11.045912 0
-348.64532 -175.36835 -11.049143 0
-348.35617 -175.32172 -11.011812 0
-348.0806 -175.39627 -11.099698 0
-348.56323 -175.28671 -11.015656 0
-348.3093 -175.26111 -11.064942 0
-348.12479 -175.25931 -11.078724 0
-348.34384 -175.13431 -11.009064 0
-348.06714 -175.13329 -11.066519 0
-348.46924 -175.06616 -11.078235 0
-348.36261 -175.01051 -11.093288 0
-347.75824 -174.64128 -11.050471 0
-347.51532 -174.69008 -11.049834 0
-348.14679 -174.29871 -11.007272 0
-347.31058 -173.9397 -11.081617 0
-347.68817 -173.64598 -11.00502 0
-347.7543 -173.12167 -11.040698 0
-347.35468 -172.90549 -11.050126 0
-347.88602 -172.7588 -11.027191 0
-347.74637 -172.73335 -11.075606 0
-349.61011 -172.60896 -11.001187 0
-347.67014 -172.59854 -11.06637 0
-342.39517 -172.54794 -11.043035 0
-349.39767 -172.35703 -11.000594 0
-346.02136 -172.20065 -11.031045 0
-349.44562 -172.13751 -11.029803 0
-346.11469 -172.10822 -11.051651 0
-349.60593 -172.0764 -11.027732 0
-349.55276 -172.04112 -11.013041 0
-349.41223 -172.05739 -11.03944 0
-349.15082 -171.92451 -11.098929 0
-349.09595 -171.72806 -11.071521 0
-349.85043 -171.43085 -11.056602 0
-348.59204 -171.42937 -11.037235 0
-341.19626 -171.41418 -11.095676 0
-349.13596 -171.31845 -11.061842 0
-349.43466 -171.03094 -11.080801 0
-349.34616 -171.06676 -11.012367 0
-344.91623 -170.59753 -11.093235 0
-349.95319 -169.47624 -11.037105 0
-349.99442 -168.70795 -11.031925 0
-348.74594 -167.07936 -11.079906 0
-349.18683 -166.83109 -11.020469 0
-348.62094 -166.52753 -11.029924 0
-349.54736 -164.5556 -11.061911 0
-349.89453 -162.9034 -11.024393 0
-346.89542 -162.66228 -11.065258 0
-349.83246 -159.70227 -11.007565 0
-349.62561 -159.50662 -11.083028 0
-349.94217 -159.34749 -11.069973 0
-349.77347 -159.0219 -11.096511 0
-346.18494 -159.01163 -11.034063 0
-348.27689 -156.94113 -11.099637 0
-347.66544 -155.93239 -11.066345 0
-347.5817 -155.91594 -11.068235 0
-347.53827 -155.86751 -11.068977 0
-349.93741 -154.50769 -11.052558 0
-349.98196 -154.46054 -11.016902 0
-349.82877 -154.46088 -11.051491 0
-349.39114 -153.92511 -11.031137 0
-349.10623 -153.92908 -11.045416 0
-349.29205 -153.83643 -11.017344 0
-349.68536 -153.73117 -11.01556 0
-349.30191 -153.74315 -11.002094 0
-349.70685 -153.62108 -11.007121 0
-349.35278 -153.69363 -11.08759 0
-333.68399 -153.47427 -11.050205 0
-348.45975 -153.23088 -11.016906 0
-346.90631 -153.2961 -11.064458 0
-349.30508 -153.18669 -11.044145 0
-347.79684 -153.14804 -11.042688 0
-347.44849 -153.10413 -11.056732 0
-345.63821 -153.17529 -11.057427 0
-348.30139 -153.00192 -11.038706 0
-348.2514 -153.03627 -11.054789 0
-345.77057 -153.09769 -11.001701 0
-348.63895 -152.90419 -11.064268 0
-347.25919 -152.91573 -11.098711 0
-348.85605 -152.8685 -11.086353 0
-347.095 -152.6889 -11.073099 0
-346.93518 -152.35579 -11.091909 0
-346.30685 -152.36006 -11.080554 0
-344.34305 -152.3488 -11.03367 0
-347.36386 -152.25404 -11.044543 0
-347.23346 -152.21806 -11.088293 0
-347.30646 -152.16847 -11.076669 0
-344.13873 -152.12221 -11.092031 0
-344.51584 -152.0735 -11.008296 0
-344.22369 -151.99171 -11.094213 0
-344.09644 -151.52722 -11.099416 0
-343.24768 -151.42815 -11.000832 0
-343.90326 -150.60507 -11.033714 0
-343.83392 -150.556 -11.035388 0
-343.25348 -150.16154 -11.009359 0
-343.2821 -150.0919 -11.042777 0
-338.798 -201.48755 -10.957159 0
-338.73248 -201.31439 -10.977149 0
-345.92487 -197.23199 -10.918593 0
-345.03745 -197.11398 -10.921131 0
-345.38354 -197.03535 -10.91189 0
-345.77414 -196.54149 -10.944187 0
-346.04919 -196.36386 -10.925497 0
-346.26425 -196.00587 -10.990329 0
-345.9791 -195.72566 -10.933066 0
-346.82471 -194.46635 -10.946651 0
-345.97983 -194.45309 -10.982398 0
-344.8237 -194.48669 -10.99913 0
-346.79501 -194.25401 -10.932345 0
-346.41226 -194.08401 -10.921577 0
-346.66971 -193.8387 -10.988784 0
-346.58499 -193.74333 -10.941939 0
-346.82266 -193.60242 -10.926142 0
-346.78226 -193.69592 -10.921668 0
-346.27753 -193.53645 -10.967813 0
-346.18869 -193.59441 -10.931526 0
-345.71609 -193.58545 -10.913079 0
-345.26584 -193.32033 -10.935935 0
-345.10138 -193.3044 -10.947035 0
-345.5556 -192.38762 -10.947601 0
-344.35733 -192.37436 -10.921127 0
-347.51724 -190.48125 -10.918372 0
-347.46545 -190.47148 -10.946578 0
-347.43896 -190.39314 -10.921807 0
-347.57523 -190.00143 -10.93282 0
-347.28296 -189.95366 -10.926748 0
-346.87976 -189.76735 -10.918579 0
-347.14615 -189.02876 -10.900772 0
-347.08414 -188.70641 -10.953537 0
-347.16281 -188.59048 -10.94286 0
-346.42905 -188.2756 -10.915453 0
-346.13806 -188.28984 -10.933215 0
-347.43057 -187.17471 -10.970069 0
-344.69299 -186.27026 -10.972614 0
-347.93686 -186.05655 -10.950467 0
-346.40381 -185.90938 -10.972074 0
-347.34293 -185.33981 -10.929618 0
-347.74005 -185.20102 -10.970007 0
-348.96927 -185.10136 -10.936941 0
-347.517 -185.1926 -10.960811 0
-348.93292 -185.01411 -10.990536 0
-347.6402 -184.8114 -10.921289 0
-349.5238 -184.25781 -10.974176 0
-349.44681 -184.07344 -10.912773 0
-349.36972 -183.95135 -10.971781 0
-349.11716 -183.99228 -10.94979 0
-349.23935 -183.57468 -10.965088 0
-349.57065 -182.92831 -10.908885 0
-349.6915 -182.70831 -10.909716 0
-348.94861 -182.17212 -10.97445 0
-349.79117 -181.92999 -10.982224 0
-349.98721 -181.89479 -10.947852 0
-349.25497 -181.3139 -10.904444 0
-349.65433 -180.97896 -10.96199 0
-349.02173 -180.75432 -10.907895 0
-348.89801 -180.78038 -10.929563 0
-349.58206 -180.68596 -10.967488 0
-347.75366 -180.69315 -10.948763 0
-349.58109 -180.31071 -10.97986 0
-347.60559 -180.30464 -10.974343 0
-349.57053 -180.18652 -10.954505 0
-349.88391 -179.8364 -10.918653 0
-349.69012 -179.66267 -10.966604 0
-349.93265 -179.59543 -10.926542 0
-349.74124 -179.47653 -10.904143 0
-348.94476 -179.46703 -10.908322 0
-349.3801 -179.23477 -10.975831 0
-349.25201 -179.20305 -10.961802 0
-349.1048 -178.98297 -10.928424 0
-349.22141 -178.82376 -10.972717 0
-348.20444 -178.86 -10.945397 0
-349.45258 -178.3007 -10.920872 0
-348.71851 -178.38052 -10.979402 0
-348.56363 -178.39484 -10.974182 0
-348.63412 -178.23544 -10.969609 0
-348.65271 -178.1524 -10.980945 0
-348.51077 -178.14217 -10.950874 0
-349.46112 -177.91034 -10.92848 0
-349.03287 -177.90775 -10.987229 0
-348.06699 -177.9019 -10.982099 0
-349.71072 -177.88057 -10.970619 0
-347.57501 -177.87566 -10.991775 0
-347.89059 -177.75732 -10.933909 0
-348.30374 -177.62556 -10.955097 0
-347.6846 -177.51266 -10.909985 0
-348.43442 -177.43372 -10.98527 0
-348.02582 -176.87923 -10.947034 0
-347.98831 -176.83168 -10.968688 0
-348.23648 -176.69443 -10.970539 0
-347.4585 -176.68686 -10.940284 0
-348.3186 -176.42763 -10.970999 0
-347.80081 -176.34714 -10.967385 0
-347.7673 -176.31168 -10.962704 0
-347.84119 -176.22472 -10.941109 0
-348.05692 -176.1069 -10.900456 0
-347.87256 -176.19392 -10.966741 0
-347.73257 -176.02185 -10.941619 0
-348.12851 -175.83304 -10.99066 0
-347.83871 -175.66887 -10.974665 0
-347.3446 -175.64928 -10.934884 0
-344.61517 -175.68007 -10.966745 0
-347.36322 -175.49152 -10.905058 0
-348.23947 -175.38249 -10.955815 0
-348.66644 -175.23666 -10.938164 0
-344.92731 -175.27928 -10.975636 0
-344.57965 -175.27251 -10.989503 0
-348.74081 -175.10667 -10.922886 0
-348.37457 -175.18776 -10.999193 0
-348.26953 -175.18207 -10.926008 0
-348.508 -175.02975 -10.936921 0
-348.45291 -175.03168 -10.996538 0
-347.59219 -175.0663 -10.975622 0
-347.72891 -174.70879 -10.906172 0
-348.44006 -174.65918 -10.901657 0
-348.17798 -174.61674 -10.970112 0
-348.05087 -174.60953 -10.942963 0
-347.70929 -174.63046 -10.953865 0
-347.21338 -174.64377 -10.900661 0
-347.53244 -174.4278 -10.91035 0
-347.0827 -174.41486 -10.960405 0
-347.03442 -174.37701 -10.964009 0
-348.15714 -174.23967 -10.931748 0
-347.66049 -173.82851 -10.95855 0
-347.79663 -173.72888 -10.911286 0
-347.03598 -173.67059 -10.94327 0
-347.74197 -173.22849 -10.968654 0
-347.43021 -173.27679 -10.994376 0
-347.10678 -173.20073 -10.976803 0
-346.99597 -173.21458 -10.954165 0
-347.8559 -173.01933 -10.974321 0
-347.93369 -172.80359 -10.920903 0
-349.64438 -172.55139 -10.924822 0
-349.9303 -172.47633 -10.98027 0
-349.72498 -172.40527 -10.986651 0
-345.42734 -172.45004 -10.907961 0
-349.76349 -172.33932 -10.943569 0
-349.34738 -172.34273 -10.958966 0
-349.87912 -172.27916 -10.956445 0
-349.77194 -172.21545 -10.991138 0
-347.63861 -171.9697 -10.98086 0
-349.88641 -171.18118 -10.951978 0
-349.64142 -171.12036 -10.948927 0
-343.06271 -171.16913 -10.959373 0
-349.66098 -169.50613 -10.958097 0
-348.96255 -169.41248 -10.927499 0
-349.63824 -168.72899 -10.944218 0
-349.70422 -168.63528 -10.947755 0
-349.99506 -168.47447 -10.904177 0
-348.1832 -167.27512 -10.96154 0
-348.48413 -165.71986 -10.956565 0
-349.43823 -165.52132 -10.98841 0
-349.23865 -164.09004 -10.959595 0
-349.70538 -160.9632 -10.948094 0
-349.32037 -160.6353 -10.97632 0
-349.87646 -159.92569 -10.90311 0
-349.70773 -159.37523 -10.915765 0
-349.47662 -159.00967 -10.970671 0
-349.55902 -158.92439 -10.971706 0
-349.92468 -158.87741 -10.993541 0
-349.25439 -157.99687 -10.909633 0
-349.1947 -157.90858 -10.936983 0
-349.89313 -157.36177 -10.943217 0
-349.63171 -157.35619 -10.922195 0
-347.20856 -155.96754 -10.909863 0
-349.38937 -155.74867 -10.921929 0
-349.39893 -155.5396 -10.927976 0
-349.43494 -154.93945 -10.935429 0
-349.99182 -154.61249 -10.981888 0
-349.06848 -154.41389 -10.944997 0
-349.45749 -154.25487 -10.944068 0
-348.55835 -154.22087 -10.91477 0
-346.98035 -154.28293 -10.912196 0
-349.14435 -154.11005 -10.941913 0
-347.10568 -154.0809 -10.919993 0
-349.61188 -153.93912 -10.958666 0
-349.52734 -153.98134 -10.937957 0
-349.86801 -153.8324 -10.932667 0
-349.83951 -153.75087 -10.958592 0
-347.03531 -153.74828 -10.907914 0
-349.69577 -153.66463 -10.978665 0
-349.56335 -153.61557 -10.917051 0
-349.53738 -153.54608 -10.997242 0
-349.01895 -153.5981 -10.90613 0
-349.09045 -153.42714 -10.976958 0
-348.63007 -153.45125 -10.994376 0
-344.5535 -153.45291 -10.986275 0
-348.53262 -153.36258 -10.95677 0
-348.61938 -153.23369 -10.920752 0
-349.00006 -153.07286 -10.956971 0
-348.91183 -152.93727 -10.973178 0
-348.74216 -152.97844 -10.933399 0
-346.67377 -152.85185 -10.929798 0
-347.25436 -152.73865 -10.979255 0
-346.91385 -152.76373 -10.967801 0
-346.75311 -152.74713 -10.98374 0
-346.36801 -152.79596 -10.973211 0
-345.23993 -152.72417 -10.979982 0
-345.17346 -152.74548 -10.953238 0
-347.24957 -152.61133 -10.943043 0
-348.13425 -152.56897 -10.969556 0
-346.59732 -152.57033 -10.93618 0
-346.92993 -152.44586 -10.949226 0
-347.83905 -152.36629 -10.939281 0
-347.37689 -152.31841 -10.951633 0
-347.3071 -152.20212 -10.972842 0
-346.87198 -152.13188 -10.933862 0
-346.75848 -152.18582 -10.947513 0
-346.97049 -152.0798 -10.979923 0
-344.34955 -152.08948 -10.948728 0
-344.29315 -152.08286 -10.913591 0
-343.30771 -151.84959 -10.911716 0
-343.44937 -151.66406 -10.925625 0
-343.50964 -151.33504 -10.925863 0
-343.09332 -151.21635 -10.981686 0
-343.26251 -150.55096 -10.970087 0
-343.06155 -150.42371 -10.906187 0
-343.43402 -150.2225 -10.948123 0
-343.24103 -150.28181 -10.954161 0
-343.13828 -150.22435 -10.992743 0
-334.20123 -213.38724 -10.873579 0
-336.58051 -210.30479 -10.805237 0
-339.11063 -202.04469 -10.873158 0
-339.78275 -200.71579 -10.867183 0
-345.21362 -197.28519 -10.832747 0
-345.62122 -196.88327 -10.816262 0
-345.37125 -196.83136 -10.854918 0
-345.9472 -196.63637 -10.804796 0
-346.04456 -196.42413 -10.806169 0
-346.13733 -196.39178 -10.819371 0
-344.55615 -196.35583 -10.866146 0
-346.14374 -196.18274 -10.856409 0
-344.35864 -196.19836 -10.890282 0
-346.22406 -196.0609 -10.865069 0
-344.77213 -195.86557 -10.85947 0
-346.05948 -195.68536 -10.895531 0
-344.54724 -195.68784 -10.87765 0
-345.66681 -194.14085 -10.837236 0
-346.75177 -194.01498 -10.835074 0
-346.25327 -193.84372 -10.831697 0
-345.20349 -192.65793 -10.804015 0
-344.58032 -192.50177 -10.880273 0
-345.40704 -192.40952 -10.823595 0
-347.95087 -190.9563 -10.809455 0
-347.85974 -190.91351 -10.831744 0
-347.9205 -190.71416 -10.887603 0
-347.37149 -190.00711 -10.823371 0
-346.58545 -190.05495 -10.804688 0
-347.36887 -189.88052 -10.826921 0
-346.51636 -189.84012 -10.865408 0
-346.3428 -189.80931 -10.827349 0
-347.58459 -189.73924 -10.866525 0
-346.84146 -189.25378 -10.816085 0
-347.10333 -189.08429 -10.872413 0
-347.25 -188.90303 -10.886104 0
-346.11227 -188.52945 -10.822504 0
-346.08658 -188.59232 -10.86837 0
-346.79553 -188.46898 -10.887101 0
-346.27115 -188.4792 -10.865692 0
-345.98361 -188.37708 -10.875154 0
-347.41635 -187.36253 -10.856382 0
-344.7121 -186.26059 -10.839699 0
-347.32275 -185.78699 -10.840213 0
-347.36185 -185.50186 -10.885519 0
-349.41766 -184.43683 -10.831124 0
-349.49963 -184.30757 -10.807336 0
-349.33862 -184.33051 -10.846798 0
-349.4928 -184.10408 -10.815135 0
-349.11423 -184.10515 -10.832779 0
-349.47122 -184.00224 -10.844538 0
-349.24411 -184.09151 -10.838657 0
-349.02029 -184.07722 -10.891019 0
-348.57019 -183.66022 -10.80844 0
-349.66135 -183.29543 -10.856264 0
-349.5928 -183.06775 -10.851669 0
-349.45816 -183.00989 -10.858145 0
-349.42413 -182.62761 -10.869505 0
-349.60361 -182.57999 -10.879292 0
-349.49677 -182.51004 -10.876235 0
-349.37769 -182.57722 -10.896067 0
-349.15158 -182.44366 -10.85645 0
-348.92996 -182.12656 -10.837956 0
-349.384 -182.02583 -10.871584 0
-349.18445 -181.97913 -10.881163 0
-349.04388 -181.90442 -10.869493 0
-349.0108 -181.89207 -10.86657 0
-348.63693 -181.80281 -10.855191 0
-348.52133 -181.41678 -10.886708 0
-348.31317 -181.40347 -10.882193 0
-348.5751 -181.04204 -10.877863 0
-346.5976 -180.84677 -10.851976 0
-346.33276 -180.88548 -10.855986 0
-349.36737 -180.66716 -10.82945 0
-348.99673 -180.6084 -10.830865 0
-349.05457 -180.48375 -10.809465 0
-349.18356 -180.36763 -10.817047 0
-349.46677 -180.15359 -10.846093 0
-349.34991 -180.13849 -10.844251 0
-349.81009 -179.45679 -10.820441 0
-349.37888 -179.48109 -10.819356 0
-347.49585 -179.18018 -10.898262 0
-348.45068 -178.80513 -10.871843 0
-349.18289 -178.65079 -10.891755 0
-348.40707 -177.86923 -10.827804 0
-349.59738 -177.6237 -10.874453 0
-349.14468 -177.66537 -10.817855 0
-348.01465 -177.38155 -10.87445 0
-348.0665 -177.07416 -10.833632 0
-348.258 -176.55258 -10.853703 0
-347.77408 -176.56392 -10.829222 0
-348.02432 -176.47858 -10.881532 0
-347.89124 -176.4026 -10.863576 0
-348.18381 -176.32719 -10.877864 0
-348.59827 -176.2719 -10.848373 0
-348.11853 -176.26695 -10.89599 0
-348.39096 -176.18465 -10.888488 0
-348.14816 -176.14293 -10.844841 0
-348.00937 -176.19754 -10.845489 0
-347.97949 -176.18672 -10.898835 0
-348.42899 -176.0004 -10.827655 0
-348.14087 -176.00319 -10.896036 0
-348.31808 -175.98309 -10.87208 0
-348.12067 -175.96077 -10.805984 0
-348.06305 -175.9375 -10.827085 0
-347.99661 -175.84348 -10.879237 0
-347.83759 -175.75159 -10.85661 0
-347.85547 -175.68793 -10.857615 0
-347.66583 -175.64265 -10.821715 0
-347.52078 -175.5336 -10.852674 0
-347.52826 -175.48152 -10.82383 0
-347.64691 -175.32919 -10.890979 0
-347.53021 -175.37843 -10.819462 0
-348.09576 -175.27127 -10.884786 0
-348.23404 -175.13972 -10.847393 0
-348.66199 -174.92755 -10.854713 0
-348.25406 -174.94902 -10.834106 0
-347.76776 -174.95131 -10.8063 0
-348.55228 -174.70599 -10.887372 0
-347.92099 -174.79533 -10.809954 0
-347.97766 -174.62321 -10.834665 0
-347.35999 -174.50806 -10.853881 0
-348.07886 -174.4207 -10.897285 0
-346.59247 -174.38695 -10.849466 0
-346.47812 -174.25928 -10.870592 0
-348.27728 -174.17244 -10.849103 0
-348.02341 -174.19832 -10.883685 0
-344.88367 -174.17195 -10.811216 0
-345.76627 -174.01573 -10.845993 0
-348.14865 -173.68985 -10.856198 0
-347.73941 -173.47549 -10.818769 0
-348.0079 -173.20216 -10.864556 0
-345.16959 -173.25603 -10.889829 0
-348.05798 -173.15208 -10.856362 0
-347.96045 -173.04514 -10.860905 0
-347.94308 -172.83427 -10.846207 0
-347.85349 -172.81023 -10.85189 0
-348.61594 -172.76773 -10.825868 0
-347.75266 -172.78339 -10.833632 0
-346.64548 -172.76718 -10.812502 0
-349.86404 -172.6582 -10.892179 0
-349.82736 -172.59406 -10.839543 0
-348.59149 -172.52171 -10.866296 0
-346.53735 -172.54988 -10.813509 0
-349.94806 -172.49883 -10.864549 0
-349.80652 -172.45689 -10.897873 0
-347.99875 -172.40616 -10.891184 0
-347.87833 -172.4445 -10.896829 0
-349.76962 -172.27365 -10.866847 0
-349.37491 -172.23482 -10.86955 0
-347.73953 -172.28696 -10.837597 0
-349.94272 -172.1918 -10.869913 0
-349.59705 -172.19272 -10.889461 0
-349.38699 -172.14633 -10.859535 0
-347.63031 -172.19296 -10.83032 0
-348.21027 -171.68901 -10.865911 0
-348.21426 -171.48676 -10.898954 0
-343.108 -171.33792 -10.886861 0
-348.35443 -171.15239 -10.870999 0
-343.56873 -170.72794 -10.838032 0
-349.91534 -170.41479 -10.83541 0
-349.93655 -170.10402 -10.825689 0
-343.26028 -169.696 -10.87842 0
-349.50827 -169.28435 -10.818632 0
-348.16641 -168.87711 -10.881523 0
-345.93106 -168.7368 -10.831504 0
-349.76501 -168.51518 -10.86774 0
-349.16153 -167.29588 -10.864962 0
-349.32028 -166.94579 -10.848855 0
-348.50018 -166.91504 -10.827819 0
-349.14911 -166.57486 -10.864359 0
-349.93414 -165.10054 -10.800516 0
-346.61185 -165.16216 -10.840782 0
-349.60709 -165.07671 -10.863386 0
-349.97617 -161.41154 -10.806731 0
-349.34088 -159.94998 -10.807384 0
-349.86469 -159.60063 -10.898165 0
-349.64554 -159.61519 -10.851667 0
-349.62582 -159.47716 -10.824921 0
-349.33755 -159.23436 -10.823612 0
-349.80801 -159.08319 -10.85575 0
-349.87811 -158.83887 -10.850929 0
-349.76712 -158.34146 -10.873956 0
-348.6969 -158.03656 -10.830211 0
-349.40762 -157.8179 -10.890017 0
-349.94086 -157.76347 -10.804191 0
-348.40305 -157.20656 -10.865897 0
-344.59119 -157.05367 -10.850053 0
-349.21249 -156.9193 -10.818105 0
-349.53418 -155.89827 -10.806977 0
-349.85321 -155.12473 -10.874729 0
-349.53873 -154.96167 -10.832652 0
-349.01584 -154.88333 -10.836087 0
-348.72144 -154.20959 -10.894839 0
-349.5614 -154.09232 -10.823377 0
-348.42188 -154.09477 -10.820662 0
-349.53159 -153.93332 -10.885394 0
-349.27051 -153.90334 -10.814775 0
-349.83585 -153.83224 -10.870071 0
-349.72009 -153.81999 -10.874442 0
-349.58237 -153.82787 -10.855771 0
-349.741 -153.74982 -10.893781 0
-349.63852 -153.78221 -10.879885 0
-349.45743 -153.78976 -10.847048 0
-349.11496 -153.74391 -10.868079 0
-349.59091 -153.63336 -10.84649 0
-349.3067 -153.58675 -10.870836 0
-349.47171 -153.45996 -10.877359 0
-348.92624 -153.40646 -10.853715 0
-348.1907 -153.44736 -10.826192 0
-345.79883 -153.3732 -10.818604 0
-348.07483 -153.26184 -10.821359 0
-346.85892 -153.14915 -10.81197 0
-346.05466 -153.13058 -10.896244 0
-344.56107 -153.03423 -10.890879 0
-348.64709 -152.95117 -10.887549 0
-346.42957 -152.90433 -10.882001 0
-345.85205 -152.90442 -10.895886 0
-348.54996 -152.84444 -10.868961 0
-346.66257 -152.89543 -10.876133 0
-344.26123 -152.80774 -10.8647 0
-348.65872 -152.73697 -10.881123 0
-346.35397 -152.72852 -10.866255 0
-344.60379 -152.72902 -10.861259 0
-344.16452 -152.73677 -10.863297 0
-348.15927 -152.6474 -10.812417 0
-348.06976 -152.69354 -10.810222 0
-347.6254 -152.60223 -10.82837 0
-345.61899 -152.68526 -10.801585 0
-348.08237 -152.52962 -10.837704 0
-347.91818 -152.56963 -10.844024 0
-346.64383 -152.5379 -10.892784 0
-348.01138 -152.43576 -10.833632 0
-347.35187 -152.46786 -10.872702 0
-344.2045 -151.99202 -10.856483 0
-344.30652 -151.85815 -10.820679 0
-343.09717 -151.88475 -10.845538 0
-344.20407 -151.70764 -10.860588 0
-343.29834 -151.66063 -10.846357 0
-343.539 -151.58875 -10.838354 0
-343.55667 -151.38187 -10.890791 0
-343.1814 -151.3588 -10.856277 0
-343.00876 -150.86813 -10.878864 0
-343.04681 -150.70921 -10.893815 0
-343.10779 -150.31654 -10.841476 0
-342.86261 -150.3902 -10.812104 0
-342.43738 -150.33614 -10.84507 0
-343.16556 -150.23241 -10.843437 0
-343.06067 -150.05753 -10.882321 0
-339.76752 -200.7023 -10.714126 0
-339.54288 -200.60973 -10.729263 0
-345.34436 -197.63182 -10.739758 0
-345.30759 -197.51723 -10.702817 0
-345.34299 -197.42601 -10.771204 0
-346.05432 -197.06169 -10.734882 0
-345.13403 -196.94594 -10.763162 0
-345.87952 -196.80493 -10.795745 0
-345.9809 -196.65195 -10.780866 0
-345.66656 -196.6274 -10.791747 0
-344.74368 -195.85805 -10.713956 0
-345.73315 -194.86821 -10.782737 0
-345.03131 -194.56927 -10.75561 0
-345.21844 -194.21767 -10.758478 0
-346.33713 -194.10884 -10.78882 0
-346.69031 -193.96306 -10.79955 0
-346.25018 -193.95587 -10.795223 0
-345.84827 -193.78534 -10.767134 0
-345.79318 -193.75519 -10.740158 0
-345.49521 -193.40442 -10.745505 0
-344.72568 -193.41315 -10.737079 0
-345.927 -193.19814 -10.708808 0
-344.64752 -193.10338 -10.793778 0
-345.61255 -193.02339 -10.796555 0
-345.10635 -192.3266 -10.75542 0
-345.35144 -192.26337 -10.718932 0
-344.20181 -191.81 -10.725886 0
-347.85535 -190.82129 -10.740425 0
-347.67001 -190.87462 -10.76326 0
-347.83154 -190.76321 -10.742356 0
-347.79593 -190.79015 -10.761633 0
-347.61481 -190.73512 -10.767416 0
-347.58575 -190.60773 -10.781915 0
-344.64792 -190.61674 -10.760694 0
-347.42535 -190.46623 -10.787718 0
-347.72372 -190.15939 -10.760796 0
-346.6232 -189.9368 -10.729774 0
-347.08386 -189.64224 -10.77282 0
-346.47861 -189.59486 -10.74913 0
-345.76782 -189.23752 -10.73834 0
-346.80072 -188.82001 -10.784286 0
-346.7536 -188.66467 -10.787006 0
-347.59134 -187.26813 -10.753972 0
-347.38834 -186.85555 -10.707633 0
-347.50473 -186.69734 -10.748532 0
-347.36292 -186.51805 -10.752274 0
-347.74817 -186.32513 -10.751111 0
-347.918 -186.17491 -10.759444 0
-347.8345 -186.1288 -10.774019 0
-347.56821 -186.07132 -10.796601 0
-347.52158 -185.97159 -10.741361 0
-347.22629 -185.87714 -10.710476 0
-348.90033 -185.29588 -10.736781 0
-349.04276 -185.08765 -10.791585 0
-349.03036 -184.3351 -10.717724 0
-347.79269 -184.10497 -10.72924 0
-349.32675 -184.06602 -10.791201 0
-348.3212 -183.92627 -10.79544 0
-348.05023 -183.84674 -10.76546 0
-349.64868 -183.29153 -10.785267 0
-349.72162 -183.17026 -10.755903 0
-348.15161 -183.10728 -10.753925 0
-349.69733 -183.02028 -10.743895 0
-348.77365 -183.01794 -10.705871 0
-349.3577 -182.92325 -10.768912 0
-349.5567 -182.84073 -10.780704 0
-349.01001 -182.68727 -10.783303 0
-349.20288 -182.55399 -10.755703 0
-349.01767 -182.5524 -10.777131 0
-348.89389 -182.55449 -10.736924 0
-348.73703 -182.48766 -10.760745 0
-348.68594 -182.37944 -10.760818 0
-348.43823 -182.33765 -10.774477 0
-349.1445 -182.00012 -10.788421 0
-346.92798 -182.02638 -10.732343 0
-348.91644 -181.95554 -10.723032 0
-349.19702 -181.89705 -10.748777 0
-348.98648 -181.80165 -10.799067 0
-349.44458 -181.74242 -10.709381 0
-348.54721 -181.45016 -10.777279 0
-348.40912 -181.43816 -10.769175 0
-348.42102 -181.37006 -10.768597 0
-348.26093 -180.942 -10.768355 0
-349.96976 -180.73257 -10.793273 0
-349.98587 -180.67163 -10.761324 0
-349.8678 -180.5069 -10.731737 0
-349.09583 -180.54128 -10.758681 0
-349.12476 -180.47603 -10.762255 0
-349.388 -180.09576 -10.745966 0
-349.76187 -179.77849 -10.78167 0
-349.80582 -179.60551 -10.706308 0
-349.67014 -179.65753 -10.765101 0
-349.61148 -179.59351 -10.78785 0
-349.94623 -179.4133 -10.781857 0
-349.49176 -179.44205 -10.708082 0
-349.43701 -179.30234 -10.758782 0
-349.44666 -179.21744 -10.716784 0
-348.69272 -179.11591 -10.735271 0
-349.32529 -179.01651 -10.749332 0
-349.22861 -179.07025 -10.784756 0
-348.6572 -179.04846 -10.732291 0
-348.25302 -179.03079 -10.70862 0
-349.21286 -178.84096 -10.710258 0
-347.9407 -178.57657 -10.715071 0
-347.89362 -178.50575 -10.712031 0
-349.77936 -178.22171 -10.786041 0
-349.36218 -178.1532 -10.703302 0
-347.90924 -178.02011 -10.710692 0
-349.10852 -177.81248 -10.778041 0
-348.81357 -177.87854 -10.757346 0
-348.33435 -177.71257 -10.707057 0
-347.47916 -177.73053 -10.723789 0
-348.8887 -177.6796 -10.797265 0
-348.65207 -177.68848 -10.781372 0
-349.23334 -177.58704 -10.787408 0
-348.78809 -177.5986 -10.794623 0
-348.15726 -177.37834 -10.764232 0
-347.65714 -176.8793 -10.711261 0
-347.48773 -176.82343 -10.720587 0
-348.48019 -176.61002 -10.796028 0
-348.06512 -176.63876 -10.716154 0
-347.92209 -176.59676 -10.772223 0
-347.88724 -176.45763 -10.717736 0
-347.72751 -176.26674 -10.700817 0
-347.89359 -175.81282 -10.792278 0
-347.73682 -175.64252 -10.772607 0
-347.6268 -175.66878 -10.721444 0
-348.01196 -175.59677 -10.732812 0
-347.52838 -175.55009 -10.755002 0
-347.48035 -175.35736 -10.759871 0
-347.60205 -175.10031 -10.750463 0
-347.85922 -175.01427 -10.765536 0
-348.67023 -174.93857 -10.785732 0
-346.28848 -174.30162 -10.718229 0
-344.8732 -174.3503 -10.784801 0
-346.74432 -174.25923 -10.703313 0
-348.52722 -174.03183 -10.755527 0
-348.57236 -173.99416 -10.752162 0
-344.36533 -173.57831 -10.740913 0
-347.85538 -173.45514 -10.734632 0
-347.98285 -173.37816 -10.778169 0
-349.43256 -172.17448 -10.716742 0
-349.91644 -172.05432 -10.737139 0
-349.49039 -171.93945 -10.728696 0
-349.31763 -171.84363 -10.726357 0
-347.56329 -171.84036 -10.720983 0
-348.07846 -171.32849 -10.768806 0
-349.81476 -170.50818 -10.705889 0
-346.85437 -170.56622 -10.751749 0
-349.99396 -170.20103 -10.733716 0
-349.93277 -170.1306 -10.745504 0
-349.88824 -170.16383 -10.728974 0
-349.98987 -169.52028 -10.760374 0
-348.68088 -167.13335 -10.706059 0
-349.63516 -167.07104 -10.780943 0
-349.49643 -167.02574 -10.767969 0
-349.47595 -166.87688 -10.767784 0
-349.63556 -166.74406 -10.750469 0
-349.03903 -164.71289 -10.75924 0
-349.80386 -162.24548 -10.742049 0
-349.98328 -161.75261 -10.736745 0
-349.89011 -161.63765 -10.742543 0
-349.96191 -161.3452 -10.750612 0
-349.88028 -161.34084 -10.762315 0
-349.84909 -160.92877 -10.721198 0
-344.99353 -160.99225 -10.750904 0
-349.42691 -160.88094 -10.711951 0
-349.80109 -160.66956 -10.728324 0
-349.59567 -160.63608 -10.712506 0
-349.81476 -160.51538 -10.707335 0
-349.43192 -160.06108 -10.739872 0
-349.92249 -159.66464 -10.751634 0
-349.67969 -159.53616 -10.716713 0
-349.31461 -159.30087 -10.726251 0
-349.36136 -159.29257 -10.721658 0
-349.29666 -159.25844 -10.775937 0
-349.20285 -158.92485 -10.754813 0
-343.16962 -158.33476 -10.786675 0
-348.91974 -157.62373 -10.748585 0
-348.94492 -157.57256 -10.786515 0
-349.04294 -157.4417 -10.749754 0
-348.89938 -157.3862 -10.738903 0
-348.51706 -157.24767 -10.770065 0
-348.47455 -157.25095 -10.766671 0
-348.52069 -157.13538 -10.771111 0
-345.59689 -157.17839 -10.71329 0
-348.36859 -157.08713 -10.757088 0
-349.94562 -156.66275 -10.776413 0
-349.38904 -156.33611 -10.741566 0
-349.08176 -156.10252 -10.729284 0
-349.48322 -155.85231 -10.771234 0
-349.80191 -155.62378 -10.734709 0
-349.8858 -155.39415 -10.790298 0
-349.92636 -155.27734 -10.724771 0
-348.52432 -155.29497 -10.714821 0
-348.84192 -155.10884 -10.735917 0
-348.66089 -155.17661 -10.723039 0
-348.77664 -155.09956 -10.726069 0
-348.8522 -154.96698 -10.73226 0
-349.52255 -154.77457 -10.783095 0
-349.9938 -154.53017 -10.729515 0
-348.51978 -154.2757 -10.700498 0
-348.46805 -154.19359 -10.71734 0
-349.62323 -154.05283 -10.78893 0
-349.70538 -153.90128 -10.777635 0
-349.54846 -153.85828 -10.70012 0
-349.78568 -153.77376 -10.722205 0
-349.72482 -153.64336 -10.793295 0
-349.633 -153.68346 -10.781444 0
-348.27237 -153.50583 -10.759534 0
-347.95197 -153.27005 -10.798945 0
-345.86456 -153.22244 -10.725253 0
-348.82947 -153.00905 -10.763144 0
-346.76108 -153.07886 -10.73226 0
-345.66595 -153.05623 -10.717854 0
-348.86917 -152.99216 -10.709043 0
-347.21814 -152.98462 -10.736317 0
-345.84814 -152.9288 -10.739362 0
-348.77411 -152.88562 -10.702743 0
-347.88095 -152.772 -10.708036 0
-348.96732 -152.58559 -10.792978 0
-348.74979 -152.5822 -10.709604 0
-348.05368 -152.56949 -10.781245 0
-347.82767 -152.56377 -10.773272 0
-347.60962 -152.40425 -10.784691 0
-346.73105 -152.40062 -10.781 0
-345.81757 -152.42862 -10.776395 0
-347.30255 -152.31853 -10.705806 0
-345.84845 -152.22208 -10.703553 0
-345.34338 -152.13206 -10.738898 0
-344.45032 -151.92192 -10.761718 0
-345.30322 -151.7943 -10.749305 0
-343.24915 -151.76659 -10.780074 0
-345.04034 -151.38928 -10.736548 0
-343.30673 -151.35526 -10.790633 0
-343.13599 -151.25473 -10.775957 0
-343.00217 -151.21599 -10.758295 0
-341.59235 -151.20593 -10.764833 0
-344.54871 -151.06744 -10.786028 0
-343.11511 -150.68173 -10.784441 0
-343.1333 -150.5032 -10.728697 0
-342.97159 -150.53419 -10.710699 0
-343.28073 -150.31529 -10.779977 0
-343.16714 -150.3398 -10.782455 0
-342.78467 -150.17931 -10.706698 0
-343.31259 -150.0584 -10.715251 0
-343.25043 -150.08408 -10.760812 0
-343.07904 -150.04782 -10.738333 0
-331.41422 -216.64252 -10.613706 0
-335.04416 -211.98506 -10.646566 0
-335.82861 -209.84914 -10.601093 0
-339.04025 -203.78604 -10.641073 0
-339.06714 -203.51636 -10.683659 0
-338.84882 -203.1877 -10.637336 0
-337.89841 -200.89507 -10.601195 0
-344.92386 -197.67613 -10.680313 0
-345.72751 -197.2533 -10.645075 0
-345.53424 -196.75894 -10.658188 0
-345.7063 -196.54697 -10.653719 0
-345.06525 -196.56517 -10.671351 0
-345.93875 -196.23967 -10.666413 0
-345.60995 -196.27034 -10.633321 0
-345.07593 -196.26802 -10.690137 0
-344.09299 -196.03806 -10.68429 0
-343.81693 -195.06845 -10.636264 0
-345.84775 -194.94421 -10.699021 0
-347.00464 -193.98534 -10.63756 0
-346.9086 -193.83177 -10.602518 0
-346.76404 -193.87825 -10.66851 0
-345.80737 -193.65399 -10.659713 0
-345.81891 -193.55997 -10.671625 0
-345.43256 -192.39394 -10.604596 0
-344.40894 -192.11086 -10.69247 0
-344.25076 -191.78168 -10.671246 0
-343.41391 -190.89571 -10.652476 0
-346.48926 -190.70209 -10.688644 0
-347.55661 -190.62068 -10.699855 0
-344.4324 -190.5242 -10.625621 0
-349.04944 -190.20105 -10.617169 0
-345.80963 -189.92857 -10.636804 0
-345.7103 -189.81563 -10.649748 0
-347.01392 -188.87468 -10.617316 0
-346.93851 -188.76216 -10.698291 0
-346.04654 -188.30748 -10.60715 0
-347.37341 -187.55389 -10.637914 0
-347.41254 -187.47458 -10.632411 0
-344.2139 -187.07556 -10.69351 0
-347.55426 -186.70012 -10.671242 0
-346.55145 -186.47778 -10.646667 0
-346.28723 -185.81403 -10.61552 0
-347.45187 -185.41058 -10.633712 0
-348.73618 -184.61029 -10.62881 0
-349.83221 -184.52884 -10.693315 0
-349.5285 -184.42261 -10.687105 0
-346.71976 -184.09283 -10.671888 0
-347.60489 -183.74213 -10.639762 0
-349.83438 -183.39871 -10.619522 0
-348.97052 -182.91434 -10.688835 0
-347.25894 -182.53674 -10.652123 0
-349.93427 -182.43735 -10.632137 0
-349.60928 -182.46976 -10.617032 0
-348.61539 -182.20123 -10.605427 0
-348.55466 -182.16246 -10.602508 0
-349.03369 -181.82532 -10.650967 0
-349.12039 -181.77414 -10.691742 0
-348.12097 -181.70882 -10.626344 0
-349.38983 -181.64592 -10.651919 0
-349.39291 -180.81879 -10.670521 0
-349.86047 -180.66928 -10.67426 0
-349.77286 -180.61726 -10.670855 0
-349.7579 -180.5993 -10.684769 0
-349.93805 -180.28441 -10.607251 0
-349.85257 -180.21883 -10.699363 0
-349.91296 -180.19415 -10.617896 0
-349.82718 -180.17905 -10.644 0
-349.22284 -180.11829 -10.673901 0
-349.70288 -180.06288 -10.620226 0
-349.69757 -179.95421 -10.695131 0
-349.56772 -179.54239 -10.66788 0
-349.83878 -179.48929 -10.613954 0
-348.23099 -179.02702 -10.66877 0
-346.91116 -179.00787 -10.608598 0
-349.25558 -178.92635 -10.646122 0
-349.15704 -178.91908 -10.650635 0
-347.32196 -178.97354 -10.640419 0
-348.56219 -178.77977 -10.658397 0
-347.92053 -178.74968 -10.663049 0
-347.88635 -178.33992 -10.682454 0
-349.86615 -178.20967 -10.615466 0
-347.18817 -178.0157 -10.657337 0
-347.82693 -177.81296 -10.603459 0
-347.57419 -177.88837 -10.66891 0
-347.70541 -177.72476 -10.607995 0
-347.12418 -177.70171 -10.618141 0
-348.23779 -177.64496 -10.688562 0
-347.34616 -177.67357 -10.608528 0
-348.00235 -177.43549 -10.667486 0
-347.98181 -177.45589 -10.675406 0
-346.44092 -177.36908 -10.668407 0
-346.55069 -177.08627 -10.611283 0
-347.65121 -176.7106 -10.635579 0
-348.54971 -176.6091 -10.630857 0
-347.80362 -176.59091 -10.664804 0
-348.44925 -176.49271 -10.645992 0
-348.37238 -176.47278 -10.605806 0
-348.15802 -175.72389 -10.630211 0
-344.70517 -175.7614 -10.642097 0
-348.33734 -175.53511 -10.603294 0
-344.4686 -174.20676 -10.69966 0
-345.00958 -173.69208 -10.618066 0
-347.82437 -173.53816 -10.683734 0
-349.8855 -172.08237 -10.64373 0
-349.7933 -172.04704 -10.687633 0
-349.39307 -171.80209 -10.671827 0
-349.39734 -171.71594 -10.684093 0
-349.93292 -170.41238 -10.675396 0
-349.99869 -169.96709 -10.699579 0
-349.69507 -168.34462 -10.612884 0
-347.59042 -167.68306 -10.617667 0
-346.98801 -166.50215 -10.675885 0
-349.68781 -164.89647 -10.672389 0
-349.98334 -164.78732 -10.648432 0
-349.94675 -164.68294 -10.638239 0
-349.88589 -164.47356 -10.679022 0
-349.26584 -164.28902 -10.603364 0
-349.02948 -163.95232 -10.691061 0
-349.86215 -163.11588 -10.687134 0
-349.34348 -162.79947 -10.654242 0
-349.63214 -161.79404 -10.666696 0
-349.45111 -161.52785 -10.633686 0
-349.60522 -161.12962 -10.666683 0
-349.77194 -160.9222 -10.678406 0
-349.57736 -160.62856 -10.676702 0
-349.7359 -160.54092 -10.676167 0
-349.67117 -160.42816 -10.676165 0
-349.72852 -160.3268 -10.67473 0
-348.96051 -160.17812 -10.688159 0
-349.4101 -159.94757 -10.660418 0
-349.76346 -159.40541 -10.669502 0
-348.77798 -159.45277 -10.668219 0
-348.35397 -159.45615 -10.666012 0
-349.93799 -159.0318 -10.651873 0
-349.72998 -159.0023 -10.608858 0
-349.56143 -158.73897 -10.647841 0
-347.65274 -158.13008 -10.608764 0
-349.95816 -157.97635 -10.655513 0
-349.13922 -157.62048 -10.601248 0
-349.01694 -157.67587 -10.622931 0
-349.68649 -157.15253 -10.603083 0
-349.58911 -156.8553 -10.672813 0
-349.048 -156.65318 -10.679503 0
-349.1037 -156.35239 -10.697194 0
-349.93906 -156.05675 -10.686736 0
-349.47702 -155.80775 -10.643252 0
-349.3219 -155.57916 -10.66947 0
-349.03113 -154.67021 -10.685504 0
-349.9592 -154.59373 -10.665178 0
-349.11627 -154.51707 -10.693582 0
-348.94733 -154.45544 -10.6259 0
-348.87106 -154.37915 -10.683874 0
-340.47891 -154.02684 -10.666968 0
-349.6694 -153.84137 -10.64321 0
-349.57892 -153.84409 -10.666653 0
-349.85602 -153.72455 -10.631995 0
-348.6084 -153.61772 -10.674233 0
-348.4176 -153.6898 -10.676484 0
-348.28024 -153.66367 -10.660363 0
-347.94751 -153.69273 -10.649831 0
-345.84369 -153.64264 -10.608015 0
-348.07791 -153.56982 -10.663815 0
-348.25354 -153.4153 -10.666905 0
-349.99908 -153.34038 -10.680911 0
-348.07181 -153.39026 -10.675838 0
-345.76962 -153.35974 -10.644786 0
-349.99973 -153.27913 -10.6423 0
-349.24719 -153.16681 -10.693936 0
-349.12338 -153.11902 -10.67453 0
-348.49185 -153.11607 -10.661001 0
-347.61743 -153.1044 -10.686345 0
-347.36295 -153.11702 -10.637082 0
-349.05707 -153.07207 -10.698762 0
-347.8324 -153.03058 -10.650542 0
-347.44998 -153.01859 -10.67065 0
-348.68512 -152.98349 -10.696976 0
-347.09598 -152.90373 -10.611018 0
-345.83459 -152.96167 -10.60857 0
-348.73367 -152.85132 -10.696627 0
-348.64212 -152.84189 -10.698448 0
-347.21536 -152.80058 -10.697188 0
-346.47516 -152.87399 -10.622956 0
-342.96176 -152.85315 -10.616456 0
-347.19119 -152.70509 -10.633929 0
-345.96387 -152.6481 -10.696129 0
-345.80243 -152.66614 -10.669643 0
-348.8447 -152.55501 -10.672393 0
-348.74219 -152.52429 -10.657488 0
-344.2262 -152.5011 -10.68073 0
-342.84424 -152.50244 -10.63887 0
-344.20972 -152.42157 -10.692315 0
-343.91525 -152.46045 -10.680499 0
-347.60016 -152.39639 -10.66155 0
-345.56537 -152.27693 -10.609773 0
-343.73679 -152.22403 -10.600428 0
-345.76849 -152.19795 -10.604738 0
-345.34302 -152.1772 -10.67783 0
-345.41699 -152.06271 -10.647278 0
-345.32864 -151.81581 -10.60869 0
-344.26089 -151.82361 -10.687145 0
-345.16177 -151.77 -10.656668 0
-343.19492 -151.75635 -10.65473 0
-342.92929 -151.32599 -10.650597 0
-342.92151 -150.85822 -10.670158 0
-342.86731 -150.61205 -10.652241 0
-342.47766 -150.18129 -10.609733 0
-343.02701 -150.091 -10.660916 0
-342.74411 -150.03101 -10.699054 0
-336.34656 -210.89914 -10.529274 0
-339.38574 -202.16769 -10.587262 0
-345.39883 -197.57761 -10.507234 0
-345.88751 -196.60617 -10.580932 0
-345.73523 -196.63536 -10.549321 0
-345.37381 -196.53824 -10.516446 0
-345.71967 -194.93834 -10.566077 0
-345.92273 -193.5421 -10.524153 0
-345.4816 -193.43864 -10.595312 0
-346.49316 -193.33315 -10.54895 0
-346.23526 -193.37215 -10.566601 0
-346.48892 -193.26933 -10.574216 0
-345.91211 -193.25833 -10.548425 0
-345.72351 -193.2382 -10.520695 0
-344.76108 -193.07076 -10.559736 0
-344.88098 -192.73595 -10.528298 0
-345.53976 -192.66568 -10.552899 0
-344.90927 -192.47206 -10.508522 0
-345.21866 -192.29228 -10.529561 0
-345.17929 -192.21754 -10.526914 0
-347.28745 -191.10408 -10.561543 0
-347.14093 -190.96144 -10.589572 0
-346.82416 -190.9398 -10.501029 0
-348.75504 -190.82265 -10.535693 0
-348.81732 -190.74625 -10.57267 0
-346.67215 -190.51424 -10.535847 0
-345.26791 -189.70641 -10.535721 0
-344.23349 -189.42465 -10.560144 0
-345.16153 -188.9655 -10.522992 0
-346.99182 -188.72203 -10.567143 0
-346.16159 -188.47806 -10.595441 0
-346.88449 -188.24896 -10.511502 0
-346.26163 -187.71693 -10.577023 0
-346.39478 -187.42519 -10.570133 0
-345.94376 -187.33469 -10.535694 0
-347.66129 -187.00122 -10.523685 0
-347.96631 -186.06081 -10.557148 0
-348.98163 -185.47914 -10.570199 0
-346.40176 -185.26553 -10.535213 0
-346.06268 -185.27367 -10.588002 0
-347.21713 -184.85986 -10.571689 0
-348.79553 -184.44165 -10.500349 0
-347.51038 -184.13467 -10.503139 0
-347.66772 -184.06024 -10.524006 0
-347.81705 -183.97731 -10.533433 0
-348.98557 -182.77539 -10.559866 0
-348.73993 -182.72632 -10.539932 0
-346.01984 -182.71965 -10.555656 0
-349.3237 -182.5175 -10.557179 0
-348.5239 -182.32069 -10.585205 0
-348.4119 -182.31044 -10.582242 0
-349.97906 -182.22633 -10.597763 0
-349.79117 -182.21472 -10.586984 0
-348.5015 -182.29218 -10.585556 0
-349.28189 -182.08165 -10.561341 0
-347.55093 -181.85402 -10.568143 0
-348.01797 -181.77632 -10.577985 0
-348.33194 -181.53317 -10.526598 0
-348.20743 -181.46616 -10.585631 0
-348.29077 -181.39885 -10.510365 0
-349.97919 -180.36104 -10.504307 0
-349.8909 -180.22354 -10.517008 0
-349.36667 -179.76022 -10.518526 0
-349.61166 -179.65971 -10.563828 0
-349.74646 -179.5809 -10.546479 0
-349.26724 -179.50352 -10.599509 0
-347.94904 -179.4062 -10.521305 0
-349.91513 -179.1844 -10.546294 0
-349.65591 -179.09088 -10.515037 0
-349.01154 -178.88234 -10.541903 0
-348.56171 -178.75815 -10.584697 0
-348.31195 -178.76614 -10.552042 0
-347.87543 -178.72975 -10.588628 0
-348.88443 -178.42363 -10.511779 0
-348.77463 -178.41705 -10.514924 0
-346.84485 -178.39401 -10.540086 0
-348.28876 -177.73039 -10.524218 0
-348.10565 -177.75462 -10.534607 0
-348.83618 -177.67009 -10.513307 0
-347.19119 -177.58282 -10.585631 0
-347.71933 -176.94283 -10.515529 0
-348.50507 -176.81412 -10.522804 0
-348.98532 -176.79137 -10.500386 0
-347.89902 -176.77792 -10.531615 0
-348.56204 -176.47136 -10.554901 0
-348.42474 -176.38979 -10.572917 0
-348.16339 -175.71902 -10.570737 0
-348.33356 -175.6666 -10.53542 0
-347.67032 -175.65771 -10.525252 0
-348.43063 -175.54625 -10.543008 0
-347.82019 -175.54788 -10.54914 0
-347.8298 -174.77248 -10.547836 0
-347.53702 -174.73506 -10.538618 0
-347.73557 -174.69685 -10.557737 0
-347.42453 -174.66138 -10.510436 0
-347.39062 -174.63338 -10.592073 0
-346.07257 -172.60262 -10.546494 0
-349.86435 -172.52246 -10.531249 0
-349.77444 -172.43434 -10.528522 0
-349.55533 -172.43097 -10.585782 0
-346.86752 -172.48911 -10.501967 0
-349.99149 -172.26428 -10.548704 0
-349.83292 -172.20502 -10.53728 0
-349.96786 -172.12213 -10.583907 0
-349.93811 -172.07709 -10.584179 0
-349.89935 -172.06993 -10.547536 0
-349.7012 -172.08073 -10.551626 0
-349.79837 -171.93468 -10.541574 0
-349.62912 -171.99121 -10.509879 0
-347.63474 -171.97136 -10.531837 0
-347.55627 -171.63243 -10.596744 0
-343.39352 -171.11307 -10.524101 0
-347.57419 -170.64777 -10.547213 0
-349.82675 -170.35471 -10.591719 0
-349.38712 -170.3156 -10.504614 0
-349.91904 -170.29042 -10.595289 0
-349.51044 -170.17746 -10.506233 0
-349.4986 -169.91005 -10.572487 0
-349.79504 -169.87009 -10.517024 0
-345.05365 -169.83257 -10.573277 0
-349.28116 -169.29878 -10.520141 0
-349.99957 -169.12836 -10.515274 0
-349.80508 -169.16431 -10.50388 0
-349.53162 -169.12868 -10.513541 0
-349.74438 -169.07323 -10.592902 0
-349.94992 -168.35858 -10.592987 0
-349.32837 -168.18459 -10.515935 0
-348.91919 -167.08739 -10.526391 0
-348.75812 -166.65271 -10.575129 0
-348.61087 -166.63272 -10.500315 0
-348.89612 -166.19524 -10.589502 0
-347.71729 -165.93596 -10.504766 0
-348.60703 -165.06725 -10.518938 0
-349.86453 -164.77319 -10.548547 0
-349.02838 -163.79697 -10.583223 0
-349.81415 -162.46944 -10.541677 0
-349.97781 -162.14314 -10.585407 0
-349.00864 -161.75067 -10.539823 0
-348.83167 -161.7177 -10.580954 0
-349.69513 -161.27373 -10.566254 0
-349.50656 -161.2834 -10.543754 0
-349.69244 -161.00714 -10.59632 0
-349.54779 -161.07655 -10.550975 0
-349.69241 -160.75824 -10.562431 0
-348.97165 -160.73778 -10.540749 0
-349.61661 -160.58536 -10.500397 0
-349.75067 -160.29276 -10.516397 0
-349.6496 -160.22305 -10.51276 0
-349.48785 -159.83659 -10.52491 0
-349.68454 -159.55373 -10.543682 0
-349.84515 -159.42297 -10.537823 0
-349.87488 -159.01036 -10.552268 0
-349.81277 -158.7383 -10.547799 0
-349.76636 -158.71735 -10.589699 0
-349.11105 -158.78574 -10.55941 0
-349.81131 -158.67374 -10.561761 0
-349.78302 -158.68651 -10.566961 0
-349.67261 -158.56433 -10.584987 0
-349.40472 -158.51387 -10.542379 0
-348.02368 -158.47168 -10.523037 0
-349.26395 -158.39565 -10.534675 0
-347.78787 -158.2186 -10.515991 0
-348.93777 -158.05681 -10.580872 0
-349.98123 -157.97339 -10.589899 0
-348.74231 -157.81319 -10.549071 0
-349.14526 -157.54056 -10.550795 0
-349.69974 -157.46518 -10.598329 0
-349.33252 -157.48308 -10.503326 0
-349.13446 -157.48648 -10.591564 0
-348.44101 -157.33563 -10.520225 0
-349.31464 -157.00896 -10.504873 0
-348.99606 -157.01161 -10.589258 0
-348.44861 -157.076 -10.530049 0
-348.92245 -156.89061 -10.583906 0
-349.95151 -156.29218 -10.592718 0
-346.83792 -155.05894 -10.521219 0
-349.90463 -154.56093 -10.56052 0
-349.18292 -154.41628 -10.587407 0
-349.32568 -153.96089 -10.597613 0
-349.81647 -153.73846 -10.591665 0
-347.35849 -153.77095 -10.590421 0
-349.13803 -153.67758 -10.586602 0
-347.74966 -153.41946 -10.52873 0
-347.6702 -153.40016 -10.580106 0
-348.67969 -153.14563 -10.579467 0
-348.45447 -153.1479 -10.591662 0
-342.4119 -153.17007 -10.510728 0
-348.9057 -153.0466 -10.511913 0
-347.27045 -153.06107 -10.557775 0
-349.5979 -152.91693 -10.554074 0
-349.01398 -152.90648 -10.526315 0
-347.10046 -152.9496 -10.55794 0
-349.03992 -152.85359 -10.590391 0
-348.95099 -152.81689 -10.580704 0
-348.6228 -152.80826 -10.504117 0
-346.47501 -152.89723 -10.575074 0
-348.47748 -152.7066 -10.512608 0
-346.3403 -152.72755 -10.532799 0
-348.57077 -152.62221 -10.561697 0
-348.46179 -152.63315 -10.583147 0
-348.07104 -152.6983 -10.577954 0
-345.75964 -152.67436 -10.588074 0
-345.58746 -152.63101 -10.525893 0
-348.47638 -152.58102 -10.552023 0
-343.89005 -152.53625 -10.506059 0
-345.59839 -152.41096 -10.594213 0
-345.52396 -152.23372 -10.590653 0
-345.29465 -152.1346 -10.550024 0
-343.73749 -152.18443 -10.502927 0
-345.47321 -151.98759 -10.597278 0
-345.38831 -151.95927 -10.593184 0
-345.14841 -151.99013 -10.518217 0
-343.25528 -151.91602 -10.586387 0
-345.1348 -151.87494 -10.51375 0
-343.31244 -151.84531 -10.542462 0
-345.31857 -151.75375 -10.535638 0
-345.26529 -151.73871 -10.546928 0
-345.37466 -151.64122 -10.590355 0
-344.85019 -151.53656 -10.569978 0
-344.52887 -151.51793 -10.592419 0
-342.90164 -151.48674 -10.551461 0
-342.83136 -151.4882 -10.53895 0
-342.94138 -151.02226 -10.55823 0
-342.84637 -150.39944 -10.55333 0
-343.03726 -150.2715 -10.592206 0
-342.91779 -150.21744 -10.557473 0
-342.88727 -150.11226 -10.565156 0
-342.64279 -150.13226 -10.574839 0
-339.06018 -205.46225 -10.47002 0
-338.98044 -204.30267 -10.442105 0
-338.60016 -202.29039 -10.497753 0
-345.24326 -197.30533 -10.497255 0
-345.79398 -196.97682 -10.414992 0
-345.40442 -196.98657 -10.452424 0
-345.95581 -196.84271 -10.473859 0
-345.60138 -196.82808 -10.414411 0
-345.53775 -196.82486 -10.404119 0
-345.5282 -196.53687 -10.473581 0
-345.38049 -196.57828 -10.425063 0
-344.30228 -196.42104 -10.416544 0
-345.32852 -196.33784 -10.452259 0
-344.61053 -195.92699 -10.451394 0
-344.517 -195.80872 -10.453984 0
-345.96033 -194.98053 -10.489326 0
-347.17371 -193.88126 -10.410501 0
-345.72931 -193.73808 -10.494443 0
-345.38895 -192.79102 -10.480206 0
-345.4678 -192.23271 -10.448485 0
-345.32336 -192.11919 -10.400656 0
-344.90265 -191.00595 -10.452154 0
-344.42154 -190.73462 -10.480259 0
-348.83008 -190.58313 -10.488793 0
-348.61334 -190.53439 -10.417694 0
-348.59924 -190.51857 -10.432628 0
-349.29422 -190.42183 -10.460842 0
-344.85318 -190.03632 -10.494502 0
-344.60477 -190.04236 -10.444355 0
-346.54596 -189.66161 -10.431948 0
-346.26343 -189.62715 -10.428775 0
-345.9899 -189.61615 -10.421891 0
-345.99982 -189.53528 -10.494528 0
-345.75601 -189.3914 -10.487413 0
-346.1489 -189.27583 -10.4201 0
-346.08087 -188.36415 -10.410625 0
-345.8808 -188.28612 -10.414745 0
-345.99988 -188.1254 -10.433181 0
-347.19644 -187.45053 -10.404899 0
-346.30978 -187.35782 -10.492109 0
-347.33826 -185.9073 -10.448246 0
-348.16052 -184.58769 -10.450459 0
-347.6283 -184.17987 -10.496831 0
-347.50351 -183.97833 -10.421036 0
-349.44699 -183.04501 -10.439888 0
-349.13669 -183.04747 -10.48313 0
-349.20462 -182.58884 -10.419597 0
-349.26187 -182.47447 -10.427395 0
-349.58942 -182.22374 -10.45903 0
-349.30087 -182.10837 -10.456232 0
-349.22424 -182.05435 -10.457823 0
-349.30328 -181.78944 -10.496809 0
-348.50131 -180.952 -10.453358 0
-349.85303 -180.61966 -10.466023 0
-349.94626 -180.43282 -10.457036 0
-349.90283 -180.19101 -10.487053 0
-349.46149 -179.48232 -10.41987 0
-349.09552 -179.40091 -10.475023 0
-348.61197 -179.03534 -10.416727 0
-349.31586 -178.96373 -10.475639 0
-347.43744 -178.85544 -10.470083 0
-347.38293 -178.76675 -10.498974 0
-347.26593 -178.7336 -10.491428 0
-348.82794 -177.4055 -10.435313 0
-348.31085 -177.49077 -10.491173 0
-348.8038 -177.31604 -10.469069 0
-347.60602 -176.97252 -10.445894 0
-346.38766 -176.74367 -10.448007 0
-347.37952 -176.62949 -10.460884 0
-347.29163 -176.60919 -10.457111 0
-348.65594 -176.56259 -10.447783 0
-348.50943 -176.57124 -10.494572 0
-348.27707 -176.55385 -10.481503 0
-346.4935 -176.58617 -10.409238 0
-346.50244 -176.4944 -10.442506 0
-346.49716 -176.47075 -10.418895 0
-348.24094 -175.72615 -10.421197 0
-348.57965 -175.44942 -10.422765 0
-348.34875 -175.10239 -10.416272 0
-347.84177 -174.95515 -10.453196 0
-347.71533 -174.40797 -10.420136 0
-345.21848 -174.49974 -10.42204 0
-345.33844 -174.34859 -10.472536 0
-344.11719 -173.10298 -10.491081 0
-346.7388 -172.79448 -10.449796 0
-349.93228 -172.62167 -10.492897 0
-349.51788 -172.67061 -10.413585 0
-349.30658 -172.64212 -10.451998 0
-349.83646 -172.50464 -10.447182 0
-349.78287 -172.44629 -10.445655 0
-344.09106 -172.49602 -10.432275 0
-349.77676 -172.27017 -10.429808 0
-347.41699 -172.27267 -10.459109 0
-349.39725 -172.16415 -10.414676 0
-347.40518 -172.15927 -10.439727 0
-347.73349 -171.99178 -10.418196 0
-343.50778 -171.92918 -10.4945 0
-349.84534 -171.7953 -10.459641 0
-346.86185 -170.83875 -10.44208 0
-348.71625 -170.44136 -10.446694 0
-349.73978 -170.23195 -10.420923 0
-347.89114 -170.12468 -10.415688 0
-349.43793 -170.00645 -10.450799 0
-348.76501 -170.00246 -10.403976 0
-349.42078 -169.67757 -10.482654 0
-349.62732 -169.53453 -10.406471 0
-349.659 -169.42374 -10.461262 0
-349.76495 -169.38034 -10.468746 0
-349.83438 -168.62274 -10.447087 0
-349.7807 -168.02708 -10.471215 0
-348.78818 -167.39948 -10.470539 0
-348.67563 -167.23167 -10.481208 0
-348.92111 -167.02322 -10.46022 0
-348.80252 -167.0865 -10.455246 0
-349.38675 -166.63547 -10.419806 0
-349.17825 -166.51137 -10.473866 0
-349.24515 -165.61174 -10.499092 0
-349.25732 -165.50113 -10.416093 0
-349.24493 -165.43733 -10.424246 0
-349.63589 -165.33275 -10.477137 0
-349.23773 -165.35098 -10.41708 0
-349.18646 -165.30106 -10.493896 0
-349.45734 -165.23352 -10.451356 0
-348.99689 -165.12836 -10.478073 0
-349.41287 -164.99083 -10.434294 0
-348.40659 -163.7926 -10.478021 0
-349.80905 -163.01323 -10.47055 0
-348.74139 -162.57399 -10.406288 0
-349.30493 -161.91882 -10.468491 0
-349.41876 -161.67404 -10.481924 0
-348.98129 -161.47215 -10.43581 0
-348.66907 -161.39056 -10.43269 0
-349.50854 -161.13997 -10.433208 0
-349.57352 -160.20865 -10.471705 0
-349.58093 -159.84897 -10.432923 0
-349.47638 -159.7731 -10.450356 0
-349.76422 -159.66611 -10.469498 0
-349.59393 -159.34352 -10.486976 0
-349.90421 -159.03113 -10.405221 0
-348.51395 -158.87267 -10.44313 0
-349.84055 -158.68335 -10.423935 0
-348.32864 -157.00922 -10.489737 0
-349.9093 -156.64661 -10.424111 0
-349.97559 -156.1492 -10.47979 0
-348.88818 -155.35741 -10.413697 0
-349.88589 -154.80554 -10.431456 0
-349.48691 -154.57193 -10.499271 0
-349.61017 -154.15622 -10.44256 0
-349.85391 -153.90909 -10.472791 0
-349.87711 -153.64751 -10.490712 0
-349.40533 -153.649 -10.456449 0
-349.319 -153.61052 -10.44905 0
-345.02658 -153.60693 -10.433294 0
-344.9476 -153.65933 -10.434818 0
-349.70172 -153.59065 -10.490629 0
-348.6427 -153.56551 -10.400907 0
-346.93237 -153.45248 -10.433621 0
-346.7912 -153.42987 -10.471045 0
-349.08636 -153.36539 -10.41082 0
-348.90198 -153.323 -10.45772 0
-347.90668 -153.36046 -10.440893 0
-344.61005 -153.35466 -10.427314 0
-349.96289 -153.24551 -10.414205 0
-349.88132 -153.2997 -10.418409 0
-348.35336 -153.24533 -10.479012 0
-348.20895 -153.17664 -10.472266 0
-347.42337 -153.11925 -10.467807 0
-347.24576 -153.04521 -10.443749 0
-349.07114 -152.94699 -10.40823 0
-348.76779 -152.97028 -10.468874 0
-348.65219 -152.91507 -10.48707 0
-346.49893 -152.92078 -10.41684 0
-346.37744 -152.92384 -10.441959 0
-348.95468 -152.88663 -10.462584 0
-348.89566 -152.6002 -10.496375 0
-345.55496 -152.60313 -10.401172 0
-342.74628 -152.61101 -10.455236 0
-341.60226 -152.687 -10.400684 0
-348.03021 -152.59801 -10.472652 0
-345.24942 -152.10252 -10.405396 0
-345.19858 -152.11874 -10.44665 0
-345.22818 -152.03523 -10.405484 0
-342.88779 -152.08154 -10.49754 0
-342.19165 -151.92792 -10.485427 0
-345.35104 -151.88832 -10.411682 0
-342.75848 -151.56715 -10.473113 0
-342.72278 -151.43558 -10.476083 0
-342.70996 -151.18672 -10.433998 0
-342.72424 -150.94861 -10.431391 0
-342.64816 -150.97607 -10.482512 0
-342.77725 -150.87881 -10.486475 0
-342.64398 -150.84567 -10.482535 0
-342.8519 -150.52505 -10.431154 0
-342.79037 -150.53879 -10.495713 0
-342.8338 -150.46985 -10.456244 0
-342.76813 -150.4937 -10.426391 0
-342.62949 -150.35068 -10.460407 0
-342.57056 -150.3772 -10.455124 0
-341.77362 -150.27077 -10.430816 0
-342.54742 -150.13948 -10.478712 0
-344.29556 -150.00262 -10.499893 0
-342.52924 -150.06606 -10.48968 0
-342.44504 -150.08746 -10.440372 0
-336.61368 -211.29712 -10.346898 0
-335.94699 -209.79858 -10.361187 0
-337.04712 -202.61424 -10.324683 0
-344.71896 -197.43144 -10.313973 0
-346.0842 -196.28432 -10.342011 0
-344.94556 -196.20609 -10.369078 0
-344.5361 -195.7025 -10.386657 0
-345.61496 -194.1223 -10.392778 0
-346.24493 -193.61949 -10.313395 0
-346.1499 -193.1539 -10.39266 0
-346.11362 -193.04956 -10.346799 0
-345.34335 -192.19191 -10.397497 0
-346.72119 -190.69008 -10.395973 0
-349.39624 -190.33061 -10.385396 0
-349.24557 -190.15625 -10.392529 0
-344.98441 -189.59288 -10.36161 0
-344.42413 -189.48207 -10.335049 0
-344.16907 -189.07651 -10.341692 0
-346.53732 -186.65131 -10.397772 0
-347.39087 -185.8459 -10.333474 0
-347.21335 -185.47523 -10.345797 0
-349.241 -185.23659 -10.322657 0
-346.68005 -184.99574 -10.340638 0
-348.39114 -184.61203 -10.386218 0
-348.91904 -184.46941 -10.323137 0
-349.65564 -184.28119 -10.320612 0
-347.60919 -183.81535 -10.341281 0
-348.90536 -183.37888 -10.332561 0
-349.65689 -182.94818 -10.377646 0
-349.06042 -182.97745 -10.332293 0
-349.28256 -182.61263 -10.374906 0
-348.96732 -182.61285 -10.36894 0
-347.94269 -182.6259 -10.360114 0
-349.31647 -182.50565 -10.309768 0
-349.91583 -182.32584 -10.320872 0
-349.2486 -182.34955 -10.382828 0
-349.8819 -180.55782 -10.360402 0
-349.76541 -180.313 -10.321511 0
-349.76624 -180.25941 -10.329351 0
-349.35791 -179.71558 -10.301429 0
-349.9516 -179.53918 -10.301624 0
-349.71896 -179.55576 -10.33573 0
-349.5137 -179.54074 -10.342481 0
-346.40176 -179.55402 -10.328032 0
-349.76764 -179.48019 -10.351239 0
-349.08612 -179.35484 -10.3161 0
-347.0831 -179.38144 -10.369473 0
-349.14127 -179.21873 -10.388572 0
-349.08435 -179.29553 -10.35468 0
-349.01053 -179.14769 -10.353415 0
-348.7818 -179.02435 -10.331456 0
-347.38058 -178.67072 -10.319286 0
-348.78256 -178.02922 -10.373909 0
-349.66263 -177.67473 -10.319815 0
-348.9776 -177.60201 -10.385771 0
-349.03433 -177.58809 -10.318114 0
-348.78973 -177.53769 -10.306808 0
-347.14502 -177.44221 -10.331172 0
-349.7019 -177.37663 -10.324134 0
-349.01047 -177.2449 -10.304064 0
-346.98215 -177.29692 -10.381772 0
-346.26474 -177.15646 -10.369058 0
-348.24835 -176.77473 -10.300947 0
-347.58813 -176.76912 -10.318147 0
-348.57858 -176.57693 -10.3957 0
-345.23163 -176.3252 -10.341329 0
-348.23212 -175.77051 -10.331378 0
-348.29388 -175.62469 -10.311141 0
-347.34174 -175.33855 -10.374223 0
-348.1777 -175.13194 -10.389938 0
-347.21957 -175.17702 -10.350857 0
-345.13855 -175.02191 -10.346454 0
-348.01736 -174.97951 -10.342014 0
-347.55939 -174.87787 -10.342844 0
-347.34894 -174.8318 -10.337867 0
-345.41684 -174.69557 -10.387126 0
-348.33008 -174.28418 -10.311612 0
-347.90695 -174.2829 -10.382029 0
-347.67651 -174.29742 -10.375456 0
-348.15518 -173.88712 -10.382936 0
-346.38452 -172.78642 -10.313097 0
-346.69922 -172.51561 -10.321446 0
-346.52921 -172.55318 -10.372405 0
-349.74896 -172.44708 -10.367807 0
-349.72626 -172.34781 -10.338464 0
-349.83041 -172.27936 -10.343009 0
-349.88589 -172.16144 -10.345526 0
-349.78867 -172.16255 -10.332266 0
-347.52353 -172.07112 -10.398395 0
-347.41711 -171.9649 -10.385345 0
-349.93979 -171.87376 -10.346417 0
-349.80975 -171.89105 -10.383606 0
-345.40097 -171.80954 -10.30489 0
-345.55173 -171.11749 -10.331274 0
-345.49261 -171.10953 -10.352117 0
-348.2157 -170.90538 -10.301928 0
-349.65189 -170.51675 -10.340053 0
-348.58337 -170.57603 -10.32072 0
-348.97089 -170.4509 -10.389186 0
-349.25922 -169.05232 -10.351247 0
-348.79453 -168.40536 -10.320277 0
-348.36465 -167.53789 -10.32523 0
-347.95605 -167.52805 -10.390779 0
-348.3291 -167.35875 -10.304558 0
-348.34604 -166.92703 -10.398227 0
-349.00031 -166.87556 -10.307647 0
-348.741 -166.71429 -10.387425 0
-348.68466 -166.61513 -10.390885 0
-349.83926 -164.5986 -10.336691 0
-348.67148 -164.39027 -10.351335 0
-348.30219 -164.30212 -10.376508 0
-347.85846 -163.55844 -10.31177 0
-349.97531 -163.19815 -10.375776 0
-347.30203 -163.15921 -10.334806 0
-349.97183 -162.87418 -10.397862 0
-349.40292 -162.75499 -10.365303 0
-349.6557 -162.67987 -10.343822 0
-349.65381 -162.55739 -10.324141 0
-349.44113 -162.50806 -10.399624 0
-349.26306 -162.47635 -10.33978 0
-349.34088 -162.24425 -10.328872 0
-349.87009 -162.11923 -10.377241 0
-349.64175 -162.17978 -10.351051 0
-348.30573 -162.13045 -10.387128 0
-349.98172 -161.04919 -10.338045 0
-349.65854 -161.01717 -10.349607 0
-349.32187 -160.91083 -10.315878 0
-349.76297 -160.69287 -10.36365 0
-349.8493 -160.42529 -10.331057 0
-349.6673 -160.16945 -10.328267 0
-349.5943 -160.16786 -10.333588 0
-349.70303 -160.0616 -10.390068 0
-349.30389 -160.04985 -10.352888 0
-349.93597 -159.93843 -10.305307 0
-349.7377 -159.98372 -10.33111 0
-349.61069 -159.74277 -10.349179 0
-347.79834 -159.73405 -10.31158 0
-349.77762 -159.60948 -10.326641 0
-349.67764 -159.51675 -10.388349 0
-349.97498 -159.42076 -10.340751 0
-349.69714 -159.4128 -10.304845 0
-349.93115 -159.3324 -10.371452 0
-349.819 -159.36078 -10.344876 0
-349.95062 -159.28998 -10.339808 0
-349.76532 -159.26721 -10.330276 0
-349.64722 -159.00778 -10.336082 0
-349.88928 -158.78947 -10.353743 0
-349.33435 -157.90973 -10.32358 0
-349.07355 -157.20186 -10.335497 0
-349.82162 -157.05806 -10.327319 0
-349.2706 -156.99945 -10.343388 0
-349.81458 -156.55432 -10.393962 0
-349.36594 -155.03482 -10.355119 0
-349.64221 -154.33952 -10.30046 0
-349.73065 -153.95988 -10.334101 0
-349.65405 -153.90643 -10.322187 0
-349.67603 -153.87968 -10.307102 0
-349.98178 -153.76431 -10.325733 0
-349.87234 -153.75752 -10.317285 0
-345.6474 -153.7211 -10.36573 0
-348.16949 -153.62115 -10.354224 0
-344.82709 -153.51839 -10.352239 0
-349.54581 -153.45752 -10.308286 0
-348.11459 -153.41922 -10.389675 0
-349.31091 -153.35869 -10.333275 0
-349.58957 -153.28717 -10.398804 0
-349.49057 -153.29121 -10.396355 0
-346.6636 -153.27089 -10.392075 0
-348.9357 -153.1624 -10.320626 0
-348.16205 -153.12045 -10.34231 0
-349.43137 -153.04114 -10.326044 0
-345.14426 -153.0054 -10.373325 0
-348.98428 -152.92537 -10.342588 0
-345.31201 -152.95973 -10.314981 0
-344.82141 -152.98172 -10.356601 0
-349.03244 -152.88869 -10.380593 0
-348.79648 -152.80688 -10.319593 0
-348.6412 -152.85234 -10.364537 0
-348.13898 -152.85022 -10.385253 0
-348.36346 -152.75122 -10.322289 0
-345.52924 -152.69342 -10.397322 0
-344.85638 -152.66502 -10.327756 0
-348.23392 -152.59355 -10.367783 0
-348.36816 -152.49759 -10.38211 0
-345.19498 -152.30269 -10.301606 0
-345.11121 -152.01314 -10.345518 0
-342.98257 -151.89287 -10.32281 0
-342.53418 -151.35614 -10.341175 0
-342.27386 -151.39839 -10.339922 0
-342.43793 -151.06056 -10.354825 0
-342.40775 -150.95932 -10.363655 0
-342.12567 -150.97925 -10.395881 0
-342.23376 -150.58293 -10.343586 0
-342.66736 -150.49797 -10.394194 0
-342.59036 -150.47745 -10.365199 0
-342.5535 -150.33528 -10.348485 0
-343.54095 -150.20889 -10.322783 0
-342.69299 -150.22195 -10.339277 0
-342.62384 -150.14651 -10.355655 0
-342.63547 -150.06364 -10.354867 0
-342.51947 -150.03612 -10.349189 0
-339.45901 -202.25679 -10.271498 0
-337.20932 -200.91513 -10.213866 0
-339.28986 -199.04947 -10.210279 0
-345.80365 -196.82091 -10.235313 0
-345.74057 -196.8206 -10.203139 0
-344.46533 -196.18379 -10.299295 0
-343.95844 -196.05389 -10.23888 0
-344.76077 -195.91542 -10.277111 0
-344.4202 -195.99844 -10.251904 0
-344.50101 -195.85632 -10.285152 0
-345.4686 -193.82112 -10.260265 0
-345.12714 -193.85977 -10.230735 0
-343.59271 -191.79987 -10.234408 0
-343.39813 -191.63084 -10.219114 0
-343.67172 -191.22968 -10.247098 0
-346.59482 -189.67816 -10.25367 0
-345.06454 -189.51619 -10.238937 0
-346.14078 -189.44122 -10.267677 0
-344.60358 -188.80457 -10.25431 0
-346.07678 -188.39575 -10.276202 0
-346.38678 -187.91339 -10.2583 0
-347.22708 -187.78703 -10.226217 0
-345.99005 -187.74252 -10.201545 0
-347.11469 -187.66103 -10.26516 0
-346.17941 -187.60289 -10.235935 0
-347.91138 -187.24326 -10.286007 0
-344.59918 -187.08447 -10.214491 0
-347.39111 -186.07433 -10.228464 0
-349.0444 -184.5434 -10.238523 0
-349.74075 -184.38617 -10.295691 0
-349.60568 -184.38866 -10.243405 0
-347.09686 -184.04628 -10.276242 0
-347.50897 -183.72037 -10.201351 0
-348.71146 -183.23506 -10.268964 0
-346.40594 -183.21738 -10.206375 0
-346.35052 -183.14655 -10.255131 0
-348.82587 -183.02664 -10.26652 0
-349.80133 -182.96346 -10.219668 0
-349.93674 -182.23807 -10.221067 0
-349.52054 -182.28558 -10.250135 0
-349.7984 -182.2 -10.289507 0
-348.64383 -181.84692 -10.204335 0
-348.57886 -181.80582 -10.221718 0
-348.68951 -181.60484 -10.26276 0
-348.51721 -181.1451 -10.240317 0
-348.36359 -181.1284 -10.221432 0
-349.53281 -180.44115 -10.243724 0
-349.91498 -180.33614 -10.218589 0
-349.68225 -180.2453 -10.27972 0
-349.56479 -180.21375 -10.274956 0
-349.29355 -180.24136 -10.240201 0
-349.2081 -180.10774 -10.251813 0
-346.76077 -180.0061 -10.24847 0
-347.46613 -179.96146 -10.258044 0
-349.56595 -179.80701 -10.299597 0
-349.99762 -179.78862 -10.28211 0
-349.1842 -179.70229 -10.200966 0
-349.9025 -179.66342 -10.219911 0
-349.98969 -179.56638 -10.229091 0
-349.793 -179.52132 -10.295815 0
-349.57831 -179.32266 -10.203077 0
-349.58417 -179.26912 -10.20835 0
-348.39432 -179.17007 -10.210991 0
-347.82675 -178.85004 -10.252118 0
-348.99835 -178.72334 -10.213882 0
-347.82321 -178.74756 -10.265095 0
-347.2814 -178.75784 -10.239093 0
-347.72992 -178.67282 -10.268315 0
-347.41321 -178.65419 -10.239978 0
-346.84421 -178.61385 -10.266022 0
-348.81787 -178.59442 -10.271912 0
-347.42676 -178.54852 -10.260014 0
-349.24771 -178.41045 -10.203197 0
-349.54294 -178.21078 -10.251749 0
-349.73734 -178.1893 -10.23352 0
-349.6991 -178.09976 -10.269823 0
-349.28101 -177.90335 -10.233176 0
-348.85474 -177.94493 -10.298998 0
-349.22006 -177.84225 -10.205188 0
-349.51645 -177.7188 -10.27672 0
-349.6543 -177.61623 -10.233874 0
-349.50082 -177.66035 -10.282661 0
-349.69275 -177.55624 -10.293897 0
-349.42368 -177.53807 -10.22902 0
-349.39587 -177.53258 -10.287625 0
-349.47449 -177.40012 -10.237715 0
-349.00439 -177.36771 -10.239442 0
-348.62866 -177.1356 -10.222712 0
-349.54578 -177.06601 -10.246854 0
-346.95212 -176.99751 -10.26673 0
-347.01862 -176.86938 -10.216105 0
-348.59366 -176.33801 -10.208065 0
-348.38211 -175.86829 -10.283943 0
-348.10388 -175.82053 -10.280157 0
-348.47894 -175.78117 -10.290254 0
-347.31451 -175.22369 -10.227651 0
-347.22656 -175.15968 -10.222709 0
-347.28299 -174.99376 -10.215308 0
-347.58539 -174.80548 -10.298184 0
-347.44785 -174.84241 -10.245128 0
-347.31534 -174.88353 -10.298686 0
-345.01382 -174.85558 -10.253014 0
-344.67493 -174.03021 -10.225106 0
-345.07364 -173.61589 -10.271087 0
-346.41815 -172.7771 -10.291362 0
-346.5596 -172.61192 -10.27496 0
-346.50177 -172.58749 -10.214817 0
-349.92944 -172.13228 -10.256927 0
-349.82419 -171.8652 -10.263769 0
-349.62915 -171.8291 -10.206437 0
-344.3364 -171.63853 -10.259076 0
-349.83044 -171.33369 -10.234908 0
-348.62277 -170.79056 -10.207133 0
-344.9382 -170.7242 -10.269964 0
-344.91974 -170.57619 -10.272017 0
-345.46686 -170.21759 -10.22394 0
-349.98499 -169.66884 -10.277186 0
-349.65552 -169.58243 -10.200655 0
-346.71075 -169.57253 -10.210254 0
-348.40799 -169.42503 -10.231016 0
-349.92865 -168.52682 -10.291541 0
-348.58542 -167.83052 -10.271314 0
-347.88617 -167.55635 -10.255161 0
-348.13342 -167.22209 -10.212609 0
-348.56161 -166.50708 -10.288831 0
-348.47711 -166.34625 -10.271093 0
-346.46524 -165.80232 -10.21349 0
-346.60907 -165.74315 -10.222854 0
-348.30792 -165.68004 -10.220159 0
-348.92102 -165.4415 -10.247964 0
-346.93576 -165.16631 -10.205434 0
-348.61938 -164.87625 -10.253248 0
-347.93768 -164.34827 -10.245829 0
-349.2507 -163.96765 -10.202535 0
-349.23495 -163.80074 -10.208091 0
-348.09705 -163.54282 -10.243631 0
-348.29141 -163.4409 -10.208378 0
-349.78009 -162.7776 -10.2134 0
-349.8013 -162.67235 -10.26775 0
-349.45087 -162.40031 -10.247097 0
-348.78738 -162.37801 -10.261456 0
-349.81296 -162.01016 -10.275855 0
-348.76123 -161.82674 -10.25108 0
-349.83023 -161.77612 -10.213459 0
-349.58078 -161.32693 -10.221551 0
-349.20447 -161.22781 -10.282772 0
-349.93106 -161.10606 -10.258874 0
-345.5047 -161.19562 -10.263703 0
-349.9751 -161.04839 -10.236024 0
-349.08011 -160.88147 -10.207802 0
-349.1944 -160.74716 -10.24407 0
-348.77792 -160.73932 -10.210383 0
-349.83194 -160.56436 -10.24994 0
-349.77014 -160.58775 -10.215588 0
-349.80731 -160.42485 -10.282097 0
-349.77344 -160.47081 -10.279455 0
-349.98489 -160.31966 -10.246817 0
-349.93469 -160.17918 -10.210109 0
-349.75327 -160.1122 -10.258888 0
-349.41962 -160.14304 -10.257179 0
-349.82101 -159.97336 -10.225446 0
-349.86179 -159.73857 -10.299726 0
-348.54306 -159.52353 -10.267337 0
-349.71097 -159.41782 -10.249077 0
-349.85104 -159.32132 -10.216425 0
-349.78836 -159.27621 -10.234121 0
-349.8855 -159.15555 -10.217637 0
-349.44415 -159.17847 -10.206305 0
-349.83456 -159.07317 -10.27811 0
-349.79123 -159.01428 -10.265214 0
-349.63876 -158.84834 -10.260841 0
-349.5047 -158.847 -10.20636 0
-349.93781 -158.71487 -10.249138 0
-348.89713 -158.67387 -10.228319 0
-348.55734 -158.35544 -10.291992 0
-348.94757 -158.22728 -10.207781 0
-349.69952 -157.91968 -10.277066 0
-348.52371 -157.9859 -10.293003 0
-349.59372 -157.86555 -10.273931 0
-349.70346 -157.74342 -10.284432 0
-349.36523 -157.7037 -10.25936 0
-349.29953 -157.57558 -10.255383 0
-349.5184 -157.36465 -10.245478 0
-349.40878 -157.30717 -10.28362 0
-349.33569 -157.39906 -10.237576 0
-348.47305 -157.28712 -10.242921 0
-349.76471 -157.00456 -10.231176 0
-349.46945 -156.71553 -10.247837 0
-346.36429 -155.66782 -10.262877 0
-349.74643 -155.3029 -10.244189 0
-349.37061 -155.15376 -10.220431 0
-349.16705 -155.0211 -10.202216 0
-349.84424 -154.67896 -10.237009 0
-348.7561 -154.52295 -10.239203 0
-345.66101 -154.5015 -10.204716 0
-349.82773 -154.48813 -10.274817 0
-349.51978 -154.49382 -10.219435 0
-349.35422 -154.3981 -10.204949 0
-347.58627 -154.34404 -10.246704 0
-349.66721 -154.14702 -10.240952 0
-349.65009 -154.02011 -10.251764 0
-348.88977 -154.06276 -10.286915 0
-349.31085 -153.94229 -10.217659 0
-348.68546 -153.60487 -10.271538 0
-347.76172 -153.62935 -10.202184 0
-349.43875 -153.56979 -10.292627 0
-349.36615 -153.44069 -10.203399 0
-348.1011 -153.42966 -10.258207 0
-344.75955 -153.22888 -10.278063 0
-348.52457 -153.02319 -10.289668 0
-348.7695 -152.92917 -10.287183 0
-345.65787 -152.90924 -10.215253 0
-345.50143 -152.92627 -10.216999 0
-347.80078 -152.80431 -10.28447 0
-346.56503 -152.86777 -10.257829 0
-346.36115 -152.86588 -10.206923 0
-343.79816 -152.81619 -10.247197 0
-342.45801 -152.8069 -10.209622 0
-347.84061 -152.72751 -10.25895 0
-344.30438 -152.70573 -10.241959 0
-343.76221 -152.76201 -10.215432 0
-348.62372 -152.61205 -10.250721 0
-345.83783 -152.67252 -10.213302 0
-345.68301 -152.66994 -10.251818 0
-345.37762 -152.6537 -10.215903 0
-348.25305 -152.52866 -10.28891 0
-347.88083 -152.58377 -10.213913 0
-347.77176 -152.57896 -10.271439 0
-345.05576 -152.54683 -10.245337 0
-346.70938 -152.46451 -10.2129 0
-346.62274 -152.41029 -10.219232 0
-345.358 -152.46109 -10.248503 0
-345.08997 -152.44595 -10.261471 0
-344.88052 -152.43449 -10.281301 0
-344.08884 -152.45389 -10.254406 0
-341.64069 -152.27803 -10.261931 0
-343.35196 -151.71115 -10.284999 0
-342.61469 -151.56247 -10.200298 0
-342.55881 -151.23488 -10.206751 0
-342.3125 -151.15063 -10.254239 0
-343.47681 -150.24814 -10.277174 0
-342.15665 -150.20651 -10.216341 0
-337.41113 -205.70235 -10.113372 0
-338.12769 -204.08812 -10.121361 0
-338.48157 -203.67929 -10.166027 0
-339.01862 -201.58885 -10.184025 0
-337.06689 -201.41327 -10.117858 0
-337.95853 -200.83025 -10.113739 0
-345.06866 -197.64874 -10.190742 0
-344.69876 -196.30591 -10.199861 0
-344.01993 -196.323 -10.120149 0
-345.21283 -194.67743 -10.126001 0
-344.65482 -193.65691 -10.153255 0
-346.2739 -193.0882 -10.140183 0
-343.28482 -193.00787 -10.168997 0
-345.77673 -192.99919 -10.157308 0
-344.73535 -192.71533 -10.184802 0
-343.72992 -192.72748 -10.19582 0
-348.69934 -190.30148 -10.107598 0
-348.27536 -190.37114 -10.193117 0
-348.59341 -190.11931 -10.103628 0
-348.82578 -190.0602 -10.146722 0
-345.88428 -190.07147 -10.135029 0
-349.1839 -189.99605 -10.151029 0
-348.871 -189.90201 -10.143032 0
-345.56012 -189.65544 -10.190122 0
-343.64276 -189.22141 -10.164389 0
-346.13141 -188.58488 -10.159626 0
-345.99506 -188.40274 -10.171246 0
-345.74081 -188.08807 -10.108101 0
-346.82568 -187.93866 -10.15786 0
-345.8721 -187.88043 -10.179197 0
-346.01337 -187.66922 -10.146287 0
-348.33899 -187.38402 -10.155664 0
-345.93475 -187.36739 -10.137128 0
-345.97495 -187.07242 -10.113314 0
-346.80106 -186.21461 -10.134708 0
-347.76776 -185.68689 -10.133394 0
-347.75656 -185.59506 -10.192062 0
-346.57083 -185.4081 -10.139809 0
-346.09381 -184.90756 -10.102582 0
-346.78403 -184.75366 -10.16973 0
-345.7594 -184.67647 -10.108133 0
-349.11053 -184.53082 -10.172504 0
-349.78967 -184.44182 -10.183262 0
-349.06195 -184.40846 -10.125597 0
-346.83395 -184.45657 -10.186136 0
-346.11859 -184.49086 -10.154541 0
-349.72568 -184.33337 -10.160143 0
-347.14209 -183.35014 -10.143199 0
-349.24847 -182.95074 -10.172749 0
-349.76938 -182.88069 -10.168603 0
-348.84308 -182.8031 -10.128677 0
-349.15826 -182.78107 -10.151376 0
-349.13895 -182.60069 -10.10378 0
-348.5123 -182.69173 -10.198362 0
-348.4931 -182.6187 -10.177531 0
-348.18707 -182.60754 -10.156258 0
-349.72351 -182.50771 -10.113625 0
-349.36719 -182.5585 -10.198638 0
-349.32788 -182.47183 -10.172215 0
-349.83463 -182.39737 -10.167602 0
-349.37338 -182.37271 -10.130706 0
-348.08322 -182.37825 -10.151056 0
-345.95828 -182.37418 -10.101576 0
-349.21979 -182.22997 -10.130355 0
-349.12341 -182.13261 -10.183034 0
-348.62323 -181.93716 -10.132454 0
-348.84814 -181.65186 -10.110957 0
-348.37936 -181.32901 -10.143881 0
-348.76254 -179.83734 -10.110587 0
-349.41281 -179.31961 -10.131697 0
-347.22885 -178.85823 -10.105865 0
-348.80048 -178.79149 -10.155594 0
-346.37885 -178.74899 -10.174767 0
-349.43167 -178.64803 -10.142305 0
-349.12714 -178.63982 -10.106337 0
-349.51956 -178.55702 -10.177298 0
-349.22034 -178.52234 -10.159499 0
-347.38541 -178.57689 -10.131992 0
-349.28647 -178.34671 -10.195563 0
-346.31329 -178.2955 -10.179091 0
-344.18201 -177.89291 -10.136463 0
-348.87122 -177.76094 -10.107537 0
-347.42923 -177.79672 -10.15185 0
-348.57556 -177.66971 -10.196529 0
-349.94662 -177.41464 -10.144855 0
-349.77347 -177.45535 -10.125376 0
-349.81607 -177.37993 -10.123602 0
-348.56 -177.37294 -10.182991 0
-349.0163 -177.20702 -10.16081 0
-349.99762 -177.14012 -10.110938 0
-349.51694 -177.16885 -10.116497 0
-349.43997 -177.03012 -10.114404 0
-344.88681 -176.82288 -10.106114 0
-347.74905 -176.79385 -10.116159 0
-347.84583 -176.64223 -10.148141 0
-345.92368 -176.61742 -10.170307 0
-347.9501 -176.45674 -10.148562 0
-344.72403 -176.26486 -10.151447 0
-344.32886 -176.21632 -10.129956 0
-348.17206 -176.17221 -10.195872 0
-345.29468 -176.11766 -10.130564 0
-345.23492 -176.06389 -10.121928 0
-344.63434 -175.40363 -10.104823 0
-344.18375 -175.37544 -10.140803 0
-347.50107 -175.1774 -10.196327 0
-347.3627 -175.10582 -10.187367 0
-344.78384 -175.12662 -10.127375 0
-347.84372 -175.01027 -10.105666 0
-347.78815 -175.06876 -10.105604 0
-347.51776 -175.05022 -10.11226 0
-347.68427 -174.87692 -10.114544 0
-346.90274 -174.87105 -10.16046 0
-347.5491 -174.72499 -10.177649 0
-344.67786 -174.70494 -10.12486 0
-345.24295 -173.64735 -10.120914 0
-345.03564 -173.61972 -10.15139 0
-345.16449 -173.53764 -10.189359 0
-345.00589 -173.4572 -10.133357 0
-343.87796 -173.29739 -10.108263 0
-343.24435 -172.45744 -10.152336 0
-345.07272 -172.25208 -10.174877 0
-345.33917 -171.68581 -10.168866 0
-349.99741 -171.50539 -10.15707 0
-344.9761 -170.20914 -10.178437 0
-345.14679 -170.19066 -10.192625 0
-349.51746 -169.69038 -10.132685 0
-349.06689 -168.83394 -10.174846 0
-348.47037 -168.66129 -10.197106 0
-348.31335 -168.60558 -10.160826 0
-348.29471 -167.79364 -10.198518 0
-348.6727 -167.68942 -10.148653 0
-347.05286 -167.44643 -10.152015 0
-348.58578 -166.57828 -10.194898 0
-346.42181 -165.41664 -10.19181 0
-346.55154 -165.25243 -10.146487 0
-346.18103 -165.26695 -10.166447 0
-346.9696 -165.0116 -10.176126 0
-349.99753 -164.60139 -10.168062 0
-349.84497 -164.66176 -10.185906 0
-349.77649 -164.09853 -10.137859 0
-345.2142 -163.89755 -10.170218 0
-349.12378 -163.72366 -10.199946 0
-349.51202 -163.63277 -10.19489 0
-348.53436 -163.34073 -10.114913 0
-349.74634 -162.54326 -10.172622 0
-349.70346 -162.14482 -10.118485 0
-349.97791 -162.0591 -10.128252 0
-349.84433 -162.09439 -10.121237 0
-349.43033 -162.00858 -10.168903 0
-349.42377 -161.71875 -10.110472 0
-349.77158 -161.40994 -10.111153 0
-349.90237 -161.30603 -10.1949 0
-349.73468 -161.30145 -10.122111 0
-348.50821 -161.3257 -10.117253 0
-348.89438 -161.28125 -10.16089 0
-349.73953 -161.14284 -10.195541 0
-349.97028 -160.96979 -10.161027 0
-349.81073 -160.96785 -10.104788 0
-349.68103 -160.94579 -10.163657 0
-349.38211 -160.76637 -10.128385 0
-349.88928 -160.59682 -10.130269 0
-349.6817 -160.51578 -10.190719 0
-349.87299 -160.46988 -10.194543 0
-349.99942 -160.17906 -10.187016 0
-349.79797 -159.86646 -10.178397 0
-349.55539 -159.7157 -10.149788 0
-349.5842 -159.68964 -10.163558 0
-349.6358 -159.55997 -10.120556 0
-349.58423 -159.56656 -10.149955 0
-349.68533 -159.30473 -10.114999 0
-349.54831 -159.36391 -10.185349 0
-349.77908 -159.28387 -10.194286 0
-349.97391 -159.17043 -10.17525 0
-349.5925 -159.06355 -10.183589 0
-349.34808 -159.03452 -10.10805 0
-348.74734 -158.66414 -10.177761 0
-349.7114 -158.16301 -10.15826 0
-349.94043 -157.66266 -10.199366 0
-349.80939 -157.51675 -10.1175 0
-348.08951 -157.55971 -10.115195 0
-349.91077 -157.47128 -10.179517 0
-349.76187 -157.42067 -10.109756 0
-348.14307 -157.49118 -10.115721 0
-349.88788 -157.38936 -10.175711 0
-349.73679 -157.38548 -10.114355 0
-348.48187 -157.37886 -10.120992 0
-349.15955 -157.28067 -10.175334 0
-348.42288 -157.13034 -10.108746 0
-348.57504 -156.46812 -10.12351 0
-349.96967 -156.22836 -10.110698 0
-349.21481 -156.2088 -10.196017 0
-349.10089 -156.26089 -10.179784 0
-349.15048 -155.74054 -10.174438 0
-349.64001 -155.29356 -10.147428 0
-342.70871 -154.96992 -10.154179 0
-349.25864 -154.62744 -10.185497 0
-349.44241 -154.38356 -10.110773 0
-349.88922 -154.24023 -10.193536 0
-349.40369 -154.28488 -10.187826 0
-349.72116 -154.07254 -10.18682 0
-349.52466 -154.0959 -10.19328 0
-349.85416 -153.94656 -10.191924 0
-345.892 -153.95488 -10.129317 0
-349.97372 -153.68719 -10.172891 0
-349.74243 -153.64989 -10.125921 0
-347.07187 -153.61568 -10.183198 0
-349.01685 -153.54921 -10.137967 0
-348.02032 -153.52628 -10.176718 0
-348.9147 -153.43007 -10.133237 0
-346.99023 -153.4966 -10.175445 0
-349.42062 -153.36916 -10.167127 0
-349.39355 -153.32724 -10.146128 0
-348.10818 -153.3264 -10.192135 0
-348.06473 -153.3535 -10.160405 0
-346.76239 -153.39912 -10.120279 0
-345.86282 -153.39696 -10.19053 0
-349.51382 -153.2892 -10.169342 0
-349.38248 -153.20589 -10.168449 0
-347.97791 -153.27068 -10.165117 0
-345.94095 -153.23605 -10.174566 0
-349.50345 -153.18945 -10.149051 0
-349.4429 -153.10913 -10.118591 0
-348.87778 -153.12894 -10.183293 0
-342.37418 -153.14153 -10.123541 0
-348.81573 -153.06233 -10.181128 0
-349.03998 -152.99117 -10.191122 0
-348.86713 -152.92599 -10.143654 0
-344.7229 -152.9809 -10.164623 0
-348.72253 -152.81119 -10.142477 0
-348.46564 -152.85992 -10.167083 0
-347.74649 -152.81206 -10.175802 0
-345.57663 -152.86475 -10.156192 0
-348.87469 -152.79535 -10.187072 0
-348.33228 -152.73898 -10.13583 0
-347.85507 -152.72656 -10.18755 0
-347.76715 -152.77982 -10.191541 0
-347.68326 -152.7188 -10.152221 0
-347.57175 -152.7305 -10.137292 0
-346.1088 -152.78456 -10.113643 0
-345.37131 -152.78586 -10.157413 0
-345.17969 -152.78445 -10.103647 0
-344.48657 -152.75067 -10.129967 0
-345.56927 -152.64873 -10.118535 0
-345.23865 -152.67076 -10.138842 0
-344.73129 -152.66881 -10.139652 0
-344.46671 -152.68579 -10.136565 0
-341.98956 -152.63696 -10.15234 0
-347.75702 -152.5513 -10.124062 0
-347.64862 -152.537 -10.133716 0
-347.53931 -152.56122 -10.129123 0
-346.76968 -152.57333 -10.111565 0
-346.67722 -152.55901 -10.149854 0
-346.59445 -152.50418 -10.189933 0
-345.47684 -152.58916 -10.176883 0
-343.89453 -152.56172 -10.19442 0
-346.70776 -152.48328 -10.1218 0
-346.62717 -152.46272 -10.150052 0
-346.20551 -152.46477 -10.131252 0
-346.52814 -152.39249 -10.167563 0
-342.95221 -151.87402 -10.114231 0
-341.84012 -151.63348 -10.138228 0
-343.14392 -150.30008 -10.196908 0
-342.82715 -150.31364 -10.165278 0
-343.35516 -150.27246 -10.140714 0
-343.07587 -150.2522 -10.125411 0
-343.40979 -150.18362 -10.179162 0
-342.78564 -150.0927 -10.117004 0
-342.02484 -150.03767 -10.150006 0
-345.26801 -197.1132 -10.048372 0
-345.81805 -196.81931 -10.070888 0
-345.02371 -194.85381 -10.098786 0
-345.85504 -193.06215 -10.098897 0
-343.61356 -192.759 -10.028269 0
-343.86206 -192.40282 -10.036407 0
-343.50217 -192.46852 -10.011893 0
-347.2149 -192.30786 -10.086513 0
-342.18356 -191.6315 -10.094864 0
-348.67499 -190.61638 -10.045069 0
-348.16089 -190.23526 -10.009134 0
-349.02792 -190.05595 -10.092454 0
-349.30716 -189.94632 -10.090137 0
-349.22363 -189.96332 -10.076095 0
-346.00241 -189.69788 -10.052502 0
-348.84491 -189.55441 -10.02435 0
-346.16592 -189.57338 -10.039636 0
-348.931 -189.4313 -10.037576 0
-346.4599 -189.47466 -10.043274 0
-345.93826 -189.42384 -10.061466 0
-348.84708 -189.37131 -10.028544 0
-345.21249 -189.37439 -10.038443 0
-345.46216 -189.20575 -10.085611 0
-345.99646 -188.95494 -10.007121 0
-345.87088 -188.83073 -10.070596 0
-346.07272 -188.49971 -10.033723 0
-346.33527 -188.2562 -10.086549 0
-345.54059 -187.09422 -10.054433 0
-347.58408 -185.91406 -10.065245 0
-347.19235 -185.91069 -10.048763 0
-347.03027 -185.89247 -10.051889 0
-346.35785 -185.56873 -10.049726 0
-346.78397 -184.63229 -10.09204 0
-349.09766 -184.46841 -10.022673 0
-347.19345 -184.30537 -10.096884 0
-348.9325 -183.45413 -10.012423 0
-348.02951 -183.44571 -10.036522 0
-348.74088 -183.38022 -10.059512 0
-349.63657 -182.51462 -10.037354 0
-347.94049 -182.52057 -10.094414 0
-345.64398 -182.49376 -10.06084 0
-347.87549 -182.35565 -10.057186 0
-348.02072 -181.53288 -10.008273 0
-348.14749 -181.34558 -10.011466 0
-348.07184 -181.27507 -10.071057 0
-348.32288 -181.13934 -10.039681 0
-345.40518 -180.12814 -10.029277 0
-348.80444 -180.04875 -10.07266 0
-349.07654 -179.9404 -10.000656 0
-349.31287 -179.52617 -10.037475 0
-349.3956 -179.43053 -10.088758 0
-348.8905 -179.22702 -10.033629 0
-348.8345 -179.18924 -10.030133 0
-348.79419 -179.14841 -10.031033 0
-348.82193 -179.09761 -10.051234 0
-348.23013 -179.00267 -10.003963 0
-347.15915 -178.69749 -10.090894 0
-347.07715 -178.59673 -10.096515 0
-349.13828 -178.45833 -10.032021 0
-347.71252 -178.29105 -10.075986 0
-345.43121 -178.19586 -10.056039 0
-349.24591 -178.09665 -10.032017 0
-349.07877 -178.03368 -10.008181 0
-348.34665 -177.9382 -10.024577 0
-347.58209 -177.99547 -10.015071 0
-349.42923 -177.88417 -10.0079 0
-349.05637 -177.80457 -10.097939 0
-344.30045 -177.81372 -10.030736 0
-349.45377 -177.73196 -10.017878 0
-345.5322 -177.70955 -10.081148 0
-349.7002 -177.6201 -10.046569 0
-348.54367 -177.50093 -10.060541 0
-349.89545 -177.49101 -10.097526 0
-349.27832 -177.46312 -10.060375 0
-349.01993 -177.44366 -10.055177 0
-349.58276 -177.38802 -10.061516 0
-348.62006 -177.26039 -10.063596 0
-348.45459 -177.27637 -10.054623 0
-347.14182 -177.14157 -10.049665 0
-345.45898 -177.08745 -10.005344 0
-347.37665 -176.85007 -10.098176 0
-347.89795 -176.70041 -10.092836 0
-348.65375 -176.46544 -10.051095 0
-348.69864 -176.29892 -10.030669 0
-348.67194 -176.19604 -10.017528 0
-348.47086 -176.14987 -10.020617 0
-344.30215 -176.10518 -10.075108 0
-348.82819 -175.82449 -10.039606 0
-348.72983 -175.72368 -10.002256 0
-348.71899 -175.67113 -10.007182 0
-347.95117 -175.22267 -10.049477 0
-344.58588 -175.28174 -10.079945 0
-344.46457 -175.2404 -10.067636 0
-344.32596 -175.22473 -10.031952 0
-347.84915 -175.13388 -10.00466 0
-344.31866 -175.16553 -10.03415 0
-344.3522 -175.02635 -10.047342 0
-344.10938 -174.92285 -10.062137 0
-347.46918 -174.85237 -10.063564 0
-346.04868 -174.55701 -10.065108 0
-345.30725 -174.34076 -10.080204 0
-343.43857 -174.21585 -10.02378 0
-347.91739 -172.34833 -10.066607 0
-342.95221 -172.08318 -10.004717 0
-349.04709 -171.99159 -10.002962 0
-349.7244 -171.63876 -10.020924 0
-349.72525 -171.37134 -10.02663 0
-349.63278 -171.19679 -10.017105 0
-345.79807 -170.22577 -10.023934 0
-345.12146 -169.88559 -10.075687 0
-349.87952 -169.02422 -10.019017 0
-347.53204 -168.63792 -10.042924 0
-346.43311 -166.79298 -10.024328 0
-348.6308 -166.50606 -10.014347 0
-346.67398 -164.95868 -10.07077 0
-349.03821 -164.729 -10.026419 0
-348.17822 -164.672 -10.027076 0
-348.04153 -164.25981 -10.062525 0
-349.86105 -163.76006 -10.014756 0
-349.11151 -163.68967 -10.009333 0
-348.17517 -162.93582 -10.060662 0
-348.14212 -162.81686 -10.042008 0
-349.59302 -162.51018 -10.09238 0
-349.27563 -162.55066 -10.00797 0
-349.81754 -162.44377 -10.017754 0
-348.66656 -162.35327 -10.014544 0
-349.99426 -162.2496 -10.021932 0
-349.83231 -162.27832 -10.073544 0
-349.91721 -162.17747 -10.00116 0
-349.88068 -162.09271 -10.00033 0
-349.87616 -161.96463 -10.0708 0
-349.36255 -161.92653 -10.088391 0
-348.58771 -161.75105 -10.074818 0
-349.36655 -161.55124 -10.021665 0
-348.69516 -161.39108 -10.044663 0
-349.89954 -160.7323 -10.099616 0
-348.77328 -160.71475 -10.072659 0
-349.38184 -160.67975 -10.004604 0
-349.51129 -160.53748 -10.049097 0
-349.67426 -159.56055 -10.00169 0
-347.78159 -159.3813 -10.033676 0
-348.65341 -158.85187 -10.024879 0
-348.59814 -158.86362 -10.036775 0
-349.05984 -158.27573 -10.072782 0
-349.59229 -157.71353 -10.023726 0
-348.61719 -157.75198 -10.045528 0
-349.56372 -157.53525 -10.094489 0
-349.36841 -157.51277 -10.095264 0
-349.38837 -157.35487 -10.046878 0
-348.3139 -157.27377 -10.097371 0
-348.40775 -157.17146 -10.091757 0
-349.30893 -156.88176 -10.093852 0
-349.80701 -156.40836 -10.030149 0
-349.14658 -156.31911 -10.012398 0
-349.65088 -156.23314 -10.035687 0
-349.42395 -156.27881 -10.085911 0
-349.24661 -156.15758 -10.007642 0
-349.12073 -156.19107 -10.086153 0
-348.79568 -156.15547 -10.015944 0
-349.04593 -156.0063 -10.061011 0
-348.19785 -156.00308 -10.092473 0
-349.03571 -155.77496 -10.07656 0
-348.92859 -155.70906 -10.071793 0
-349.30566 -155.66745 -10.031645 0
-349.26465 -155.52792 -10.007401 0
-349.46213 -155.38255 -10.086208 0
-349.25717 -155.0712 -10.004008 0
-349.41873 -154.88895 -10.036975 0
-349.38495 -154.86676 -10.048672 0
-349.83951 -154.61124 -10.010817 0
-347.64529 -154.41505 -10.010346 0
-345.68076 -154.48921 -10.054147 0
-347.50418 -154.17259 -10.040437 0
-349.16162 -154.02699 -10.04776 0
-349.76855 -153.90746 -10.018909 0
-349.36133 -153.93433 -10.045197 0
-347.24252 -153.97433 -10.075098 0
-344.73572 -153.91008 -10.004504 0
-348.0831 -153.87686 -10.020654 0
-347.80338 -153.82289 -10.032406 0
-349.78546 -153.70894 -10.025177 0
-344.68329 -153.77795 -10.058055 0
-349.56946 -153.65866 -10.075291 0
-348.06149 -153.51895 -10.047178 0
-348.02325 -153.4677 -10.022569 0
-345.96841 -153.40646 -10.002974 0
-349.02368 -153.23361 -10.010493 0
-348.34869 -153.23378 -10.006196 0
-347.82751 -153.23666 -10.038589 0
-347.73346 -153.2076 -10.051222 0
-349.52356 -153.15149 -10.050682 0
-349.41599 -153.13103 -10.042898 0
-349.05884 -153.13155 -10.071021 0
-347.95648 -153.19138 -10.073113 0
-347.34796 -153.13127 -10.045284 0
-344.10818 -153.13509 -10.026795 0
-342.71359 -153.15712 -10.059007 0
-349.73102 -153.08614 -10.040299 0
-347.96921 -153.06299 -10.05552 0
-347.30673 -153.08199 -10.004362 0
-342.45847 -153.0929 -10.028203 0
-348.85254 -152.9256 -10.055955 0
-347.45728 -152.99118 -10.036876 0
-345.39124 -152.98318 -10.068265 0
-344.32196 -152.94968 -10.031301 0
-348.73343 -152.83511 -10.06788 0
-347.66675 -152.88434 -10.001976 0
-345.54703 -152.80215 -10.055103 0
-344.26242 -152.89981 -10.052843 0
-342.52814 -152.87883 -10.017441 0
-347.90234 -152.72986 -10.066204 0
-347.85968 -152.72984 -10.061232 0
-345.62872 -152.78 -10.084454 0
-345.33466 -152.71046 -10.07553 0
-342.70227 -152.77943 -10.065049 0
-347.75867 -152.66017 -10.016959 0
-347.67377 -152.63028 -10.021238 0
-347.4884 -152.6026 -10.016258 0
-345.70322 -152.62863 -10.090658 0
-345.06601 -152.62122 -10.097936 0
-342.42624 -152.67336 -10.051986 0
-345.24088 -152.5054 -10.062444 0
-344.07443 -152.42943 -10.069202 0
-343.88937 -152.47232 -10.023958 0
-347.44522 -152.36351 -10.007163 0
-343.8306 -152.31232 -10.015431 0
-345.11798 -152.22784 -10.060034 0
-342.75125 -152.21964 -10.045078 0
-342.83289 -152.12946 -10.069394 0
-342.63538 -152.16885 -10.095721 0
-342.4303 -152.13696 -10.041434 0
-341.66733 -152.00459 -10.023273 0
-345.74124 -151.88828 -10.06039 0
-342.43893 -151.61911 -10.08632 0
-342.36835 -151.69855 -10.077842 0
-342.20557 -151.52847 -10.025481 0
-342.1207 -151.58533 -10.053679 0
-342.93433 -151.4834 -10.07837 0
-342.32031 -151.34981 -10.068904 0
-342.3623 -151.14691 -10.062154 0
-343.34836 -150.13683 -10.055162 0
-336.34189 -210.77786 -9.9437828 0
-341.09335 -205.51942 -9.9934855 0
-338.62851 -205.11533 -9.9848518 0
-345.8851 -194.08537 -9.9902868 0
-344.53195 -193.18446 -9.9158945 0
-345.75583 -192.87494 -9.9251232 0
-343.8746 -192.72017 -9.9444027 0
-347.36011 -192.26445 -9.9538174 0
-348.12451 -191.30118 -9.9504795 0
-348.12753 -191.1571 -9.9128265 0
-348.12228 -191.07077 -9.9119358 0
-348.50784 -190.83183 -9.961689 0
-348.69376 -190.70656 -9.9866219 0
-348.61823 -190.64645 -9.9834557 0
-348.87772 -190.08437 -9.9899378 0
-348.92651 -189.68837 -9.9524097 0
-348.90765 -189.42447 -9.9129686 0
-345.99072 -189.3308 -9.9309158 0
-344.76196 -189.16087 -9.9638138 0
-345.27438 -187.82425 -9.9499846 0
-346.1008 -187.41376 -9.9393635 0
-346.35638 -186.44044 -9.9216948 0
-347.69565 -186.24452 -9.9983091 0
-347.94794 -186.06465 -9.9579439 0
-345.21542 -186.01732 -9.9440908 0
-347.78195 -185.63179 -9.9033833 0
-348.05957 -185.589 -9.9306211 0
-348.34573 -185.43427 -9.9885054 0
-348.01917 -185.48489 -9.9745102 0
-345.90555 -185.4026 -9.9152155 0
-347.93021 -185.2948 -9.9993935 0
-347.14999 -184.72987 -9.9392967 0
-347.03519 -184.77129 -9.9889154 0
-347.29639 -184.61461 -9.9089985 0
-347.14554 -184.44891 -9.9224319 0
-347.0513 -184.48448 -9.9271441 0
-349.09509 -184.29907 -9.9301004 0
-346.70264 -183.31203 -9.9654055 0
-348.26538 -183.29736 -9.9037418 0
-346.72537 -183.19437 -9.9699183 0
-348.23447 -183.08702 -9.9233494 0
-349.44949 -182.87169 -9.9258642 0
-349.38052 -182.83885 -9.9353838 0
-349.13104 -182.72505 -9.9849329 0
-348.25372 -182.73682 -9.9230251 0
-346.49207 -182.45953 -9.9225407 0
-346.05811 -182.44897 -9.9651871 0
-349.29428 -182.28658 -9.9343529 0
-348.13034 -182.24614 -9.9301472 0
-349.54346 -182.15149 -9.9661951 0
-349.10831 -182.12305 -9.9450722 0
-349.39813 -182.0112 -9.9751625 0
-348.81821 -181.97 -9.9367027 0
-348.48489 -181.61909 -9.9768438 0
-348.0546 -181.48505 -9.9812803 0
-348.13528 -181.33977 -9.9739199 0
-348.06064 -181.23734 -9.9496746 0
-347.98776 -181.242 -9.9117422 0
-347.94794 -180.05675 -9.9111738 0
-348.62009 -179.79259 -9.9912901 0
-348.60547 -179.21965 -9.9503384 0
-348.72955 -179.11784 -9.9945993 0
-348.76395 -179.0173 -9.9887629 0
-348.51425 -178.9678 -9.9798317 0
-348.26752 -178.93695 -9.9165325 0
-348.49597 -178.84271 -9.9537239 0
-348.29483 -178.81116 -9.9501867 0
-346.85031 -178.89713 -9.9495726 0
-348.3201 -178.73122 -9.9638634 0
-349.19452 -178.29181 -9.9348688 0
-348.5867 -177.70705 -9.9328346 0
-346.11111 -177.7265 -9.9020176 0
-345.40894 -177.77213 -9.9432774 0
-348.98148 -177.29413 -9.9897623 0
-348.74957 -177.2805 -9.9678745 0
-349.28494 -177.151 -9.9414597 0
-348.81909 -177.12514 -9.980279 0
-348.15088 -177.15115 -9.9361849 0
-347.54825 -177.14441 -9.9542265 0
-348.67978 -177.00089 -9.9766874 0
-345.26868 -176.91794 -9.9527111 0
-345.06555 -176.91951 -9.9034719 0
-348.69495 -176.8024 -9.9692583 0
-348.38522 -176.6124 -9.9268236 0
-348.54651 -176.3208 -9.9962292 0
-345.27103 -176.30478 -9.9160128 0
-349.77707 -176.20055 -9.9522238 0
-348.43817 -176.26964 -9.9770107 0
-348.77121 -175.95552 -9.9495525 0
-344.2092 -175.83957 -9.9815989 0
-344.57822 -175.75381 -9.9713783 0
-344.5083 -175.56276 -9.9159307 0
-344.16269 -175.03445 -9.924058 0
-345.28116 -174.95045 -9.9762774 0
-344.58319 -174.84537 -9.9056702 0
-344.67975 -174.62759 -9.9489908 0
-344.45056 -174.64595 -9.9581823 0
-345.02148 -174.5578 -9.9607067 0
-345.14719 -174.49162 -9.9366388 0
-345.06628 -174.24028 -9.9553003 0
-343.78217 -173.75339 -9.9399271 0
-345.08286 -172.70993 -9.9011889 0
-343.16202 -172.7103 -9.9405708 0
-342.90631 -172.3237 -9.9886665 0
-342.2807 -172.39589 -9.9651804 0
-349.09274 -171.89731 -9.9241409 0
-349.82358 -171.39339 -9.9130869 0
-349.39865 -171.10632 -9.9871502 0
-349.68073 -170.21797 -9.9899263 0
-344.99243 -169.79822 -9.9087257 0
-348.35217 -169.26343 -9.9368286 0
-349.65341 -167.24799 -9.9115248 0
-349.57227 -167.26111 -9.9022493 0
-349.79346 -166.87001 -9.9344807 0
-346.6084 -165.32159 -9.9624491 0
-349.00253 -164.8792 -9.9528551 0
-341.70911 -164.73029 -9.9092674 0
-349.04398 -164.67316 -9.9803648 0
-348.58011 -164.66776 -9.9774647 0
-349.29761 -164.13437 -9.9511461 0
-349.61884 -164.01682 -9.9915228 0
-349.37714 -164.01031 -9.9338827 0
-349.23557 -164.01562 -9.9466267 0
-349.08823 -164.00648 -9.9346066 0
-348.92926 -164.06107 -9.9674969 0
-347.57532 -164.02049 -9.9516668 0
-349.41 -163.68378 -9.9797125 0
-348.73105 -163.68506 -9.9784107 0
-348.90808 -163.29137 -9.9555836 0
-349.5463 -162.87445 -9.9375277 0
-349.41202 -162.85529 -9.9298382 0
-349.58365 -162.53253 -9.9275837 0
-348.93936 -162.5553 -9.9103508 0
-349.57901 -162.35707 -9.9707251 0
-348.79678 -162.27484 -9.9244862 0
-349.90811 -162.08655 -9.9861107 0
-349.89053 -162.03246 -9.9994974 0
-348.27005 -162.03162 -9.9076958 0
-349.47562 -161.99313 -9.9323158 0
-349.76376 -161.67316 -9.9520626 0
-349.3385 -161.66257 -9.9524727 0
-349.02213 -161.46603 -9.9990358 0
-349.20578 -161.29849 -9.9711781 0
-349.54825 -161.1777 -9.9955597 0
-349.09018 -161.10381 -9.9008484 0
-349.81543 -160.96986 -9.9217777 0
-349.35013 -160.853 -9.9400539 0
-349.49747 -160.52933 -9.9292564 0
-348.5004 -160.0117 -9.9304552 0
-348.91638 -159.91692 -9.9316425 0
-348.48505 -159.07405 -9.9695139 0
-348.60593 -158.98944 -9.9106407 0
-349.52103 -158.88522 -9.9467735 0
-348.49872 -158.89922 -9.9031496 0
-348.56418 -158.41919 -9.9131689 0
-349.08008 -158.33273 -9.9820223 0
-348.75635 -157.82365 -9.9741468 0
-348.54834 -157.6826 -9.9434967 0
-348.50311 -157.37035 -9.9292049 0
-349.16556 -156.58334 -9.9602327 0
-349.87213 -156.42365 -9.9768076 0
-349.26395 -156.41544 -9.9488134 0
-349.72513 -156.31746 -9.9331665 0
-349.00354 -156.36386 -9.9407291 0
-349.25653 -156.28848 -9.9217815 0
-349.18195 -156.07814 -9.982955 0
-348.01208 -155.54482 -9.9802332 0
-349.33246 -155.12225 -9.9061499 0
-348.53625 -154.76352 -9.9660378 0
-345.36154 -154.41042 -9.9566221 0
-344.92633 -154.40637 -9.9212523 0
-349.49991 -154.34428 -9.9628906 0
-345.47037 -154.39587 -9.9640589 0
-348.63885 -154.18373 -9.9187756 0
-345.22311 -154.17577 -9.9416571 0
-343.73541 -154.12007 -9.9925489 0
-349.64267 -153.86012 -9.9097805 0
-348.18436 -153.84576 -9.944562 0
-349.94174 -153.65164 -9.9522753 0
-346.24182 -153.53847 -9.9882631 0
-349.31976 -153.32582 -9.9732857 0
-349.26944 -153.25336 -9.9630699 0
-347.74057 -153.23981 -9.9877758 0
-345.97198 -153.24121 -9.9191971 0
-344.04117 -153.27188 -9.9429226 0
-348.72083 -153.18121 -9.9013758 0
-349.74008 -153.02481 -9.9806633 0
-349.69144 -153.04402 -9.9674501 0
-348.60287 -153.01906 -9.9019279 0
-348.18423 -153.05556 -9.9018583 0
-347.79034 -153.01337 -9.9752665 0
-347.53412 -153.09251 -9.9714527 0
-345.63016 -153.04109 -9.9070206 0
-348.07489 -152.9738 -9.9492836 0
-345.86667 -152.93025 -9.9107561 0
-348.96857 -152.80196 -9.9168472 0
-348.51736 -152.85007 -9.9839392 0
-347.01193 -152.88786 -9.9043579 0
-344.20447 -152.83794 -9.9293985 0
-348.02789 -152.77629 -9.9417124 0
-346.65909 -152.72182 -9.9132862 0
-345.50662 -152.7704 -9.9827986 0
-349.03558 -152.65604 -9.9128733 0
-347.56 -152.62389 -9.9910345 0
-346.73749 -152.54515 -9.9824629 0
-345.20584 -152.50687 -9.979682 0
-344.01974 -152.56989 -9.9839678 0
-349.41647 -152.44846 -9.9075451 0
-346.6297 -152.45381 -9.9852638 0
-346.1622 -152.4295 -9.9516382 0
-343.96078 -152.42397 -9.9321976 0
-343.80414 -152.43581 -9.9607325 0
-346.46631 -152.37877 -9.9950972 0
-345.24347 -152.34488 -9.9678688 0
-344.02545 -152.37711 -9.9630489 0
-343.68265 -152.20399 -9.967556 0
-342.31943 -152.25798 -9.9057102 0
-342.42032 -152.04407 -9.9299364 0
-345.61319 -151.97314 -9.9308224 0
-345.85275 -151.80908 -9.9949675 0
-345.7851 -151.88622 -9.9515476 0
-342.50455 -151.89897 -9.9774647 0
-342.5332 -151.56184 -9.9241028 0
-342.25821 -151.57356 -9.9576826 0
-342.84375 -151.33623 -9.949111 0
-342.08395 -150.94917 -9.9770327 0
-341.75586 -150.73074 -9.9686289 0
-342.65018 -150.36948 -9.9855976 0
-342.03906 -150.17014 -9.9405785 0
-341.96591 -150.08774 -9.9109192 0
-340.90063 -204.91566 -9.809967 0
-339.53256 -204.89438 -9.8642082 0
-337.33386 -204.83548 -9.8343506 0
-338.4389 -202.25485 -9.800416 0
-338.97006 -201.65948 -9.8601322 0
-339.60028 -200.60347 -9.8560629 0
-340.05936 -199.5305 -9.8383923 0
-345.32611 -194.50085 -9.8296728 0
-341.44766 -193.29045 -9.8460369 0
-345.79343 -192.97234 -9.8269262 0
-343.83469 -192.85933 -9.8703384 0
-344.63989 -192.68129 -9.8729753 0
-344.38922 -192.40939 -9.8714724 0
-343.35178 -192.01292 -9.8184996 0
-347.5426 -191.77014 -9.8203869 0
-348.24081 -190.7816 -9.8889227 0
-349.02502 -190.25812 -9.8045177 0
-348.65112 -190.23372 -9.8293409 0
-349.08481 -189.71115 -9.808526 0
-349.1033 -189.59358 -9.819663 0
-348.96011 -189.54665 -9.8128061 0
-348.81781 -189.58006 -9.8152122 0
-349.05548 -189.01294 -9.8240433 0
-348.97849 -189.05711 -9.8130274 0
-345.24011 -188.99799 -9.8839483 0
-346.15604 -188.22176 -9.8645802 0
-346.07751 -188.26906 -9.8888025 0
-346.711 -187.37088 -9.8183117 0
-346.01328 -187.24184 -9.8050423 0
-345.94693 -187.26825 -9.8082018 0
-344.27707 -187.10509 -9.8764219 0
-346.67804 -186.98848 -9.8481245 0
-346.34991 -186.25233 -9.8666315 0
-348.13895 -186.18196 -9.8341103 0
-344.39313 -186.11185 -9.8113489 0
-346.43079 -186.06354 -9.8523417 0
-346.3479 -186.03471 -9.8491592 0
-347.401 -185.96625 -9.8656902 0
-346.40427 -185.74309 -9.801939 0
-349.38397 -185.27092 -9.8164616 0
-346.30267 -184.99408 -9.8393049 0
-347.2645 -184.72763 -9.8635225 0
-346.99585 -184.54759 -9.8114071 0
-346.94934 -184.32245 -9.8750458 0
-346.2077 -184.37431 -9.8903942 0
-347.20059 -184.13399 -9.8705778 0
-346.19107 -183.94505 -9.815156 0
-348.64682 -182.63618 -9.8018284 0
-347.34576 -182.63297 -9.8867569 0
-348.30518 -182.49738 -9.85952 0
-349.11865 -182.22371 -9.8016262 0
-349.90836 -182.04518 -9.8432159 0
-349.72836 -182.01318 -9.8405571 0
-349.23648 -182.02695 -9.8791723 0
-349.89011 -181.98238 -9.8996849 0
-348.05255 -181.93384 -9.802906 0
-349.69684 -181.88223 -9.8205338 0
-346.45676 -181.78397 -9.8604317 0
-349.39276 -181.12846 -9.8076611 0
-347.6918 -181.16531 -9.8985386 0
-346.16949 -180.86887 -9.8218193 0
-346.97537 -180.73453 -9.8603735 0
-347.90274 -180.37286 -9.8000536 0
-348.85742 -179.9641 -9.835885 0
-348.41437 -179.87883 -9.8192329 0
-348.47192 -179.63696 -9.8477783 0
-347.99454 -178.84369 -9.8241196 0
-347.47989 -178.76901 -9.8851328 0
-347.14536 -178.49986 -9.8309031 0
-349.24792 -178.00865 -9.8555822 0
-349.40692 -177.88493 -9.8399639 0
-349.54492 -177.51222 -9.844491 0
-347.73724 -177.52257 -9.8315001 0
-347.6391 -177.53407 -9.8616486 0
-349.76599 -177.32549 -9.8587646 0
-348.43365 -177.12044 -9.8940277 0
-349.69962 -176.68932 -9.82792 0
-349.46497 -176.69943 -9.8725872 0
-349.91138 -176.58635 -9.8196554 0
-349.82855 -176.5175 -9.8304405 0
-349.49826 -176.52214 -9.8911333 0
-344.96887 -176.53754 -9.8008804 0
-349.42743 -176.47818 -9.800601 0
-348.37149 -176.27492 -9.8585367 0
-345.05627 -176.25287 -9.8951864 0
-344.38754 -176.25546 -9.8715324 0
-348.25369 -176.10693 -9.833024 0
-344.93762 -176.11591 -9.8811817 0
-344.40091 -176.10045 -9.8997135 0
-344.26788 -176.19974 -9.8771772 0
-348.83698 -175.862 -9.8975611 0
-344.11072 -175.40744 -9.8198843 0
-345.3363 -174.839 -9.8100014 0
-345.28787 -174.51706 -9.840559 0
-343.55722 -174.48448 -9.8683977 0
-343.6076 -174.17551 -9.8108015 0
-342.93799 -174.04216 -9.8127556 0
-343.71191 -173.65895 -9.8213663 0
-344.14355 -173.16405 -9.8796482 0
-342.4971 -172.39975 -9.8949099 0
-349.43909 -172.2919 -9.8758841 0
-349.45538 -172.11797 -9.8403845 0
-349.39856 -172.1657 -9.8364592 0
-342.71573 -172.10698 -9.806076 0
-349.56906 -172.06485 -9.8534555 0
-342.75385 -172.03812 -9.8182383 0
-349.85062 -171.57304 -9.8221636 0
-349.68845 -171.55052 -9.8734426 0
-341.19321 -171.56555 -9.8015537 0
-349.84747 -171.452 -9.8506575 0
-341.75046 -171.38809 -9.8500185 0
-349.76279 -171.2952 -9.8046513 0
-344.44437 -170.20834 -9.8753815 0
-348.44263 -169.34076 -9.8010836 0
-349.07217 -169.17316 -9.8076725 0
-347.98676 -169.04111 -9.8216972 0
-346.46466 -166.85959 -9.8938713 0
-349.86093 -166.63841 -9.8000937 0
-348.73358 -166.63837 -9.8756142 0
-349.9342 -166.39456 -9.803957 0
-348.91562 -165.13725 -9.8668709 0
-348.8248 -164.85419 -9.8228312 0
-348.61252 -164.80835 -9.8436489 0
-349.27872 -164.31819 -9.849782 0
-349.04211 -164.1064 -9.8470783 0
-349.17371 -163.82486 -9.8499479 0
-348.90399 -163.72409 -9.8608742 0
-348.22968 -163.19554 -9.8379965 0
-349.71246 -162.91194 -9.885438 0
-349.65265 -162.90388 -9.8186445 0
-349.4259 -162.99352 -9.8877392 0
-347.24832 -162.74225 -9.8986788 0
-349.9444 -162.22617 -9.8353243 0
-349.73993 -162.27505 -9.8263178 0
-348.70059 -162.26036 -9.8536539 0
-349.88406 -162.17966 -9.8194904 0
-349.87439 -162.01245 -9.8197765 0
-348.07498 -162.03302 -9.8787012 0
-349.94904 -161.718 -9.8324242 0
-349.9003 -161.5421 -9.8068953 0
-349.96231 -161.44609 -9.8355742 0
-349.82721 -161.47763 -9.8799639 0
-349.71606 -161.20702 -9.8787117 0
-348.54013 -160.73186 -9.8084288 0
-349.13181 -159.92189 -9.8828268 0
-348.56644 -159.62766 -9.8093052 0
-347.82178 -159.62224 -9.8478956 0
-349.7876 -159.33025 -9.8457613 0
-349.44586 -158.33218 -9.883852 0
-348.97913 -158.21214 -9.8091869 0
-349.25879 -158.09705 -9.8902197 0
-348.953 -157.9039 -9.8463011 0
-349.17404 -157.77844 -9.8091974 0
-348.98502 -157.78902 -9.8888636 0
-348.55685 -157.19035 -9.8633957 0
-349.90253 -157.01761 -9.8612356 0
-349.56934 -157.01784 -9.8747711 0
-349.53961 -156.99643 -9.837285 0
-349.43118 -156.54388 -9.8602161 0
-349.22357 -156.46069 -9.8597851 0
-349.18939 -156.32262 -9.880312 0
-349.26962 -155.73386 -9.8670902 0
-349.64575 -155.54811 -9.8474932 0
-348.83743 -155.56526 -9.8147612 0
-348.52994 -155.50687 -9.8114491 0
-349.75583 -155.4313 -9.8170328 0
-347.58783 -155.36247 -9.8249884 0
-349.29971 -155.23524 -9.8297129 0
-349.33328 -155.1255 -9.8966627 0
-349.45389 -155.02325 -9.8137236 0
-347.556 -154.97401 -9.8365202 0
-349.44571 -154.58426 -9.8006449 0
-349.86066 -154.48477 -9.8252144 0
-349.51175 -154.29803 -9.8162336 0
-346.18201 -154.1001 -9.8454695 0
-349.46777 -154.05559 -9.8622923 0
-349.33359 -153.92299 -9.8308096 0
-348.72675 -153.78554 -9.8563824 0
-348.70929 -153.60362 -9.8552704 0
-347.59204 -153.63422 -9.8536568 0
-344.39639 -153.63899 -9.8921976 0
-349.50491 -153.58089 -9.8486395 0
-346.13385 -153.46898 -9.8848772 0
-343.67523 -153.40913 -9.8196459 0
-345.03232 -153.3007 -9.8439713 0
-348.86099 -153.23912 -9.8467054 0
-346.2457 -153.29092 -9.8637905 0
-345.03711 -153.21555 -9.873683 0
-348.71814 -153.1701 -9.8611698 0
-348.10086 -153.10187 -9.8053637 0
-348.09479 -153.1366 -9.8795872 0
-346.91049 -153.14226 -9.8360434 0
-346.42087 -153.13756 -9.8071928 0
-344.16489 -153.17046 -9.8059187 0
-348.77396 -153.03784 -9.8554401 0
-347.93875 -153.00237 -9.8688183 0
-345.7052 -153.05092 -9.8467293 0
-344.31488 -153.04973 -9.8211336 0
-343.83087 -153.02055 -9.8496342 0
-343.70752 -153.08237 -9.819952 0
-349.42822 -152.93451 -9.8930159 0
-349.00073 -152.93539 -9.8975039 0
-348.78427 -152.97752 -9.8778076 0
-348.17798 -152.94495 -9.8874836 0
-347.98282 -152.99625 -9.8057928 0
-347.27924 -152.93623 -9.8712549 0
-343.80441 -152.94131 -9.8951912 0
-348.7337 -152.84079 -9.8520479 0
-346.69025 -152.89818 -9.8391333 0
-346.59866 -152.82352 -9.847476 0
-344.22192 -152.88873 -9.8340359 0
-349.31064 -152.76624 -9.8715391 0
-348.21609 -152.75351 -9.8934078 0
-347.41693 -152.76729 -9.8942165 0
-346.98975 -152.77446 -9.8451939 0
-349.22937 -152.62184 -9.838233 0
-349.08887 -152.66393 -9.8239527 0
-347.58725 -152.67566 -9.8110218 0
-347.46594 -152.65726 -9.8554668 0
-349.17206 -152.53842 -9.8049746 0
-349.0997 -152.59515 -9.8817806 0
-343.93668 -152.5965 -9.82798 0
-345.20523 -152.30611 -9.8965292 0
-345.12451 -152.3291 -9.8525419 0
-342.34937 -152.14352 -9.8852625 0
-340.99246 -152.19516 -9.8332787 0
-345.63379 -151.93228 -9.8886986 0
-342.44562 -151.8168 -9.8733702 0
-342.13156 -151.65735 -9.8089466 0
-342.34134 -151.55174 -9.8737211 0
-341.9686 -151.39856 -9.8335066 0
-341.83505 -151.01482 -9.8636398 0
-341.89453 -150.90388 -9.8287258 0
-341.79758 -150.85709 -9.8730621 0
-342.18884 -150.70584 -9.8906784 0
-342.00418 -150.78687 -9.8808594 0
-341.89114 -150.7527 -9.860467 0
-341.69116 -150.78099 -9.8943195 0
-341.66458 -150.63937 -9.8625698 0
-341.85294 -150.33447 -9.876833 0
-341.75797 -150.37204 -9.8724108 0
-341.78183 -150.16074 -9.8788681 0
-341.6424 -150.04655 -9.8460798 0
-341.27322 -150.08575 -9.8460226 0
-337.99881 -204.30635 -9.7313814 0
-341.72125 -201.57492 -9.7871647 0
-342.17322 -201.13428 -9.792223 0
-342.03775 -201.04762 -9.7620287 0
-342.00528 -198.47542 -9.7774553 0
-342.10968 -195.62697 -9.7019339 0
-343.2229 -193.69473 -9.7660618 0
-344.84976 -193.42125 -9.7689228 0
-342.79913 -193.43681 -9.7059546 0
-344.81552 -193.03448 -9.7295341 0
-344.20325 -192.54358 -9.765914 0
-343.94647 -192.55696 -9.7331982 0
-343.47162 -192.46735 -9.7588949 0
-347.58447 -191.83891 -9.7721004 0
-347.88123 -191.5648 -9.7593403 0
-348.81464 -190.52119 -9.7554073 0
-344.58658 -190.05482 -9.7700691 0
-348.99854 -189.60155 -9.7812271 0
-348.23215 -189.66035 -9.7361698 0
-349.07983 -189.57198 -9.7308102 0
-348.65918 -189.5934 -9.795476 0
-345.18188 -189.49588 -9.7866793 0
-348.9136 -189.34312 -9.7322025 0
-348.96994 -189.06941 -9.7665472 0
-344.62384 -188.64333 -9.7334213 0
-346.04572 -188.31361 -9.7938185 0
-346.05237 -188.28738 -9.7402115 0
-346.44885 -187.77795 -9.7673769 0
-346.23444 -187.7597 -9.738863 0
-346.43021 -187.53284 -9.7714243 0
-344.60532 -187.2679 -9.7107162 0
-345.82767 -187.14108 -9.7084246 0
-347.82336 -186.70833 -9.7482424 0
-345.07382 -186.70525 -9.7201023 0
-345.83261 -186.29082 -9.7955418 0
-347.08603 -186.00366 -9.7944956 0
-346.43591 -185.74973 -9.7397852 0
-346.14951 -185.63751 -9.7412949 0
-346.27161 -185.18497 -9.755003 0
-349.85352 -184.44537 -9.7025328 0
-347.65152 -184.48982 -9.774601 0
-346.86365 -184.40588 -9.7733536 0
-346.90826 -184.14284 -9.7749653 0
-347.09445 -184.05167 -9.7955341 0
-346.12289 -184.08386 -9.7922525 0
-348.10239 -183.94875 -9.7591801 0
-347.6756 -183.91449 -9.7247572 0
-346.1651 -183.75423 -9.7333755 0
-348.57861 -183.21072 -9.7348051 0
-349.05527 -182.9619 -9.7246628 0
-347.98581 -182.51715 -9.7338228 0
-347.11133 -182.21892 -9.7437029 0
-347.90054 -182.17018 -9.7083893 0
-349.91132 -181.81857 -9.7240925 0
-346.09659 -181.49933 -9.7029581 0
-348.23123 -181.34055 -9.7353363 0
-348.17044 -181.31801 -9.769887 0
-349.34171 -181.2838 -9.7266474 0
-348.37973 -181.00282 -9.7301779 0
-346.37015 -180.84645 -9.7236185 0
-348.61792 -180.52216 -9.7768736 0
-348.06573 -180.55312 -9.7041159 0
-348.86057 -180.01369 -9.7638369 0
-348.5274 -179.76753 -9.7493086 0
-347.83228 -179.77847 -9.7424259 0
-348.71457 -179.56523 -9.7168379 0
-344.87915 -179.31383 -9.7064304 0
-348.81097 -179.22063 -9.7335339 0
-348.73877 -179.26112 -9.7735672 0
-346.51096 -179.01183 -9.7357492 0
-346.45566 -178.91884 -9.7314386 0
-346.49139 -178.85201 -9.747407 0
-346.80533 -178.77716 -9.7992373 0
-346.14603 -178.69905 -9.7093134 0
-348.94601 -178.50633 -9.781889 0
-349.53177 -178.17873 -9.7689047 0
-348.81924 -177.98686 -9.7995701 0
-345.57178 -177.93585 -9.7952404 0
-347.58661 -177.60878 -9.7167273 0
-349.06918 -177.52892 -9.7253075 0
-348.91772 -177.34239 -9.7178574 0
-349.37723 -177.29785 -9.7710381 0
-349.69193 -176.52501 -9.7613764 0
-349.96786 -176.45808 -9.7598009 0
-349.88657 -176.47597 -9.7750301 0
-349.89395 -176.26115 -9.7997742 0
-348.09381 -176.22549 -9.7590504 0
-348.77905 -176.12138 -9.7228479 0
-344.21298 -176.18385 -9.7571077 0
-344.1062 -175.996 -9.7411442 0
-343.93301 -175.94951 -9.794384 0
-344.36975 -175.88704 -9.7060471 0
-345.03027 -174.93265 -9.7927074 0
-345.22131 -174.62073 -9.7408257 0
-345.26062 -174.5448 -9.7320786 0
-345.31775 -174.46037 -9.7520266 0
-345.23465 -174.32085 -9.7266712 0
-343.53424 -173.67574 -9.7238722 0
-343.51941 -173.36623 -9.7879982 0
-342.18198 -171.6095 -9.796051 0
-342.44797 -171.58328 -9.7108984 0
-343.08792 -171.16452 -9.751338 0
-341.31644 -170.90469 -9.7451754 0
-342.06747 -170.79663 -9.7048807 0
-348.56464 -169.38771 -9.705411 0
-347.17145 -169.31552 -9.7500572 0
-349.19608 -169.14079 -9.754303 0
-349.37143 -169.015 -9.7021389 0
-348.03912 -169.00551 -9.7002592 0
-346.97858 -168.86511 -9.7344236 0
-349.49457 -167.35812 -9.7598734 0
-349.47461 -167.02806 -9.7753162 0
-349.23239 -167.08972 -9.7043524 0
-348.74841 -166.82663 -9.7423687 0
-348.64621 -166.7704 -9.7615843 0
-349.3439 -166.65039 -9.728694 0
-348.68924 -166.62891 -9.7284412 0
-348.76727 -166.57056 -9.7761507 0
-349.44742 -166.49001 -9.7101011 0
-348.59729 -166.45502 -9.7016478 0
-348.53964 -166.29399 -9.7497349 0
-349.74393 -165.28461 -9.7407389 0
-348.72495 -165.03981 -9.7036657 0
-349.08707 -164.79094 -9.7258625 0
-349.59421 -164.36517 -9.740943 0
-346.90131 -163.50471 -9.7030191 0
-349.81845 -162.42683 -9.70298 0
-349.6936 -162.34094 -9.7186747 0
-349.93643 -162.04362 -9.7555113 0
-349.84665 -161.7343 -9.7930546 0
-349.77191 -161.68822 -9.7631073 0
-349.87894 -161.54771 -9.7616739 0
-349.73538 -161.50146 -9.7478638 0
-349.65741 -161.55672 -9.7962036 0
-349.57343 -161.57687 -9.7879877 0
-349.48929 -161.55809 -9.7500086 0
-349.26202 -161.54523 -9.7065392 0
-349.64032 -161.35524 -9.7498817 0
-347.95251 -161.31367 -9.7980728 0
-349.92896 -161.28751 -9.7772646 0
-349.77795 -161.12318 -9.7691813 0
-349.30026 -161.01677 -9.7417231 0
-349.25989 -161.05675 -9.737093 0
-349.71271 -160.95905 -9.7883101 0
-349.66299 -160.94019 -9.7662191 0
-349.62823 -160.81213 -9.7766857 0
-349.95197 -160.58588 -9.7625847 0
-347.43448 -160.42447 -9.7086868 0
-347.21481 -160.33781 -9.7509995 0
-349.81375 -160.06845 -9.7007027 0
-347.29797 -160.04497 -9.7650585 0
-348.79678 -159.79245 -9.7800856 0
-349.45273 -159.62434 -9.7816277 0
-349.82523 -159.59431 -9.7949495 0
-349.74664 -159.21912 -9.7332611 0
-349.64282 -159.22174 -9.7110901 0
-349.44113 -158.37817 -9.7231388 0
-349.76129 -158.23061 -9.7544441 0
-349.73773 -158.13733 -9.7216568 0
-349.7988 -157.84193 -9.746357 0
-349.97195 -157.74504 -9.7270422 0
-348.03369 -157.66574 -9.7876453 0
-349.78088 -157.37483 -9.714345 0
-349.77423 -156.83713 -9.7882795 0
-349.81696 -156.76605 -9.7490168 0
-349.75623 -156.33084 -9.7025051 0
-349.12665 -155.86041 -9.7451773 0
-349.26492 -155.74232 -9.7301159 0
-348.46155 -155.58733 -9.7158718 0
-348.93387 -155.40932 -9.7754765 0
-349.35831 -155.30937 -9.7520828 0
-348.45621 -155.17664 -9.7481794 0
-349.37808 -155.0488 -9.7010088 0
-349.97098 -154.69937 -9.7377386 0
-349.44995 -154.64844 -9.7103376 0
-349.36694 -154.6369 -9.7061291 0
-347.40115 -154.67986 -9.7457094 0
-347.63477 -154.43251 -9.7591581 0
-347.82877 -154.2607 -9.7655983 0
-348.72562 -153.97243 -9.7692604 0
-349.33807 -153.80669 -9.7727394 0
-349.01678 -153.79469 -9.7645626 0
-348.66537 -153.77267 -9.7204514 0
-347.53992 -153.76236 -9.7802229 0
-345.6528 -153.78336 -9.7481499 0
-343.13934 -153.70554 -9.7360687 0
-348.74817 -153.67177 -9.7782707 0
-347.47415 -153.6729 -9.7786198 0
-347.34415 -153.66309 -9.7608948 0
-344.09528 -153.69638 -9.7223244 0
-342.37518 -153.571 -9.7158909 0
-347.04688 -153.34584 -9.7674093 0
-345.33438 -153.3555 -9.7555294 0
-347.15088 -153.22406 -9.7902031 0
-347.25125 -153.10397 -9.7833014 0
-345.68488 -153.11789 -9.7774801 0
-348.41724 -153.09132 -9.7519617 0
-346.68674 -153.07721 -9.7476034 0
-345.74936 -153.01854 -9.7189989 0
-342.51852 -153.01884 -9.7089415 0
-348.35657 -152.91162 -9.7665701 0
-348.25424 -152.95586 -9.7370386 0
-347.48126 -152.9601 -9.7996378 0
-347.13339 -152.91481 -9.796134 0
-346.99359 -152.96098 -9.7949781 0
-345.44519 -152.9519 -9.7796898 0
-345.2785 -152.98026 -9.7044325 0
-348.36053 -152.88966 -9.7478275 0
-348.15259 -152.89581 -9.752491 0
-348.0881 -152.82672 -9.7665377 0
-342.51401 -152.84612 -9.7801285 0
-349.05524 -152.77534 -9.7394505 0
-346.67593 -152.73326 -9.7451763 0
-344.83411 -152.70741 -9.7087183 0
-349.15292 -152.61969 -9.7320614 0
-349.01678 -152.69164 -9.7113724 0
-343.94196 -152.62891 -9.7496052 0
-349.36404 -152.55507 -9.7545195 0
-349.2724 -152.55855 -9.7434902 0
-349.15161 -152.45667 -9.746315 0
-349.0907 -152.4758 -9.7182522 0
-343.86597 -152.4595 -9.7358932 0
-345.14859 -152.39911 -9.7913246 0
-342.63239 -152.20604 -9.7483816 0
-342.80533 -152.05608 -9.7420378 0
-342.18869 -151.71817 -9.7332916 0
-343.09225 -151.60452 -9.7418194 0
-342.08612 -151.49078 -9.7582798 0
-342.04535 -151.33563 -9.7362595 0
-342.53705 -151.16925 -9.7736406 0
-341.77783 -150.76433 -9.7359495 0
-341.29498 -150.33594 -9.7785606 0
-341.7937 -150.2308 -9.7219086 0
-340.63135 -150.23145 -9.7371845 0
-341.66748 -150.10007 -9.718215 0
-341.87665 -150.07797 -9.7531681 0
-341.79764 -150.03427 -9.7505856 0
-340.61484 -150.01472 -9.7374172 0
-340.51535 -150.05838 -9.7953215 0
-338.82428 -205.3793 -9.6215343 0
-339.40012 -204.87852 -9.6648664 0
-339.48785 -204.70538 -9.6792631 0
-339.30359 -204.44316 -9.6111679 0
-338.45221 -202.96921 -9.6228189 0
-341.8891 -201.67766 -9.6349602 0
-339.1037 -201.67003 -9.614007 0
-338.68503 -199.35345 -9.6573782 0
-341.05301 -197.22476 -9.6211147 0
-341.67212 -194.88338 -9.6183968 0
-342.81677 -192.70085 -9.6569538 0
-342.62332 -192.76009 -9.6910858 0
-343.15668 -192.12697 -9.6962719 0
-347.8999 -191.60986 -9.6777592 0
-347.72504 -191.63199 -9.6379633 0
-347.61188 -191.62094 -9.638958 0
-348.1214 -191.21336 -9.6578178 0
-348.06482 -190.86214 -9.6756697 0
-344.89307 -190.29016 -9.6751299 0
-348.50272 -190.1132 -9.6762991 0
-344.79486 -190.09918 -9.670269 0
-344.49612 -189.99495 -9.6971951 0
-345.11478 -189.78185 -9.6285772 0
-345.68546 -189.53639 -9.6143837 0
-345.41974 -189.50681 -9.6420307 0
-348.99606 -189.49742 -9.6479139 0
-348.68295 -189.41966 -9.6259422 0
-345.32056 -189.4796 -9.6216745 0
-346.07324 -189.38266 -9.6835022 0
-345.0097 -188.60332 -9.6969471 0
-346.48291 -188.33855 -9.6592855 0
-346.07681 -188.39249 -9.6374311 0
-348.49139 -187.62387 -9.6239004 0
-348.45853 -187.56796 -9.6739235 0
-345.19473 -187.30211 -9.616313 0
-344.25266 -187.06607 -9.6456614 0
-345.08972 -186.7827 -9.6086454 0
-347.37967 -186.34749 -9.674408 0
-345.80133 -186.15891 -9.6782303 0
-344.96667 -186.06474 -9.6309319 0
-345.60938 -185.53706 -9.672389 0
-346.2597 -185.18767 -9.6784525 0
-349.89801 -184.44186 -9.605237 0
-349.11951 -184.46512 -9.6962376 0
-349.87961 -184.27876 -9.6548166 0
-347.83441 -183.78383 -9.6937037 0
-346.91803 -182.97202 -9.6959686 0
-348.30252 -182.65628 -9.615489 0
-347.56198 -182.50497 -9.6345005 0
-349.82629 -182.34589 -9.6223459 0
-349.74661 -182.32654 -9.6218586 0
-348.797 -182.38033 -9.6002169 0
-349.87564 -182.29839 -9.6382408 0
-349.67395 -182.23434 -9.6400948 0
-349.38406 -182.12166 -9.6367235 0
-348.82278 -182.16638 -9.6218443 0
-347.0166 -182.09729 -9.6065798 0
-349.80884 -181.92844 -9.6306152 0
-348.89331 -181.92796 -9.611865 0
-349.90491 -181.7464 -9.6695242 0
-349.75626 -181.79756 -9.6776209 0
-349.87076 -181.65143 -9.6818428 0
-349.34018 -181.62361 -9.6068497 0
-347.83041 -181.67346 -9.6956654 0
-349.84824 -181.57996 -9.6690359 0
-347.71429 -181.5914 -9.6912193 0
-346.06381 -181.53983 -9.6840048 0
-345.61359 -181.01692 -9.6993208 0
-348.01996 -180.57054 -9.6614847 0
-348.56036 -180.40828 -9.6791868 0
-348.4292 -180.46368 -9.6823921 0
-347.87744 -180.38017 -9.6660252 0
-346.24237 -180.2765 -9.6204624 0
-348.61166 -180.02327 -9.6381712 0
-348.03656 -180.03476 -9.6095552 0
-348.87357 -179.90471 -9.6283722 0
-348.68613 -179.9532 -9.6559296 0
-348.4126 -179.92049 -9.6534605 0
-347.23306 -179.94788 -9.6016922 0
-348.62192 -179.78502 -9.6589203 0
-346.94806 -179.77379 -9.6204262 0
-347.65182 -179.68665 -9.6565647 0
-348.86801 -179.36877 -9.6569834 0
-349.32935 -179.2812 -9.6821117 0
-348.96976 -179.29057 -9.6633987 0
-348.78824 -179.25493 -9.6260595 0
-348.95264 -179.17668 -9.6625385 0
-348.8157 -179.12628 -9.6045837 0
-348.97339 -179.08749 -9.6911926 0
-347.91861 -178.91057 -9.6339512 0
-346.42111 -178.74271 -9.6065512 0
-347.58215 -178.47964 -9.6884022 0
-347.49606 -178.45306 -9.6103296 0
-349.36572 -178.22467 -9.6885862 0
-349.03842 -178.02068 -9.61691 0
-345.8978 -177.90775 -9.655858 0
-344.37189 -177.79651 -9.6367874 0
-347.61591 -177.61931 -9.6420736 0
-347.59711 -177.58211 -9.6968699 0
-347.90515 -177.46979 -9.6180296 0
-348.93192 -177.32327 -9.6388845 0
-347.56653 -177.26295 -9.6696806 0
-349.30295 -177.19167 -9.6431236 0
-349.23541 -177.11661 -9.674921 0
-347.48431 -177.15334 -9.6598768 0
-346.96707 -177.13373 -9.609128 0
-349.30878 -176.97406 -9.6710052 0
-349.271 -176.94551 -9.6785851 0
-344.64932 -176.50807 -9.6091614 0
-349.73599 -176.42636 -9.646657 0
-349.9314 -176.1969 -9.6280184 0
-348.7413 -176.14801 -9.6349192 0
-344.37769 -175.95642 -9.6880159 0
-344.63013 -175.8833 -9.6521568 0
-344.06168 -175.06732 -9.6135302 0
-345.24506 -174.33157 -9.6960726 0
-342.43283 -171.68266 -9.6735783 0
-341.80005 -171.19827 -9.6714211 0
-348.81812 -170.39406 -9.617136 0
-344.09909 -170.01712 -9.6465025 0
-349.3175 -168.9752 -9.6257248 0
-346.14578 -167.28624 -9.648469 0
-346.67819 -167.14262 -9.6923809 0
-348.84595 -166.84636 -9.6727562 0
-348.74063 -166.73518 -9.650672 0
-348.69067 -166.7998 -9.6622877 0
-348.7034 -166.67175 -9.6476812 0
-348.66119 -166.5159 -9.6112938 0
-346.68976 -166.5925 -9.6763868 0
-348.61282 -166.49414 -9.6375322 0
-347.44498 -166.44443 -9.6320486 0
-349.06934 -166.36462 -9.6995564 0
-348.36703 -166.39774 -9.6925583 0
-348.83463 -165.81789 -9.6291656 0
-348.91092 -165.6467 -9.6456547 0
-349.13678 -165.57556 -9.6920786 0
-348.77942 -164.66345 -9.6320467 0
-348.89355 -163.17332 -9.614356 0
-348.1033 -163.02034 -9.6924496 0
-349.67706 -162.07393 -9.6476793 0
-349.85925 -161.7216 -9.6416359 0
-349.73187 -161.78439 -9.6470222 0
-348.45074 -161.3139 -9.6935539 0
-347.87708 -161.3517 -9.6655073 0
-349.75006 -160.67241 -9.6971426 0
-349.51913 -160.40576 -9.6919575 0
-349.88956 -160.20885 -9.6775894 0
-349.81345 -160.01735 -9.6951637 0
-349.59537 -160.04793 -9.6907949 0
-349.31357 -159.83842 -9.6184216 0
-348.79819 -159.86858 -9.6877794 0
-348.6619 -159.86131 -9.6546841 0
-345.59274 -159.07832 -9.6234722 0
-349.31183 -158.54361 -9.6181097 0
-348.87021 -158.52682 -9.6142235 0
-349.49368 -158.40024 -9.6278677 0
-349.10037 -158.47882 -9.6580811 0
-349.09604 -158.36163 -9.6203947 0
-349.24515 -157.94156 -9.6941471 0
-349.53329 -157.718 -9.6154318 0
-349.45679 -157.75772 -9.613369 0
-343.23407 -157.67429 -9.6143799 0
-349.7551 -157.3309 -9.6306534 0
-347.64127 -157.35149 -9.6311502 0
-349.22629 -157.11067 -9.624526 0
-349.43689 -156.90421 -9.6373224 0
-349.5192 -156.73799 -9.6868725 0
-349.06885 -156.74406 -9.6179905 0
-349.92145 -156.63069 -9.652297 0
-349.47989 -156.68381 -9.6874599 0
-348.13242 -156.67508 -9.6368866 0
-349.11154 -156.47998 -9.618969 0
-345.99573 -156.27882 -9.6737909 0
-348.00677 -155.7963 -9.6934834 0
-349.71698 -155.58813 -9.6493292 0
-349.33737 -155.4828 -9.6836834 0
-348.40698 -155.34908 -9.6176519 0
-349.24908 -155.2122 -9.6390963 0
-348.51917 -155.15746 -9.6262627 0
-349.4007 -155.0079 -9.6758146 0
-347.3504 -155.01935 -9.6729469 0
-349.32922 -154.92255 -9.6037893 0
-349.21127 -154.93811 -9.6698856 0
-349.12314 -154.86652 -9.6204243 0
-349.77795 -154.70996 -9.695158 0
-349.49789 -154.67848 -9.6109772 0
-348.39383 -154.45905 -9.6151381 0
-349.01465 -154.14369 -9.6023912 0
-349.88184 -153.96724 -9.6642895 0
-348.97952 -153.81482 -9.6419334 0
-348.72775 -153.80501 -9.6084185 0
-349.03061 -153.7525 -9.6237535 0
-348.72995 -153.51602 -9.6880198 0
-347.05289 -153.22731 -9.645155 0
-342.39752 -153.20276 -9.6413555 0
-345.71637 -153.11203 -9.6175518 0
-345.64197 -153.17365 -9.6723595 0
-345.05386 -153.1304 -9.650877 0
-341.24252 -153.10471 -9.6787863 0
-348.86179 -153.03282 -9.6480627 0
-348.70074 -153.04214 -9.6065559 0
-346.9549 -153.06885 -9.608551 0
-345.4808 -153.03198 -9.6171579 0
-349.05576 -152.90761 -9.6235352 0
-348.90915 -152.96376 -9.6064758 0
-348.82263 -152.95625 -9.6372433 0
-348.27667 -152.96136 -9.6620331 0
-347.44495 -152.99744 -9.6646719 0
-345.82043 -152.90106 -9.6914749 0
-342.47385 -152.96558 -9.6571684 0
-348.14212 -152.81476 -9.6470013 0
-342.13205 -152.84447 -9.6967297 0
-344.52713 -152.75214 -9.6262131 0
-341.82498 -152.70558 -9.6759644 0
-348.86575 -152.66185 -9.6297817 0
-349.0174 -152.57063 -9.688942 0
-349.31573 -152.49788 -9.6907215 0
-343.70493 -152.43306 -9.6192284 0
-341.2291 -152.21873 -9.6379251 0
-341.16409 -152.09819 -9.6450367 0
-342.7641 -151.59747 -9.6745386 0
-341.17227 -151.25031 -9.6703148 0
-342.55591 -151.15863 -9.6970587 0
-342.08179 -150.91788 -9.6209536 0
-343.30637 -150.89949 -9.6436081 0
-340.73358 -150.84619 -9.6388102 0
-343.48163 -150.7486 -9.6550722 0
-341.96295 -150.16312 -9.6011953 0
-341.85641 -150.17337 -9.6605034 0
-341.5921 -150.17001 -9.6532364 0
-341.48312 -150.14998 -9.6386814 0
-340.70227 -150.15222 -9.6845274 0
-328.25488 -220.55809 -9.5175734 0
-328.70789 -217.96965 -9.5484371 0
-336.23752 -207.79193 -9.5145311 0
-338.82184 -205.48245 -9.5177612 0
-339.20993 -204.82013 -9.5772429 0
-339.64716 -204.76022 -9.5707026 0
-339.40909 -204.69438 -9.5511808 0
-339.23117 -204.31166 -9.5391674 0
-339.19397 -204.32277 -9.5428629 0
-339.15591 -204.14294 -9.5950937 0
-339.03094 -201.54367 -9.5200644 0
-340.43738 -199.95183 -9.5979605 0
-339.78793 -198.61932 -9.5122948 0
-342.31009 -195.08379 -9.5739012 0
-344.32111 -193.04172 -9.5435066 0
-344.45111 -192.96535 -9.5206423 0
-342.6705 -192.80023 -9.564641 0
-344.2959 -192.70673 -9.5889072 0
-344.11414 -192.52289 -9.5647898 0
-344.24509 -192.42805 -9.5632305 0
-347.76517 -191.93541 -9.5892277 0
-344.07449 -191.98581 -9.5187912 0
-343.95297 -191.99939 -9.5191412 0
-345.00592 -190.35101 -9.5738344 0
-344.93503 -190.311 -9.5499191 0
-344.74182 -190.1353 -9.5286655 0
-344.75845 -190.01199 -9.5384045 0
-349.37372 -189.99608 -9.5130644 0
-348.62912 -189.81371 -9.579855 0
-344.48196 -189.82875 -9.5561438 0
-348.9809 -189.67345 -9.5659466 0
-344.83939 -189.69695 -9.5445309 0
-344.53781 -189.55606 -9.5994053 0
-348.82565 -189.36366 -9.5131903 0
-347.19467 -189.36041 -9.5657988 0
-348.84464 -189.27859 -9.5053024 0
-348.85153 -188.8868 -9.5671463 0
-348.70541 -188.84436 -9.5541182 0
-345.03894 -188.88411 -9.5826464 0
-348.82126 -188.7355 -9.5585632 0
-348.74899 -188.74655 -9.557621 0
-346.29321 -187.29446 -9.547102 0
-344.68698 -186.30191 -9.5037432 0
-347.51358 -186.00423 -9.5477695 0
-347.32797 -185.99075 -9.5217819 0
-347.58542 -185.84259 -9.5409937 0
-346.06131 -185.49638 -9.514143 0
-345.78433 -185.38956 -9.5103865 0
-346.21484 -184.79695 -9.5061445 0
-349.99997 -184.44547 -9.5737982 0
-349.96063 -184.30536 -9.5077019 0
-349.21158 -183.09862 -9.5175066 0
-347.80286 -182.51651 -9.5625954 0
-348.25934 -182.42146 -9.5197096 0
-349.78738 -182.39726 -9.5010529 0
-347.69598 -182.36086 -9.5127039 0
-349.57211 -182.2131 -9.5312243 0
-349.56631 -182.12585 -9.5552692 0
-346.41309 -181.86423 -9.56672 0
-349.242 -181.35751 -9.594223 0
-348.13416 -181.19514 -9.592268 0
-346.37396 -181.10591 -9.5158453 0
-346.10278 -181.10455 -9.5022993 0
-348.30975 -180.3278 -9.5439043 0
-348.00644 -180.24033 -9.5761318 0
-348.23199 -180.0799 -9.5919094 0
-347.92029 -180.01804 -9.5973806 0
-349.16516 -179.97478 -9.5656357 0
-346.49179 -179.59604 -9.5490856 0
-345.61951 -179.58842 -9.5412483 0
-346.42102 -179.49127 -9.5414438 0
-349.01401 -179.3698 -9.5080585 0
-348.84454 -179.34335 -9.5622234 0
-347.26871 -179.27756 -9.5656986 0
-346.4158 -178.85123 -9.5056858 0
-347.39343 -178.75708 -9.5671597 0
-347.51758 -178.5434 -9.5773659 0
-347.26364 -178.52008 -9.5581427 0
-347.86243 -178.36046 -9.5081968 0
-345.44302 -178.35706 -9.548131 0
-345.82123 -177.95695 -9.5185509 0
-349.11221 -177.87447 -9.5768929 0
-349.37881 -177.77716 -9.5873413 0
-349.47501 -177.66841 -9.5626326 0
-349.1076 -177.64896 -9.5970612 0
-349.53143 -177.5527 -9.5715866 0
-347.6235 -177.41707 -9.5959425 0
-345.64062 -177.46954 -9.5506535 0
-344.56534 -177.45215 -9.5009689 0
-346.1116 -177.19208 -9.5167332 0
-344.64185 -177.12029 -9.589962 0
-349.22507 -177.01804 -9.5906143 0
-349.43588 -176.49185 -9.5010805 0
-344.40585 -176.39996 -9.5917273 0
-349.9848 -176.24193 -9.5056095 0
-349.90909 -176.08348 -9.5082493 0
-344.15738 -176.07664 -9.5775003 0
-343.82855 -176.09906 -9.5475912 0
-344.1846 -175.60344 -9.5929737 0
-344.06595 -175.14319 -9.5978165 0
-346.11121 -174.33694 -9.5748444 0
-346.09241 -174.34576 -9.5413799 0
-345.64465 -174.21414 -9.5500145 0
-345.96661 -174.12701 -9.5756006 0
-343.62347 -174.18428 -9.5697746 0
-342.21478 -173.89258 -9.5513735 0
-343.43973 -173.51523 -9.5493784 0
-343.23206 -172.93228 -9.533205 0
-342.97922 -172.76073 -9.5346165 0
-348.44061 -172.46332 -9.5047083 0
-347.92996 -172.49138 -9.5054998 0
-347.76199 -172.33833 -9.5032768 0
-341.57846 -171.06544 -9.5923748 0
-348.38995 -170.30598 -9.5281067 0
-341.2171 -169.86002 -9.5263033 0
-349.2258 -169.67073 -9.5338926 0
-349.81 -169.32767 -9.5077181 0
-347.12445 -168.35634 -9.5219717 0
-348.73157 -166.69934 -9.516367 0
-348.91782 -166.5112 -9.5915022 0
-348.70584 -166.5023 -9.5754166 0
-348.66507 -166.58821 -9.5308218 0
-348.60507 -166.36465 -9.5961561 0
-348.81525 -165.95638 -9.5747414 0
-346.73257 -165.01605 -9.5961752 0
-349.04962 -164.59071 -9.5781202 0
-349.99338 -163.15114 -9.5826683 0
-349.68152 -162.37514 -9.5992813 0
-349.6124 -161.36302 -9.5488939 0
-349.31308 -161.33273 -9.5837355 0
-349.96036 -160.8761 -9.5624943 0
-349.49448 -160.83844 -9.5308447 0
-349.55356 -160.658 -9.5939074 0
-349.63489 -160.50058 -9.5907736 0
-348.59 -159.94014 -9.5311623 0
-348.71655 -159.81906 -9.5189676 0
-348.80145 -159.79248 -9.5270653 0
-348.94894 -159.59489 -9.5515766 0
-348.93604 -159.44318 -9.5253353 0
-348.74005 -159.46964 -9.5741701 0
-348.6716 -159.4599 -9.537344 0
-349.08167 -159.38577 -9.5266867 0
-348.67664 -159.33733 -9.5441771 0
-348.00159 -158.85127 -9.5411434 0
-349.4006 -158.68759 -9.5735168 0
-349.3941 -158.63286 -9.5719671 0
-349.06485 -158.6293 -9.5867109 0
-348.67465 -158.52882 -9.5925465 0
-349.13269 -158.44626 -9.5283566 0
-349.71951 -158.08138 -9.5043821 0
-349.65503 -157.90324 -9.562252 0
-349.36856 -157.92572 -9.5151882 0
-348.79462 -157.99255 -9.5019913 0
-348.93408 -157.75439 -9.5900583 0
-348.6344 -157.61501 -9.5531092 0
-349.99945 -157.44861 -9.5643644 0
-349.68326 -157.43875 -9.5536232 0
-349.5885 -157.46782 -9.5481539 0
-349.15103 -157.30655 -9.5638866 0
-349.83203 -157.29219 -9.5416851 0
-348.46362 -157.28426 -9.535388 0
-347.32648 -157.17207 -9.5946274 0
-348.53094 -157.09554 -9.5221262 0
-348.39548 -156.9897 -9.5962973 0
-348.55591 -156.83727 -9.5595732 0
-347.82715 -156.65381 -9.5787935 0
-349.81912 -156.46907 -9.5129261 0
-348.62152 -155.93521 -9.5656796 0
-349.92383 -155.81148 -9.5063572 0
-349.36511 -155.58597 -9.5625668 0
-349.91153 -155.43304 -9.5302563 0
-349.34576 -155.48274 -9.5951014 0
-344.20862 -155.47783 -9.5571241 0
-349.21219 -155.32332 -9.5780134 0
-348.41226 -155.32487 -9.5279551 0
-349.4877 -155.20752 -9.5573349 0
-349.46259 -155.15617 -9.5571079 0
-349.33188 -155.10396 -9.540844 0
-349.42267 -155.08897 -9.5045433 0
-349.38348 -155.07639 -9.5935736 0
-349.22729 -154.75612 -9.5009689 0
-349.09402 -154.77924 -9.5361261 0
-349.20187 -154.64949 -9.5946503 0
-349.06012 -154.62685 -9.5299568 0
-348.34183 -154.52118 -9.5317831 0
-349.95908 -154.48634 -9.5324974 0
-349.35529 -154.45847 -9.5914726 0
-349.61151 -154.22766 -9.5624304 0
-349.83539 -154.13885 -9.5155993 0
-348.87656 -154.12936 -9.5979662 0
-349.73306 -154.06699 -9.5368595 0
-349.88297 -153.95699 -9.5397215 0
-349.87506 -153.86476 -9.5519648 0
-348.6868 -153.67149 -9.5743704 0
-346.96588 -153.67845 -9.5716839 0
-346.78961 -153.52647 -9.573143 0
-349.33661 -153.42978 -9.5009232 0
-348.931 -153.45882 -9.526 0
-348.70779 -153.4326 -9.5167551 0
-346.86832 -153.30502 -9.5003595 0
-346.03296 -153.3821 -9.5521774 0
-347.01505 -153.22313 -9.5048723 0
-346.91586 -153.217 -9.5462065 0
-345.46869 -153.2485 -9.5498857 0
-344.40149 -153.22337 -9.5970354 0
-344.35355 -153.27861 -9.534503 0
-348.74359 -153.18889 -9.5587273 0
-345.79599 -153.11453 -9.5676107 0
-348.91611 -153.04564 -9.5981922 0
-346.63638 -153.07446 -9.5005436 0
-348.44681 -152.93382 -9.5789795 0
-346.58917 -152.91664 -9.598279 0
-345.47476 -152.9899 -9.574976 0
-345.3811 -152.98756 -9.5531607 0
-344.1207 -152.91537 -9.5377922 0
-343.88791 -152.96988 -9.582674 0
-343.68466 -152.98126 -9.5752153 0
-349.06912 -152.89268 -9.5912285 0
-348.98077 -152.84506 -9.5257425 0
-346.80069 -152.81587 -9.5366039 0
-345.35544 -152.88939 -9.5712528 0
-344.7536 -152.89709 -9.534173 0
-346.78809 -152.76131 -9.5920944 0
-346.65036 -152.72989 -9.5431595 0
-348.9603 -152.54488 -9.5520134 0
-345.18988 -152.58145 -9.5278702 0
-345.09866 -152.5934 -9.5710297 0
-343.34433 -152.51515 -9.5469112 0
-345.2207 -152.46469 -9.5759468 0
-340.05246 -152.41916 -9.597003 0
-339.65756 -152.41394 -9.5551825 0
-345.3013 -152.32564 -9.5109568 0
-345.23648 -152.36749 -9.5975513 0
-340.1488 -152.39366 -9.5781918 0
-342.88046 -152.12759 -9.5068216 0
-342.94775 -152.00932 -9.5978956 0
-339.01099 -152.06166 -9.5302343 0
-342.00696 -151.968 -9.5377531 0
-342.40536 -151.76459 -9.550766 0
-341.55136 -151.74654 -9.5656643 0
-342.97589 -151.52106 -9.5252352 0
-340.94443 -151.53993 -9.5333538 0
-339.64847 -151.48412 -9.5367231 0
-342.36484 -151.12473 -9.5792551 0
-340.69733 -151.17099 -9.5026808 0
-342.1506 -150.98752 -9.5567827 0
-342.12024 -150.82205 -9.5614071 0
-341.4209 -150.53838 -9.5812883 0
-341.18359 -150.30713 -9.5405016 0
-342.13068 -150.26703 -9.5152903 0
-341.88232 -150.20471 -9.5167112 0
-341.95581 -150.13797 -9.545373 0
-341.33612 -150.15034 -9.5976419 0
-341.25198 -150.15567 -9.5279369 0
-341.41422 -150.03749 -9.586997 0
-338.94513 -205.4854 -9.4832449 0
-339.55917 -204.6638 -9.4089594 0
-339.69 -204.49258 -9.4073639 0
-338.61545 -202.83742 -9.4974737 0
-344.5777 -193.41039 -9.423666 0
-344.65649 -193.22592 -9.4174728 0
-344.5986 -193.13287 -9.4189968 0
-344.56934 -193.02324 -9.4008913 0
-344.48639 -192.901 -9.4980831 0
-344.34668 -192.80634 -9.4454203 0
-344.44162 -192.63579 -9.4733009 0
-344.10474 -191.95094 -9.4281616 0
-347.54773 -191.55905 -9.4077196 0
-348.06088 -191.23106 -9.4555826 0
-349.42984 -190.02786 -9.4952297 0
-349.27393 -189.92528 -9.4813375 0
-348.05115 -189.99963 -9.4148178 0
-349.26382 -189.8394 -9.4899626 0
-349.26749 -189.63188 -9.4616089 0
-349.02695 -189.58598 -9.4521885 0
-348.95605 -189.40456 -9.4984102 0
-348.85269 -189.43732 -9.49405 0
-345.67087 -189.42889 -9.4252939 0
-344.44019 -189.37257 -9.4007254 0
-345.34518 -189.16917 -9.416934 0
-348.35873 -189.04881 -9.4774294 0
-345.80048 -189.05716 -9.4691296 0
-348.25732 -188.99867 -9.4117498 0
-348.64111 -188.72565 -9.4824591 0
-348.78845 -188.68205 -9.4598637 0
-348.53766 -188.4695 -9.4841871 0
-347.51715 -188.48579 -9.4055462 0
-347.31717 -187.46317 -9.4589539 0
-345.04248 -187.17375 -9.4642344 0
-347.17853 -186.75735 -9.4873838 0
-348.80002 -186.34238 -9.4055471 0
-346.63654 -185.92493 -9.4905043 0
-346.3887 -185.84163 -9.4833279 0
-349.53696 -185.27907 -9.4262676 0
-349.48724 -185.22385 -9.4004078 0
-349.51147 -185.17912 -9.4466982 0
-349.25928 -184.41646 -9.4726744 0
-348.79938 -183.22636 -9.4641438 0
-348.75433 -183.15573 -9.4643679 0
-349.03793 -183.06424 -9.4543533 0
-349.71771 -182.70323 -9.4057884 0
-349.60867 -182.60786 -9.4088717 0
-349.82544 -182.5183 -9.4461279 0
-348.92767 -182.55914 -9.4309568 0
-348.8783 -182.48558 -9.4881639 0
-348.78915 -182.4637 -9.4868441 0
-349.50974 -182.09045 -9.4978752 0
-349.54959 -181.96277 -9.4136868 0
-348.78387 -181.90347 -9.4030237 0
-349.29153 -181.78908 -9.4174604 0
-349.02591 -181.6597 -9.4475946 0
-346.78003 -181.6077 -9.4050827 0
-346.83542 -181.50192 -9.4295645 0
-346.62869 -181.50475 -9.4108162 0
-348.35324 -181.22502 -9.4042482 0
-346.20001 -181.0392 -9.4739532 0
-348.13666 -180.52757 -9.4834614 0
-348.45175 -180.08971 -9.4422293 0
-348.39966 -180.05228 -9.4384079 0
-349.32352 -179.75264 -9.4768639 0
-348.08356 -179.74039 -9.4212198 0
-346.34427 -179.55597 -9.4176235 0
-348.81946 -179.0571 -9.4462814 0
-346.78455 -178.92999 -9.4340916 0
-347.87402 -178.43289 -9.4643898 0
-349.86371 -177.63751 -9.4118156 0
-349.66663 -177.56549 -9.4290762 0
-344.44385 -177.59541 -9.4989882 0
-349.25638 -177.26022 -9.4221067 0
-349.58362 -177.16042 -9.4114914 0
-349.2132 -177.01074 -9.4234295 0
-344.82648 -177.00241 -9.4017105 0
-348.91385 -176.99481 -9.4259768 0
-349.43646 -176.73032 -9.4204922 0
-349.37427 -176.67009 -9.4155769 0
-343.14032 -176.37012 -9.4257345 0
-349.9314 -176.27806 -9.453907 0
-344.63464 -176.20432 -9.4437513 0
-344.57266 -176.29593 -9.4221268 0
-344.46405 -176.21396 -9.4460659 0
-349.93289 -176.19919 -9.4006462 0
-344.66736 -176.1234 -9.4331055 0
-343.38721 -175.99039 -9.4203606 0
-344.67883 -174.02115 -9.4329767 0
-342.15323 -173.77077 -9.4374714 0
-348.36554 -172.55791 -9.490819 0
-348.26929 -172.43979 -9.4212265 0
-348.06238 -172.48503 -9.4155731 0
-348.2294 -172.31627 -9.4051466 0
-349.35455 -172.24306 -9.4820232 0
-342.46011 -172.07797 -9.4613085 0
-342.35431 -171.55359 -9.4446115 0
-349.08765 -170.78864 -9.4633303 0
-340.99002 -170.46373 -9.4435377 0
-348.51694 -170.36206 -9.4596081 0
-341.08786 -169.74745 -9.4891653 0
-348.84518 -169.6524 -9.4850845 0
-348.29605 -169.1474 -9.4261789 0
-346.69272 -166.85341 -9.4006004 0
-348.73322 -166.71692 -9.431385 0
-348.71686 -166.53281 -9.4843302 0
-347.56592 -165.91547 -9.4778414 0
-346.45035 -164.87473 -9.4953346 0
-346.48715 -164.04242 -9.4797058 0
-349.72382 -163.82167 -9.4598036 0
-349.73416 -163.62859 -9.4669886 0
-349.12244 -163.18782 -9.4418554 0
-349.22476 -162.9547 -9.4360332 0
-348.96317 -162.45802 -9.4104691 0
-348.97998 -162.31747 -9.4183626 0
-349.7356 -161.91753 -9.4095945 0
-349.22668 -161.86496 -9.4425039 0
-349.57825 -161.76131 -9.4433365 0
-348.9899 -161.62256 -9.485014 0
-349.97897 -161.27542 -9.4166212 0
-348.58136 -161.21385 -9.4899015 0
-349.84906 -161.07513 -9.4135246 0
-348.12994 -160.45021 -9.4624968 0
-348.26147 -160.37596 -9.4705267 0
-348.10745 -160.29692 -9.4465961 0
-346.89352 -160.24141 -9.4837217 0
-348.00031 -160.12253 -9.4281902 0
-347.94516 -160.0426 -9.4182796 0
-348.19122 -159.9726 -9.4149675 0
-347.14764 -159.96611 -9.4113331 0
-346.75781 -159.7944 -9.4214296 0
-347.39081 -159.10451 -9.4472599 0
-347.3833 -158.80493 -9.4714823 0
-349.50034 -158.65575 -9.438241 0
-349.44876 -158.65176 -9.4966707 0
-349.65494 -158.15753 -9.4759798 0
-349.1304 -158.12404 -9.4066458 0
-348.93225 -158.10818 -9.4832325 0
-348.70624 -158.04004 -9.4103794 0
-349.16788 -157.8696 -9.4890165 0
-348.81384 -157.56075 -9.4664669 0
-349.91385 -157.33339 -9.498107 0
-348.7626 -157.3427 -9.4377337 0
-349.59012 -157.28023 -9.4057875 0
-348.67978 -157.04178 -9.4227266 0
-348.14633 -156.96799 -9.441473 0
-347.95746 -156.86354 -9.4299927 0
-347.5105 -156.84863 -9.4013844 0
-346.25473 -156.84488 -9.4317045 0
-349.37585 -156.57791 -9.4618683 0
-347.57068 -156.51968 -9.4610987 0
-349.46872 -156.49097 -9.4836788 0
-347.66385 -156.20601 -9.4814024 0
-349.75104 -156.15878 -9.4539146 0
-349.58417 -156.10378 -9.453476 0
-347.75946 -156.17976 -9.4583025 0
-348.43423 -155.98132 -9.4617224 0
-348.89905 -155.79469 -9.491538 0
-349.54822 -155.66409 -9.4408941 0
-349.95776 -155.52541 -9.4452066 0
-346.00037 -155.51801 -9.4939365 0
-349.70581 -155.40698 -9.4598646 0
-349.43484 -155.34921 -9.4922514 0
-349.80209 -155.25967 -9.4233713 0
-349.65265 -155.2825 -9.4154139 0
-349.26642 -155.2245 -9.4532022 0
-348.11911 -155.04846 -9.4917641 0
-349.43536 -154.97975 -9.4704571 0
-347.43378 -154.94954 -9.4575005 0
-345.73935 -154.99644 -9.4502592 0
-345.20731 -154.97815 -9.4586506 0
-349.52484 -154.80479 -9.4871264 0
-349.06326 -154.81297 -9.4333239 0
-349.26486 -154.70718 -9.4686871 0
-349.27689 -154.62541 -9.4237175 0
-349.11041 -154.63597 -9.4618387 0
-347.27817 -154.67908 -9.4912596 0
-349.60233 -154.57523 -9.4785185 0
-349.53027 -154.52368 -9.4319601 0
-349.28143 -154.54352 -9.4450216 0
-349.06857 -154.47151 -9.4080067 0
-347.69955 -154.37459 -9.4047918 0
-342.66953 -154.16161 -9.4258118 0
-346.3703 -153.97464 -9.4269142 0
-348.88684 -153.81042 -9.4628706 0
-348.87219 -153.7276 -9.4490337 0
-348.77084 -153.74182 -9.4607611 0
-346.42822 -153.75618 -9.4627047 0
-348.89941 -153.60547 -9.4715891 0
-348.66541 -153.65755 -9.4287319 0
-345.67728 -153.66267 -9.4488983 0
-345.59128 -153.68227 -9.4139843 0
-348.85837 -153.54044 -9.4758329 0
-348.6214 -153.55736 -9.4634314 0
-346.89029 -153.51961 -9.4240389 0
-345.85605 -153.5011 -9.4833822 0
-346.9552 -153.43619 -9.4186621 0
-346.79941 -153.31696 -9.4220772 0
-346.43979 -153.2757 -9.4605446 0
-345.42807 -153.20932 -9.4778585 0
-342.89645 -153.24722 -9.4636889 0
-348.83417 -153.14742 -9.498497 0
-346.66547 -153.1451 -9.4407158 0
-344.66046 -153.17879 -9.4752474 0
-342.9317 -153.12653 -9.4802551 0
-342.27249 -153.19806 -9.4361143 0
-348.87753 -153.0042 -9.4192934 0
-344.93756 -153.09016 -9.4120779 0
-348.95749 -152.9686 -9.4259329 0
-345.74152 -152.97827 -9.4553871 0
-345.07623 -152.99133 -9.4408951 0
-344.96448 -152.95091 -9.4999599 0
-349.04016 -152.83553 -9.4510078 0
-346.72461 -152.8839 -9.4612532 0
-345.271 -152.85033 -9.417346 0
-348.92337 -152.72783 -9.4550562 0
-346.67609 -152.78093 -9.4708738 0
-346.59149 -152.72612 -9.4788599 0
-346.44507 -152.70341 -9.4875965 0
-344.49786 -152.78934 -9.4299364 0
-348.92093 -152.67955 -9.4491081 0
-345.17133 -152.61551 -9.4905682 0
-344.87094 -152.66852 -9.4141455 0
-344.59799 -152.66772 -9.4007053 0
-345.15512 -152.5473 -9.4950027 0
-344.51828 -152.5192 -9.4032421 0
-344.36407 -152.5739 -9.4080286 0
-344.64474 -152.461 -9.4865847 0
-339.82816 -152.23303 -9.4169083 0
-341.9137 -151.57707 -9.4238424 0
-341.4653 -151.48105 -9.4960127 0
-340.59372 -151.05197 -9.423357 0
-342.06073 -150.87234 -9.4949417 0
-342.06348 -150.76947 -9.4359236 0
-342.03839 -150.18666 -9.400526 0
-341.98746 -150.15767 -9.4221516 0
-339.85587 -150.16547 -9.4996405 0
-340.22858 -150.04672 -9.4171352 0
-328.3916 -218.48628 -9.3022528 0
-342.15857 -203.13103 -9.3399134 0
-342.17868 -201.18712 -9.3620291 0
-342.15182 -200.95042 -9.3507643 0
-339.61902 -198.85785 -9.347702 0
-340.77182 -196.86072 -9.3481331 0
-342.18802 -194.6684 -9.3126049 0
-343.32657 -193.31551 -9.343133 0
-344.65088 -193.13225 -9.3632698 0
-344.3761 -192.84413 -9.3893194 0
-348.47757 -191.2982 -9.3496637 0
-347.60318 -191.25668 -9.3494921 0
-348.40323 -191.19299 -9.3195753 0
-347.75073 -191.1881 -9.3796692 0
-348.19913 -190.90015 -9.3124571 0
-348.08633 -190.90698 -9.3318071 0
-348.19598 -190.76874 -9.3623466 0
-347.83426 -190.66629 -9.3182497 0
-348.14719 -190.33502 -9.3700895 0
-344.84842 -190.37491 -9.399538 0
-347.80283 -190.18472 -9.3615437 0
-348.90701 -189.59785 -9.3162165 0
-344.49817 -189.34454 -9.364789 0
-348.11557 -189.26274 -9.3769732 0
-344.6701 -189.14166 -9.304698 0
-348.08398 -189.02501 -9.3813791 0
-346.96347 -189.06062 -9.3515615 0
-346.86948 -189.02342 -9.3501129 0
-348.01379 -188.92149 -9.3935986 0
-347.06982 -188.75021 -9.3464136 0
-346.10422 -188.758 -9.391839 0
-345.89883 -188.6407 -9.3262777 0
-344.91483 -188.55913 -9.356288 0
-344.33832 -186.60149 -9.3083477 0
-346.84406 -186.2494 -9.3682766 0
-344.36365 -186.1297 -9.3659964 0
-346.63785 -185.58844 -9.3271751 0
-346.65927 -183.0182 -9.343502 0
-346.48352 -182.76216 -9.3167648 0
-349.73752 -182.69232 -9.3177967 0
-348.82294 -182.55141 -9.3280611 0
-348.79547 -182.53021 -9.3712683 0
-349.23264 -182.41661 -9.3818293 0
-348.25095 -182.46997 -9.3129911 0
-348.70227 -182.35188 -9.3893242 0
-349.6969 -182.11307 -9.3273611 0
-349.33896 -182.02538 -9.3896532 0
-349.96826 -181.80003 -9.326086 0
-349.8866 -181.72701 -9.3726416 0
-349.49744 -181.76094 -9.3243971 0
-349.14938 -181.75546 -9.3022623 0
-348.93463 -181.7545 -9.3637686 0
-348.84268 -181.74683 -9.3602762 0
-345.74973 -181.43817 -9.3760462 0
-348.62848 -181.03448 -9.3512144 0
-347.72202 -181.01895 -9.3736906 0
-346.39355 -181.08279 -9.3006878 0
-347.72427 -180.88332 -9.3477983 0
-346.2207 -180.77008 -9.3246164 0
-347.81284 -180.55539 -9.3136988 0
-347.80182 -180.40919 -9.3291464 0
-348.14471 -180.08272 -9.3849916 0
-346.63818 -179.87733 -9.3913431 0
-345.87497 -179.25826 -9.325119 0
-348.03162 -178.53745 -9.3876781 0
-346.53662 -178.52443 -9.3022652 0
-349.60446 -177.68323 -9.3974438 0
-349.63187 -177.59061 -9.3608999 0
-349.43219 -177.23781 -9.3468676 0
-349.54126 -177.14236 -9.3754673 0
-349.42374 -177.17751 -9.3547964 0
-345.0145 -177.14278 -9.3388214 0
-349.60815 -177.02536 -9.3771677 0
-344.82819 -177.07239 -9.3983622 0
-349.16122 -176.76894 -9.384531 0
-344.73975 -176.52028 -9.3890305 0
-349.67291 -176.32596 -9.3404703 0
-344.93912 -176.37804 -9.3250389 0
-344.08176 -176.3629 -9.3090124 0
-349.83835 -176.21722 -9.3969946 0
-349.64697 -176.20897 -9.3203297 0
-344.52139 -176.23671 -9.3916588 0
-344.49582 -176.25769 -9.3278437 0
-344.59839 -176.17493 -9.3845053 0
-344.4791 -176.1434 -9.3722534 0
-343.25348 -176.18669 -9.383379 0
-349.71951 -175.97572 -9.3771782 0
-344.5827 -175.92706 -9.3870897 0
-343.76947 -175.3432 -9.3066406 0
-343.65994 -173.70433 -9.380806 0
-343.17719 -173.72746 -9.3336916 0
-341.6347 -173.73909 -9.3038826 0
-341.79642 -173.6394 -9.3452177 0
-343.10397 -173.42091 -9.3463335 0
-342.97424 -173.34509 -9.3690224 0
-342.98599 -173.1911 -9.3546038 0
-348.6488 -172.4326 -9.3831816 0
-342.53415 -172.08633 -9.3288851 0
-342.55844 -171.8349 -9.3539143 0
-342.55463 -171.68385 -9.3665266 0
-348.987 -170.96355 -9.3765373 0
-348.51233 -170.2215 -9.3323116 0
-348.58609 -170.15927 -9.3436317 0
-349.04996 -169.93031 -9.3950901 0
-348.52829 -169.63091 -9.3310776 0
-348.95789 -169.37491 -9.3733845 0
-348.79855 -168.68445 -9.3682871 0
-346.36642 -166.62674 -9.3148861 0
-345.6861 -166.40401 -9.3509445 0
-347.98444 -163.90468 -9.3863039 0
-349.75552 -163.70154 -9.3308868 0
-349.81436 -163.65866 -9.351285 0
-349.77701 -163.6561 -9.3348389 0
-348.70236 -163.39435 -9.3510656 0
-349.84238 -163.22606 -9.3857622 0
-348.22345 -163.14696 -9.3207359 0
-346.06241 -163.05202 -9.3920555 0
-348.14606 -162.93568 -9.3381662 0
-348.45233 -162.87442 -9.3747139 0
-348.56445 -162.78795 -9.3721237 0
-349.68463 -162.24437 -9.3646069 0
-348.86209 -162.2811 -9.3649197 0
-348.77234 -162.28076 -9.387125 0
-349.66531 -162.0405 -9.3968477 0
-349.76834 -161.8038 -9.3871841 0
-349.5502 -161.80591 -9.3634338 0
-347.84607 -161.50311 -9.3816614 0
-349.50699 -161.12624 -9.3006668 0
-349.49307 -161.01854 -9.382925 0
-347.65585 -161.06477 -9.3839121 0
-347.31439 -160.92944 -9.3324585 0
-347.96506 -160.48822 -9.3022938 0
-347.88651 -160.24524 -9.3998575 0
-347.7027 -160.15192 -9.3971634 0
-349.67065 -159.88435 -9.3357334 0
-347.20215 -159.12865 -9.3967094 0
-349.51981 -158.92476 -9.3999538 0
-346.89182 -158.98064 -9.3250351 0
-348.64648 -158.24702 -9.38445 0
-349.14438 -157.89346 -9.3092737 0
-348.87598 -157.58527 -9.3808899 0
-346.5802 -157.57436 -9.3438253 0
-349.61557 -157.46135 -9.3379536 0
-349.62619 -157.38716 -9.39114 0
-349.05542 -157.36969 -9.3576517 0
-348.32022 -157.15393 -9.3821306 0
-348.40457 -157.0251 -9.3043203 0
-348.36984 -156.86598 -9.3516092 0
-347.78201 -156.65698 -9.3506832 0
-349.66061 -156.37123 -9.3565245 0
-349.10294 -156.36873 -9.3656511 0
-349.95795 -155.34575 -9.3494778 0
-349.9454 -155.20006 -9.3181305 0
-349.71002 -155.27782 -9.3894997 0
-349.67191 -155.20279 -9.3325262 0
-348.88239 -155.08015 -9.3697491 0
-349.49072 -154.92012 -9.3088512 0
-347.42252 -154.94685 -9.3402309 0
-349.42929 -154.81439 -9.3045454 0
-349.5593 -154.64072 -9.3074112 0
-349.41422 -154.68391 -9.3313618 0
-349.72531 -154.55122 -9.3415251 0
-348.65457 -154.2301 -9.3742781 0
-343.53122 -154.04996 -9.3818121 0
-347.15366 -153.83083 -9.3497095 0
-347.31567 -153.66083 -9.3245468 0
-344.5484 -153.67955 -9.3552485 0
-345.46652 -153.58473 -9.3880987 0
-349.04938 -153.46649 -9.309124 0
-346.73749 -153.4166 -9.3317423 0
-349.41559 -153.37407 -9.3678961 0
-346.85269 -153.32587 -9.3033819 0
-349.63574 -153.23413 -9.3229103 0
-347.0159 -153.25447 -9.3643637 0
-346.74005 -153.28888 -9.398942 0
-349.84198 -153.16385 -9.3135376 0
-346.42807 -153.15431 -9.3063812 0
-345.37442 -153.15146 -9.3685608 0
-345.23563 -153.15366 -9.3575773 0
-344.91809 -153.12856 -9.392518 0
-348.901 -153.06859 -9.3885632 0
-346.76349 -153.04869 -9.3360634 0
-345.39783 -153.09302 -9.3847303 0
-344.44089 -153.03568 -9.3041229 0
-343.38641 -153.03102 -9.3037958 0
-346.79208 -152.99071 -9.3455629 0
-346.52847 -152.94662 -9.3544884 0
-344.47449 -152.97246 -9.3182526 0
-343.53708 -152.91719 -9.3671122 0
-348.95135 -152.81102 -9.3828115 0
-346.80353 -152.83461 -9.3775234 0
-346.52222 -152.70721 -9.3649664 0
-344.62766 -152.70856 -9.383605 0
-349.32648 -152.65459 -9.3229485 0
-345.60373 -152.58409 -9.3655252 0
-345.20331 -152.52626 -9.3823557 0
-344.444 -152.53601 -9.3736343 0
-344.23392 -152.54568 -9.3173447 0
-343.33612 -152.54128 -9.3727846 0
-344.64896 -152.44522 -9.3638859 0
-345.64191 -152.28265 -9.3548841 0
-345.49344 -152.27019 -9.3175011 0
-343.49164 -152.29971 -9.3928814 0
-343.40466 -152.1244 -9.3436699 0
-345.74377 -152.06311 -9.3504887 0
-343.22571 -151.70422 -9.3190804 0
-342.77979 -151.78799 -9.3910408 0
-342.02341 -151.61334 -9.3433933 0
-340.59537 -151.62816 -9.3819427 0
-342.22839 -151.58463 -9.3988914 0
-342.0697 -151.54207 -9.3475561 0
-343.14944 -151.30568 -9.3694 0
-341.9863 -151.36015 -9.3110294 0
-341.75702 -151.32077 -9.3978157 0
-341.61285 -151.33504 -9.3126383 0
-342.80887 -151.10443 -9.3375463 0
-342.67969 -151.14967 -9.3578396 0
-342.17526 -151.0715 -9.3679504 0
-342.11371 -150.92142 -9.3165388 0
-340.54062 -150.31604 -9.3192892 0
-342.19321 -150.07823 -9.3416042 0
-340.74844 -150.08492 -9.3955736 0
-336.07919 -204.98911 -9.2997637 0
-341.30847 -203.30019 -9.2490339 0
-336.28613 -202.59499 -9.2138166 0
-336.11646 -202.45622 -9.247508 0
-340.25818 -199.61363 -9.2103376 0
-342.71408 -198.8573 -9.2688885 0
-341.50629 -197.1198 -9.2538586 0
-340.29794 -196.51468 -9.2434139 0
-342.01163 -195.27133 -9.2838879 0
-342.40524 -193.54497 -9.2486696 0
-344.86612 -192.85091 -9.2016449 0
-347.81348 -191.57559 -9.2472477 0
-348.0549 -191.1619 -9.2881374 0
-347.81284 -191.12695 -9.2627792 0
-348.0101 -190.85706 -9.2202978 0
-347.7128 -189.9635 -9.205018 0
-348.62778 -189.88161 -9.2559242 0
-349.08081 -189.73109 -9.2890987 0
-348.67719 -189.57936 -9.241559 0
-345.53125 -189.54301 -9.2724695 0
-345.03748 -188.83144 -9.2100506 0
-347.45624 -188.5385 -9.2337332 0
-346.97952 -188.48534 -9.244586 0
-345.13928 -188.40201 -9.2753849 0
-346.89468 -188.35797 -9.2262669 0
-348.83038 -188.22226 -9.2832279 0
-346.55521 -188.22702 -9.2782946 0
-344.66293 -188.2381 -9.2495689 0
-347.05231 -188.03799 -9.2355289 0
-348.02032 -187.93793 -9.2264194 0
-348.77902 -187.56157 -9.2216415 0
-346.18793 -187.00642 -9.2759705 0
-348.15878 -186.90521 -9.2790527 0
-346.05646 -186.99405 -9.2948723 0
-348.13754 -186.87303 -9.2347689 0
-347.02994 -186.52496 -9.2267532 0
-347.36774 -186.48973 -9.270422 0
-347.08005 -186.35248 -9.2718754 0
-346.98395 -186.33261 -9.2503042 0
-344.54507 -186.39693 -9.234004 0
-346.77722 -186.06769 -9.2591124 0
-344.00735 -185.99521 -9.298357 0
-346.59879 -185.85344 -9.299902 0
-342.14999 -185.75601 -9.2467957 0
-348.15228 -182.84 -9.2580166 0
-349.79388 -182.7052 -9.2699604 0
-349.31256 -182.73364 -9.2948885 0
-348.75214 -182.65782 -9.2375879 0
-346.4993 -182.56763 -9.2991972 0
-349.65573 -182.46828 -9.2363749 0
-348.80533 -182.46909 -9.2105684 0
-349.1402 -182.31451 -9.2439747 0
-349.03177 -182.31021 -9.2272463 0
-349.43729 -182.25703 -9.2351789 0
-349.45154 -182.09363 -9.2860785 0
-345.94809 -182.02231 -9.2675552 0
-349.02222 -181.80402 -9.258503 0
-349.87686 -181.77867 -9.2608967 0
-348.93152 -181.78246 -9.2610054 0
-345.7388 -180.74873 -9.2231178 0
-346.26352 -179.56651 -9.2335501 0
-346.14029 -179.5565 -9.2296772 0
-345.94238 -179.27907 -9.2800045 0
-349.39694 -178.75307 -9.2712135 0
-348.95312 -178.71712 -9.2739067 0
-344.77588 -178.73784 -9.2156935 0
-345.16287 -178.40221 -9.2277184 0
-343.56406 -177.8898 -9.2489662 0
-345.19138 -177.67508 -9.2366858 0
-349.30072 -177.50757 -9.2615442 0
-345.31198 -177.48621 -9.255372 0
-349.27661 -177.32036 -9.2578011 0
-343.37354 -177.2348 -9.2235098 0
-349.47626 -177.17647 -9.2994776 0
-345.78421 -177.13155 -9.2292099 0
-344.98172 -176.85066 -9.254817 0
-349.3797 -176.70441 -9.2075148 0
-349.30087 -176.31999 -9.2139463 0
-344.12399 -176.39008 -9.2512636 0
-349.72534 -176.24783 -9.2127247 0
-349.86389 -176.11066 -9.2362957 0
-349.76257 -176.12059 -9.2723904 0
-343.65802 -176.05659 -9.2635298 0
-342.92783 -176.07713 -9.2019129 0
-344.11502 -175.95135 -9.2297173 0
-341.92026 -175.72548 -9.2723532 0
-342.13586 -175.4557 -9.2286396 0
-341.92245 -174.88213 -9.2485304 0
-344.39294 -174.79425 -9.242445 0
-344.50043 -173.96004 -9.271162 0
-342.89719 -173.36226 -9.2420101 0
-343.52032 -172.90025 -9.2846994 0
-340.32925 -172.51233 -9.2034321 0
-349.23096 -172.22981 -9.2441645 0
-348.58826 -172.28064 -9.2059612 0
-342.08908 -170.99123 -9.2593699 0
-349.46643 -170.84694 -9.2682381 0
-348.94897 -170.79407 -9.2218342 0
-349.11624 -169.95413 -9.275425 0
-347.98306 -168.99443 -9.252409 0
-349.25906 -168.37881 -9.2922726 0
-349.08572 -167.59512 -9.2414865 0
-349.39059 -166.51317 -9.2764482 0
-348.66434 -166.51935 -9.2144737 0
-347.21649 -166.57877 -9.2978306 0
-348.5723 -166.43878 -9.2327499 0
-348.83301 -166.36569 -9.2434187 0
-348.57373 -165.00957 -9.252718 0
-346.51199 -164.82481 -9.2845306 0
-349.69583 -164.11751 -9.2622757 0
-349.84521 -164.03691 -9.2649574 0
-349.80627 -163.81366 -9.2806873 0
-349.03525 -163.34218 -9.2608356 0
-346.62537 -163.09587 -9.2995338 0
-349.35559 -162.92981 -9.2429695 0
-349.18616 -162.92952 -9.2784595 0
-349.21869 -162.41565 -9.2338676 0
-348.99536 -162.21863 -9.2265377 0
-349.28275 -161.83476 -9.2458305 0
-349.41257 -161.78044 -9.2102594 0
-349.55432 -161.68883 -9.2476482 0
-344.26166 -161.39503 -9.2224655 0
-349.62317 -161.16336 -9.2592373 0
-348.01065 -161.0972 -9.2097263 0
-344.49164 -160.55452 -9.2219419 0
-348.39026 -160.37883 -9.2753038 0
-348.0455 -159.14696 -9.2070074 0
-348.62515 -159.03812 -9.2543011 0
-348.51971 -159.01466 -9.231143 0
-348.31424 -158.93919 -9.2615242 0
-349.25348 -158.65683 -9.2975531 0
-349.36053 -158.55096 -9.2742615 0
-349.29205 -158.56052 -9.2999706 0
-346.76303 -158.41212 -9.2734776 0
-349.29703 -158.34834 -9.2356911 0
-349.26886 -158.10182 -9.2628393 0
-349.25323 -158.02147 -9.2226086 0
-349.18875 -158.05484 -9.2277126 0
-348.94543 -157.72244 -9.2208996 0
-346.86398 -157.65611 -9.2489328 0
-349.99551 -157.41057 -9.2952662 0
-349.85098 -157.33351 -9.2622337 0
-349.12204 -157.20596 -9.2669764 0
-348.35196 -156.98143 -9.2822924 0
-347.81323 -156.17799 -9.2420702 0
-349.08533 -156.06456 -9.2043352 0
-349.2157 -155.8651 -9.2040014 0
-349.60623 -155.60283 -9.2533169 0
-349.58688 -155.61429 -9.2581129 0
-349.13739 -155.5152 -9.2887411 0
-345.56479 -155.52359 -9.2768135 0
-349.5419 -155.39197 -9.2457418 0
-345.28091 -155.39372 -9.2066975 0
-349.966 -155.25835 -9.2596931 0
-349.49634 -155.09563 -9.2759676 0
-348.85913 -155.01796 -9.2195673 0
-349.2511 -154.98236 -9.2706861 0
-349.50568 -154.70418 -9.2326431 0
-349.44424 -154.72214 -9.2916822 0
-349.21475 -154.74429 -9.2628746 0
-349.52628 -154.64073 -9.2706537 0
-347.40497 -154.62149 -9.2008152 0
-347.38699 -154.66188 -9.2568159 0
-349.30234 -154.49854 -9.202426 0
-343.57697 -153.993 -9.2803373 0
-341.83633 -153.953 -9.2426825 0
-347.18463 -153.64798 -9.2651873 0
-349.33743 -153.5816 -9.208909 0
-349.13971 -153.5051 -9.2491913 0
-347.09879 -153.57986 -9.2448101 0
-349.21841 -153.48531 -9.2672997 0
-346.83444 -153.44331 -9.2233829 0
-344.82605 -153.41753 -9.2720232 0
-349.32449 -153.35054 -9.2506618 0
-349.11987 -153.35962 -9.2723198 0
-349.6748 -153.29196 -9.245101 0
-344.92395 -153.24402 -9.2061119 0
-341.90649 -153.25481 -9.2003012 0
-341.52588 -153.27135 -9.2084618 0
-349.39185 -153.15469 -9.2249641 0
-346.83838 -153.15207 -9.2424107 0
-343.15863 -153.18529 -9.2089272 0
-346.73984 -153.02177 -9.2440224 0
-346.62833 -153.02711 -9.2960901 0
-346.55029 -153.07611 -9.2317181 0
-344.26712 -153.05916 -9.2134209 0
-347.23938 -152.92128 -9.2524023 0
-346.97437 -152.96835 -9.262538 0
-344.52988 -152.90562 -9.2687283 0
-344.63263 -152.87956 -9.2268 0
-344.48489 -152.89119 -9.2448816 0
-347.03519 -152.7646 -9.2055168 0
-344.34329 -152.74825 -9.2818518 0
-349.34384 -152.6306 -9.2561493 0
-345.92831 -152.68176 -9.2230091 0
-345.82321 -152.66925 -9.2331657 0
-344.35782 -152.60767 -9.2614527 0
-344.17609 -152.61607 -9.2075043 0
-345.44629 -152.2998 -9.2590904 0
-343.68393 -152.28224 -9.2993832 0
-345.53726 -152.15927 -9.285018 0
-342.54309 -151.8894 -9.2937098 0
-343.14209 -151.70647 -9.2295561 0
-343.09698 -151.31596 -9.2558088 0
-341.22043 -151.3895 -9.2879858 0
-342.76422 -151.20149 -9.2921314 0
-342.53232 -151.18349 -9.2308149 0
-342.78516 -151.09558 -9.2608414 0
-342.46091 -151.08171 -9.2179928 0
-342.3996 -151.03059 -9.2127781 0
-342.01401 -151.09122 -9.2970467 0
-341.30838 -151.06264 -9.2617006 0
-340.31778 -150.24646 -9.2990999 0
-340.22748 -204.83064 -9.1539984 0
-339.92108 -204.7079 -9.1602249 0
-341.18152 -203.14087 -9.159914 0
-342.46222 -202.46167 -9.1735764 0
-342.11548 -201.89693 -9.1119642 0
-342.24179 -201.30424 -9.1871586 0
-342.26031 -201.07123 -9.167016 0
-342.12747 -201.06219 -9.1790419 0
-342.18451 -200.92165 -9.1930857 0
-339.83212 -199.12024 -9.169075 0
-340.0181 -198.69394 -9.1486683 0
-341.49057 -197.39154 -9.1135979 0
-340.32642 -195.57578 -9.1376877 0
-341.00653 -195.38594 -9.1654587 0
-342.20026 -194.58334 -9.1311731 0
-344.66986 -192.71756 -9.1784782 0
-342.55771 -192.21178 -9.1129274 0
-341.88895 -192.03079 -9.1166277 0
-347.56226 -191.33449 -9.177268 0
-347.58331 -191.24631 -9.1759949 0
-347.71286 -190.89391 -9.1721077 0
-347.84048 -190.57474 -9.1130581 0
-347.76962 -190.44861 -9.1044197 0
-348.37234 -189.70622 -9.1502161 0
-348.68994 -189.64352 -9.1744823 0
-344.79083 -189.61124 -9.1262589 0
-345.20526 -189.3969 -9.1445446 0
-347.28043 -188.46609 -9.180028 0
-347.48044 -188.37251 -9.1181154 0
-345.26935 -188.38087 -9.1210413 0
-346.53613 -188.0325 -9.1056967 0
-344.92322 -187.50786 -9.1220493 0
-342.22562 -186.19664 -9.1403313 0
-347.86661 -185.85396 -9.1204605 0
-347.76404 -185.85794 -9.1999598 0
-346.51514 -185.68077 -9.1385794 0
-343.39639 -185.00154 -9.1094379 0
-349.00772 -182.5955 -9.1348782 0
-348.96017 -182.34776 -9.1742878 0
-349.6442 -182.00993 -9.194088 0
-349.17581 -181.9836 -9.1653128 0
-345.77856 -181.51385 -9.1620951 0
-347.65479 -180.1875 -9.182745 0
-345.94403 -180.13516 -9.1529064 0
-345.81729 -180.09354 -9.143301 0
-347.3916 -179.91985 -9.1002808 0
-346.6098 -179.89848 -9.1802235 0
-346.26263 -179.66032 -9.1715479 0
-345.94006 -179.39056 -9.1681528 0
-349.18881 -178.74022 -9.1114922 0
-349.12527 -178.57639 -9.1119671 0
-349.05487 -178.5593 -9.1200457 0
-347.46054 -178.54976 -9.1950035 0
-346.96933 -178.57048 -9.1258383 0
-345.47855 -178.44461 -9.1173849 0
-345.16748 -177.64383 -9.1878757 0
-345.55499 -177.55261 -9.1788063 0
-348.90265 -177.44479 -9.1958179 0
-344.43256 -177.43645 -9.1696749 0
-349.8638 -177.24387 -9.1350708 0
-349.18936 -177.23706 -9.1683121 0
-349.05884 -177.1985 -9.1470127 0
-344.25629 -177.04503 -9.1968393 0
-349.6459 -176.99016 -9.1103649 0
-349.32001 -176.98662 -9.194994 0
-349.62503 -176.8756 -9.1165276 0
-349.96689 -176.6377 -9.1116772 0
-349.72583 -176.54062 -9.1368856 0
-344.51703 -176.55898 -9.1913462 0
-344.31964 -176.40471 -9.168294 0
-349.86285 -176.2616 -9.1957636 0
-343.16446 -176.17667 -9.1702433 0
-341.75702 -175.26476 -9.1252823 0
-344.54648 -175.05235 -9.1980238 0
-344.49039 -175.0573 -9.126647 0
-343.88147 -173.80846 -9.1440496 0
-343.54047 -173.03506 -9.1956644 0
-348.46463 -172.72333 -9.1279192 0
-348.44977 -172.57538 -9.1328144 0
-348.20667 -172.5598 -9.144412 0
-348.61115 -172.46399 -9.130722 0
-342.5701 -172.47943 -9.1974583 0
-348.45212 -172.30025 -9.1174049 0
-348.27115 -172.37782 -9.1660252 0
-348.31516 -172.28186 -9.1326199 0
-342.37689 -171.88647 -9.1916113 0
-348.93802 -169.82309 -9.1749887 0
-348.67429 -168.55081 -9.1239538 0
-348.12201 -168.48138 -9.1264639 0
-346.47714 -168.4191 -9.1957712 0
-346.43002 -168.10423 -9.1439714 0
-346.52859 -167.11488 -9.1472321 0
-345.51489 -166.65311 -9.1389151 0
-348.97537 -165.39085 -9.1329966 0
-342.74277 -165.22195 -9.1737823 0
-347.33044 -165.01579 -9.1123838 0
-347.58472 -164.18184 -9.165534 0
-348.74994 -163.67049 -9.1036806 0
-347.9826 -163.45872 -9.1173201 0
-348.03879 -163.25296 -9.1418381 0
-349.0571 -162.99445 -9.1569242 0
-348.81293 -162.88757 -9.1286192 0
-349.51477 -162.59439 -9.1757202 0
-345.77084 -162.24823 -9.1798334 0
-349.02844 -162.05673 -9.1535492 0
-349.62024 -161.72733 -9.1525774 0
-349.56689 -161.66074 -9.1614408 0
-349.46124 -161.16374 -9.1954088 0
-345.84158 -161.10966 -9.1004267 0
-347.94418 -161.00914 -9.165494 0
-347.88046 -161.03728 -9.1761971 0
-345.97311 -160.48528 -9.1499853 0
-348.67944 -160.1582 -9.1074591 0
-348.7272 -159.81696 -9.1727304 0
-347.99847 -158.67606 -9.1408386 0
-349.34363 -158.55536 -9.1108818 0
-349.45071 -158.29976 -9.1376524 0
-349.17548 -158.08672 -9.1032505 0
-348.38174 -158.0983 -9.1651154 0
-348.66757 -157.85129 -9.1762848 0
-349.2626 -157.77164 -9.1218929 0
-348.65176 -157.71855 -9.180913 0
-348.43713 -157.73033 -9.1534243 0
-346.99628 -157.69183 -9.1808414 0
-349.86328 -157.22433 -9.106761 0
-349.61301 -157.27391 -9.1398106 0
-348.26697 -157.27106 -9.1132565 0
-349.50327 -156.69891 -9.1109867 0
-348.75098 -156.14609 -9.1407213 0
-348.88464 -156.06639 -9.1270161 0
-349.19025 -155.97586 -9.1804104 0
-349.45474 -155.8764 -9.1176882 0
-349.02258 -155.84479 -9.1491547 0
-341.67566 -155.79587 -9.1828098 0
-349.2215 -155.67245 -9.1786108 0
-349.31863 -155.59184 -9.1281128 0
-349.43878 -155.45016 -9.1738529 0
-349.26352 -155.48964 -9.1381493 0
-349.0181 -155.45262 -9.153018 0
-349.74893 -155.2382 -9.186306 0
-349.66541 -155.22827 -9.1153831 0
-349.59235 -155.20801 -9.162159 0
-345.12189 -155.25864 -9.1399355 0
-349.44974 -155.17526 -9.1072655 0
-349.33777 -155.11638 -9.1770163 0
-347.99295 -154.91904 -9.116806 0
-349.57812 -154.79417 -9.1922741 0
-349.4502 -154.73817 -9.1262789 0
-349.49289 -154.62656 -9.1151466 0
-349.39478 -154.64523 -9.1236677 0
-349.19037 -154.56291 -9.198555 0
-349.53955 -154.49344 -9.151 0
-347.48224 -154.49271 -9.1998549 0
-349.58936 -154.31746 -9.1261425 0
-347.77136 -154.31616 -9.1967278 0
-341.18137 -153.96837 -9.1333952 0
-349.15817 -153.72923 -9.1721468 0
-345.24219 -153.6032 -9.176548 0
-349.32715 -153.56166 -9.1987038 0
-349.2272 -153.47562 -9.1208467 0
-349.13513 -153.45178 -9.1367655 0
-349.72238 -153.33366 -9.1714697 0
-349.40903 -153.34457 -9.1091719 0
-344.76572 -153.35126 -9.197444 0
-341.94345 -153.32587 -9.1939659 0
-349.77045 -153.27576 -9.1081715 0
-349.57581 -153.28926 -9.1843939 0
-349.4494 -153.25101 -9.1456032 0
-349.27789 -153.24429 -9.109664 0
-349.54306 -153.17038 -9.1448412 0
-344.28134 -153.13922 -9.1073284 0
-347.05225 -153.00246 -9.1718464 0
-346.91467 -153.0723 -9.1912842 0
-340.94742 -153.05354 -9.1725817 0
-347.21735 -152.92276 -9.1328144 0
-345.07224 -152.90858 -9.1614466 0
-347.53391 -152.80679 -9.1082668 0
-346.98517 -152.85156 -9.1253958 0
-344.5499 -152.8714 -9.1940451 0
-344.09164 -152.52257 -9.1140776 0
-344.23767 -152.43561 -9.1413059 0
-344.23398 -152.36391 -9.1304016 0
-343.73111 -152.12518 -9.1251202 0
-343.16425 -151.82558 -9.1454868 0
-343.35385 -151.52469 -9.1913977 0
-343.19025 -151.57239 -9.1285162 0
-343.17395 -151.3156 -9.1897049 0
-342.7496 -151.30687 -9.1434174 0
-342.67099 -151.31442 -9.1158171 0
-340.84561 -151.32922 -9.1713743 0
-340.71454 -151.32352 -9.1144314 0
-342.74335 -151.24603 -9.1435623 0
-342.47058 -151.22548 -9.1803541 0
-341.25375 -151.26524 -9.1431503 0
-341.04425 -151.21356 -9.1458921 0
-340.48969 -151.28421 -9.1896925 0
-341.2771 -151.11684 -9.1633358 0
-340.9729 -151.1866 -9.1004753 0
-342.53265 -151.0822 -9.1219873 0
-340.82498 -151.0099 -9.1815252 0
-340.85028 -150.98969 -9.1871729 0
-340.77145 -150.90576 -9.1909304 0
-340.65097 -150.90146 -9.129344 0
-341.24481 -150.76668 -9.1182432 0
-341.09088 -150.79041 -9.1181335 0
-340.46664 -150.30464 -9.1604328 0
-340.20663 -204.73955 -9.0909348 0
-341.34811 -202.96454 -9.0086308 0
-338.70886 -202.39159 -9.0192814 0
-342.00278 -201.83246 -9.0726576 0
-340.06009 -199.09534 -9.0904627 0
-339.61163 -196.81252 -9.0591526 0
-342.34647 -192.98853 -9.0363827 0
-342.44269 -192.42703 -9.0764399 0
-347.73929 -191.51315 -9.0733318 0
-347.60214 -191.41748 -9.0748434 0
-347.64383 -190.62419 -9.0383034 0
-347.86761 -190.22331 -9.083025 0
-348.71573 -189.48465 -9.0580864 0
-349.39523 -189.11441 -9.0235481 0
-345.38141 -189.14102 -9.0677557 0
-348.62106 -188.22412 -9.0027876 0
-346.8688 -188.27657 -9.0288486 0
-348.85706 -187.61842 -9.0744028 0
-346.4097 -186.22183 -9.0499458 0
-346.6239 -185.92422 -9.0220308 0
-343.85019 -185.80983 -9.0476923 0
-343.52612 -185.84793 -9.0158377 0
-346.52667 -185.72166 -9.0716333 0
-343.42242 -185.76224 -9.0598507 0
-346.50275 -185.62674 -9.0241232 0
-343.62421 -185.69392 -9.0661736 0
-346.60748 -185.57248 -9.081192 0
-346.66055 -185.34093 -9.0461636 0
-343.66516 -185.35469 -9.0915051 0
-342.81482 -184.96638 -9.0632296 0
-346.23572 -184.8544 -9.0904646 0
-347.93909 -183.62404 -9.0759487 0
-346.46014 -183.30095 -9.0661716 0
-349.08975 -182.97426 -9.0670433 0
-348.94135 -182.78729 -9.0790377 0
-349.64389 -182.48357 -9.0825653 0
-349.24945 -181.90057 -9.0877533 0
-346.21854 -181.97653 -9.0379963 0
-349.77243 -181.84201 -9.0884714 0
-349.24347 -181.80092 -9.0086727 0
-349.55856 -181.77693 -9.0145769 0
-349.54752 -181.6891 -9.0413561 0
-347.37802 -180.73746 -9.0252542 0
-347.24283 -180.38084 -9.0329342 0
-347.47485 -179.9904 -9.0503302 0
-347.38751 -179.96538 -9.060173 0
-345.91293 -178.64197 -9.0675488 0
-346.03067 -178.3943 -9.0277052 0
-344.5925 -178.06317 -9.0735846 0
-344.27798 -177.88173 -9.0174522 0
-349.39499 -177.7469 -9.0925121 0
-344.54691 -177.73773 -9.081007 0
-345.56564 -177.6832 -9.0354195 0
-345.61087 -177.55634 -9.0545712 0
-345.60596 -177.46683 -9.0711222 0
-349.65552 -177.3031 -9.0124006 0
-345.91504 -177.02905 -9.0456085 0
-349.94971 -176.9536 -9.0899782 0
-344.85501 -176.97021 -9.0648222 0
-344.01306 -176.93669 -9.0746098 0
-349.74207 -176.65773 -9.0854797 0
-349.4379 -176.42542 -9.0879183 0
-349.66602 -176.3932 -9.0807142 0
-349.47464 -176.30284 -9.0819445 0
-343.68039 -176.11157 -9.0858679 0
-343.52988 -175.86177 -9.0356665 0
-343.77737 -175.52837 -9.0779819 0
-343.86115 -175.42328 -9.0586948 0
-342.98007 -173.90982 -9.0575829 0
-342.79575 -173.90681 -9.0553961 0
-341.97464 -173.24658 -9.043787 0
-348.67059 -172.87422 -9.0034046 0
-348.6571 -172.79594 -9.0160408 0
-348.5943 -172.34496 -9.0600376 0
-348.59164 -172.22739 -9.0075102 0
-348.43921 -172.15645 -9.0070791 0
-348.77917 -172.01418 -9.0440521 0
-342.24786 -172.0486 -9.0446997 0
-342.42181 -171.96361 -9.0147924 0
-342.23126 -171.49757 -9.0837793 0
-348.4697 -169.45589 -9.0785313 0
-346.61835 -169.24561 -9.078516 0
-347.88281 -168.94774 -9.0918646 0
-349.42148 -168.04785 -9.0688763 0
-346.02124 -167.36177 -9.0269232 0
-346.17111 -167.25357 -9.0788183 0
-348.57962 -166.81807 -9.0333662 0
-348.73615 -166.63898 -9.0567608 0
-348.81131 -166.48036 -9.0169191 0
-348.56482 -166.44017 -9.0579243 0
-349.28333 -166.07921 -9.071764 0
-347.19061 -165.82491 -9.0216312 0
-346.44327 -164.90999 -9.0943556 0
-347.3421 -163.647 -9.0921316 0
-347.08298 -163.58151 -9.0065613 0
-349.52377 -163.04099 -9.0047321 0
-347.38895 -163.09615 -9.0473061 0
-349.46585 -162.55539 -9.0796957 0
-349.0795 -162.27188 -9.0216694 0
-347.07275 -162.26886 -9.0798254 0
-344.67517 -162.16603 -9.0342646 0
-347.83209 -161.86237 -9.0730467 0
-348.02771 -161.2664 -9.092803 0
-348.42697 -160.0946 -9.0218649 0
-347.15704 -159.83147 -9.0809822 0
-348.26645 -159.14676 -9.0901756 0
-347.54163 -159.19841 -9.0984135 0
-349.67441 -158.88022 -9.0062876 0
-349.37527 -158.79002 -9.092989 0
-349.54071 -158.68237 -9.0611172 0
-349.48947 -158.54419 -9.0023394 0
-349.32755 -158.43073 -9.0913315 0
-349.67349 -158.2621 -9.0118704 0
-349.35828 -158.004 -9.0914412 0
-349.21265 -158.04535 -9.0624275 0
-348.49539 -157.88815 -9.0363779 0
-349.84732 -157.34955 -9.0381002 0
-349.28375 -157.24905 -9.0325317 0
-348.41287 -156.90504 -9.0807648 0
-348.04578 -156.95851 -9.040453 0
-348.98624 -156.81125 -9.0390034 0
-347.99536 -156.87126 -9.0582972 0
-349.85776 -156.24124 -9.0739517 0
-348.8262 -156.2048 -9.0515318 0
-349.91589 -156.12819 -9.0585852 0
-349.08694 -156.12036 -9.0862379 0
-347.67502 -156.19156 -9.0687904 0
-349.86105 -156.00418 -9.0423355 0
-349.77515 -156.00679 -9.0926933 0
-349.04037 -156.0387 -9.0600843 0
-349.19934 -155.9975 -9.0667505 0
-349.34641 -155.82396 -9.0666561 0
-349.51031 -155.70189 -9.0975456 0
-349.4032 -155.75525 -9.0432196 0
-349.25742 -155.75945 -9.0700474 0
-349.97427 -155.68469 -9.0105524 0
-348.85654 -155.64827 -9.0228434 0
-346.23462 -155.60106 -9.0480299 0
-349.3558 -155.54526 -9.0407219 0
-349.30136 -155.44974 -9.09552 0
-349.18576 -155.45416 -9.0759983 0
-349.2211 -155.05228 -9.0391226 0
-347.98688 -154.90703 -9.0940847 0
-348.31934 -154.83049 -9.0325317 0
-347.34897 -154.73889 -9.014699 0
-347.45685 -154.67838 -9.0073748 0
-347.59308 -154.26712 -9.0530434 0
-347.67712 -154.02068 -9.0104446 0
-347.65839 -153.83499 -9.0933237 0
-346.77658 -153.88266 -9.0441694 0
-346.65689 -153.89757 -9.0334005 0
-344.22351 -153.56931 -9.0024281 0
-346.92151 -153.49484 -9.0287552 0
-344.4837 -153.46376 -9.0298204 0
-349.12454 -153.33939 -9.085743 0
-349.76245 -153.23123 -9.0351734 0
-349.68622 -153.21407 -9.0785303 0
-339.47824 -153.27332 -9.0815401 0
-345.27258 -153.13181 -9.0641499 0
-344.37918 -153.03183 -9.0077248 0
-347.25311 -152.90877 -9.0810528 0
-347.1236 -152.86551 -9.0764999 0
-347.06174 -152.89227 -9.0473948 0
-345.38785 -152.86581 -9.0337849 0
-347.27426 -152.73676 -9.0132685 0
-347.00269 -152.72636 -9.077446 0
-346.87778 -152.76338 -9.0704002 0
-347.32397 -152.63689 -9.0008116 0
-344.11615 -152.53896 -9.0555811 0
-344.19006 -152.49881 -9.0705891 0
-343.58539 -152.20049 -9.084218 0
-342.49237 -152.22835 -9.0652571 0
-340.10229 -152.26414 -9.0958223 0
-343.76895 -152.02246 -9.0335655 0
-343.43362 -151.84671 -9.0326757 0
-342.42224 -151.88062 -9.0658751 0
-343.21918 -151.50259 -9.0824556 0
-340.57291 -151.51352 -9.0135345 0
-341.45728 -151.35103 -9.0393248 0
-341.37073 -151.38081 -9.0517225 0
-343.27356 -151.28792 -9.0958729 0
-340.63184 -151.13068 -9.0267296 0
-342.56097 -151.08153 -9.0455141 0
-339.96097 -151.05452 -9.0612707 0
-338.35486 -151.09361 -9.0360451 0
-341.71509 -150.944 -9.0208378 0
-340.81467 -150.73773 -9.0867529 0
-341.30731 -150.61162 -9.0074453 0
-340.86896 -150.58382 -9.0494375 0
-340.32373 -150.43903 -9.011013 0
-339.95877 -150.30417 -9.0775852 0
-340.32391 -150.25978 -9.0255556 0
-340.11691 -150.29196 -9.0917597 0
-340.42255 -150.15735 -9.0350246 0
-340.38437 -150.00545 -9.0224981 0
-342.3985 -203.01202 -8.9120855 0
-342.552 -202.86026 -8.9452553 0
-342.29742 -202.67358 -8.9435186 0
-342.68912 -202.45299 -8.996603 0
-341.64764 -200.73352 -8.9197531 0
-342.10721 -200.69719 -8.9300556 0
-342.07837 -200.3477 -8.9262705 0
-342.12833 -200.20256 -8.9450369 0
-342.08374 -200.2691 -8.9707842 0
-339.06064 -200.07852 -8.9881182 0
-341.58514 -195.3634 -8.9280109 0
-342.12888 -194.57697 -8.9786873 0
-342.33878 -193.98318 -8.9792967 0
-347.1178 -191.51807 -8.9387236 0
-347.82547 -191.22792 -8.9086323 0
-347.51587 -191.16902 -8.9317656 0
-348.0932 -189.88316 -8.963829 0
-347.38239 -189.79518 -8.912611 0
-349.43567 -189.33334 -8.9313669 0
-349.48859 -189.10681 -8.930232 0
-349.55801 -189.03241 -8.9397554 0
-349.5029 -188.81693 -8.9073296 0
-347.66971 -188.8485 -8.9951687 0
-349.77194 -188.72644 -8.9734726 0
-349.74771 -188.64572 -8.9618473 0
-346.19159 -188.56277 -8.9120092 0
-344.58371 -188.55629 -8.9141102 0
-346.40329 -188.45898 -8.925705 0
-346.29907 -188.39116 -8.9860659 0
-346.11395 -188.30162 -8.9314833 0
-347.0871 -188.22011 -8.9810152 0
-346.52509 -188.25676 -8.9702959 0
-347.22653 -188.10194 -8.9239264 0
-346.8851 -188.02283 -8.9659138 0
-346.78748 -188.05177 -8.9586649 0
-349.29135 -187.94986 -8.9032297 0
-348.74124 -187.82417 -8.9419918 0
-346.39655 -187.74052 -8.9975643 0
-348.25256 -187.35551 -8.9831543 0
-345.80853 -186.24731 -8.9596472 0
-346.07388 -185.51628 -8.9986639 0
-346.67078 -185.25319 -8.9066029 0
-349.63388 -183.03845 -8.9487934 0
-349.61081 -182.97745 -8.951025 0
-346.51877 -182.67078 -8.9168043 0
-346.19724 -182.52223 -8.9613943 0
-349.07736 -182.40793 -8.9151993 0
-348.88483 -182.41936 -8.922534 0
-349.1398 -182.22729 -8.9556608 0
-346.37198 -182.04306 -8.9488993 0
-349.54736 -181.72485 -8.9806595 0
-346.34824 -181.76076 -8.9741173 0
-349.85541 -181.68355 -8.953352 0
-349.57471 -181.67647 -8.9148045 0
-346.11905 -181.63646 -8.9434671 0
-346.0567 -181.58389 -8.9425545 0
-345.28522 -181.11681 -8.9012127 0
-347.68549 -180.6263 -8.9172955 0
-346.69745 -179.90286 -8.9998875 0
-346.62009 -179.77884 -8.9902763 0
-346.48737 -179.74922 -8.9787693 0
-345.96051 -179.73897 -8.9193487 0
-349.40167 -179.67447 -8.9828691 0
-346.1492 -178.71712 -8.9151077 0
-346.65277 -178.54327 -8.9918108 0
-345.82138 -178.58032 -8.993947 0
-345.98474 -178.48853 -8.9733162 0
-345.56705 -178.26538 -8.9590988 0
-345.42358 -178.2079 -8.971777 0
-344.32507 -178.01418 -8.9388924 0
-344.53348 -177.98738 -8.9150324 0
-349.9166 -177.31689 -8.9805393 0
-349.85303 -177.26686 -8.9604702 0
-349.7663 -177.19801 -8.9867563 0
-349.49432 -177.05011 -8.9902287 0
-343.28757 -176.82059 -8.9870138 0
-349.68976 -176.47641 -8.9530287 0
-343.56339 -173.64659 -8.9307032 0
-341.35657 -173.40413 -8.9076834 0
-342.46301 -173.34773 -8.9623785 0
-341.37006 -173.3279 -8.9179821 0
-341.9819 -173.27859 -8.9979563 0
-341.77173 -173.22116 -8.9009352 0
-341.40253 -173.18953 -8.9318771 0
-341.43387 -172.89952 -8.9335175 0
-341.01675 -172.83922 -8.9003086 0
-340.36145 -172.62605 -8.9094906 0
-349.53314 -172.54457 -8.9368429 0
-348.25226 -172.48604 -8.9562893 0
-348.53 -172.37962 -8.9714775 0
-348.18713 -172.37567 -8.922287 0
-348.61572 -172.11575 -8.973587 0
-348.13953 -171.99338 -8.9546127 0
-348.09836 -171.69032 -8.9322062 0
-341.64825 -170.85243 -8.9463444 0
-348.91736 -170.66515 -8.984374 0
-348.69208 -170.67117 -8.9591122 0
-348.53226 -169.57748 -8.9758902 0
-348.41528 -169.3356 -8.9452744 0
-348.36462 -169.36993 -8.9406052 0
-347.67722 -168.62234 -8.961482 0
-343.17258 -168.66367 -8.950758 0
-349.93365 -167.40796 -8.9096146 0
-348.83319 -166.68098 -8.9519281 0
-346.3255 -166.65494 -8.948225 0
-348.74768 -166.5715 -8.9419327 0
-348.59241 -166.39897 -8.991209 0
-347.58643 -166.0683 -8.9454823 0
-347.306 -165.68622 -8.9369736 0
-347.14542 -165.65179 -8.9089355 0
-347.18961 -165.53499 -8.9296217 0
-347.12772 -165.418 -8.9196272 0
-348.85834 -165.35748 -8.9708948 0
-347.20105 -165.23584 -8.9550581 0
-346.3931 -164.80612 -8.9205961 0
-346.07004 -164.4066 -8.9981556 0
-346.20016 -164.39796 -8.9232941 0
-349.30264 -163.15639 -8.9943399 0
-345.18945 -163.03346 -8.9732904 0
-347.10724 -162.82747 -8.9786882 0
-349.47202 -162.56941 -8.9435272 0
-349.26147 -162.53516 -8.9838018 0
-347.1218 -162.51105 -8.9099455 0
-349.27374 -162.41228 -8.9095898 0
-348.62869 -162.41342 -8.9273653 0
-347.32269 -162.41241 -8.9104633 0
-349.17798 -162.37878 -8.9405489 0
-349.31253 -162.20341 -8.9682398 0
-349.14429 -162.2495 -8.91189 0
-349.34659 -161.90216 -8.9723492 0
-349.21899 -161.94832 -8.9981995 0
-349.07315 -161.9982 -8.9313192 0
-344.82535 -161.4174 -8.94028 0
-348.082 -161.19293 -8.9757662 0
-347.92441 -161.17181 -8.9962368 0
-347.88251 -160.99251 -8.9472761 0
-348.62091 -159.90562 -8.9297218 0
-348.56915 -159.97173 -8.9418221 0
-348.31787 -159.93161 -8.9278736 0
-348.33597 -159.82042 -8.9212217 0
-348.2771 -159.84766 -8.9125605 0
-348.64084 -159.16389 -8.9629097 0
-348.36221 -159.14386 -8.9168262 0
-348.66818 -158.98703 -8.955101 0
-349.61798 -158.81923 -8.9144535 0
-348.56726 -158.89871 -8.9229336 0
-349.73141 -158.76131 -8.9848013 0
-349.64932 -158.77946 -8.9760513 0
-349.60849 -158.66841 -8.9194012 0
-349.53448 -158.42166 -8.9331856 0
-349.47122 -158.42589 -8.9638729 0
-349.30627 -158.25345 -8.9242678 0
-349.6553 -158.04417 -8.9996471 0
-349.87955 -157.89557 -8.9252748 0
-349.37204 -157.86403 -8.9759388 0
-349.10699 -157.85774 -8.9842205 0
-349.02747 -157.89841 -8.9294538 0
-349.26288 -157.61006 -8.9511728 0
-349.0701 -157.69243 -8.9277153 0
-348.60428 -157.65292 -8.9395981 0
-348.58453 -157.65651 -8.9129801 0
-349.92285 -157.44551 -8.9949512 0
-349.87164 -157.31424 -8.9559183 0
-349.90439 -157.21068 -8.9096432 0
-348.47879 -157.23958 -8.9578314 0
-348.55133 -157.01041 -8.9734392 0
-348.49478 -157.01917 -8.920577 0
-348.62906 -156.94691 -8.9086151 0
-348.49176 -156.97731 -8.9315071 0
-344.02722 -156.48874 -8.981554 0
-349.79062 -156.15312 -8.9865799 0
-349.89023 -156.07677 -8.9873114 0
-349.08167 -156.05731 -8.9636765 0
-347.13809 -155.89156 -8.9040518 0
-347.97031 -155.18729 -8.9940414 0
-348.65097 -154.9619 -8.9883738 0
-348.44461 -154.94972 -8.927557 0
-348.15671 -154.84572 -8.9872866 0
-347.30508 -154.52353 -8.9688635 0
-347.53458 -154.49899 -8.9686069 0
-340.66226 -154.44188 -8.9762859 0
-342.84286 -154.30458 -8.9482489 0
-347.64093 -154.24869 -8.9583683 0
-341.70428 -154.116 -8.9262714 0
-346.9946 -153.82596 -8.923851 0
-341.28107 -153.84305 -8.9489183 0
-339.55801 -153.77531 -8.9000292 0
-340.37643 -153.37753 -8.9824638 0
-349.75162 -153.27255 -8.9771271 0
-344.0556 -153.2084 -8.927269 0
-343.38876 -153.24228 -8.9583454 0
-344.75186 -153.11597 -8.9791927 0
-345.87283 -153.00916 -8.9886131 0
-343.55817 -152.91814 -8.9190378 0
-345.63931 -152.89008 -8.9005499 0
-347.38104 -152.75249 -8.9868202 0
-347.03577 -152.72635 -8.9525967 0
-346.99594 -152.71941 -8.9105377 0
-343.88507 -152.7908 -8.9469204 0
-347.26776 -152.66824 -8.9291267 0
-342.90985 -152.49461 -8.9035282 0
-342.66312 -152.46613 -8.9487438 0
-340.45322 -152.37946 -8.9885483 0
-341.98892 -152.20654 -8.9068928 0
-341.64883 -151.62453 -8.9491167 0
-343.22873 -151.35202 -8.9585953 0
-340.86212 -151.15677 -8.9520416 0
-341.61932 -151.00298 -8.9644852 0
-339.97708 -151.06792 -8.9608736 0
-339.98083 -150.97627 -8.9665976 0
-341.17749 -150.87892 -8.9165049 0
-340.65274 -150.86661 -8.9340305 0
-341.23285 -150.69653 -8.9506731 0
-341.33932 -150.564 -8.9523792 0
-339.93588 -150.55881 -8.9826202 0
-339.49686 -150.42403 -8.9444962 0
-341.68738 -202.74327 -8.8514433 0
-342.71713 -202.42329 -8.811636 0
-341.80374 -202.32359 -8.8829927 0
-341.66864 -202.16751 -8.8364162 0
-341.73254 -202.01402 -8.8646393 0
-341.52319 -201.9088 -8.8353977 0
-341.54337 -201.87061 -8.8527145 0
-341.66296 -201.78059 -8.8770981 0
-341.65521 -201.6996 -8.8875151 0
-341.78271 -200.97591 -8.8759565 0
-342.12317 -200.6712 -8.8086281 0
-339.17383 -199.47514 -8.8142328 0
-340.88193 -196.89581 -8.8307152 0
-347.11456 -191.70627 -8.8123713 0
-347.89877 -191.28259 -8.882225 0
-347.38748 -191.02753 -8.8257189 0
-347.34091 -189.95123 -8.8991871 0
-348.98447 -189.86673 -8.8096695 0
-348.14301 -189.84897 -8.8099699 0
-347.68512 -189.87427 -8.8417444 0
-348.40665 -189.73062 -8.8673782 0
-348.30542 -189.71396 -8.8647194 0
-347.22125 -189.77626 -8.818635 0
-348.21542 -189.51404 -8.872345 0
-346.5752 -189.25887 -8.8429022 0
-349.49673 -188.97125 -8.8270168 0
-347.40704 -188.94792 -8.8895111 0
-346.42685 -188.97763 -8.8130531 0
-346.25266 -188.91112 -8.8098536 0
-349.47791 -188.70262 -8.8981209 0
-349.43561 -188.31346 -8.8476114 0
-346.086 -188.33597 -8.8594208 0
-344.67715 -188.3864 -8.8869886 0
-346.6911 -188.29047 -8.888463 0
-345.26816 -188.22188 -8.898716 0
-349.32932 -188.14555 -8.869318 0
-346.26974 -188.07808 -8.8949423 0
-348.8179 -187.74263 -8.8980265 0
-344.6008 -186.42142 -8.8182545 0
-347.74219 -186.19135 -8.8998528 0
-347.79193 -185.81068 -8.8888168 0
-343.25095 -184.92107 -8.8832655 0
-348.4718 -183.69519 -8.8761778 0
-346.48517 -183.07469 -8.8504152 0
-345.54019 -182.97694 -8.8197708 0
-346.31488 -182.87526 -8.8586426 0
-348.62857 -182.70694 -8.8238792 0
-346.23773 -182.47269 -8.8859167 0
-346.18158 -182.43625 -8.893342 0
-349.02979 -182.30751 -8.886488 0
-346.17575 -182.08195 -8.8173761 0
-346.01382 -182.08818 -8.8338718 0
-347.12543 -181.6131 -8.8118315 0
-348.26862 -181.38513 -8.8085489 0
-348.1839 -181.35034 -8.8620138 0
-345.20895 -181.2664 -8.8681574 0
-345.1358 -181.2018 -8.8665409 0
-345.47299 -181.01819 -8.8270521 0
-347.83725 -180.80875 -8.8284292 0
-347.32285 -180.75296 -8.889719 0
-346.27496 -180.53081 -8.8005667 0
-347.92255 -180.21466 -8.8283825 0
-348.4584 -180.06999 -8.876895 0
-345.93304 -179.88217 -8.8593884 0
-345.73569 -179.18964 -8.8910513 0
-345.95944 -178.98209 -8.8153677 0
-345.92245 -178.57607 -8.8928938 0
-346.73953 -178.4691 -8.812727 0
-342.55121 -178.33879 -8.8725739 0
-347.29294 -178.25952 -8.8563471 0
-347.18399 -178.22603 -8.8427114 0
-342.60062 -178.21674 -8.8409376 0
-344.61993 -178.05791 -8.8589687 0
-344.32507 -177.94974 -8.8552437 0
-349.5137 -177.62195 -8.855978 0
-348.36121 -177.20575 -8.8639765 0
-349.52066 -176.88525 -8.8601685 0
-344.39548 -176.45166 -8.8424835 0
-344.16522 -176.35075 -8.8647089 0
-344.04156 -176.19598 -8.8237276 0
-342.66412 -175.30589 -8.8354053 0
-341.78 -174.23695 -8.8828354 0
-341.26819 -174.10553 -8.8528013 0
-341.15192 -172.92075 -8.8292131 0
-349.18607 -172.71867 -8.8674603 0
-349.09454 -172.63445 -8.858696 0
-341.05295 -172.56055 -8.8750238 0
-349.32187 -172.45454 -8.8419704 0
-349.2319 -172.45183 -8.849165 0
-349.21545 -172.3654 -8.8373795 0
-341.14709 -172.28239 -8.866622 0
-340.95294 -172.02257 -8.8410912 0
-348.65289 -170.71214 -8.893589 0
-347.95392 -170.26157 -8.8287411 0
-348.4136 -169.38702 -8.8559198 0
-347.63779 -168.70738 -8.8593922 0
-345.17398 -167.6942 -8.895443 0
-345.14432 -167.47748 -8.8790207 0
-346.53537 -166.82132 -8.8625755 0
-346.47977 -166.83856 -8.8180523 0
-345.7171 -166.89473 -8.8057852 0
-349.01743 -166.77136 -8.8655663 0
-348.84695 -166.49158 -8.8290443 0
-344.37778 -166.4715 -8.8161192 0
-349.91656 -166.34665 -8.8421221 0
-349.96097 -166.08382 -8.819911 0
-349.53302 -165.09821 -8.827405 0
-346.56537 -165.01054 -8.8885498 0
-346.54144 -164.90269 -8.8184233 0
-346.26587 -164.606 -8.897604 0
-345.9986 -164.61731 -8.8694515 0
-346.32437 -164.40312 -8.8402996 0
-346.81726 -162.75587 -8.8971109 0
-346.36462 -162.70363 -8.809433 0
-349.28839 -162.64769 -8.8601589 0
-345.97662 -162.49609 -8.8454885 0
-346.57397 -161.85928 -8.8578758 0
-345.43985 -160.67899 -8.8998117 0
-348.54614 -159.87431 -8.8898239 0
-348.34662 -159.85478 -8.8687525 0
-348.28119 -159.84743 -8.8720627 0
-348.32288 -159.71854 -8.8254147 0
-348.27676 -159.64497 -8.8749552 0
-348.03 -159.60039 -8.808857 0
-347.8739 -159.64789 -8.8332138 0
-348.11258 -159.51077 -8.8492508 0
-347.89999 -159.48117 -8.8128309 0
-348.02072 -159.39633 -8.8854513 0
-347.90167 -159.39899 -8.8323917 0
-347.96777 -159.25217 -8.8346987 0
-347.81958 -159.27672 -8.8374319 0
-348.13034 -159.16748 -8.8034029 0
-348.31992 -158.96939 -8.8575191 0
-348.10385 -158.94437 -8.8341484 0
-347.96625 -158.95181 -8.8513565 0
-349.72964 -158.80949 -8.8865471 0
-349.47314 -158.68398 -8.8931675 0
-349.45596 -158.34363 -8.8782482 0
-349.51236 -158.22842 -8.8949652 0
-349.41733 -158.19749 -8.8983536 0
-348.75241 -158.18533 -8.8901968 0
-349.01776 -157.97708 -8.8074751 0
-349.15982 -157.87889 -8.8879347 0
-349.07706 -157.8114 -8.8497133 0
-348.9299 -157.82127 -8.8320627 0
-349.17758 -157.5153 -8.8991232 0
-349.09161 -157.56613 -8.8811378 0
-348.78513 -157.58627 -8.8451729 0
-349.80457 -157.28419 -8.89291 0
-348.94455 -157.23361 -8.8661375 0
-348.5856 -157.17004 -8.8429575 0
-348.80359 -156.90968 -8.8332653 0
-348.39175 -156.93318 -8.84935 0
-343.02118 -156.57726 -8.8465824 0
-349.7247 -156.38603 -8.8303823 0
-349.68649 -156.33385 -8.8090677 0
-347.54211 -156.39552 -8.8107052 0
-349.6319 -156.22427 -8.8820086 0
-349.62555 -155.93311 -8.8250399 0
-349.21667 -155.96548 -8.8993998 0
-347.50305 -155.38066 -8.8013716 0
-347.44501 -154.84206 -8.884572 0
-347.45166 -154.66536 -8.8329525 0
-348.21533 -154.50487 -8.8708134 0
-347.51886 -154.17332 -8.8260431 0
-346.83948 -153.80865 -8.8849154 0
-346.69244 -153.74704 -8.8758707 0
-346.71899 -153.66165 -8.8796434 0
-346.55914 -153.56313 -8.8660936 0
-343.00412 -153.22478 -8.8651152 0
-337.82059 -153.2448 -8.8442144 0
-345.22507 -153.19424 -8.8951759 0
-345.35684 -153.03188 -8.8840933 0
-344.77139 -153.0612 -8.8658934 0
-344.22742 -153.0128 -8.8546839 0
-345.76416 -152.93408 -8.8931046 0
-345.53598 -152.92197 -8.8012905 0
-345.14883 -152.93047 -8.8579292 0
-346.1586 -152.74142 -8.8873081 0
-345.90723 -152.77577 -8.8977232 0
-345.67032 -152.7858 -8.8830862 0
-342.89423 -152.65079 -8.8011141 0
-342.79712 -152.67104 -8.8919821 0
-340.56244 -152.48596 -8.8193502 0
-343.61612 -152.2596 -8.8446112 0
-342.45905 -152.28894 -8.8078365 0
-342.32578 -152.25986 -8.8449125 0
-340.401 -152.24774 -8.8456221 0
-343.21136 -151.74982 -8.8394642 0
-339.61734 -151.08105 -8.8259192 0
-340.85123 -150.88339 -8.8887291 0
-340.66833 -150.85704 -8.8727274 0
-341.06134 -150.73918 -8.8707457 0
-340.52823 -150.74976 -8.8680248 0
-340.35379 -150.76202 -8.8345127 0
-341.32736 -150.59618 -8.8213205 0
-341.27808 -150.52895 -8.8214931 0
-341.17426 -150.55487 -8.8707352 0
-340.54065 -150.47427 -8.8492708 0
-339.95871 -150.37389 -8.817564 0
-339.89072 -150.38007 -8.8206072 0
-340.37662 -150.27377 -8.8240948 0
-340.21887 -150.27872 -8.8185673 0
-343.39056 -150.10275 -8.8045168 0
-343.40192 -150.09689 -8.8659163 0
-343.28171 -150.04811 -8.8512974 0
-349.09265 -208.77263 -8.7147303 0
-342.63257 -202.61555 -8.7851896 0
-341.76331 -202.64702 -8.7366705 0
-342.05215 -202.39494 -8.7932272 0
-341.44095 -202.34621 -8.7867346 0
-341.49246 -202.23242 -8.7181005 0
-342.18808 -200.64474 -8.7816343 0
-342.03497 -200.51888 -8.7836714 0
-341.97485 -200.41104 -8.7825861 0
-340.01355 -200.26448 -8.7345104 0
-338.49176 -200.1001 -8.7695522 0
-338.84326 -199.82307 -8.7877131 0
-339.43256 -198.63013 -8.7038107 0
-341.75674 -197.5296 -8.7712946 0
-342.45755 -193.39981 -8.7679691 0
-342.25735 -192.89464 -8.7393007 0
-346.97101 -191.4402 -8.7264004 0
-346.89389 -190.56657 -8.7963352 0
-344.48682 -190.11595 -8.7937727 0
-347.73932 -189.99512 -8.7282085 0
-347.42792 -189.94963 -8.7814341 0
-347.34991 -189.99086 -8.7450428 0
-348.92706 -189.80208 -8.7559614 0
-348.95419 -189.60117 -8.7609758 0
-347.95322 -189.2778 -8.700758 0
-346.58298 -189.13846 -8.799798 0
-348.94412 -189.00397 -8.7686911 0
-345.87009 -189.01825 -8.7074766 0
-349.22003 -188.90987 -8.7181396 0
-348.16611 -188.98969 -8.7881012 0
-347.82153 -188.95624 -8.7153206 0
-347.9213 -188.83055 -8.7872419 0
-347.93134 -188.71916 -8.749712 0
-347.88495 -188.5961 -8.7727489 0
-349.3013 -188.47672 -8.7261353 0
-347.56079 -188.47472 -8.7125416 0
-349.23639 -188.34 -8.7567196 0
-346.39139 -188.36285 -8.7142487 0
-348.77905 -188.03305 -8.7871971 0
-349.42911 -187.94121 -8.7777758 0
-348.65582 -187.94437 -8.7782068 0
-346.40097 -187.85593 -8.7372732 0
-346.08838 -187.88223 -8.7682486 0
-349.24429 -187.75462 -8.7252274 0
-348.90616 -187.73862 -8.7889938 0
-348.71548 -187.71124 -8.7862177 0
-343.11154 -186.95506 -8.767992 0
-347.54056 -186.46251 -8.7597351 0
-344.47171 -186.25291 -8.7930336 0
-344.11511 -185.20946 -8.7185497 0
-343.80151 -185.01111 -8.7025785 0
-349.87698 -183.10161 -8.7195787 0
-345.32803 -183.17905 -8.712678 0
-349.97992 -183.04076 -8.799159 0
-349.23959 -182.96503 -8.7812109 0
-346.164 -182.88818 -8.7733402 0
-346.09634 -182.82007 -8.7624264 0
-349.43878 -182.37103 -8.7834177 0
-349.14926 -182.32179 -8.7538528 0
-349.13046 -182.06117 -8.7125292 0
-349.13983 -181.9621 -8.7997236 0
-346.80319 -181.97762 -8.7371883 0
-346.72491 -181.98524 -8.7134657 0
-349.32156 -181.80838 -8.7250586 0
-349.44601 -181.73053 -8.7948952 0
-346.91037 -181.75543 -8.7816057 0
-349.68649 -181.66618 -8.7842684 0
-346.91495 -181.63092 -8.7420368 0
-346.81393 -181.64011 -8.7712879 0
-346.63992 -181.62985 -8.7518263 0
-346.72427 -181.57993 -8.738884 0
-348.20505 -181.424 -8.7645245 0
-347.10822 -181.43738 -8.7169657 0
-347.01691 -181.44545 -8.7281179 0
-346.98688 -181.38528 -8.7672987 0
-346.25446 -180.61946 -8.7625599 0
-346.15146 -180.65256 -8.7554235 0
-346.03784 -180.69485 -8.7366629 0
-349.02344 -180.35452 -8.7154484 0
-346.25089 -180.37491 -8.7983389 0
-348.49701 -180.04729 -8.7511969 0
-344.54001 -179.7901 -8.741395 0
-345.86682 -179.62003 -8.7838964 0
-345.56693 -179.16847 -8.7574282 0
-346.68042 -178.46744 -8.7612991 0
-345.73264 -178.32343 -8.7759314 0
-349.5213 -177.68747 -8.7888737 0
-347.04092 -177.64944 -8.7747002 0
-349.60858 -177.55797 -8.7913284 0
-349.49805 -177.53035 -8.7570505 0
-349.08231 -177.48647 -8.7031183 0
-349.56586 -177.20193 -8.72649 0
-344.97806 -177.28592 -8.7574291 0
-349.8092 -177.18185 -8.7848167 0
-343.72192 -177.1244 -8.7832489 0
-349.43295 -177.08105 -8.7135525 0
-344.43024 -176.29552 -8.7514563 0
-344.479 -175.73114 -8.7049494 0
-342.29123 -173.80817 -8.7107382 0
-341.62692 -172.86636 -8.7572975 0
-349.29071 -172.54774 -8.7947397 0
-349.625 -172.38028 -8.7342892 0
-349.51312 -172.27924 -8.7152348 0
-348.93909 -172.16455 -8.7453794 0
-348.45575 -172.15524 -8.7230263 0
-349.52069 -171.993 -8.7042027 0
-348.54288 -171.97905 -8.7687674 0
-348.29144 -171.91818 -8.7199841 0
-348.25217 -171.88222 -8.7060165 0
-341.53394 -171.77844 -8.7747869 0
-349.91846 -171.57463 -8.7477436 0
-348.39502 -170.52103 -8.7432823 0
-348.27155 -170.51695 -8.7023487 0
-339.41953 -170.34943 -8.7612448 0
-347.86896 -170.06848 -8.7568655 0
-349.23645 -169.96841 -8.7112675 0
-339.32462 -169.98756 -8.7016354 0
-347.98398 -169.66486 -8.7395744 0
-348.50433 -169.24509 -8.7391081 0
-347.72073 -168.74794 -8.7311344 0
-345.55435 -167.82253 -8.7471428 0
-349.63614 -167.34174 -8.7989092 0
-348.71802 -166.75865 -8.7674999 0
-346.55951 -166.7495 -8.7955246 0
-349.91287 -166.52455 -8.7416267 0
-349.75925 -166.5555 -8.7612038 0
-347.03815 -166.53899 -8.7289639 0
-349.83478 -166.46471 -8.7242575 0
-349.98523 -166.22707 -8.7158051 0
-347.4444 -165.90216 -8.7705183 0
-347.45294 -165.43306 -8.7784891 0
-347.15549 -165.39166 -8.7389822 0
-344.85086 -164.61993 -8.7149506 0
-345.94934 -164.54306 -8.7752743 0
-345.99866 -164.34805 -8.7826862 0
-349.8678 -163.48489 -8.7130976 0
-347.03259 -162.62891 -8.7701426 0
-349.13431 -162.51105 -8.7103739 0
-347.01691 -162.37724 -8.7281933 0
-346.24557 -162.34612 -8.7068729 0
-349.29593 -162.29558 -8.7424622 0
-349.5903 -162.16766 -8.7916517 0
-345.57101 -161.18758 -8.7154007 0
-347.34207 -160.12413 -8.7474089 0
-347.14062 -159.84964 -8.7253237 0
-347.5929 -159.66026 -8.7863178 0
-348.10822 -159.58623 -8.7788525 0
-347.75797 -159.4209 -8.7676506 0
-347.81888 -159.24252 -8.7241716 0
-347.99908 -159.12029 -8.7794666 0
-347.80966 -159.18301 -8.724431 0
-349.96689 -159.09036 -8.7291889 0
-348.35245 -159.08052 -8.7254734 0
-348.0498 -159.07782 -8.7664957 0
-349.526 -158.94881 -8.7471685 0
-348.11639 -158.96869 -8.7905331 0
-348.05035 -158.96553 -8.7463217 0
-349.35913 -158.24655 -8.7626734 0
-348.34381 -157.54739 -8.7736607 0
-349.98029 -157.23016 -8.7317057 0
-349.81311 -157.23193 -8.7808867 0
-348.47684 -157.28859 -8.7772388 0
-348.44077 -157.15834 -8.7631769 0
-348.53763 -157.09561 -8.7791662 0
-348.35892 -157.09595 -8.7464113 0
-348.48215 -156.96635 -8.7835436 0
-349.77792 -156.88326 -8.7262697 0
-342.24487 -155.4673 -8.7174263 0
-348.17102 -154.80177 -8.7837725 0
-347.64874 -154.80252 -8.7917795 0
-348.0687 -154.74606 -8.7647085 0
-347.77222 -154.72868 -8.7473984 0
-348.23532 -154.63034 -8.7151184 0
-348.16556 -154.68063 -8.7504044 0
-348.03763 -154.6105 -8.7208176 0
-347.43048 -154.68951 -8.7525167 0
-340.44128 -154.49397 -8.7434473 0
-340.81461 -154.34705 -8.7285357 0
-340.80441 -154.23438 -8.7702312 0
-339.61386 -153.88632 -8.7568588 0
-346.86078 -153.76414 -8.7204065 0
-346.89139 -153.61812 -8.7783489 0
-339.6817 -153.49748 -8.7135172 0
-343.65109 -153.27171 -8.7554703 0
-343.33701 -153.20517 -8.7391129 0
-343.77994 -153.16727 -8.7907248 0
-345.44995 -152.93787 -8.7855186 0
-345.55832 -152.88905 -8.798933 0
-343.22568 -152.88121 -8.7826262 0
-343.04376 -152.86819 -8.7679911 0
-346.22278 -152.76108 -8.7989969 0
-345.88855 -152.62047 -8.7815981 0
-343.26163 -152.69812 -8.7956619 0
-342.41599 -152.68216 -8.7305851 0
-342.39252 -152.55292 -8.771903 0
-343.77054 -152.35565 -8.7994537 0
-343.64792 -152.33325 -8.7841644 0
-342.2449 -152.31993 -8.7599535 0
-340.44012 -152.33382 -8.7971048 0
-340.2822 -152.38162 -8.7661295 0
-342.68423 -152.20491 -8.7932205 0
-342.42258 -152.23476 -8.7002983 0
-342.24432 -152.24796 -8.7505932 0
-340.39279 -152.21527 -8.790823 0
-343.31863 -152.19969 -8.7403479 0
-342.84412 -152.13524 -8.7921476 0
-340.53754 -152.15793 -8.7232008 0
-340.1265 -152.10028 -8.7762203 0
-343.39572 -152.05412 -8.749115 0
-342.42657 -152.04163 -8.7977142 0
-341.20978 -151.99611 -8.7238998 0
-339.60449 -151.53802 -8.7185125 0
-343.51022 -151.19655 -8.7258081 0
-340.50366 -150.81102 -8.7308865 0
-340.0614 -150.6539 -8.7536535 0
-340.7478 -150.55122 -8.7225018 0
-348.18408 -211.29314 -8.6837654 0
-335.73193 -200.8273 -8.6182337 0
-340.01733 -200.49054 -8.6937561 0
-338.93863 -199.51761 -8.6066923 0
-340.68112 -199.36372 -8.6584663 0
-339.68082 -198.97572 -8.632719 0
-346.48404 -191.05994 -8.6705742 0
-347.51627 -189.96381 -8.6177864 0
-347.73038 -189.35541 -8.6691179 0
-347.93408 -189.03239 -8.6550331 0
-346.29578 -189.00276 -8.6280422 0
-345.44595 -188.69467 -8.6375904 0
-349.16815 -188.39734 -8.6653843 0
-346.06445 -188.31349 -8.6809607 0
-346.05969 -188.1593 -8.6325598 0
-348.62692 -188.04124 -8.6158981 0
-348.59601 -187.95035 -8.6665916 0
-348.25146 -187.88026 -8.6259851 0
-349.21692 -187.74327 -8.6687574 0
-349.09842 -187.79774 -8.6327343 0
-344.9118 -187.20949 -8.6922598 0
-343.2316 -187.25842 -8.6244183 0
-343.23245 -187.17622 -8.6278324 0
-344.50119 -186.33139 -8.6183367 0
-347.76245 -186.2892 -8.6968851 0
-348.07108 -185.93486 -8.6142406 0
-344.29584 -185.67998 -8.6450882 0
-344.34329 -185.56503 -8.6070452 0
-348.71365 -185.46646 -8.6401911 0
-343.88168 -185.45102 -8.6607485 0
-349.30569 -182.79491 -8.688591 0
-348.88458 -182.42245 -8.6767073 0
-349.51306 -182.23463 -8.6011343 0
-349.46671 -181.85814 -8.6379976 0
-346.62424 -181.81432 -8.6116648 0
-349.52979 -181.78766 -8.6591864 0
-346.79871 -181.73161 -8.6738853 0
-346.65201 -181.74564 -8.6158743 0
-347.77087 -181.41219 -8.6395636 0
-345.24313 -181.41173 -8.6402035 0
-348.37863 -181.35661 -8.6143866 0
-346.76816 -181.38391 -8.6520891 0
-349.14023 -180.2774 -8.6014156 0
-348.73886 -179.73863 -8.6013422 0
-346.79968 -179.68817 -8.6190434 0
-345.02341 -179.57608 -8.6079006 0
-345.54797 -179.20488 -8.6025133 0
-344.99231 -179.05034 -8.6356096 0
-346.07379 -178.86296 -8.6038389 0
-344.52292 -177.91443 -8.6318636 0
-342.58609 -177.97734 -8.6177692 0
-349.64728 -177.68333 -8.6933231 0
-349.59708 -177.64095 -8.689992 0
-349.4989 -177.58588 -8.6751556 0
-343.61685 -177.56705 -8.6132212 0
-344.42911 -177.4034 -8.6376734 0
-343.6597 -177.36067 -8.6266394 0
-347.03149 -177.28247 -8.6288309 0
-349.76431 -177.05495 -8.6738577 0
-343.72812 -177.06572 -8.6471262 0
-343.76422 -176.39503 -8.602478 0
-340.67972 -176.36649 -8.6355791 0
-342.37109 -176.11688 -8.6641111 0
-342.08087 -176.13245 -8.6285543 0
-343.98257 -175.92567 -8.6627703 0
-344.64874 -175.79979 -8.6215286 0
-343.20892 -175.39345 -8.6525002 0
-342.10425 -174.38062 -8.6840544 0
-340.9231 -174.36693 -8.6126032 0
-342.1615 -173.886 -8.6915369 0
-339.5838 -173.71877 -8.600687 0
-342.07956 -173.64159 -8.6452274 0
-349.73679 -172.68732 -8.6682281 0
-341.21558 -172.66943 -8.6204157 0
-349.54819 -172.51038 -8.6125231 0
-349.69229 -172.47412 -8.6862249 0
-349.44186 -172.40099 -8.6792212 0
-349.77502 -172.3136 -8.6458645 0
-349.7619 -172.22754 -8.6544209 0
-349.59744 -172.23856 -8.6949549 0
-349.4126 -172.24559 -8.611517 0
-349.10168 -172.27844 -8.6737585 0
-348.99857 -172.29701 -8.6404924 0
-348.81561 -172.23117 -8.6443501 0
-348.59338 -172.11839 -8.6960239 0
-349.92966 -171.83104 -8.6394587 0
-348.44458 -171.89952 -8.6793318 0
-348.59198 -169.85219 -8.6219625 0
-347.99991 -169.83182 -8.6638136 0
-347.84048 -168.93773 -8.6329775 0
-349.71881 -167.55147 -8.6310492 0
-349.82495 -167.44521 -8.6362286 0
-345.27969 -167.43842 -8.6080818 0
-349.69266 -167.36526 -8.6133261 0
-349.59518 -167.33888 -8.6667786 0
-349.6644 -167.18523 -8.6456051 0
-349.5983 -167.08604 -8.6151457 0
-346.439 -166.70987 -8.6077108 0
-348.7829 -166.40852 -8.6021013 0
-349.69507 -166.26537 -8.6471462 0
-349.44498 -165.79417 -8.6411018 0
-345.39233 -165.79594 -8.6908979 0
-346.45132 -164.91956 -8.6559248 0
-346.36343 -164.82755 -8.6693115 0
-346.29709 -164.86682 -8.6506014 0
-345.34436 -164.60576 -8.6016359 0
-344.44095 -164.00937 -8.628293 0
-348.98843 -162.97334 -8.6086102 0
-349.04782 -162.88376 -8.6060667 0
-347.02124 -162.73514 -8.6708508 0
-349.28333 -162.65085 -8.6550484 0
-349.04996 -162.45963 -8.6638203 0
-345.95865 -162.41432 -8.6998091 0
-340.69223 -162.46642 -8.6149874 0
-349.32404 -162.21809 -8.6572762 0
-349.04715 -162.10912 -8.6698475 0
-346.29651 -162.16394 -8.6350574 0
-346.12692 -162.19017 -8.6886482 0
-346.73123 -161.91498 -8.633215 0
-345.25607 -161.53677 -8.6471405 0
-344.94135 -161.42212 -8.6120796 0
-347.42078 -160.1633 -8.6061621 0
-347.36697 -160.05867 -8.6577101 0
-347.05414 -160.00331 -8.6492462 0
-347.44672 -159.86787 -8.6464472 0
-347.95236 -159.32472 -8.6076517 0
-346.22113 -159.15549 -8.6390076 0
-349.99597 -159.02979 -8.6009436 0
-349.81662 -159.07202 -8.6128712 0
-348.06763 -159.04057 -8.6244135 0
-349.80106 -158.94431 -8.6024351 0
-348.14029 -158.95319 -8.6430435 0
-349.74564 -158.83395 -8.6395292 0
-348.30142 -158.77023 -8.6859665 0
-346.30432 -158.76486 -8.6327982 0
-349.66177 -158.4874 -8.6921234 0
-349.58069 -158.41833 -8.6862774 0
-349.55292 -158.31076 -8.699048 0
-348.84579 -157.41663 -8.628664 0
-348.52026 -157.4373 -8.6333923 0
-348.46246 -157.48439 -8.6885109 0
-348.96497 -157.34517 -8.6558428 0
-349.80768 -157.28134 -8.6915674 0
-348.52255 -157.06947 -8.6604204 0
-349.16 -156.83875 -8.6178741 0
-348.90994 -156.83044 -8.6444178 0
-348.48157 -156.8445 -8.6912003 0
-348.32086 -156.89337 -8.6636963 0
-349.97113 -156.50508 -8.6879082 0
-349.53146 -155.94734 -8.6581621 0
-349.41245 -155.92653 -8.6327419 0
-349.39023 -155.95441 -8.6775703 0
-342.07202 -155.41905 -8.601819 0
-343.14526 -154.85336 -8.685338 0
-348.29279 -154.73035 -8.6941776 0
-341.82867 -154.77197 -8.6952982 0
-347.28281 -154.5182 -8.6313047 0
-347.62665 -154.4267 -8.6650181 0
-347.47418 -154.31508 -8.6920519 0
-347.52744 -154.23373 -8.6672373 0
-347.69598 -154.07729 -8.6510839 0
-340.07089 -154.05011 -8.6403046 0
-347.05414 -153.73743 -8.66292 0
-346.94431 -153.75459 -8.6367149 0
-346.91132 -153.56464 -8.6059399 0
-346.87625 -153.51277 -8.6007547 0
-346.78375 -153.57576 -8.6514435 0
-346.95486 -153.43999 -8.6146011 0
-345.38 -152.96733 -8.6809683 0
-343.11432 -152.93436 -8.6264486 0
-345.72711 -152.89182 -8.6526766 0
-345.66235 -152.89497 -8.6908674 0
-345.36792 -152.88011 -8.6981544 0
-346.12042 -152.71811 -8.6000805 0
-346.00751 -152.702 -8.6277485 0
-343.66492 -152.72896 -8.6979694 0
-346.22797 -152.65538 -8.674943 0
-346.13159 -152.6487 -8.6587448 0
-346.00934 -152.63988 -8.6598167 0
-340.54706 -152.63803 -8.6157036 0
-346.06665 -152.57004 -8.6614676 0
-343.20737 -152.52669 -8.6712532 0
-342.34064 -152.54977 -8.6571445 0
-341.03818 -152.54634 -8.6153603 0
-340.54449 -152.49092 -8.6672926 0
-342.03708 -152.33147 -8.6126308 0
-340.78482 -152.38026 -8.6480112 0
-342.84607 -152.26541 -8.6601324 0
-340.52744 -152.29413 -8.6639957 0
-340.30182 -152.28241 -8.6781626 0
-342.24454 -152.11255 -8.6228266 0
-342.15414 -152.10663 -8.6773186 0
-340.80286 -152.10147 -8.660553 0
-340.50195 -152.14511 -8.6374626 0
-343.01147 -152.09442 -8.6376314 0
-341.76807 -152.01012 -8.6834373 0
-340.29898 -151.94785 -8.6696215 0
-343.56686 -150.9456 -8.6184893 0
-339.95325 -150.95644 -8.6799097 0
-340.53906 -150.57002 -8.6002388 0
-348.30389 -211.56906 -8.5390749 0
-338.32504 -204.67909 -8.5390835 0
-334.42444 -203.22272 -8.5175209 0
-338.6626 -200.61896 -8.5883055 0
-338.2753 -200.31224 -8.5505095 0
-340.44666 -199.26956 -8.58601 0
-340.67993 -197.53831 -8.5686493 0
-348.38129 -191.06287 -8.5613937 0
-348.75961 -190.99814 -8.5798016 0
-346.95496 -190.72963 -8.5007019 0
-347.45828 -189.98154 -8.5894966 0
-346.68265 -189.98099 -8.5190573 0
-347.63913 -189.47832 -8.5744572 0
-347.83661 -189.20502 -8.5432243 0
-348.38492 -189.14149 -8.5007658 0
-346.33127 -188.83644 -8.5822182 0
-349.73254 -188.68582 -8.5456333 0
-348.36673 -188.67961 -8.5807438 0
-347.51981 -188.60696 -8.5560417 0
-349.61929 -188.53575 -8.5883102 0
-349.12454 -188.52071 -8.5795336 0
-349.14603 -188.48279 -8.5944901 0
-348.73514 -188.26843 -8.5596952 0
-346.50888 -188.29913 -8.5401678 0
-348.51456 -188.10478 -8.5715818 0
-348.37967 -187.8754 -8.5823574 0
-344.43277 -187.59323 -8.5357618 0
-343.46259 -186.97803 -8.5687284 0
-347.80099 -186.55176 -8.570262 0
-348.10233 -186.03569 -8.5412111 0
-348.00037 -185.94482 -8.5546026 0
-348.6413 -185.49606 -8.5573959 0
-347.92535 -183.59483 -8.5630579 0
-346.61252 -183.30908 -8.5108614 0
-346.40387 -183.09065 -8.5874052 0
-345.9624 -183.0298 -8.5072298 0
-345.79251 -182.66455 -8.512723 0
-349.53043 -182.57404 -8.5213871 0
-349.55112 -182.4722 -8.530839 0
-349.87619 -182.35403 -8.579298 0
-349.63922 -182.10323 -8.5734024 0
-349.6658 -182.04411 -8.5813713 0
-349.64062 -181.97359 -8.5787039 0
-349.49167 -181.91042 -8.5572329 0
-345.71014 -181.74771 -8.5784712 0
-344.42426 -181.59224 -8.5090303 0
-348.31628 -181.38979 -8.5512342 0
-347.08221 -181.26201 -8.5304518 0
-347.01227 -181.14156 -8.5510378 0
-347.10681 -180.43996 -8.5022373 0
-349.16147 -180.33426 -8.544549 0
-348.45493 -180.31503 -8.5710049 0
-348.30685 -180.23557 -8.5731297 0
-344.52011 -180.00865 -8.5403252 0
-344.89261 -179.92584 -8.5896854 0
-348.74997 -179.65707 -8.5869274 0
-346.78702 -179.65172 -8.5605946 0
-344.89685 -179.68758 -8.5598173 0
-344.9314 -179.50018 -8.5470037 0
-344.86301 -179.53026 -8.5318184 0
-343.45175 -179.44077 -8.5080757 0
-345.70074 -179.20337 -8.5515347 0
-346.04807 -179.12216 -8.52666 0
-346.21457 -178.90276 -8.564724 0
-346.09918 -178.83902 -8.5725327 0
-346.08783 -178.77985 -8.573163 0
-347.61972 -178.00069 -8.5769272 0
-343.80948 -177.79449 -8.5842514 0
-343.73257 -177.62344 -8.5472641 0
-348.8851 -177.33125 -8.5833092 0
-347.05753 -177.36731 -8.5623131 0
-343.23193 -177.27783 -8.5780592 0
-349.66364 -177.13692 -8.5354843 0
-344.56351 -177.18468 -8.5374975 0
-343.92679 -176.73579 -8.5017452 0
-343.54413 -176.69925 -8.5600729 0
-341.24536 -176.10641 -8.5307274 0
-341.51758 -176.06836 -8.5514784 0
-344.31747 -175.82661 -8.5751734 0
-341.06409 -174.31776 -8.5018988 0
-340.69485 -173.38348 -8.5221415 0
-349.56058 -172.6188 -8.5614929 0
-349.4751 -172.60487 -8.5570087 0
-349.52167 -172.23412 -8.5155163 0
-349.53024 -172.1609 -8.5112314 0
-349.93652 -172.0972 -8.5744228 0
-349.97906 -171.87437 -8.523942 0
-349.95285 -171.78972 -8.5425348 0
-339.08417 -170.94579 -8.5434237 0
-338.90598 -170.44725 -8.5216331 0
-348.58716 -169.83875 -8.5578022 0
-348.56525 -169.66916 -8.5032969 0
-347.87943 -168.9072 -8.5515079 0
-345.70996 -167.76962 -8.528532 0
-344.78857 -167.78642 -8.5290031 0
-345.4212 -167.60707 -8.5979052 0
-349.48801 -167.54504 -8.522625 0
-349.53665 -167.37854 -8.5911379 0
-349.74097 -167.28055 -8.5835075 0
-349.62064 -167.2972 -8.5798578 0
-349.12775 -167.20915 -8.583251 0
-349.77838 -167.15628 -8.5903549 0
-348.98837 -167.15038 -8.5604267 0
-348.85138 -166.832 -8.5455103 0
-346.4754 -166.85135 -8.5417757 0
-349.30591 -166.53149 -8.5263166 0
-348.78961 -166.58891 -8.5631266 0
-349.6759 -166.39529 -8.525279 0
-349.21289 -166.37047 -8.5895538 0
-349.18027 -166.30682 -8.560297 0
-349.11929 -165.92302 -8.5190163 0
-349.21848 -165.70341 -8.5973768 0
-345.21463 -163.58983 -8.5824232 0
-349.9061 -163.2608 -8.5279932 0
-349.78351 -163.12721 -8.5656681 0
-340.16843 -162.48416 -8.579277 0
-349.38977 -162.33072 -8.5491142 0
-346.0748 -161.81104 -8.5357637 0
-345.81671 -161.62668 -8.5852566 0
-343.76984 -161.61671 -8.5806894 0
-346.01221 -160.69199 -8.5350695 0
-347.61423 -160.08438 -8.5424128 0
-347.54846 -160.07275 -8.5445509 0
-347.1969 -159.84477 -8.5425072 0
-346.9119 -159.66275 -8.5089788 0
-349.99768 -159.15694 -8.5965137 0
-347.63766 -159.16898 -8.5145359 0
-349.53836 -158.71931 -8.5752954 0
-346.15869 -158.7095 -8.5501242 0
-349.66144 -158.09509 -8.5852146 0
-349.09372 -157.78101 -8.553503 0
-349.68323 -157.60028 -8.5787563 0
-349.53314 -157.63699 -8.5546827 0
-349.22061 -157.66644 -8.5540285 0
-349.84891 -157.40073 -8.5712156 0
-349.08411 -157.43715 -8.5828867 0
-349.54874 -157.34186 -8.5393906 0
-349.78214 -157.11674 -8.5724993 0
-349.63461 -157.14664 -8.5829182 0
-349.32843 -157.14525 -8.504303 0
-349.26028 -157.18312 -8.5020523 0
-348.60117 -157.18443 -8.5819159 0
-348.32596 -156.89905 -8.5347757 0
-342.94797 -156.81654 -8.570323 0
-349.28644 -155.88428 -8.501688 0
-341.35367 -155.55936 -8.5373278 0
-347.21722 -155.39145 -8.5248337 0
-349.72113 -155.21942 -8.5395412 0
-348.31732 -154.67043 -8.5750685 0
-347.50122 -154.64651 -8.567338 0
-340.92914 -153.8336 -8.5597734 0
-343.40817 -153.60136 -8.5650291 0
-347.05194 -153.47191 -8.5052433 0
-343.61115 -153.1228 -8.5693541 0
-343.49847 -153.02316 -8.5456963 0
-340.62939 -152.84404 -8.5250177 0
-340.62973 -152.72168 -8.5881033 0
-340.50491 -152.72844 -8.5743818 0
-336.19052 -152.67659 -8.595397 0
-343.38782 -152.5388 -8.5042906 0
-341.95398 -152.52663 -8.5093136 0
-340.5607 -152.52408 -8.5473757 0
-342.49954 -152.49844 -8.5885696 0
-342.92477 -152.30305 -8.592227 0
-342.73795 -152.35387 -8.5112324 0
-342.46262 -152.30231 -8.5980196 0
-341.68597 -152.35596 -8.5563002 0
-340.64084 -152.39037 -8.511035 0
-340.47742 -152.36119 -8.5842609 0
-337.75687 -152.39674 -8.5937071 0
-340.46811 -152.22023 -8.5058947 0
-343.56128 -152.19278 -8.5890265 0
-342.98682 -152.12811 -8.5426912 0
-341.06363 -152.12354 -8.5837488 0
-342.96967 -151.69402 -8.5280008 0
-337.74582 -151.31842 -8.5245705 0
-343.46375 -151.27571 -8.5175428 0
-338.76199 -151.15199 -8.524538 0
-339.80545 -150.78137 -8.5962162 0
-338.75 -150.75121 -8.5161066 0
-337.88654 -150.76291 -8.5155077 0
-337.90198 -150.12433 -8.5274601 0
-337.22797 -202.87575 -8.4236259 0
-337.15234 -202.79599 -8.43643 0
-338.78043 -200.90834 -8.4212313 0
-339.06738 -200.45834 -8.4612331 0
-339.87991 -198.80066 -8.4733715 0
-339.50507 -198.71329 -8.4731035 0
-339.22842 -198.58014 -8.4883556 0
-341.87238 -193.81783 -8.4967003 0
-339.94226 -191.34096 -8.4725399 0
-348.4566 -191.10641 -8.411499 0
-348.51581 -190.99257 -8.440197 0
-348.69824 -190.76138 -8.4988785 0
-348.31409 -190.70178 -8.4038649 0
-348.7312 -190.54036 -8.4818487 0
-344.37283 -190.25009 -8.4373436 0
-348.31253 -190.10985 -8.4275007 0
-348.50809 -189.87839 -8.4694014 0
-349.63791 -189.71899 -8.4398308 0
-348.57376 -189.65607 -8.4619331 0
-349.83603 -188.68648 -8.4993734 0
-349.08234 -188.67735 -8.4439907 0
-349.59363 -188.58757 -8.4044991 0
-349.71317 -188.42705 -8.4145241 0
-348.32376 -187.97659 -8.4981146 0
-348.14798 -187.89978 -8.4574947 0
-344.13492 -187.88525 -8.4374084 0
-344.07748 -187.8286 -8.4388304 0
-348.40512 -187.76245 -8.4404087 0
-348.18753 -187.74365 -8.4810162 0
-348.08951 -187.74513 -8.4134331 0
-347.48923 -187.22556 -8.4835215 0
-343.12259 -186.92526 -8.4974775 0
-346.99924 -186.23596 -8.4239941 0
-347.91382 -183.64481 -8.4908628 0
-346.56097 -183.38704 -8.4945145 0
-348.72815 -182.72195 -8.4943247 0
-345.61938 -182.7475 -8.4215508 0
-345.59161 -182.34409 -8.4395494 0
-346.25586 -182.28752 -8.4553938 0
-345.55621 -182.01112 -8.4779272 0
-349.1427 -181.83015 -8.495945 0
-344.13205 -181.22096 -8.4024229 0
-347.4028 -180.37683 -8.4153175 0
-348.41385 -180.2352 -8.4540052 0
-345.92758 -180.17975 -8.4708176 0
-344.93524 -180.16022 -8.4693317 0
-348.0697 -180.00072 -8.4922152 0
-344.99368 -180.00568 -8.464366 0
-348.35556 -179.95305 -8.4871826 0
-346.87115 -179.7739 -8.4439631 0
-345.07159 -179.78554 -8.481967 0
-344.37555 -179.65915 -8.4887447 0
-344.4458 -179.39072 -8.4064188 0
-344.93784 -179.10165 -8.4270315 0
-343.95511 -179.15118 -8.471447 0
-344.85962 -179.01836 -8.4859324 0
-347.53107 -178.63516 -8.4731913 0
-345.97388 -178.53093 -8.4257326 0
-344.40375 -178.33882 -8.4902773 0
-347.89929 -178.18694 -8.4377775 0
-344.36639 -178.13347 -8.4816818 0
-344.04346 -178.09163 -8.4401312 0
-347.00977 -177.68279 -8.4914265 0
-343.7753 -177.65424 -8.4027357 0
-343.19153 -177.26494 -8.4938421 0
-344.51337 -177.05664 -8.4360199 0
-343.06595 -177.06235 -8.4742546 0
-342.89194 -176.81044 -8.4531517 0
-343.90314 -176.71373 -8.4237576 0
-339.68536 -175.77908 -8.4774561 0
-340.80774 -174.60484 -8.4311752 0
-341.67084 -174.39784 -8.4544306 0
-341.86346 -174.11058 -8.451231 0
-341.69586 -173.83549 -8.441823 0
-349.15601 -172.45534 -8.4678602 0
-349.48083 -172.26686 -8.4256649 0
-349.09357 -172.24411 -8.4549389 0
-349.61377 -172.15919 -8.4220238 0
-349.92773 -171.86066 -8.4338875 0
-349.77618 -171.82393 -8.4677124 0
-349.07727 -171.86087 -8.4648781 0
-349.45697 -171.64703 -8.4912043 0
-349.0795 -171.65181 -8.4356918 0
-348.46698 -169.31619 -8.4236078 0
-349.72803 -167.33846 -8.4944458 0
-346.37357 -166.83823 -8.4477491 0
-348.90085 -166.56946 -8.4425163 0
-348.76266 -166.45349 -8.4574051 0
-348.04337 -166.10954 -8.4726353 0
-346.38898 -164.81717 -8.4713602 0
-344.46677 -163.82928 -8.460391 0
-345.07913 -163.53673 -8.468792 0
-349.53043 -163.44629 -8.4890251 0
-346.3551 -161.92596 -8.453825 0
-345.38309 -161.34859 -8.4490652 0
-345.22827 -161.28036 -8.4728556 0
-345.22769 -160.86797 -8.468236 0
-340.2998 -160.63475 -8.4708815 0
-345.3721 -160.59583 -8.4312992 0
-345.29605 -160.55261 -8.4532328 0
-347.6145 -159.93692 -8.4662857 0
-347.30502 -158.96707 -8.4582701 0
-349.19275 -158.29434 -8.4033842 0
-339.66843 -157.74399 -8.4012909 0
-348.72147 -157.65804 -8.4629927 0
-349.55768 -157.44685 -8.4316187 0
-349.57367 -157.39769 -8.4330292 0
-349.43878 -157.12181 -8.4172802 0
-349.03369 -157.11621 -8.4884119 0
-348.76279 -157.15761 -8.4594164 0
-348.36819 -156.91223 -8.4360228 0
-348.20776 -156.91257 -8.4380579 0
-348.77237 -156.84547 -8.4946136 0
-347.18057 -156.63173 -8.4631262 0
-346.96829 -156.13303 -8.4826708 0
-347.13873 -156.05945 -8.4965096 0
-341.07117 -155.35699 -8.4925041 0
-348.04321 -154.57454 -8.4683266 0
-347.16336 -154.41243 -8.4181261 0
-347.52695 -154.35278 -8.4944382 0
-339.47208 -153.75673 -8.4301462 0
-347.01782 -153.62541 -8.4648771 0
-343.01663 -153.18396 -8.489336 0
-341.77893 -153.12074 -8.4465008 0
-340.49194 -152.91211 -8.4199371 0
-341.75052 -152.87096 -8.4408531 0
-340.78625 -152.45213 -8.4390068 0
-342.98904 -152.26567 -8.4271097 0
-342.12839 -152.26823 -8.4590139 0
-342.24963 -152.15044 -8.4739008 0
-340.96561 -152.12286 -8.4500427 0
-342.80521 -152.06277 -8.4007149 0
-340.41757 -151.21889 -8.4486532 0
-337.84622 -151.16074 -8.4430866 0
-339.28342 -200.27701 -8.3263407 0
-339.26886 -200.17027 -8.3815708 0
-339.55496 -199.46387 -8.3150272 0
-347.65073 -191.13045 -8.3463202 0
-348.64014 -190.90909 -8.3029518 0
-348.56131 -190.94765 -8.3164492 0
-348.72769 -190.89302 -8.3713589 0
-347.82816 -190.87619 -8.3420725 0
-348.29581 -190.7644 -8.3300037 0
-347.14062 -190.74992 -8.3766947 0
-347.80502 -190.67313 -8.3826017 0
-346.75214 -190.43915 -8.3229113 0
-346.63354 -190.01782 -8.3069401 0
-349.23291 -189.92435 -8.3196421 0
-349.6333 -189.58156 -8.350728 0
-349.60849 -189.47871 -8.3181038 0
-346.12119 -189.05583 -8.3960638 0
-349.16815 -188.72588 -8.3822546 0
-349.06717 -188.55856 -8.3368034 0
-346.36636 -188.53595 -8.3949156 0
-349.41946 -188.41501 -8.3945045 0
-348.99252 -188.42804 -8.3676949 0
-344.51694 -188.44682 -8.3734426 0
-346.00253 -188.32851 -8.3181171 0
-344.45328 -188.35239 -8.3146915 0
-344.17209 -188.05714 -8.3212843 0
-347.66898 -187.83438 -8.3101206 0
-347.89035 -187.72528 -8.3933582 0
-347.76901 -187.75 -8.3299122 0
-348.46277 -187.68637 -8.3851347 0
-344.54297 -186.27177 -8.3813391 0
-346.61044 -185.52623 -8.3968372 0
-349.36398 -183.66069 -8.3083582 0
-348.02472 -183.69202 -8.3982077 0
-347.00085 -183.56944 -8.3830719 0
-343.80072 -183.34021 -8.3890581 0
-345.66122 -182.72766 -8.3252945 0
-349.51474 -182.56714 -8.3974314 0
-348.16809 -182.4671 -8.3839741 0
-348.57095 -181.38748 -8.3536749 0
-348.37805 -181.35306 -8.344142 0
-343.41019 -181.2551 -8.3336172 0
-347.40057 -181.14716 -8.324729 0
-344.5408 -181.04988 -8.3001966 0
-346.24554 -180.57356 -8.3513479 0
-346.17447 -180.59656 -8.3087997 0
-348.44104 -180.38815 -8.397522 0
-342.62747 -180.3913 -8.3096561 0
-348.23642 -180.21692 -8.3649263 0
-348.51178 -180.14096 -8.3787346 0
-348.12494 -180.18629 -8.313344 0
-348.38965 -179.9368 -8.3225174 0
-348.33038 -179.84627 -8.3127241 0
-342.44864 -179.79172 -8.3415756 0
-345.71436 -179.16188 -8.3175812 0
-347.62631 -178.72736 -8.391983 0
-347.69968 -178.61658 -8.3713245 0
-344.58414 -178.44507 -8.3392944 0
-345.25079 -178.04004 -8.3784781 0
-347.89865 -177.93834 -8.3856554 0
-345.04938 -177.92152 -8.37533 0
-343.35818 -177.85939 -8.374979 0
-345.80035 -177.41243 -8.3409042 0
-342.14661 -177.10544 -8.3486805 0
-343.78177 -176.75626 -8.3879251 0
-342.0054 -176.20633 -8.3812609 0
-342.13715 -176.17464 -8.3341417 0
-341.88864 -175.9642 -8.32055 0
-341.77725 -175.92252 -8.3111992 0
-341.71387 -175.79543 -8.3542223 0
-339.81091 -175.06871 -8.3200693 0
-343.53589 -174.71533 -8.3847618 0
-340.29855 -174.12006 -8.3592644 0
-341.6651 -173.70013 -8.3626413 0
-340.43689 -173.70132 -8.3305302 0
-339.64938 -173.32364 -8.3816261 0
-341.06897 -172.9147 -8.3637047 0
-348.56985 -172.65825 -8.3295183 0
-341.10364 -172.67619 -8.3823051 0
-349.09601 -172.50742 -8.3910103 0
-341.59613 -172.42821 -8.3651762 0
-340.92307 -172.47849 -8.3304777 0
-349.68365 -172.04077 -8.3695183 0
-349.65833 -171.96527 -8.3297825 0
-349.38388 -171.56303 -8.3122177 0
-339.22455 -170.80261 -8.3465109 0
-344.31207 -170.6265 -8.3650675 0
-349.84409 -170.55698 -8.3815002 0
-349.31396 -170.10233 -8.3571663 0
-345.78625 -170.09485 -8.3137293 0
-348.67416 -169.7986 -8.3602543 0
-348.55652 -169.7583 -8.3746166 0
-348.49387 -169.42754 -8.3881264 0
-348.47729 -169.26643 -8.3586559 0
-347.60611 -168.70601 -8.3245611 0
-347.58261 -168.66916 -8.3227634 0
-345.74274 -167.78644 -8.392355 0
-349.65958 -167.15298 -8.3995752 0
-344.75122 -167.19992 -8.3038149 0
-349.58716 -167.00218 -8.3796568 0
-349.56097 -166.9631 -8.3742924 0
-346.23914 -166.92604 -8.3466253 0
-346.43222 -166.76549 -8.3959856 0
-348.83578 -166.54845 -8.3692265 0
-349.91376 -166.42287 -8.3558435 0
-348.79327 -166.42006 -8.362648 0
-348.68475 -166.4142 -8.3592939 0
-346.47141 -164.87646 -8.3927917 0
-344.21048 -163.52002 -8.3436031 0
-345.28189 -163.43356 -8.3450098 0
-340.10205 -162.54474 -8.3757877 0
-346.28558 -161.79939 -8.3464193 0
-343.35861 -161.70526 -8.3094511 0
-343.22653 -161.42087 -8.325799 0
-344.79922 -160.93085 -8.3566542 0
-344.60968 -160.78992 -8.3996191 0
-344.85681 -160.59566 -8.3759317 0
-340.27014 -160.53104 -8.3429632 0
-344.91394 -160.42993 -8.3559885 0
-348.57837 -157.50401 -8.3270111 0
-348.44955 -157.23228 -8.3047161 0
-348.37283 -157.24686 -8.3666019 0
-348.38943 -157.16406 -8.3176374 0
-348.45639 -157.01851 -8.3509321 0
-348.44516 -156.9707 -8.3493309 0
-348.22266 -156.86436 -8.3103504 0
-349.06326 -155.78255 -8.3339005 0
-349.29056 -155.67203 -8.3295012 0
-349.05441 -155.62041 -8.3156538 0
-347.065 -155.4086 -8.3585291 0
-349.76761 -155.36891 -8.3960285 0
-347.37244 -155.39313 -8.3253603 0
-347.17667 -154.34543 -8.3350134 0
-347.13596 -154.12637 -8.3244467 0
-347.50333 -153.81378 -8.3235941 0
-343.14114 -152.79018 -8.3613796 0
-343.08267 -152.75859 -8.3233395 0
-341.79071 -152.6331 -8.3839808 0
-342.01038 -152.52362 -8.3235807 0
-341.44559 -152.5569 -8.3392839 0
-339.78366 -152.53403 -8.3539782 0
-340.61795 -152.4967 -8.3321371 0
-340.71738 -152.39206 -8.3053093 0
-340.63953 -152.33948 -8.3869991 0
-339.69608 -152.35513 -8.3198557 0
-340.8215 -152.27985 -8.3835402 0
-340.46542 -152.24702 -8.3722601 0
-339.47992 -152.23772 -8.3158932 0
-340.35495 -152.1913 -8.3897209 0
-339.65109 -152.10767 -8.3939304 0
-341.31686 -152.08749 -8.3014107 0
-340.17294 -152.06352 -8.3744831 0
-343.48962 -151.25226 -8.3580074 0
-338.14874 -150.33804 -8.3320408 0
-316.79456 -150.32661 -8.3437147 0
-339.37537 -199.81216 -8.2929764 0
-339.70529 -199.69826 -8.2021418 0
-349.01685 -190.56483 -8.2669878 0
-346.89926 -190.14839 -8.2812166 0
-349.30432 -190.03316 -8.2884655 0
-349.85965 -189.91144 -8.2183714 0
-349.6373 -189.99416 -8.2834597 0
-349.16495 -189.86093 -8.2133827 0
-349.39355 -189.65411 -8.2079792 0
-347.72446 -189.22301 -8.2365713 0
-349.58633 -189.17647 -8.2719727 0
-347.57187 -189.19571 -8.2289429 0
-347.73053 -188.81531 -8.2758474 0
-347.58734 -188.77669 -8.2139044 0
-347.16818 -188.78917 -8.2016554 0
-346.02985 -188.21645 -8.2326832 0
-344.2886 -188.11131 -8.2240963 0
-344.56577 -186.39102 -8.2204351 0
-344.48016 -186.23874 -8.2588634 0
-348.33624 -186.00623 -8.2687912 0
-346.79169 -185.0343 -8.2697506 0
-348.77979 -184.17303 -8.2335291 0
-349.10617 -183.98325 -8.2514067 0
-349.11658 -183.72765 -8.2969522 0
-346.61392 -183.57399 -8.2381268 0
-346.38077 -183.24426 -8.2889204 0
-343.55902 -183.01346 -8.2221479 0
-348.8299 -182.6935 -8.228693 0
-344.65619 -182.39851 -8.2364721 0
-343.61111 -182.39128 -8.2760639 0
-349.58698 -182.29532 -8.2766466 0
-344.37631 -182.04567 -8.2335205 0
-348.61755 -181.82817 -8.2551212 0
-346.23621 -180.55579 -8.218154 0
-346.13882 -180.51906 -8.289031 0
-348.43454 -180.33084 -8.2247124 0
-346.03766 -180.32571 -8.2035627 0
-348.2807 -180.08295 -8.2896004 0
-346.85266 -180.07306 -8.204443 0
-344.07935 -180.0649 -8.2241268 0
-344.77502 -179.86797 -8.2878275 0
-346.95621 -179.78145 -8.2652235 0
-346.81815 -179.7001 -8.2618723 0
-345.35266 -179.71815 -8.2463551 0
-341.99139 -179.57515 -8.2699804 0
-344.87277 -179.25273 -8.2055063 0
-343.24579 -179.28835 -8.2858086 0
-345.70999 -178.97252 -8.2836905 0
-344.97507 -178.97334 -8.280365 0
-344.86041 -178.97113 -8.279747 0
-344.87076 -178.89142 -8.2833929 0
-345.90546 -178.48022 -8.2951803 0
-347.02649 -178.1933 -8.2939262 0
-343.56128 -178.10016 -8.2525921 0
-347.57706 -178.07495 -8.2710276 0
-343.74261 -177.94058 -8.2308407 0
-348.06073 -177.743 -8.2577953 0
-342.59439 -177.15799 -8.2022142 0
-341.58463 -176.99089 -8.2220879 0
-346.28165 -176.87654 -8.2148809 0
-342.74988 -176.5905 -8.2367306 0
-338.88956 -176.50552 -8.2963495 0
-339.29468 -175.76929 -8.212101 0
-338.88364 -175.71242 -8.244133 0
-338.93005 -175.58484 -8.2706366 0
-338.858 -175.36288 -8.2654791 0
-339.90866 -174.15167 -8.2952366 0
-340.5914 -173.98642 -8.2365389 0
-340.17285 -173.49818 -8.2663336 0
-349.26236 -172.44241 -8.2658749 0
-349.0166 -172.36557 -8.2696218 0
-349.15356 -172.26643 -8.2588825 0
-349.17551 -172.16737 -8.2418451 0
-349.69617 -171.93492 -8.2792931 0
-349.93628 -171.7301 -8.247139 0
-348.88562 -171.74374 -8.2206955 0
-348.88141 -171.5162 -8.2264433 0
-348.81491 -169.93127 -8.2077875 0
-348.94485 -169.50185 -8.2279549 0
-348.54111 -169.49678 -8.297039 0
-347.80664 -169.00287 -8.2929096 0
-345.44217 -167.73723 -8.2901297 0
-345.43979 -167.55278 -8.2201366 0
-346.27206 -166.90459 -8.2920895 0
-346.44809 -166.74234 -8.2645998 0
-348.90262 -166.57904 -8.2668018 0
-348.78912 -166.50345 -8.2872238 0
-346.47345 -164.88438 -8.2199125 0
-343.87463 -164.26807 -8.2936764 0
-349.89911 -164.054 -8.2513437 0
-349.87012 -163.81349 -8.2426243 0
-345.24216 -163.78323 -8.2813339 0
-344.49356 -163.72932 -8.2989273 0
-345.35156 -163.67168 -8.2175331 0
-345.00873 -160.93132 -8.255662 0
-340.3255 -160.37849 -8.2230673 0
-346.69455 -159.73605 -8.2224236 0
-346.45193 -159.5825 -8.2012157 0
-339.39407 -159.52364 -8.236865 0
-345.83875 -159.15764 -8.2033319 0
-346.44913 -158.94739 -8.2817411 0
-348.65396 -157.448 -8.28339 0
-348.23914 -157.21007 -8.2068396 0
-348.96689 -157.08896 -8.2856216 0
-348.53464 -157.02464 -8.2073879 0
-348.43521 -157.01524 -8.2390652 0
-348.76993 -156.99928 -8.2714014 0
-348.50433 -156.97168 -8.2031727 0
-348.39639 -156.94843 -8.2918491 0
-348.28091 -156.87277 -8.2683334 0
-348.96173 -156.29308 -8.2528858 0
-347.67807 -154.93034 -8.2842436 0
-341.65903 -154.57185 -8.2802277 0
-347.41483 -154.39363 -8.2997913 0
-339.81586 -154.3989 -8.2515974 0
-343.44772 -153.26634 -8.2984285 0
-343.09811 -153.19653 -8.2879543 0
-341.57199 -152.95677 -8.2073212 0
-342.1286 -152.72311 -8.232295 0
-341.61902 -152.74298 -8.2988243 0
-341.82553 -152.5199 -8.2473526 0
-341.67383 -152.50955 -8.2532272 0
-340.72073 -152.50481 -8.2282629 0
-341.90146 -152.46628 -8.2442198 0
-340.82971 -152.42522 -8.2387323 0
-339.59802 -152.46667 -8.2237492 0
-340.61816 -152.25296 -8.2541914 0
-339.97641 -152.21507 -8.2661619 0
-339.5975 -152.21558 -8.2556477 0
-340.25925 -152.03664 -8.2553596 0
-339.65408 -152.09761 -8.2867203 0
-342.83112 -151.98276 -8.2938185 0
-314.9368 -151.23636 -8.2923574 0
-344.33597 -151.02565 -8.2190304 0
-338.51929 -150.71091 -8.2536831 0
-348.1955 -211.07962 -8.1899014 0
-333.17581 -197.90527 -8.1920328 0
-341.09198 -197.27356 -8.1789427 0
-342.18527 -193.72856 -8.1630383 0
-348.72174 -191.05226 -8.1892719 0
-348.72858 -190.94682 -8.1748171 0
-348.68939 -190.95026 -8.194067 0
-347.65634 -190.97517 -8.177907 0
-348.24121 -190.74919 -8.1590624 0
-348.99695 -190.66901 -8.1371527 0
-348.90533 -190.57315 -8.1256847 0
-347.93478 -190.55606 -8.1421204 0
-349.27994 -189.73228 -8.1959667 0
-349.38672 -189.67755 -8.1923389 0
-347.67688 -189.19478 -8.180254 0
-349.49658 -189.07558 -8.1975946 0
-349.54977 -188.93454 -8.1814432 0
-346.0947 -188.80878 -8.1654301 0
-346.01233 -188.72734 -8.1798687 0
-346.07623 -188.48077 -8.1026678 0
-346.03043 -188.07852 -8.1772575 0
-347.84238 -187.76189 -8.181613 0
-343.55386 -186.62273 -8.1427822 0
-344.44952 -186.26108 -8.1403933 0
-348.13327 -185.95122 -8.1674261 0
-348.08334 -183.78365 -8.1052094 0
-349.25977 -183.62035 -8.114645 0
-349.06729 -182.2887 -8.1055393 0
-346.26703 -182.16257 -8.1460075 0
-342.84244 -182.1911 -8.1532125 0
-348.55887 -180.60382 -8.1789827 0
-345.88718 -180.25612 -8.1898537 0
-347.15033 -179.8047 -8.1221561 0
-344.50238 -179.81946 -8.1799335 0
-343.74365 -179.88808 -8.1863251 0
-344.78839 -179.55733 -8.1707926 0
-345.91745 -179.11716 -8.1696463 0
-342.79694 -179.10355 -8.1805391 0
-347.94299 -178.73042 -8.1895714 0
-347.86258 -178.74629 -8.1225729 0
-342.07513 -178.11296 -8.1394329 0
-343.64743 -177.61255 -8.144824 0
-341.53583 -177.63028 -8.1517353 0
-348.32901 -177.4568 -8.1579437 0
-348.22552 -177.40324 -8.13521 0
-344.24512 -177.23282 -8.1224518 0
-344.38528 -177.05145 -8.1475859 0
-347.60361 -176.91872 -8.1512346 0
-345.97098 -176.94774 -8.166894 0
-343.87384 -176.86656 -8.1057625 0
-346.24496 -176.71379 -8.1601362 0
-344.36838 -176.74684 -8.1936789 0
-342.06894 -176.44731 -8.1111088 0
-342.47849 -176.03224 -8.1819906 0
-342.37061 -176.03392 -8.1946363 0
-341.7959 -175.78011 -8.1107426 0
-340.05157 -174.82059 -8.1273212 0
-341.64102 -174.29391 -8.1044722 0
-341.96918 -173.69887 -8.183754 0
-341.89563 -173.62904 -8.1804695 0
-341.02625 -173.21828 -8.1629877 0
-341.08969 -173.15015 -8.1777449 0
-349.19797 -172.52374 -8.1100416 0
-349.20355 -172.26974 -8.1429024 0
-349.09299 -172.21249 -8.130415 0
-349.15714 -172.07797 -8.1511173 0
-349.81027 -171.87386 -8.1051178 0
-348.51068 -169.6077 -8.102499 0
-348.47195 -169.61382 -8.1638412 0
-348.54153 -169.55972 -8.1837492 0
-348.55112 -169.37221 -8.1936741 0
-348.42258 -169.30138 -8.1516342 0
-348.30582 -169.13974 -8.1582527 0
-347.83218 -168.84827 -8.1392689 0
-347.82193 -168.76094 -8.1136026 0
-346.38855 -166.90935 -8.1927595 0
-342.76227 -166.98997 -8.1897154 0
-348.793 -166.43286 -8.1431932 0
-349.94449 -165.46608 -8.197175 0
-346.53952 -164.91953 -8.168251 0
-346.47369 -164.84445 -8.1777382 0
-344.49948 -164.7296 -8.1862097 0
-349.95367 -164.47694 -8.17838 0
-344.41287 -164.37073 -8.1568413 0
-349.89236 -164.23326 -8.1723633 0
-344.56171 -164.27809 -8.1780224 0
-349.91916 -164.00883 -8.1142263 0
-345.26437 -163.97697 -8.172986 0
-343.9519 -163.38593 -8.1274586 0
-344.02515 -163.24942 -8.1435461 0
-344.0322 -163.07611 -8.1589756 0
-339.65814 -162.92406 -8.1198282 0
-344.90897 -160.64749 -8.1581249 0
-344.87817 -160.66344 -8.1562309 0
-340.32657 -160.39816 -8.1825132 0
-340.18594 -160.20894 -8.1640816 0
-345.05585 -160.02908 -8.14429 0
-346.77951 -159.72314 -8.1511536 0
-346.69086 -159.57022 -8.1043167 0
-345.93497 -159.35817 -8.1305771 0
-346.04269 -159.02707 -8.118 0
-345.90735 -159.01503 -8.1188889 0
-346.19693 -158.92493 -8.1263962 0
-345.93411 -158.93726 -8.1751719 0
-348.57925 -157.16669 -8.1092081 0
-348.65036 -157.00006 -8.1746941 0
-348.5553 -157.01683 -8.1830235 0
-348.42523 -156.9231 -8.1624069 0
-348.47781 -156.82399 -8.1994791 0
-348.25687 -156.89171 -8.1462269 0
-342.77911 -154.57899 -8.1001539 0
-342.67294 -154.54109 -8.1103067 0
-342.54309 -154.45341 -8.1161575 0
-340.10309 -154.43515 -8.1779394 0
-339.80972 -154.35582 -8.1464748 0
-333.33728 -153.90028 -8.1202564 0
-347.25452 -153.87178 -8.1640215 0
-339.56766 -153.78561 -8.1243238 0
-337.80408 -153.29594 -8.1282082 0
-340.95221 -152.69188 -8.1689396 0
-343.99353 -152.5947 -8.107482 0
-339.48416 -152.52202 -8.1600094 0
-341.35947 -152.47461 -8.1011047 0
-339.70291 -152.46671 -8.1889696 0
-339.59152 -152.49704 -8.1873703 0
-340.61255 -152.35213 -8.1645193 0
-340.44247 -152.31639 -8.1896544 0
-343.76825 -152.26549 -8.126668 0
-343.98407 -152.1611 -8.1187458 0
-340.52771 -152.11777 -8.1423378 0
-340.3139 -152.13124 -8.1883888 0
-340.16022 -152.0096 -8.1469145 0
-334.45416 -151.67342 -8.1940079 0
-343.51828 -151.17259 -8.1842003 0
-337.94852 -150.99052 -8.1835155 0
-338.27216 -150.66707 -8.191925 0
-338.26004 -150.59312 -8.1962776 0
-338.19626 -150.25069 -8.1723576 0
-338.11328 -150.18929 -8.1647549 0
-340.32385 -247.37866 -8.0561762 0
-342.28622 -193.11581 -8.0674744 0
-342.13284 -193.04745 -8.0963793 0
-337.10178 -192.89601 -8.0579739 0
-347.43668 -190.79408 -8.0499172 0
-348.36899 -190.54378 -8.0146713 0
-347.83154 -190.49733 -8.0735979 0
-348.13818 -190.14098 -8.0126553 0
-349.46051 -189.94865 -8.0741453 0
-349.12933 -189.98444 -8.0468798 0
-349.4162 -189.07881 -8.0479031 0
-349.33218 -189.08968 -8.0877666 0
-347.33966 -188.9505 -8.072567 0
-346.87799 -188.89337 -8.0086451 0
-346.45132 -188.70471 -8.0500183 0
-349.10321 -188.4023 -8.0251846 0
-346.02341 -188.4288 -8.01336 0
-349.02283 -188.37187 -8.0976391 0
-346.05811 -188.37384 -8.0763378 0
-349.05923 -188.21031 -8.011301 0
-347.52368 -187.86058 -8.0530558 0
-343.55225 -186.47832 -8.013032 0
-344.44 -186.2215 -8.0507755 0
-347.98773 -183.87021 -8.0783949 0
-349.2919 -183.79201 -8.0894117 0
-347.93399 -183.41135 -8.0346613 0
-348.72861 -183.39781 -8.071435 0
-348.99103 -182.25797 -8.097105 0
-349.61816 -182.10475 -8.0551224 0
-349.67914 -182.04018 -8.0029249 0
-346.25482 -182.05974 -8.009201 0
-346.18188 -180.47821 -8.0588303 0
-348.48584 -180.18379 -8.0280552 0
-348.65604 -179.88356 -8.0274353 0
-343.22626 -179.62608 -8.0594215 0
-345.89716 -179.0907 -8.0358753 0
-348.30603 -178.58405 -8.0055952 0
-344.43033 -178.27205 -8.0078211 0
-343.83405 -178.14211 -8.0658464 0
-345.28818 -177.99898 -8.0165138 0
-344.94965 -177.86517 -8.053359 0
-345.3327 -177.77287 -8.0581236 0
-348.34778 -177.35431 -8.0259209 0
-344.74365 -177.31656 -8.0935478 0
-347.71646 -176.95737 -8.0884228 0
-342.08188 -176.60173 -8.023612 0
-341.96304 -176.53387 -8.0923328 0
-346.01886 -176.46979 -8.0565701 0
-341.86203 -176.03879 -8.0234184 0
-342.04459 -175.85199 -8.0930128 0
-341.8342 -175.8683 -8.0945692 0
-341.50299 -174.32898 -8.0968809 0
-341.73853 -174.20737 -8.0840607 0
-340.99118 -174.13367 -8.007843 0
-349.21329 -172.43047 -8.0897284 0
-339.84763 -172.41147 -8.0491781 0
-349.13843 -172.36806 -8.0536098 0
-349.16556 -172.209 -8.0726643 0
-349.9592 -171.92003 -8.0211592 0
-349.07913 -171.939 -8.0544586 0
-348.26062 -170.17796 -8.0733089 0
-348.56848 -169.67801 -8.0245419 0
-348.57465 -169.47629 -8.0915585 0
-348.46939 -169.43831 -8.0305367 0
-347.77512 -168.93124 -8.0661316 0
-346.36917 -166.69287 -8.0645599 0
-346.26294 -166.65674 -8.0681305 0
-348.94812 -166.55103 -8.0290699 0
-348.85266 -166.45796 -8.0362968 0
-349.77036 -165.61452 -8.0303535 0
-346.57355 -164.83107 -8.0314999 0
-344.68118 -164.82826 -8.046854 0
-346.50177 -164.77386 -8.0490875 0
-344.47314 -164.59447 -8.0194683 0
-349.92697 -163.84595 -8.024456 0
-343.95267 -163.05569 -8.066081 0
-348.95001 -162.84781 -8.0132236 0
-344.0697 -162.86862 -8.0558195 0
-339.60223 -162.8882 -8.0166502 0
-345.379 -160.83679 -8.0593271 0
-345.50403 -160.38901 -8.0730114 0
-346.61484 -160.05035 -8.0270052 0
-339.61166 -159.49829 -8.0102644 0
-346.62299 -159.34616 -8.012496 0
-346.36075 -158.67213 -8.0218058 0
-339.61102 -157.73962 -8.0483694 0
-341.64398 -157.35117 -8.0063181 0
-348.26666 -157.28909 -8.0920887 0
-348.474 -156.95392 -8.0545692 0
-348.23532 -156.94684 -8.0025482 0
-342.3111 -156.24112 -8.0577173 0
-349.32144 -156.12001 -8.047102 0
-343.06174 -155.46097 -8.0244646 0
-341.7576 -154.96185 -8.0830345 0
-342.55731 -154.5204 -8.0661364 0
-347.2804 -154.25027 -8.0660229 0
-339.72934 -154.21346 -8.0742807 0
-348.88434 -153.89319 -8.0162249 0
-341.02304 -153.42632 -8.0652275 0
-341.27039 -153.22867 -8.0834236 0
-337.84576 -153.23241 -8.0838232 0
-340.81198 -152.9445 -8.0054531 0
-341.34128 -152.73662 -8.0580177 0
-340.84668 -152.70097 -8.0856256 0
-340.76129 -152.72809 -8.0059652 0
-341.30768 -152.64136 -8.0750542 0
-340.73062 -152.60228 -8.0248823 0
-341.50433 -152.56786 -8.0545158 0
-341.34232 -152.53566 -8.0380821 0
-341.29694 -152.51695 -8.0499601 0
-340.75085 -152.46234 -8.0550604 0
-340.47437 -152.4238 -8.0649691 0
-340.37982 -152.13564 -8.0286856 0
-341.29169 -152.02385 -8.0734615 0
-340.26431 -152.06151 -8.0777369 0
-340.14377 -152.03676 -8.0798483 0
-340.12869 -151.88741 -8.024353 0
-343.79276 -150.80205 -8.0179434 0
-343.57492 -150.39684 -8.0435905 0
-349.79965 -211.83206 -7.9025989 0
-334.43686 -203.14603 -7.974195 0
-339.11618 -199.45561 -7.9642305 0
-348.10617 -190.63675 -7.9988308 0
-347.82001 -190.66866 -7.9580121 0
-349.17389 -189.93036 -7.9637585 0
-343.95587 -189.54816 -7.9246264 0
-343.68381 -189.46619 -7.9180055 0
-346.99448 -188.97125 -7.9767981 0
-349.61963 -188.86049 -7.9120436 0
-349.46964 -188.82236 -7.9258614 0
-348.39505 -188.83669 -7.9581723 0
-349.22018 -188.77426 -7.9066658 0
-348.36429 -188.77681 -7.9622617 0
-346.31973 -188.60474 -7.9419289 0
-346.09824 -188.42889 -7.9306474 0
-348.99768 -187.56212 -7.9208732 0
-344.54111 -186.42014 -7.9446411 0
-344.51288 -186.30386 -7.9842954 0
-344.46625 -186.39291 -7.9688487 0
-349.03094 -184.25504 -7.9596705 0
-349.04788 -184.19366 -7.9223289 0
-348.80798 -183.34853 -7.9342022 0
-349.67593 -182.05128 -7.9417305 0
-344.92944 -181.80441 -7.9606509 0
-342.28894 -181.51413 -7.9094415 0
-348.90118 -181.41446 -7.9387584 0
-348.89645 -181.46846 -7.943996 0
-348.76724 -181.4933 -7.9142499 0
-342.33365 -181.43701 -7.9235311 0
-342.63937 -180.50363 -7.9718161 0
-346.39371 -180.43471 -7.9118743 0
-346.17569 -180.46776 -7.9842377 0
-349.2027 -179.9001 -7.9804873 0
-347.33698 -179.89348 -7.9202752 0
-348.71036 -179.75752 -7.9156389 0
-342.79971 -179.75499 -7.9856925 0
-344.80676 -179.67938 -7.9153433 0
-344.53708 -179.69948 -7.9079309 0
-344.50613 -179.57776 -7.9457703 0
-348.31436 -178.61397 -7.9168787 0
-348.21338 -178.66656 -7.9269476 0
-343.62253 -178.68309 -7.9937606 0
-343.52789 -178.61732 -7.9654298 0
-344.55624 -178.43213 -7.9058919 0
-344.43533 -178.32277 -7.9752712 0
-347.02322 -178.21573 -7.9036636 0
-344.48306 -178.26556 -7.9756722 0
-345.03427 -178.1944 -7.9077501 0
-343.40359 -177.90121 -7.9928699 0
-348.42334 -177.83011 -7.9493318 0
-345.27261 -177.83981 -7.9100056 0
-345.34122 -177.64612 -7.947269 0
-345.20615 -177.41252 -7.9778967 0
-347.64166 -176.955 -7.9702811 0
-347.60254 -176.84184 -7.9761486 0
-347.07129 -176.88794 -7.9131217 0
-347.60736 -176.7412 -7.9884501 0
-347.56445 -176.7955 -7.9302082 0
-342.89667 -176.4782 -7.9012671 0
-338.77994 -175.96117 -7.9507699 0
-338.78854 -175.34543 -7.9610238 0
-340.78482 -174.74643 -7.9114637 0
-340.03378 -174.56456 -7.9108176 0
-340.00662 -173.23889 -7.9088826 0
-349.79688 -172.41791 -7.9044223 0
-349.02527 -172.44049 -7.9458575 0
-349.1174 -172.13905 -7.927484 0
-349.46997 -170.66661 -7.9635186 0
-349.24832 -170.60605 -7.9062619 0
-348.73264 -170.46565 -7.9347682 0
-348.62225 -170.4566 -7.9423413 0
-349.29117 -170.29388 -7.9021759 0
-348.32657 -169.8526 -7.9732099 0
-348.51297 -169.52199 -7.9445143 0
-348.56271 -169.47998 -7.9674692 0
-348.07739 -169.10565 -7.9307747 0
-347.79889 -168.87155 -7.9733396 0
-348.37698 -168.77432 -7.9293394 0
-346.44827 -166.76755 -7.9679494 0
-348.9043 -166.6385 -7.9428163 0
-348.89474 -166.62035 -7.9276156 0
-348.71265 -166.56262 -7.9370542 0
-348.8399 -166.48711 -7.9360552 0
-349.95306 -164.54723 -7.9503918 0
-339.71686 -163.15491 -7.9537663 0
-340.06198 -161.39267 -7.9130239 0
-345.07617 -160.63618 -7.9861207 0
-345.29404 -160.50179 -7.9303346 0
-345.06522 -160.37039 -7.9053292 0
-343.08896 -160.1214 -7.9760575 0
-345.74609 -158.64384 -7.9937587 0
-339.6377 -157.8549 -7.909668 0
-339.46115 -157.68695 -7.9226823 0
-348.43088 -157.19223 -7.9552984 0
-348.35925 -157.18961 -7.9489903 0
-348.61041 -157.05283 -7.9568329 0
-348.4668 -157.02232 -7.9427238 0
-348.44058 -156.91429 -7.9908662 0
-348.35342 -156.91467 -7.9944625 0
-342.4205 -156.98465 -7.9087281 0
-349.95978 -155.91666 -7.982161 0
-342.46304 -154.55002 -7.99336 0
-342.34189 -154.5816 -7.9246287 0
-348.8389 -154.43932 -7.9091763 0
-348.75348 -154.43741 -7.914928 0
-339.90988 -154.42744 -7.9844279 0
-348.86993 -154.25938 -7.9214582 0
-340.50568 -154.16866 -7.956995 0
-340.14667 -154.04089 -7.9408083 0
-349.04138 -153.95126 -7.9277081 0
-348.85092 -153.91415 -7.9176245 0
-348.9086 -153.83488 -7.9154787 0
-348.85364 -153.86627 -7.9294291 0
-340.46661 -153.8671 -7.9874187 0
-339.71451 -153.82913 -7.9018464 0
-337.85797 -153.31517 -7.9738927 0
-343.82181 -153.22426 -7.9399171 0
-340.82285 -152.98203 -7.9966607 0
-339.78116 -152.95734 -7.9830084 0
-341.16583 -152.53723 -7.9045038 0
-341.00891 -152.41924 -7.9236765 0
-340.82596 -152.46806 -7.9836812 0
-343.37616 -152.37903 -7.902638 0
-341.03497 -152.36127 -7.9075346 0
-340.33438 -152.06712 -7.9633899 0
-340.55264 -151.9959 -7.9818535 0
-340.26797 -151.94057 -7.9249902 0
-340.63574 -151.79393 -7.9154282 0
-343.42847 -150.31017 -7.9225535 0
-343.56006 -150.2868 -7.9769039 0
-349.13107 -211.88745 -7.8739057 0
-349.02347 -211.82225 -7.8868241 0
-348.95428 -211.79317 -7.8857694 0
-348.47858 -190.65913 -7.8403111 0
-348.54565 -190.5509 -7.816515 0
-348.75085 -190.28702 -7.8143969 0
-347.63647 -190.29688 -7.8500433 0
-349.28482 -189.85393 -7.8723035 0
-349.24857 -189.79195 -7.8780351 0
-347.88809 -189.74913 -7.8947368 0
-347.76749 -189.70885 -7.8697677 0
-343.79663 -189.53734 -7.8851161 0
-346.7374 -189.495 -7.8984389 0
-346.5408 -189.18303 -7.8692365 0
-349.64142 -188.97627 -7.893086 0
-348.13733 -188.8327 -7.819315 0
-349.50775 -188.74751 -7.8485336 0
-346.04092 -188.34561 -7.8306069 0
-349.11194 -187.51161 -7.809207 0
-344.51041 -186.4539 -7.8817592 0
-344.37622 -186.24658 -7.8600059 0
-348.61563 -186.09366 -7.8457851 0
-348.18683 -186.04149 -7.8365002 0
-348.03522 -185.83977 -7.8571796 0
-348.39523 -183.83842 -7.842905 0
-346.27686 -183.27928 -7.8111129 0
-349.48618 -182.18848 -7.850656 0
-349.66879 -181.99477 -7.8958225 0
-349.31033 -181.97038 -7.8337278 0
-342.16638 -181.97037 -7.815239 0
-341.99194 -181.84964 -7.827908 0
-348.4537 -181.37761 -7.88831 0
-345.86707 -180.5237 -7.8746924 0
-346.9902 -180.12486 -7.8511286 0
-347.05569 -179.68066 -7.8383603 0
-345.94937 -179.64459 -7.8243203 0
-344.55374 -179.6526 -7.8450403 0
-343.75348 -178.7323 -7.845531 0
-348.01587 -178.65366 -7.893538 0
-347.9407 -178.67514 -7.8992338 0
-347.258 -177.95634 -7.8989038 0
-344.79416 -177.97678 -7.8500352 0
-348.34946 -177.82864 -7.8950853 0
-348.5325 -177.72507 -7.8603144 0
-345.24292 -177.76544 -7.8876276 0
-343.99643 -177.6064 -7.8460236 0
-344.71936 -177.50111 -7.8251395 0
-344.63257 -177.28165 -7.8711925 0
-342.67203 -177.18254 -7.8191309 0
-342.04596 -176.13895 -7.8138986 0
-341.8342 -176.00845 -7.8510294 0
-339.85934 -174.94655 -7.8413262 0
-340.04813 -174.27415 -7.8671327 0
-339.84946 -173.73265 -7.855722 0
-339.96701 -173.10019 -7.8241353 0
-339.82559 -173.13606 -7.888555 0
-349.7854 -172.75388 -7.8468165 0
-349.84491 -172.53233 -7.8035307 0
-349.78986 -172.55638 -7.8552957 0
-349.90826 -172.47438 -7.8910737 0
-349.60025 -172.35269 -7.8052435 0
-348.95218 -172.30887 -7.8787417 0
-349.80966 -172.27908 -7.8336835 0
-349.98724 -172.19917 -7.8254056 0
-349.08066 -172.18433 -7.8820667 0
-349.28864 -170.84076 -7.8733258 0
-349.99536 -170.62744 -7.8887339 0
-348.50229 -169.51529 -7.8540516 0
-348.49951 -168.54846 -7.8692918 0
-348.81189 -166.65973 -7.8428726 0
-349.41202 -166.5425 -7.8651023 0
-346.30029 -166.58748 -7.8663759 0
-346.5444 -164.85693 -7.8849182 0
-346.41763 -164.74069 -7.8313847 0
-349.83841 -164.47755 -7.872303 0
-340.18686 -161.73401 -7.8708787 0
-345.22229 -160.91063 -7.8403287 0
-339.76324 -160.62511 -7.8662643 0
-342.33221 -159.85445 -7.8959756 0
-343.043 -159.63724 -7.823338 0
-342.23666 -159.69014 -7.8386021 0
-346.31366 -158.56053 -7.8999882 0
-346.12225 -158.56108 -7.8352938 0
-346.03116 -158.55356 -7.8334165 0
-346.38605 -158.42796 -7.8281341 0
-339.55237 -157.82083 -7.8225007 0
-339.67664 -157.74557 -7.8433642 0
-339.47806 -157.76201 -7.8973842 0
-341.17148 -157.50378 -7.8867235 0
-341.73282 -157.25748 -7.8776274 0
-348.51636 -157.10262 -7.8749852 0
-348.7648 -157.00488 -7.8471332 0
-348.69531 -157.04935 -7.8066173 0
-348.28516 -156.92787 -7.8097639 0
-348.38651 -156.89415 -7.8766675 0
-348.2944 -156.89981 -7.8618603 0
-342.78464 -155.61896 -7.8577161 0
-349.97382 -155.33305 -7.826098 0
-342.93213 -155.23087 -7.8285093 0
-342.70322 -155.29434 -7.8784413 0
-348.79001 -155.10094 -7.8142357 0
-348.82925 -154.85107 -7.8421988 0
-340.00708 -154.63295 -7.8894224 0
-348.94086 -154.36244 -7.8730297 0
-348.74396 -154.31741 -7.8219523 0
-342.46991 -154.39687 -7.8613586 0
-348.80948 -154.22826 -7.8299999 0
-348.75317 -154.22906 -7.8916636 0
-339.98721 -154.25989 -7.8954849 0
-348.871 -154.12906 -7.8416991 0
-347.60916 -154.16167 -7.8909097 0
-348.91306 -154.02823 -7.8164568 0
-348.75656 -154.01389 -7.8690395 0
-340.00629 -153.86438 -7.894453 0
-337.84631 -153.34982 -7.8252773 0
-337.78674 -153.37384 -7.8538184 0
-340.51135 -153.0448 -7.8104658 0
-341.26663 -152.6178 -7.8770165 0
-343.42368 -152.55331 -7.8592019 0
-341.38837 -152.54469 -7.8475804 0
-341.23456 -152.51208 -7.8129554 0
-341.03787 -152.57733 -7.8707933 0
-340.92267 -152.55954 -7.8985791 0
-340.71622 -152.15656 -7.8328404 0
-340.62445 -152.18694 -7.8034902 0
-340.66171 -152.04715 -7.8080215 0
-340.64587 -151.95636 -7.8151135 0
-342.28314 -151.80327 -7.8933778 0
-340.55905 -151.86789 -7.8483939 0
-334.39279 -151.54855 -7.8161559 0
-334.29926 -151.40361 -7.8558888 0
-343.88608 -151.33469 -7.8365283 0
-343.73312 -150.7852 -7.8574591 0
-343.5379 -150.54185 -7.8048935 0
-342.00537 -150.51154 -7.8004856 0
-343.51019 -150.4386 -7.8129029 0
-343.55447 -150.37047 -7.8615704 0
-343.43735 -150.26839 -7.8714757 0
-343.30249 -150.28923 -7.8299108 0
-339.03275 -199.45457 -7.777832 0
-341.33362 -197.51567 -7.7409244 0
-338.17636 -197.0948 -7.7765312 0
-336.56769 -195.69029 -7.7911057 0
-348.03189 -191.04872 -7.7759628 0
-348.04572 -190.80667 -7.7693815 0
-348.2196 -190.52081 -7.7529449 0
-348.78391 -190.32224 -7.7272348 0
-348.58075 -190.13203 -7.7229018 0
-348.95859 -189.96458 -7.7532387 0
-349.12802 -189.5276 -7.726573 0
-348.9173 -189.52454 -7.7905984 0
-343.84805 -189.50719 -7.7375264 0
-343.80484 -189.23138 -7.7469049 0
-343.67236 -189.22105 -7.7144871 0
-347.97198 -189.02286 -7.7829633 0
-347.37 -189.01874 -7.7738228 0
-347.98441 -188.80505 -7.7813911 0
-347.62228 -188.87552 -7.7049184 0
-348.08847 -188.69179 -7.7953143 0
-345.99875 -188.3438 -7.7479196 0
-349.0448 -187.84039 -7.7582693 0
-348.9614 -187.73836 -7.7434392 0
-348.6579 -186.10883 -7.7100625 0
-337.30792 -185.6803 -7.7520204 0
-349.63864 -182.20609 -7.7914467 0
-346.3714 -182.26143 -7.7295465 0
-348.85745 -182.17798 -7.763577 0
-346.95319 -181.92853 -7.7213202 0
-346.34772 -181.74062 -7.7321944 0
-344.10098 -181.78877 -7.7556205 0
-341.5434 -181.70825 -7.7668037 0
-345.82193 -180.62555 -7.7099481 0
-348.31216 -178.70554 -7.7942638 0
-348.14023 -178.74637 -7.7067866 0
-347.41287 -178.36259 -7.7005782 0
-345.09641 -178.35622 -7.7926273 0
-345.20746 -178.12636 -7.7934427 0
-344.64307 -177.79027 -7.788662 0
-344.24884 -177.79721 -7.733696 0
-344.72983 -177.65245 -7.7648387 0
-344.75235 -177.52643 -7.7921414 0
-344.8876 -177.18677 -7.7909765 0
-342.77945 -177.14113 -7.7283545 0
-341.34268 -176.88608 -7.7458491 0
-347.20236 -176.48605 -7.7204194 0
-341.96872 -176.24516 -7.7905698 0
-341.69266 -176.11914 -7.7037544 0
-341.58304 -176.04228 -7.7356043 0
-343.16422 -175.05203 -7.7968693 0
-339.95743 -174.12621 -7.7010555 0
-338.38971 -173.79643 -7.7285304 0
-348.42239 -172.51816 -7.7262111 0
-349.84476 -172.49077 -7.7193809 0
-349.87262 -172.39711 -7.7892036 0
-349.35019 -172.2981 -7.7251897 0
-349.79773 -172.1564 -7.7489448 0
-349.15891 -172.13216 -7.7835574 0
-348.29181 -171.95966 -7.7650623 0
-336.63184 -171.52286 -7.745142 0
-348.94128 -171.36514 -7.7741122 0
-344.23175 -170.00935 -7.7100215 0
-349.6864 -169.91801 -7.7709055 0
-346.09283 -169.85628 -7.7300339 0
-348.48892 -169.67462 -7.7386246 0
-341.16223 -168.16597 -7.7285848 0
-346.38434 -166.80865 -7.7740984 0
-346.3172 -166.73314 -7.7063971 0
-348.73315 -166.69469 -7.7957768 0
-346.24667 -166.61084 -7.7011046 0
-346.12997 -166.64003 -7.7604241 0
-349.00275 -166.51515 -7.7260962 0
-339.7915 -165.06783 -7.7324915 0
-339.98038 -164.937 -7.7080889 0
-344.65009 -164.71562 -7.7851286 0
-344.41656 -164.45692 -7.7268801 0
-337.87143 -163.78368 -7.7656226 0
-340.86374 -162.18944 -7.7213345 0
-345.29544 -161.56511 -7.7538505 0
-340.35736 -161.52477 -7.7296996 0
-340.19846 -161.44115 -7.7637415 0
-345.07867 -161.37329 -7.7455549 0
-345.24454 -161.21432 -7.7574248 0
-344.80768 -161.14449 -7.7483048 0
-345.42664 -161.03424 -7.7948756 0
-345.32919 -160.98055 -7.7786679 0
-345.22043 -160.93024 -7.7607584 0
-342.50995 -160.34143 -7.7857542 0
-339.46039 -160.08994 -7.7696123 0
-342.5022 -159.87738 -7.7600837 0
-342.75064 -159.13274 -7.7876797 0
-339.79776 -157.84416 -7.752214 0
-339.55588 -157.72165 -7.7726278 0
-339.47479 -157.71471 -7.7770429 0
-348.41748 -157.12549 -7.7811151 0
-348.71774 -157.02232 -7.7750201 0
-348.35495 -156.9008 -7.7074456 0
-349.79614 -156.70174 -7.7221189 0
-342.69397 -155.62581 -7.7394738 0
-342.23099 -155.52963 -7.7369833 0
-342.61264 -155.46492 -7.7855883 0
-342.56943 -155.416 -7.7563567 0
-342.39542 -155.46376 -7.7408895 0
-349.81497 -155.30048 -7.7606096 0
-342.62497 -155.29408 -7.7462025 0
-342.57715 -155.23119 -7.7425375 0
-348.76007 -154.96194 -7.7945371 0
-342.28793 -154.62766 -7.7445889 0
-348.60144 -154.51421 -7.7384338 0
-348.65784 -154.22235 -7.7735238 0
-348.91339 -154.14839 -7.7991986 0
-348.74454 -154.18858 -7.7593145 0
-348.54156 -154.16901 -7.7024674 0
-340.30826 -153.95659 -7.7684803 0
-340.11151 -153.97479 -7.7366762 0
-340.08731 -153.9781 -7.7490516 0
-340.42215 -153.89157 -7.7450089 0
-340.27777 -153.82516 -7.7380052 0
-339.59143 -153.69202 -7.7520571 0
-340.50797 -153.23543 -7.7490916 0
-343.15274 -153.00963 -7.7169046 0
-343.38657 -152.92102 -7.7096448 0
-341.35504 -152.90553 -7.7317543 0
-341.15326 -152.75269 -7.7303896 0
-341.32623 -152.68295 -7.7019768 0
-341.08948 -152.677 -7.717629 0
-341.31119 -152.56822 -7.7235708 0
-341.28796 -152.50041 -7.7045326 0
-341.09778 -152.59091 -7.7853832 0
-340.97858 -152.43002 -7.7820854 0
-341.15085 -152.34366 -7.712986 0
-340.8476 -152.38814 -7.7542372 0
-341.25189 -152.26848 -7.7457218 0
-341.15726 -152.12045 -7.7240005 0
-340.74838 -152.12619 -7.7863598 0
-343.38403 -151.77385 -7.7720361 0
-339.71204 -151.6779 -7.7824984 0
-343.38754 -151.46742 -7.700973 0
-343.52704 -151.35643 -7.7457557 0
-343.62527 -151.02859 -7.7226453 0
-343.70804 -150.79524 -7.7737384 0
-343.46017 -150.64227 -7.720253 0
-343.3674 -150.53894 -7.7563963 0
-343.58142 -150.42255 -7.7599301 0
-343.57346 -150.38486 -7.7302661 0
-343.46194 -150.24425 -7.7988558 0
-343.45239 -150.15602 -7.7272124 0
-349.08411 -214.12811 -7.6754627 0
-337.29568 -202.76877 -7.6154771 0
-337.21237 -202.62888 -7.6054826 0
-336.73517 -195.63934 -7.604394 0
-336.65125 -195.61995 -7.6403985 0
-340.16553 -191.65933 -7.6390719 0
-339.89774 -191.02121 -7.6099834 0
-340.26743 -190.692 -7.6596718 0
-348.78397 -190.50218 -7.6294017 0
-338.45294 -190.35478 -7.6545382 0
-347.43027 -190.01154 -7.6127162 0
-347.61829 -189.97992 -7.6957994 0
-349.35483 -189.61737 -7.6206617 0
-349.24728 -189.44638 -7.6406131 0
-343.67767 -189.2191 -7.6613998 0
-347.83765 -189.04408 -7.607388 0
-347.58917 -188.93372 -7.6043334 0
-347.71082 -188.86386 -7.6303353 0
-347.59744 -188.77045 -7.6373343 0
-347.05212 -188.61253 -7.6095595 0
-348.53656 -188.43225 -7.6849232 0
-348.97031 -188.32837 -7.6823997 0
-348.69995 -188.23187 -7.6766272 0
-348.90009 -188.17946 -7.6527882 0
-348.69559 -187.55499 -7.677392 0
-344.4057 -186.38103 -7.6549001 0
-344.45758 -186.28964 -7.6204305 0
-348.21576 -185.8727 -7.6300135 0
-337.30542 -185.44069 -7.6908526 0
-348.88101 -182.20773 -7.6423287 0
-346.67014 -181.61137 -7.6084461 0
-348.83212 -181.58522 -7.6687455 0
-342.25726 -181.34692 -7.6576834 0
-342.18515 -181.20135 -7.6414065 0
-348.42334 -180.95927 -7.6551104 0
-342.82635 -180.99295 -7.6181517 0
-349.09244 -180.86079 -7.603178 0
-342.16385 -180.73917 -7.6267214 0
-346.21854 -180.57173 -7.6964025 0
-341.73627 -180.10289 -7.6817617 0
-346.91022 -179.59103 -7.6884689 0
-348.0015 -179.45389 -7.621685 0
-347.61374 -178.657 -7.6137981 0
-347.4212 -178.42749 -7.6961117 0
-347.67789 -178.39664 -7.66363 0
-343.60623 -178.09383 -7.6189022 0
-344.83688 -177.71675 -7.6149292 0
-342.78879 -177.63232 -7.6726832 0
-346.25589 -177.53796 -7.6786613 0
-344.62317 -177.55792 -7.6087351 0
-344.82416 -177.19368 -7.6723371 0
-342.87268 -177.10097 -7.6096001 0
-347.90399 -176.84378 -7.628581 0
-338.63611 -175.85776 -7.6360154 0
-338.88983 -175.64322 -7.6419353 0
-340.2699 -174.49619 -7.6388311 0
-339.59836 -173.71773 -7.6100545 0
-339.4101 -173.6124 -7.6734791 0
-339.66238 -173.52765 -7.695466 0
-340.10452 -173.31856 -7.6147094 0
-339.97443 -173.34303 -7.6997366 0
-337.51413 -172.95773 -7.6663151 0
-348.43213 -172.52245 -7.6063862 0
-349.11923 -172.40677 -7.6337647 0
-349.61792 -172.26398 -7.6212754 0
-348.74136 -172.29549 -7.667655 0
-349.87878 -172.16977 -7.6187959 0
-348.98016 -172.15559 -7.6481361 0
-349.07568 -172.05258 -7.6703653 0
-349.79657 -171.43634 -7.6910772 0
-349.57254 -171.25183 -7.6260095 0
-348.92096 -171.22028 -7.6363082 0
-336.67603 -171.28023 -7.637157 0
-348.91925 -171.1326 -7.6690264 0
-349.93771 -170.23346 -7.6376987 0
-349.96429 -170.11487 -7.6719866 0
-337.53583 -169.20271 -7.6616178 0
-346.43234 -166.81569 -7.6050134 0
-337.27213 -166.34755 -7.6340022 0
-349.23367 -166.21011 -7.6201153 0
-346.52286 -164.87186 -7.6629772 0
-344.4794 -164.36267 -7.6920114 0
-348.37302 -163.29906 -7.6963062 0
-344.34042 -163.0248 -7.6782866 0
-344.36429 -162.91296 -7.6521711 0
-345.45929 -161.52005 -7.6097436 0
-340.39081 -161.52528 -7.6210804 0
-340.28775 -161.47229 -7.6044965 0
-345.5452 -160.91646 -7.6613016 0
-345.49152 -160.92879 -7.6325879 0
-345.61337 -160.83542 -7.6205974 0
-345.50897 -160.84319 -7.6528912 0
-339.33246 -160.15704 -7.6022863 0
-342.53619 -159.67719 -7.6021972 0
-339.68405 -159.67157 -7.605289 0
-339.55997 -159.66794 -7.6226311 0
-337.59409 -159.1106 -7.6707644 0
-337.47028 -159.03941 -7.6451101 0
-342.02667 -158.62086 -7.6074553 0
-339.66455 -157.80974 -7.6117315 0
-339.61401 -157.75067 -7.6586733 0
-339.58209 -157.69344 -7.6388731 0
-348.75027 -157.2314 -7.6996298 0
-349.07697 -157.14981 -7.6027155 0
-348.34354 -157.16734 -7.6752553 0
-252.98219 -157.17685 -7.6334624 0
-348.53656 -157.0603 -7.6404181 0
-348.55524 -156.93112 -7.6016798 0
-348.46817 -156.94566 -7.6579642 0
-348.37823 -156.91182 -7.6536164 0
-348.45801 -156.86055 -7.6222177 0
-348.25897 -156.86581 -7.6532369 0
-348.16287 -156.82758 -7.6695538 0
-253.8136 -156.72194 -7.6461639 0
-250.43723 -156.61058 -7.6659927 0
-349.54175 -156.32635 -7.633359 0
-349.75388 -155.95981 -7.6315966 0
-349.86823 -155.61082 -7.6999278 0
-251.7355 -155.55957 -7.696228 0
-341.6037 -155.38045 -7.6108885 0
-337.78308 -154.94647 -7.6177411 0
-348.86081 -154.81708 -7.6974416 0
-342.01019 -154.68312 -7.6060352 0
-348.75345 -154.40111 -7.6760449 0
-348.65237 -154.48 -7.661705 0
-348.50766 -154.4754 -7.6418948 0
-348.51483 -154.37442 -7.6560321 0
-348.51038 -154.28302 -7.6159878 0
-348.68704 -154.13933 -7.6582913 0
-340.02859 -153.93619 -7.6966906 0
-339.74252 -153.92862 -7.6405935 0
-337.63589 -153.18018 -7.6367521 0
-343.29755 -152.91068 -7.6032181 0
-341.35773 -152.85052 -7.6965065 0
-341.27966 -152.88675 -7.699276 0
-341.22748 -152.69714 -7.6094255 0
-341.03952 -152.69421 -7.6604347 0
-341.19699 -152.56343 -7.6193209 0
-340.76642 -152.55284 -7.6860051 0
-343.28351 -152.40132 -7.6423378 0
-341.21063 -152.39917 -7.6273971 0
-343.19772 -152.20319 -7.6353197 0
-341.0719 -152.27921 -7.6843915 0
-340.91763 -152.24989 -7.6826596 0
-340.65524 -152.25488 -7.6802068 0
-340.70413 -152.12816 -7.6051736 0
-340.02783 -151.93805 -7.6372113 0
-339.76578 -151.91907 -7.6303906 0
-340.29886 -151.85878 -7.6409311 0
-340.48715 -151.68729 -7.6827393 0
-343.65204 -151.2094 -7.6982937 0
-343.62256 -150.7327 -7.6915798 0
-343.74777 -150.22655 -7.6740179 0
-335.37317 -150.2849 -7.6971889 0
-339.09286 -200.05688 -7.5320358 0
-339.12524 -199.26888 -7.5791044 0
-344.36026 -190.21747 -7.5502229 0
-348.69614 -190.07014 -7.5519352 0
-343.9624 -189.55209 -7.5455537 0
-343.71109 -189.51648 -7.5125957 0
-348.91644 -189.43695 -7.5570416 0
-349.09958 -189.38426 -7.5888948 0
-343.73682 -189.39722 -7.5799541 0
-349.34515 -189.11305 -7.5929966 0
-346.72946 -189.13998 -7.5172272 0
-346.49347 -189.15407 -7.5883021 0
-349.01093 -189.07881 -7.5217977 0
-347.73529 -188.91446 -7.5505524 0
-346.96744 -188.95178 -7.5379562 0
-346.47385 -188.95963 -7.5192747 0
-346.22696 -188.86655 -7.5070028 0
-347.79694 -188.77296 -7.5474954 0
-346.76343 -188.76479 -7.5618305 0
-348.39673 -188.64749 -7.5892587 0
-346.90347 -188.64694 -7.5314689 0
-346.60703 -188.69405 -7.5486197 0
-346.0647 -188.56386 -7.5685787 0
-346.03952 -188.41751 -7.5076132 0
-346.08246 -188.39253 -7.5761471 0
-346.66809 -188.12749 -7.5505543 0
-348.94952 -187.95757 -7.5024858 0
-348.9306 -187.49762 -7.5880589 0
-349.07632 -187.33391 -7.5926809 0
-344.45508 -186.40329 -7.533463 0
-346.22421 -183.16104 -7.599206 0
-346.4198 -182.26909 -7.5483699 0
-346.32358 -182.21349 -7.5131774 0
-346.50916 -181.56923 -7.5334339 0
-342.42169 -181.37852 -7.5144286 0
-342.79312 -180.95853 -7.534368 0
-347.66638 -180.07304 -7.5316324 0
-347.64066 -178.72562 -7.556098 0
-348.61533 -178.64569 -7.5560083 0
-346.57288 -178.62007 -7.5403724 0
-347.07761 -178.13765 -7.5350442 0
-344.41275 -176.93958 -7.5186157 0
-346.85187 -176.72536 -7.5200572 0
-341.5264 -176.60571 -7.5339208 0
-347.8364 -176.56172 -7.5331831 0
-341.63977 -175.90733 -7.578424 0
-340.49072 -174.5742 -7.5304933 0
-340.52307 -174.27188 -7.5723119 0
-339.95529 -174.15981 -7.576755 0
-339.78427 -174.02155 -7.5576673 0
-349.3519 -172.53249 -7.5520368 0
-349.69241 -172.41011 -7.5997949 0
-349.46741 -172.39473 -7.5564179 0
-349.33707 -172.22246 -7.5742135 0
-348.42908 -172.01401 -7.5566692 0
-349.34082 -171.99109 -7.5259442 0
-336.71365 -171.34912 -7.5680885 0
-349.7847 -171.26494 -7.5579557 0
-348.80618 -170.82504 -7.5055103 0
-349.22885 -170.24661 -7.5181637 0
-348.0491 -168.87665 -7.5384455 0
-346.22656 -167.00131 -7.5893283 0
-346.33362 -166.83655 -7.5754032 0
-346.41766 -166.79465 -7.5988369 0
-346.31665 -166.63095 -7.5106297 0
-346.2691 -166.65347 -7.5047865 0
-346.14923 -166.61766 -7.590682 0
-349.67389 -166.48657 -7.5887556 0
-349.95557 -165.46742 -7.5221004 0
-349.60278 -165.00198 -7.5219889 0
-349.57196 -164.86075 -7.5665283 0
-349.88953 -164.77228 -7.5322223 0
-346.45859 -164.77092 -7.5690742 0
-349.39267 -164.61121 -7.513217 0
-346.44653 -164.67377 -7.5761719 0
-349.74515 -164.57278 -7.5885105 0
-349.69373 -164.53302 -7.5229344 0
-349.83746 -164.42543 -7.5144935 0
-338.71539 -163.98892 -7.5288978 0
-348.2052 -163.63074 -7.5335298 0
-348.29913 -163.59518 -7.5339541 0
-348.2543 -163.41899 -7.5440326 0
-339.69604 -162.9008 -7.5470963 0
-340.67456 -162.26819 -7.5523958 0
-345.42636 -161.48239 -7.582715 0
-340.24951 -161.49178 -7.5133185 0
-339.88757 -161.30804 -7.5301538 0
-345.54248 -161.04585 -7.5913496 0
-345.56802 -160.92931 -7.5775785 0
-339.50055 -160.114 -7.5843234 0
-339.43375 -159.95518 -7.5603352 0
-339.60831 -159.8817 -7.5953631 0
-342.67453 -159.31209 -7.5469365 0
-342.45837 -159.38025 -7.522162 0
-337.62494 -159.0871 -7.5081658 0
-341.95807 -158.6752 -7.5527415 0
-339.62851 -157.88837 -7.5949807 0
-339.71851 -157.74823 -7.5875173 0
-339.48022 -157.66751 -7.5670357 0
-349.71082 -157.19289 -7.531816 0
-348.43533 -157.19092 -7.5649066 0
-349.21881 -157.03267 -7.5802851 0
-348.5336 -157.02798 -7.5369658 0
-348.44424 -157.01431 -7.5287819 0
-349.19199 -156.92667 -7.5011144 0
-348.65234 -156.98814 -7.557622 0
-349.00699 -156.89807 -7.5238156 0
-348.35831 -156.88335 -7.5364747 0
-349.92929 -156.27086 -7.5859914 0
-251.55377 -155.76941 -7.5973368 0
-342.14157 -155.61833 -7.5500178 0
-342.29214 -155.4342 -7.5932364 0
-342.14261 -155.42128 -7.5835295 0
-342.49509 -155.32863 -7.548573 0
-342.30124 -155.29912 -7.5527892 0
-342.17856 -155.19598 -7.5387444 0
-342.36395 -155.09445 -7.5770335 0
-342.02817 -155.09346 -7.5707192 0
-348.92377 -154.96179 -7.5688286 0
-341.94922 -154.93129 -7.5487604 0
-341.99216 -154.82312 -7.5171103 0
-348.67316 -154.71915 -7.5462623 0
-348.71591 -154.62263 -7.5824599 0
-340.37711 -154.12498 -7.5709262 0
-340.29041 -153.87596 -7.5980744 0
-340.42676 -153.79013 -7.5348597 0
-340.13834 -153.79102 -7.5674429 0
-337.75449 -153.21509 -7.5254011 0
-340.5419 -153.17545 -7.5757389 0
-343.21497 -152.98198 -7.5957022 0
-341.14642 -152.99033 -7.5197158 0
-341.31058 -152.84598 -7.5387049 0
-341.17496 -152.84561 -7.5309162 0
-336.18509 -152.86394 -7.525219 0
-343.30527 -152.74571 -7.5905447 0
-343.40436 -152.62482 -7.5874238 0
-340.09064 -152.63667 -7.5322938 0
-341.27359 -152.53316 -7.5656476 0
-341.17691 -152.5045 -7.5955353 0
-340.03308 -152.5419 -7.5261049 0
-340.02505 -152.40337 -7.5242677 0
-341.16498 -152.36259 -7.5450859 0
-340.23743 -152.33499 -7.5093317 0
-341.35388 -152.27193 -7.5300694 0
-341.21567 -152.24777 -7.5749979 0
-340.91391 -152.26559 -7.5163312 0
-256.76306 -152.2283 -7.5721955 0
-341.27631 -152.15321 -7.5301647 0
-340.42349 -152.14548 -7.5353589 0
-341.22983 -152.05679 -7.5561824 0
-340.57877 -152.04366 -7.5706677 0
-340.59467 -151.98508 -7.5577683 0
-340.32889 -151.96149 -7.5747113 0
-339.88986 -151.97565 -7.505302 0
-339.64209 -151.82504 -7.5374141 0
-339.72409 -151.79619 -7.521452 0
-339.56708 -151.78925 -7.5187397 0
-339.63376 -151.6969 -7.569778 0
-334.46786 -151.55644 -7.5550947 0
-334.36569 -151.5144 -7.5637879 0
-343.39706 -151.47433 -7.5751548 0
-334.26004 -151.46483 -7.5444946 0
-343.42917 -151.35051 -7.5167956 0
-343.61737 -151.11142 -7.5798545 0
-343.37207 -151.17131 -7.5185404 0
-343.36813 -150.29359 -7.5106416 0
-259.40506 -150.08821 -7.5470543 0
-349.09161 -213.95706 -7.400753 0
-337.28568 -202.89461 -7.456358 0
-337.24664 -202.75972 -7.4824247 0
-339.07025 -200.09125 -7.4332662 0
-339.18469 -199.4951 -7.4514828 0
-340.07465 -191.84068 -7.4202542 0
-340.29672 -191.57474 -7.4363899 0
-348.20905 -190.22031 -7.4834294 0
-348.68439 -190.13269 -7.4795823 0
-348.24573 -190.12514 -7.4720001 0
-348.55432 -190.0777 -7.4564996 0
-347.08411 -189.84781 -7.4325142 0
-348.12253 -189.74223 -7.4604421 0
-348.89749 -189.49823 -7.471055 0
-347.39688 -189.4742 -7.4844975 0
-348.62405 -189.27565 -7.4626956 0
-343.70502 -189.25993 -7.4600492 0
-346.18683 -189.13463 -7.4764309 0
-349.25888 -189.00813 -7.4196978 0
-348.62247 -188.97511 -7.496295 0
-346.72339 -188.98247 -7.4535623 0
-346.23892 -188.96935 -7.4977283 0
-348.06696 -188.64943 -7.4630494 0
-346.88373 -188.57365 -7.4341016 0
-346.61252 -188.5054 -7.4024949 0
-346.77158 -188.49197 -7.4360523 0
-346.55203 -187.83824 -7.4541721 0
-349.0256 -187.73631 -7.4734941 0
-348.72513 -187.75551 -7.4729013 0
-348.32306 -187.40424 -7.4524808 0
-344.42737 -186.41772 -7.4835892 0
-344.39883 -186.25938 -7.4038572 0
-348.72787 -183.99571 -7.4444914 0
-346.7251 -183.63092 -7.4066234 0
-346.79352 -183.59769 -7.4519558 0
-340.6608 -182.93907 -7.451952 0
-347.02917 -182.47868 -7.4710202 0
-349.56491 -181.45432 -7.4636035 0
-346.55438 -181.42322 -7.4894557 0
-346.46698 -181.39429 -7.4803004 0
-346.94553 -181.15135 -7.4200902 0
-342.70258 -181.18663 -7.4521375 0
-342.72836 -181.01416 -7.4975605 0
-342.62259 -181.07579 -7.4766831 0
-343.68402 -180.90308 -7.4709158 0
-342.67892 -180.91283 -7.4800296 0
-342.25864 -180.61024 -7.4911208 0
-341.81186 -180.57278 -7.4204822 0
-347.78238 -180.15645 -7.4048829 0
-345.92712 -179.83804 -7.445858 0
-347.14005 -179.63533 -7.4712582 0
-345.63528 -179.01193 -7.4642973 0
-348.66769 -178.82751 -7.4523053 0
-347.93939 -178.88475 -7.4181304 0
-347.76233 -178.73871 -7.4406834 0
-348.62436 -178.54411 -7.4757638 0
-348.67981 -178.44066 -7.4111614 0
-347.27023 -178.12518 -7.4919348 0
-347.21109 -178.07086 -7.4270425 0
-344.86737 -177.60789 -7.4392228 0
-344.90436 -177.38646 -7.4320612 0
-344.40997 -176.94336 -7.4615097 0
-341.61362 -176.67906 -7.4497104 0
-341.55783 -176.66226 -7.464664 0
-347.96078 -176.48201 -7.4392061 0
-347.39868 -176.16856 -7.4644976 0
-347.11035 -176.01863 -7.4199295 0
-338.81412 -176.07224 -7.4215884 0
-340.35605 -174.75378 -7.4426436 0
-339.70291 -173.76289 -7.4949255 0
-349.79681 -172.27151 -7.4568052 0
-349.4859 -172.27016 -7.4795027 0
-349.82779 -172.05864 -7.4139566 0
-349.45526 -172.07454 -7.4906645 0
-348.93457 -172.0188 -7.4019842 0
-349.15454 -171.9718 -7.4384284 0
-348.9541 -171.96873 -7.4732499 0
-347.57028 -171.86076 -7.4986253 0
-348.87134 -170.88142 -7.4970446 0
-348.78821 -170.64523 -7.4641848 0
-348.72888 -170.50021 -7.4567842 0
-349.1785 -170.21048 -7.4890871 0
-348.85663 -170.13397 -7.456243 0
-337.57071 -169.15193 -7.4061508 0
-348.68661 -169.05452 -7.4464569 0
-347.99152 -169.06169 -7.47995 0
-347.77777 -168.7989 -7.4325862 0
-346.27356 -166.87427 -7.4818697 0
-346.44595 -166.76724 -7.4578104 0
-346.31723 -166.72266 -7.4036608 0
-348.94821 -166.65465 -7.414268 0
-349.58514 -165.72765 -7.4469371 0
-349.86322 -165.22639 -7.4078946 0
-349.76398 -165.12305 -7.4666438 0
-346.50381 -164.80388 -7.4253259 0
-349.91641 -164.63844 -7.4634547 0
-338.38702 -164.50322 -7.4564342 0
-349.7699 -164.42918 -7.4693027 0
-338.84616 -164.48781 -7.4627566 0
-339.89908 -164.31023 -7.4555039 0
-338.89667 -164.39073 -7.4729495 0
-348.1326 -164.05843 -7.4870615 0
-333.90421 -163.41161 -7.4918633 0
-340.55652 -162.35756 -7.4267154 0
-340.39792 -162.3676 -7.4188194 0
-340.47162 -162.28795 -7.4542632 0
-339.71698 -161.22197 -7.4484859 0
-339.65399 -161.16005 -7.4440951 0
-334.15466 -160.92041 -7.4416294 0
-337.98434 -160.8385 -7.4040761 0
-337.69797 -160.53708 -7.4499326 0
-339.5195 -160.24466 -7.460196 0
-342.54709 -159.54788 -7.4824615 0
-342.48398 -159.40904 -7.4763107 0
-342.51541 -159.31369 -7.4243927 0
-342.48672 -159.26614 -7.4355583 0
-341.22601 -158.88345 -7.4760766 0
-341.94482 -158.72739 -7.4713006 0
-341.58044 -158.77638 -7.4610076 0
-339.38986 -157.72549 -7.4711571 0
-349.19388 -157.66817 -7.4588161 0
-348.47574 -157.11774 -7.4188704 0
-348.50644 -157.03519 -7.4465494 0
-348.91406 -156.92004 -7.4997654 0
-348.31985 -156.93001 -7.4316893 0
-348.70215 -156.86639 -7.4020963 0
-348.3605 -156.85191 -7.4416442 0
-349.86792 -156.24989 -7.4180388 0
-251.51979 -155.52959 -7.4632583 0
-341.77499 -155.38763 -7.4620161 0
-341.76895 -155.24857 -7.4220009 0
-341.42953 -155.28346 -7.4593601 0
-349.03693 -155.11749 -7.4644399 0
-349.18457 -154.93224 -7.4761839 0
-348.70624 -154.90253 -7.4264374 0
-341.83496 -154.9061 -7.4274917 0
-337.74612 -154.95189 -7.4097815 0
-349.15314 -154.84256 -7.4794493 0
-349.04861 -154.83617 -7.4803791 0
-349.06766 -154.74144 -7.4802685 0
-348.82404 -154.73624 -7.4460883 0
-339.6243 -154.78636 -7.4553709 0
-348.43161 -154.69395 -7.43714 0
-349.15195 -154.52591 -7.4732976 0
-348.54144 -154.55554 -7.4430132 0
-339.80344 -154.52724 -7.4919839 0
-339.85248 -154.42821 -7.4219151 0
-339.79669 -153.82928 -7.4901586 0
-339.56763 -153.76428 -7.4895754 0
-343.96826 -153.41518 -7.4445004 0
-340.36957 -153.30724 -7.403204 0
-341.21271 -153.02951 -7.4821177 0
-340.85242 -153.04422 -7.432436 0
-340.88745 -152.97701 -7.4545913 0
-341.21207 -152.81947 -7.4892087 0
-340.51526 -152.88818 -7.4203234 0
-343.20364 -152.68329 -7.4569802 0
-343.07593 -152.64098 -7.4599938 0
-340.77988 -152.36163 -7.4957166 0
-340.5835 -152.36952 -7.4645767 0
-343.1936 -152.22217 -7.4712071 0
-343.05396 -152.16469 -7.4561667 0
-340.03577 -152.04222 -7.4934754 0
-343.22107 -151.95621 -7.4679475 0
-340.26941 -151.96094 -7.4394498 0
-340.05478 -151.99796 -7.479558 0
-339.71698 -151.90198 -7.4106731 0
-339.87909 -151.84113 -7.4491401 0
-340.32666 -151.7364 -7.451592 0
-334.45706 -151.72095 -7.4111094 0
-343.33459 -151.59444 -7.4269671 0
-334.33847 -151.54607 -7.41536 0
-343.45575 -151.44394 -7.4672899 0
-343.38992 -151.45227 -7.4545655 0
-334.36917 -151.49652 -7.4236493 0
-334.29095 -151.40439 -7.4102712 0
-343.38644 -151.24216 -7.4720025 0
-343.28012 -151.26291 -7.4565716 0
-343.56119 -151.14522 -7.4357867 0
-343.41476 -151.01593 -7.4836307 0
-259.43576 -150.87689 -7.4096484 0
-342.28583 -150.79926 -7.4771318 0
-261.89743 -150.68855 -7.406271 0
-341.64288 -150.5583 -7.4752755 0
-343.44623 -150.23825 -7.4614096 0
-343.38232 -150.16434 -7.4126706 0
-348.84256 -213.84853 -7.3474522 0
-349.70972 -211.83875 -7.3686528 0
-349.76825 -211.65808 -7.3617406 0
-349.58673 -211.5014 -7.3715296 0
-349.40027 -211.43246 -7.3888035 0
-342.12616 -202.71085 -7.3825941 0
-342.14383 -202.22581 -7.393198 0
-342.10547 -202.04395 -7.3736463 0
-332.79651 -201.50616 -7.3675346 0
-341.70187 -201.20575 -7.339004 0
-336.93439 -198.06744 -7.3523498 0
-340.10126 -191.05093 -7.3163896 0
-340.11105 -190.83835 -7.3836765 0
-341.09351 -190.599 -7.3946772 0
-340.689 -190.4292 -7.3032355 0
-348.89029 -190.16354 -7.3425231 0
-348.95493 -190.00667 -7.3307853 0
-347.37503 -189.47765 -7.3460259 0
-349.27216 -189.22697 -7.341517 0
-348.99472 -189.23149 -7.3520341 0
-348.37949 -189.00584 -7.3637986 0
-347.37808 -189.09924 -7.3811879 0
-347.21368 -189.0108 -7.3346243 0
-348.25482 -188.86156 -7.3032947 0
-346.71173 -188.58849 -7.309186 0
-346.92929 -188.40973 -7.3748541 0
-346.08948 -188.436 -7.3294487 0
-346.06784 -188.24452 -7.3713741 0
-348.67813 -188.05733 -7.3260512 0
-346.55817 -187.96507 -7.3812504 0
-347.96658 -187.47134 -7.3192053 0
-344.44464 -186.41455 -7.3811884 0
-344.53979 -186.35178 -7.3631763 0
-344.47845 -186.27075 -7.3053741 0
-348.59906 -184.31105 -7.3779626 0
-346.95627 -182.5764 -7.3927751 0
-346.41391 -182.21376 -7.3099694 0
-346.91824 -181.29311 -7.3163385 0
-345.80429 -180.85535 -7.3653698 0
-346.28598 -180.47594 -7.3085308 0
-341.84933 -180.38094 -7.3961515 0
-347.53714 -179.57523 -7.3037906 0
-345.5296 -179.21996 -7.3129802 0
-346.34338 -178.90355 -7.3265052 0
-345.75134 -178.94615 -7.3055964 0
-347.18231 -177.95654 -7.3002319 0
-344.97546 -177.88779 -7.3528857 0
-345.15396 -177.6311 -7.348197 0
-345.08777 -177.60263 -7.3422604 0
-344.94711 -177.53482 -7.3247032 0
-344.40012 -176.94923 -7.3024459 0
-346.77527 -176.62584 -7.379189 0
-346.6803 -176.64391 -7.3778405 0
-341.69977 -176.14124 -7.3239532 0
-338.80408 -175.40465 -7.3308849 0
-340.14542 -175.01901 -7.3922424 0
-340.0379 -174.69559 -7.3241143 0
-339.65604 -173.9425 -7.3161411 0
-339.74728 -173.69424 -7.3763657 0
-338.37418 -173.1666 -7.3759079 0
-349.05542 -172.65541 -7.3600368 0
-349.20572 -172.59477 -7.3826509 0
-349.19986 -172.53969 -7.3277626 0
-349.04001 -172.59821 -7.3764043 0
-349.08783 -172.38042 -7.3171844 0
-349.33667 -172.24243 -7.3875628 0
-349.98779 -172.00061 -7.3875389 0
-348.50711 -171.97299 -7.3434334 0
-337.53616 -169.32039 -7.3821988 0
-337.47739 -169.21652 -7.31775 0
-347.84991 -168.97008 -7.3293185 0
-346.28531 -166.69048 -7.3737254 0
-348.91849 -166.39137 -7.3133445 0
-348.80429 -166.32593 -7.3702869 0
-349.82007 -165.99583 -7.3706102 0
-349.3902 -165.30684 -7.341702 0
-349.42606 -165.10942 -7.3841977 0
-349.9339 -164.96346 -7.3305745 0
-346.5419 -164.80939 -7.3698273 0
-349.9729 -164.74979 -7.3094254 0
-346.50885 -164.76759 -7.3222227 0
-346.49564 -164.6846 -7.3165579 0
-346.36377 -164.68073 -7.3051481 0
-339.59671 -163.74663 -7.3465338 0
-340.33188 -163.27835 -7.3185725 0
-261.33887 -162.96153 -7.3632636 0
-261.00241 -161.83769 -7.361999 0
-339.90155 -160.6842 -7.3146496 0
-337.84497 -159.96982 -7.3535242 0
-337.76193 -159.94095 -7.3866596 0
-342.13217 -159.74146 -7.3770781 0
-342.23547 -159.66327 -7.3676591 0
-342.30435 -159.47495 -7.3638525 0
-342.59912 -159.13733 -7.3875828 0
-341.50696 -158.94525 -7.3377228 0
-349.83514 -158.68497 -7.3131695 0
-341.86572 -158.5363 -7.3401346 0
-339.71976 -157.88681 -7.3405747 0
-339.51141 -157.63815 -7.3390355 0
-348.58508 -157.13971 -7.3899102 0
-348.35516 -157.17294 -7.3171501 0
-348.55444 -157.06165 -7.3474178 0
-348.49197 -157.04575 -7.3136067 0
-348.45157 -156.91415 -7.3563018 0
-348.36035 -156.92313 -7.3517933 0
-348.3519 -156.8511 -7.3119888 0
-348.19342 -156.86046 -7.3573222 0
-254.00287 -156.86844 -7.3203578 0
-349.89948 -156.50829 -7.3600807 0
-349.71722 -156.20271 -7.3227963 0
-349.53693 -156.29079 -7.367075 0
-349.59521 -156.13673 -7.3917418 0
-349.76108 -156.04195 -7.3745871 0
-349.86563 -155.90668 -7.3829923 0
-349.75192 -155.83221 -7.3700047 0
-349.66959 -155.87827 -7.3593526 0
-349.66403 -155.75339 -7.3460302 0
-349.80386 -155.64317 -7.3816128 0
-349.68549 -155.69662 -7.3422837 0
-256.87198 -155.67844 -7.3734918 0
-341.93048 -155.24025 -7.321352 0
-342.27792 -155.09067 -7.3849006 0
-342.13492 -155.07915 -7.3273911 0
-341.79431 -155.07642 -7.3286052 0
-260.99908 -155.05225 -7.3849792 0
-341.88086 -154.90634 -7.3798504 0
-337.75681 -154.98962 -7.3910537 0
-341.78571 -154.81322 -7.3271432 0
-339.68073 -154.82187 -7.3981705 0
-349.04282 -154.61583 -7.3235111 0
-349.17239 -154.55728 -7.3745947 0
-349.17575 -154.49731 -7.3725224 0
-348.84076 -154.46188 -7.3386626 0
-339.82623 -154.14812 -7.3107109 0
-333.42078 -154.1165 -7.3982878 0
-333.42157 -154.08495 -7.3740482 0
-333.38113 -154.03793 -7.3997526 0
-339.7446 -153.93239 -7.3875265 0
-342.60193 -153.8774 -7.300179 0
-344.12366 -153.64781 -7.328321 0
-340.24408 -153.4173 -7.3682823 0
-341.13937 -153.25682 -7.3205094 0
-340.78818 -153.22684 -7.3409262 0
-340.27954 -153.16838 -7.3934646 0
-337.68057 -153.19926 -7.3033915 0
-258.53769 -153.03294 -7.3393512 0
-343.11884 -152.67429 -7.3286548 0
-342.99481 -152.60963 -7.354197 0
-343.18768 -152.52289 -7.3603826 0
-343.01776 -152.56557 -7.3437176 0
-343.00726 -152.42197 -7.3655019 0
-339.99149 -152.4249 -7.3311396 0
-257.20654 -152.40671 -7.3551884 0
-342.99393 -152.39137 -7.3983335 0
-343.17828 -152.27133 -7.3841944 0
-342.98669 -152.20479 -7.3965492 0
-340.98264 -152.21153 -7.3778424 0
-343.11801 -152.10167 -7.3093953 0
-340.99847 -152.1095 -7.3806076 0
-339.98468 -152.08302 -7.3475657 0
-258.12433 -152.05609 -7.3405862 0
-340.52682 -151.91039 -7.3378754 0
-339.63077 -151.91513 -7.3151827 0
-340.47632 -151.85632 -7.3555484 0
-339.84821 -151.73869 -7.387567 0
-334.41565 -151.52284 -7.3669662 0
-343.16849 -151.44696 -7.3976407 0
-343.40045 -151.39227 -7.3080845 0
-343.38702 -151.32082 -7.3085775 0
-343.45456 -151.21942 -7.3926601 0
-343.40222 -151.16005 -7.3131948 0
-343.4848 -150.95856 -7.3601551 0
-343.50299 -150.85922 -7.3059011 0
-343.33606 -150.72589 -7.3444653 0
-339.95636 -191.29558 -7.2811279 0
-341.05832 -190.57281 -7.2940893 0
-348.89706 -190.30217 -7.211937 0
-340.52747 -190.36247 -7.2455225 0
-348.83441 -190.10251 -7.2563858 0
-348.83151 -189.58354 -7.2931418 0
-349.34283 -189.43849 -7.2759886 0
-344.12878 -189.34024 -7.2916756 0
-340.9014 -189.32091 -7.2148681 0
-349.37476 -189.24075 -7.2413096 0
-343.91479 -189.29434 -7.2446518 0
-348.1929 -189.00412 -7.2768126 0
-346.85651 -189.06343 -7.2248812 0
-346.93741 -188.85423 -7.2628403 0
-346.06485 -188.4986 -7.2844892 0
-345.9054 -188.41173 -7.2815747 0
-348.6929 -187.81042 -7.2161598 0
-348.64136 -187.53525 -7.2273192 0
-348.59195 -187.55908 -7.2251453 0
-348.3161 -187.45609 -7.2397194 0
-344.46597 -186.19736 -7.2950854 0
-337.32141 -185.60452 -7.2890997 0
-347.87265 -184.18671 -7.2534599 0
-346.85486 -183.50269 -7.2000055 0
-348.08719 -183.13705 -7.2890382 0
-348.00146 -183.04524 -7.2885289 0
-346.35938 -182.07686 -7.2439957 0
-349.81757 -181.42569 -7.2902784 0
-346.6319 -181.29329 -7.2838635 0
-342.21606 -180.94693 -7.2238746 0
-346.32983 -180.44598 -7.2276869 0
-341.84781 -180.33978 -7.2195344 0
-344.83359 -179.92142 -7.282639 0
-346.80408 -179.79758 -7.2830606 0
-344.13324 -179.45113 -7.2573533 0
-345.6861 -179.08664 -7.2390623 0
-347.88843 -178.77307 -7.24576 0
-347.23657 -178.77119 -7.2912741 0
-347.27634 -178.6924 -7.2755003 0
-348.87915 -178.48735 -7.2446508 0
-344.66785 -178.2244 -7.2813735 0
-347.46103 -178.00146 -7.2067165 0
-347.36063 -177.94499 -7.2661896 0
-345.095 -177.90266 -7.299089 0
-345.11621 -177.43553 -7.2186608 0
-345.0643 -177.4003 -7.2973471 0
-344.72906 -177.21086 -7.2059255 0
-344.47446 -177.28323 -7.2541971 0
-344.36221 -176.79422 -7.2849855 0
-347.05124 -176.4082 -7.2730675 0
-347.22238 -176.28281 -7.2226386 0
-349.04816 -172.6424 -7.2881789 0
-349.10403 -172.48312 -7.2370477 0
-349.08456 -172.42476 -7.2351952 0
-349.56683 -172.33475 -7.2730241 0
-349.13333 -172.36804 -7.2554555 0
-349.93347 -171.90358 -7.2703137 0
-349.88531 -171.97119 -7.2678566 0
-349.39328 -171.15366 -7.2422757 0
-348.32086 -170.38751 -7.2342062 0
-337.0065 -170.20116 -7.2959557 0
-349.53851 -169.6366 -7.2603455 0
-348.57019 -169.58917 -7.2437458 0
-348.38071 -169.00546 -7.2581263 0
-349.78183 -167.27516 -7.2132883 0
-346.1012 -166.71651 -7.2397313 0
-349.01682 -166.67992 -7.274538 0
-348.98419 -166.65158 -7.2481265 0
-348.76807 -166.43437 -7.2775536 0
-348.72101 -166.20889 -7.2734866 0
-337.32544 -166.24097 -7.2285166 0
-349.10248 -166.19577 -7.2871008 0
-333.51724 -165.57802 -7.2181745 0
-339.50809 -165.0365 -7.2264633 0
-349.97852 -164.73245 -7.2512989 0
-346.54193 -164.75548 -7.2416296 0
-339.72946 -163.77493 -7.2378244 0
-339.53241 -163.63486 -7.218833 0
-340.47278 -163.28145 -7.2163501 0
-340.75449 -162.90868 -7.2432895 0
-340.33322 -162.5601 -7.2916017 0
-337.54916 -161.69032 -7.2185898 0
-254.97368 -161.48604 -7.2554736 0
-345.97141 -160.80569 -7.2944632 0
-339.9863 -160.53456 -7.2629361 0
-337.62381 -160.47629 -7.29461 0
-342.24667 -159.70406 -7.2983422 0
-342.40173 -159.4868 -7.2695365 0
-342.51971 -159.38977 -7.2445898 0
-342.43466 -159.39819 -7.2767181 0
-341.8208 -159.37164 -7.2967587 0
-349.97867 -159.2103 -7.2336283 0
-342.46381 -159.24501 -7.2201791 0
-342.38928 -159.26033 -7.2528367 0
-342.24561 -159.00604 -7.2165222 0
-251.94049 -159.07616 -7.2024512 0
-252.86497 -158.9104 -7.2492242 0
-349.9162 -158.8674 -7.2292571 0
-341.37708 -158.88203 -7.2638264 0
-341.31589 -158.76692 -7.2806602 0
-339.70612 -157.83966 -7.2013206 0
-339.67935 -157.8692 -7.2465787 0
-348.69147 -157.20964 -7.2533011 0
-348.68683 -157.19991 -7.2159204 0
-348.47379 -157.15736 -7.2136726 0
-348.47287 -157.02791 -7.2220211 0
-349.99402 -156.5872 -7.2688336 0
-349.83627 -156.44548 -7.2345047 0
-256.05936 -156.30615 -7.2463026 0
-252.35236 -156.31233 -7.2204614 0
-256.16617 -156.2756 -7.2468243 0
-256.38223 -155.909 -7.2900615 0
-256.21408 -155.77231 -7.2997317 0
-256.14731 -155.73697 -7.2633152 0
-340.28464 -155.4034 -7.239388 0
-342.21884 -155.19339 -7.2773604 0
-349.0231 -155.09621 -7.2085009 0
-341.84531 -155.04076 -7.2887249 0
-341.99344 -154.97951 -7.2645864 0
-341.81512 -154.97282 -7.2892723 0
-341.80963 -154.89803 -7.2942624 0
-341.65924 -154.81714 -7.2173805 0
-341.86606 -154.72096 -7.2666583 0
-348.88699 -154.672 -7.2637005 0
-348.99118 -154.53746 -7.2830324 0
-348.7988 -154.51089 -7.2940192 0
-349.49066 -154.46819 -7.2006741 0
-349.01459 -154.42377 -7.2144675 0
-339.86264 -154.43665 -7.2756224 0
-339.85309 -154.35013 -7.2973251 0
-342.4971 -154.16409 -7.2064371 0
-339.62329 -153.68353 -7.2861595 0
-344.17737 -153.52621 -7.2965875 0
-333.31024 -153.54172 -7.2140827 0
-340.76154 -153.4691 -7.2734995 0
-340.52332 -153.30429 -7.205555 0
-337.80365 -153.31224 -7.2888637 0
-340.8287 -153.26714 -7.2959509 0
-341.01984 -153.1337 -7.2547998 0
-340.09711 -152.6218 -7.2136741 0
-340.7713 -152.56516 -7.2981691 0
-340.9295 -152.4182 -7.2041216 0
-340.61224 -152.45453 -7.2815881 0
-343.11276 -152.37279 -7.2858033 0
-343.0517 -152.36584 -7.2860627 0
-340.85138 -152.39027 -7.2818017 0
-340.69864 -152.34492 -7.232614 0
-256.55933 -152.33313 -7.2862992 0
-343.15366 -152.20183 -7.2847762 0
-340.63806 -152.23167 -7.2945542 0
-340.47214 -152.18333 -7.2790918 0
-340.46735 -151.81017 -7.2944317 0
-340.56561 -151.68744 -7.2755837 0
-334.28998 -151.60033 -7.2114501 0
-334.34332 -151.48068 -7.2975383 0
-343.2951 -151.39052 -7.2824211 0
-343.47318 -151.20995 -7.2197275 0
-343.43124 -150.98941 -7.2172265 0
-343.40881 -150.8976 -7.2040901 0
-343.38812 -150.83307 -7.2046847 0
-343.36282 -150.73167 -7.212832 0
-342.78876 -150.1944 -7.2394447 0
-342.25262 -202.71765 -7.1337538 0
-342.22574 -202.26546 -7.1656179 0
-332.81915 -199.55522 -7.1359076 0
-348.11456 -191.18787 -7.1365681 0
-336.9407 -190.56303 -7.1977534 0
-348.71597 -190.25139 -7.1924133 0
-341.30112 -190.05844 -7.1793861 0
-349.26477 -189.91263 -7.1115417 0
-341.02713 -189.93307 -7.1630177 0
-349.26541 -189.7718 -7.1026039 0
-343.79468 -189.64865 -7.1549325 0
-340.90558 -189.31683 -7.1137333 0
-340.79227 -189.26273 -7.1972027 0
-349.06598 -189.16841 -7.1069045 0
-348.65704 -189.12329 -7.142745 0
-348.0625 -189.08505 -7.1371341 0
-348.46658 -188.96011 -7.1529989 0
-348.17657 -188.67702 -7.1563964 0
-346.74307 -188.61198 -7.1264801 0
-346.42374 -188.57681 -7.1718121 0
-348.78122 -188.46985 -7.1606007 0
-346.43481 -188.41516 -7.1931767 0
-346.98444 -188.27646 -7.1665854 0
-346.75168 -188.12164 -7.1797466 0
-348.47675 -188.08612 -7.1446486 0
-348.26126 -187.73538 -7.1126184 0
-344.56357 -186.40724 -7.1069069 0
-344.48468 -186.41988 -7.1909704 0
-346.62778 -185.62468 -7.1218305 0
-346.73383 -185.43007 -7.1282187 0
-347.89407 -182.22984 -7.1121364 0
-342.11453 -181.19675 -7.1054873 0
-346.76288 -180.95309 -7.1085281 0
-345.77396 -180.82037 -7.147687 0
-346.17352 -180.20595 -7.1361914 0
-346.11578 -180.18033 -7.1488791 0
-346.44202 -179.98917 -7.19101 0
-346.04141 -179.94215 -7.1728973 0
-347.92203 -179.71515 -7.1391749 0
-345.60059 -179.10242 -7.1867223 0
-345.67505 -179.04202 -7.1430998 0
-346.69427 -178.85194 -7.1675839 0
-345.0704 -177.65775 -7.1798291 0
-344.95914 -177.64745 -7.1052966 0
-345.36105 -177.48952 -7.1011248 0
-345.30423 -177.35567 -7.1136427 0
-345.22464 -177.2928 -7.1089497 0
-344.66241 -177.14058 -7.1780119 0
-347.12756 -176.41168 -7.1203117 0
-338.8259 -175.50159 -7.1266155 0
-338.72205 -175.2977 -7.1170173 0
-349.42828 -172.22781 -7.1309233 0
-349.10812 -172.29579 -7.1119089 0
-349.0802 -172.1349 -7.1199532 0
-349.67352 -172.02357 -7.1448479 0
-349.73517 -171.83804 -7.1211858 0
-349.83536 -171.73677 -7.1200986 0
-349.75455 -171.7813 -7.1139569 0
-347.81897 -171.74109 -7.1973343 0
-347.61612 -171.70332 -7.1281676 0
-349.8335 -171.66797 -7.105629 0
-336.65884 -171.45497 -7.1068845 0
-349.98654 -171.35506 -7.103756 0
-348.21191 -170.39871 -7.1385832 0
-348.16415 -170.36708 -7.1928463 0
-349.32986 -169.95648 -7.1611314 0
-348.39661 -169.37495 -7.1668396 0
-348.85867 -169.26993 -7.1808848 0
-348.69376 -169.26906 -7.1031656 0
-347.76788 -169.07796 -7.1411891 0
-349.92624 -167.11617 -7.1320839 0
-346.23068 -166.85292 -7.186882 0
-346.51447 -166.72296 -7.1453352 0
-348.87775 -166.48799 -7.1535892 0
-348.85187 -166.26117 -7.1756902 0
-349.63727 -165.61858 -7.1377015 0
-339.60303 -165.08463 -7.163146 0
-339.64893 -164.95184 -7.182641 0
-346.47736 -164.72926 -7.1210632 0
-347.47894 -164.51364 -7.1422019 0
-340.64935 -163.64871 -7.1367168 0
-340.0144 -163.67236 -7.1987104 0
-339.42181 -163.63245 -7.1357059 0
-258.8999 -163.39636 -7.1855526 0
-340.87283 -162.72255 -7.1087546 0
-339.81683 -160.82741 -7.1522365 0
-251.27173 -160.55067 -7.1768889 0
-339.96228 -160.22107 -7.1253743 0
-339.47446 -160.14839 -7.1411848 0
-251.03804 -160.12823 -7.1758595 0
-338.21643 -160.05014 -7.1132827 0
-342.50998 -159.42212 -7.1952648 0
-342.45062 -159.12968 -7.1224117 0
-337.58405 -159.13716 -7.1434102 0
-337.55334 -159.01689 -7.1901073 0
-349.72952 -158.5584 -7.1997423 0
-339.62195 -157.6562 -7.1672425 0
-348.42117 -156.94345 -7.1962366 0
-348.40747 -156.87267 -7.1870408 0
-348.17493 -156.81549 -7.1779566 0
-349.47308 -156.6149 -7.1348848 0
-349.60611 -156.5034 -7.1481357 0
-261.24695 -155.66026 -7.1148691 0
-348.92175 -155.01193 -7.1281891 0
-348.44815 -155.0257 -7.1088729 0
-341.67538 -155.00299 -7.1377287 0
-349.02206 -154.955 -7.1583676 0
-348.47162 -154.97713 -7.185174 0
-349.25174 -154.82536 -7.1226525 0
-348.96304 -154.71523 -7.1997128 0
-348.72693 -154.71896 -7.1144562 0
-342.79565 -154.77371 -7.117167 0
-341.89645 -154.70602 -7.1877465 0
-341.522 -154.74475 -7.1509471 0
-349.61823 -154.67706 -7.1220479 0
-348.99292 -154.5575 -7.196569 0
-339.87256 -154.51764 -7.1208396 0
-342.73541 -154.45338 -7.1010818 0
-342.02271 -154.31973 -7.1218839 0
-342.3439 -153.89812 -7.1107063 0
-340.5712 -153.82306 -7.1215386 0
-342.50131 -153.76151 -7.1441412 0
-340.5285 -153.35519 -7.1527505 0
-337.66229 -153.27954 -7.1541314 0
-340.73361 -152.76712 -7.1110139 0
-340.91849 -152.69833 -7.1263614 0
-340.62433 -152.62732 -7.1198554 0
-340.76917 -152.54424 -7.1576657 0
-340.73679 -152.4158 -7.1024094 0
-340.71121 -152.29652 -7.1418085 0
-340.38297 -151.82866 -7.1718984 0
-343.4812 -151.07698 -7.193265 0
-341.93781 -150.89781 -7.1649914 0
-343.28622 -150.65477 -7.191381 0
-307.93069 -150.27412 -7.1132922 0
-342.77249 -150.09103 -7.108016 0
-338.34961 -203.25522 -7.0989962 0
-342.1337 -202.22363 -7.0603971 0
-341.68292 -201.13414 -7.0920744 0
-333.12357 -197.88026 -7.0525761 0
-344.42725 -190.4223 -7.076808 0
-349.33463 -189.97498 -7.0952392 0
-349.33481 -189.86595 -7.0104723 0
-348.93863 -189.61464 -7.0122323 0
-348.30823 -189.57806 -7.09095 0
-348.99863 -189.44891 -7.054534 0
-348.9425 -189.27115 -7.0309806 0
-340.64111 -189.10393 -7.0121894 0
-349.01984 -188.99915 -7.0273566 0
-340.52078 -188.97659 -7.0149632 0
-348.99686 -188.72093 -7.0080819 0
-348.29703 -188.64143 -7.0272908 0
-348.14005 -188.61937 -7.0284653 0
-346.73441 -188.64651 -7.0445223 0
-348.9519 -188.54842 -7.0705075 0
-348.90146 -188.46449 -7.0826893 0
-348.89185 -188.46028 -7.0352645 0
-348.48611 -188.49858 -7.0585651 0
-348.00116 -188.43414 -7.0094585 0
-336.71399 -188.11462 -7.0025282 0
-347.29449 -187.90865 -7.0746746 0
-348.33118 -187.89606 -7.0877566 0
-348.16428 -187.8674 -7.0532875 0
-347.23431 -187.78705 -7.0660324 0
-344.56616 -186.41272 -7.0331082 0
-344.46014 -186.39896 -7.0187325 0
-346.77719 -185.70189 -7.0373983 0
-346.8165 -182.67516 -7.0371494 0
-347.86243 -182.20857 -7.0399356 0
-348.17731 -182.11015 -7.0632124 0
-345.29312 -181.7991 -7.0954943 0
-342.04761 -181.04324 -7.0656276 0
-345.73444 -180.838 -7.0297537 0
-337.12497 -178.87099 -7.0654836 0
-347.56509 -177.96211 -7.0425811 0
-347.12833 -177.99957 -7.0291042 0
-345.21021 -177.84973 -7.0163383 0
-345.34424 -177.7664 -7.0565791 0
-345.11118 -177.76114 -7.0419245 0
-345.26019 -177.56169 -7.0708356 0
-344.45068 -177.35812 -7.0565252 0
-344.3522 -177.26498 -7.0911341 0
-338.82153 -175.66438 -7.0636225 0
-338.87796 -175.4402 -7.092917 0
-349.88751 -172.14352 -7.0689373 0
-349.78677 -172.13808 -7.0988717 0
-349.8158 -172.09608 -7.049695 0
-348.55511 -171.96051 -7.017364 0
-349.95465 -171.56258 -7.0814633 0
-336.6142 -171.53444 -7.087832 0
-348.95825 -171.34357 -7.0147123 0
-348.9101 -170.01109 -7.0323825 0
-349.4834 -169.93546 -7.0835552 0
-349.18188 -169.4884 -7.0066004 0
-348.86404 -169.46347 -7.0666032 0
-347.75964 -168.93394 -7.0299873 0
-341.8812 -168.98146 -7.0524631 0
-341.81876 -168.61232 -7.0213742 0
-342.07812 -168.5974 -7.0347576 0
-341.92889 -168.59607 -7.0540419 0
-349.94891 -167.05516 -7.0396867 0
-346.33307 -166.62589 -7.0942917 0
-349.25171 -166.57909 -7.0616255 0
-348.96909 -166.5753 -7.071444 0
-348.89819 -166.55278 -7.0529084 0
-348.86923 -166.31845 -7.0011597 0
-348.76083 -166.33823 -7.0457158 0
-349.10931 -166.19687 -7.0320425 0
-348.95248 -166.02742 -7.0516491 0
-347.32248 -164.60539 -7.0864582 0
-346.89001 -164.61958 -7.0337601 0
-346.46628 -164.65509 -7.0266657 0
-346.39865 -164.64244 -7.0404205 0
-339.82974 -163.20979 -7.0089374 0
-340.25226 -162.10541 -7.0632772 0
-337.43661 -161.71733 -7.0280557 0
-340.40787 -161.58958 -7.049109 0
-340.30508 -161.49924 -7.0526896 0
-340.20386 -161.47495 -7.0646973 0
-339.59561 -160.5773 -7.044549 0
-339.76642 -160.34151 -7.0082793 0
-340.10114 -160.27022 -7.0649633 0
-339.328 -160.27492 -7.0010128 0
-340.16479 -160.17175 -7.0815506 0
-340.04288 -160.12105 -7.0441241 0
-339.62933 -160.13992 -7.0342302 0
-339.5029 -160.11263 -7.0933061 0
-339.44147 -159.88432 -7.0406857 0
-339.56015 -159.70166 -7.0562701 0
-339.76633 -159.65521 -7.0823851 0
-337.55225 -159.13564 -7.0607214 0
-349.31888 -158.10715 -7.0672593 0
-339.48068 -157.70891 -7.0692501 0
-348.86047 -157.56047 -7.0266304 0
-348.7381 -157.42249 -7.0313148 0
-348.54065 -157.13493 -7.0467072 0
-348.56079 -157.05411 -7.0098076 0
-348.61343 -156.92873 -7.0668488 0
-348.46329 -156.98666 -7.0298362 0
-348.13028 -156.93594 -7.0370831 0
-348.08026 -156.96242 -7.0563087 0
-349.83563 -156.80846 -7.0983844 0
-348.22595 -156.86234 -7.0657043 0
-349.35315 -156.08092 -7.0220385 0
-348.99307 -155.81129 -7.0351782 0
-340.25443 -155.31903 -7.0471425 0
-341.52084 -155.24294 -7.0035157 0
-340.40414 -155.20929 -7.0908818 0
-348.72049 -154.95917 -7.0932236 0
-341.65234 -154.94801 -7.0679741 0
-339.43933 -154.91428 -7.0080895 0
-337.74728 -154.94482 -7.0306191 0
-337.72809 -154.84422 -7.0878325 0
-349.60306 -154.77139 -7.0039043 0
-341.95972 -154.66655 -7.0545692 0
-339.73154 -154.64458 -7.0443892 0
-339.56131 -154.62645 -7.0628972 0
-342.69012 -154.55618 -7.0396423 0
-342.19775 -154.55734 -7.0242224 0
-339.62573 -154.50862 -7.0201111 0
-342.74188 -154.45802 -7.0444374 0
-342.67963 -154.46182 -7.053246 0
-341.30185 -154.4949 -7.0974979 0
-339.9252 -154.44456 -7.0417247 0
-342.67163 -154.29567 -7.025547 0
-340.82687 -154.26039 -7.0331154 0
-342.47122 -154.1474 -7.0576816 0
-340.49265 -154.09671 -7.025043 0
-340.5405 -153.94759 -7.0896606 0
-339.54492 -153.97559 -7.0663061 0
-340.50497 -153.8584 -7.031857 0
-339.56271 -153.76558 -7.0654926 0
-340.54413 -153.65886 -7.0675521 0
-339.79666 -153.69308 -7.0715809 0
-258.27051 -153.30156 -7.097137 0
-340.47488 -152.88922 -7.028769 0
-257.23477 -152.71956 -7.075686 0
-342.73282 -152.25902 -7.0434413 0
-340.62524 -152.27126 -7.0617719 0
-256.80521 -152.27286 -7.0782437 0
-340.48563 -152.08005 -7.0929351 0
-334.37933 -151.57684 -7.0591178 0
-343.04437 -150.89474 -7.0345531 0
-262.18842 -150.88326 -7.0195107 0
-323.12863 -228.4577 -6.9469361 0
-349.93539 -212.22052 -6.9559312 0
-349.04849 -212.04483 -6.9067287 0
-348.55298 -211.81303 -6.9127297 0
-333.83386 -209.15775 -6.9375391 0
-337.22195 -202.81505 -6.9453473 0
-342.37039 -202.63579 -6.9008794 0
-332.89542 -201.74808 -6.9253874 0
-341.84158 -201.11879 -6.9896188 0
-341.78244 -201.18776 -6.9294267 0
-348.39621 -191.38013 -6.9695182 0
-348.14716 -191.02292 -6.9517093 0
-347.9921 -190.97229 -6.9510417 0
-348.05725 -190.80763 -6.9154148 0
-340.9313 -190.71127 -6.98841 0
-344.33261 -190.48654 -6.9674282 0
-349.61377 -189.66484 -6.9011321 0
-349.4343 -189.69043 -6.9602604 0
-348.8992 -189.6315 -6.9302635 0
-349.43723 -189.52475 -6.9841523 0
-348.86148 -189.52817 -6.9383912 0
-349.34421 -189.43219 -6.9798598 0
-343.6459 -189.45003 -6.9052596 0
-348.97577 -189.39371 -6.9556327 0
-348.633 -189.3806 -6.9258533 0
-348.68692 -189.21098 -6.9257832 0
-348.36984 -189.02557 -6.9427114 0
-348.23926 -189.06427 -6.9109302 0
-340.83667 -189.06895 -6.9806852 0
-349.01566 -188.95055 -6.9986567 0
-348.89795 -188.92146 -6.957726 0
-347.96768 -188.96793 -6.9245954 0
-340.81476 -188.97169 -6.9405251 0
-348.31778 -188.80215 -6.9766407 0
-340.53113 -188.86142 -6.9866138 0
-348.12076 -188.79585 -6.9947567 0
-346.22379 -188.77103 -6.923449 0
-348.75238 -188.6617 -6.9602308 0
-349.06787 -188.54144 -6.9435782 0
-346.29974 -188.53641 -6.9896727 0
-348.6394 -188.49034 -6.9223933 0
-346.19669 -188.42062 -6.9557161 0
-348.9357 -188.35822 -6.9329028 0
-348.89499 -188.38809 -6.9263954 0
-347.26651 -187.99068 -6.9893341 0
-348.12582 -187.87527 -6.9234257 0
-347.25729 -187.86205 -6.9826441 0
-344.58893 -186.33949 -6.9849195 0
-346.67334 -185.73611 -6.9292998 0
-338.51898 -184.08701 -6.9519315 0
-346.35782 -183.14873 -6.9988303 0
-342.73648 -181.03755 -6.9444866 0
-342.6293 -180.83386 -6.9363575 0
-337.18256 -178.91176 -6.9389801 0
-345.62662 -178.823 -6.9606104 0
-347.73096 -178.00629 -6.9795246 0
-347.55716 -177.85065 -6.9188604 0
-345.30173 -177.7119 -6.9677572 0
-344.37997 -177.62576 -6.9482355 0
-344.22418 -177.31744 -6.9631424 0
-344.17169 -177.26347 -6.945786 0
-338.88736 -175.59413 -6.9992352 0
-338.52255 -175.39069 -6.970613 0
-349.11795 -172.04097 -6.9269667 0
-348.84946 -172.04962 -6.9816604 0
-349.19351 -171.99272 -6.9334111 0
-347.88568 -171.80103 -6.9007888 0
-349.95486 -171.78114 -6.9507341 0
-349.66946 -171.75342 -6.9311132 0
-347.5686 -171.64865 -6.9841914 0
-336.60449 -171.38321 -6.9986782 0
-349.9299 -171.1882 -6.9615383 0
-348.97812 -171.09239 -6.9199209 0
-348.98834 -170.84824 -6.9329753 0
-348.90869 -170.60194 -6.918716 0
-349.35022 -169.59503 -6.9691811 0
-349.03314 -169.36481 -6.9876776 0
-347.72778 -168.94225 -6.9745564 0
-341.81012 -168.66364 -6.9305921 0
-349.97693 -167.05687 -6.934732 0
-349.88309 -167.01538 -6.9155092 0
-349.90314 -166.78448 -6.9891262 0
-346.40363 -166.63402 -6.9231339 0
-348.91653 -166.59688 -6.9867635 0
-348.93802 -166.48006 -6.9741192 0
-348.87286 -166.40691 -6.9180517 0
-348.7731 -166.36046 -6.9277444 0
-337.2825 -166.24751 -6.9136291 0
-337.22974 -166.13832 -6.9692216 0
-346.44678 -164.66573 -6.9342809 0
-346.50797 -164.53174 -6.9350753 0
-340.23126 -163.74281 -6.9145527 0
-340.63348 -163.59724 -6.9854221 0
-339.74289 -163.39984 -6.9768372 0
-339.79132 -162.91293 -6.977067 0
-339.55661 -162.77769 -6.9599614 0
-339.74582 -162.64844 -6.920289 0
-340.82767 -162.57222 -6.9359121 0
-340.85342 -162.2162 -6.9432149 0
-338.50818 -162.1781 -6.9666619 0
-340.71075 -161.67143 -6.9880624 0
-340.34729 -161.54283 -6.9350424 0
-340.29858 -161.52019 -6.9354572 0
-340.09784 -160.90398 -6.9223413 0
-334.27991 -160.98239 -6.9847169 0
-251.2439 -160.85202 -6.9026408 0
-339.90237 -160.65797 -6.930254 0
-339.87909 -160.67587 -6.9514484 0
-339.99918 -160.24738 -6.9397883 0
-339.86426 -160.214 -6.9049764 0
-340.15054 -160.14728 -6.9611893 0
-339.52753 -159.95204 -6.9407144 0
-339.97961 -159.83572 -6.9373965 0
-339.64371 -159.771 -6.9065704 0
-339.55429 -159.64638 -6.9032726 0
-339.57492 -159.59435 -6.9933925 0
-349.43903 -159.45317 -6.9223075 0
-337.59818 -159.23241 -6.9497261 0
-337.6618 -159.17639 -6.9968672 0
-337.56589 -159.11548 -6.9052095 0
-348.96027 -157.47623 -6.986856 0
-348.48672 -157.20265 -6.9959331 0
-348.51682 -157.14777 -6.9613509 0
-349.17963 -156.91919 -6.9219484 0
-349.03699 -156.95416 -6.9343996 0
-348.97079 -156.91028 -6.9177589 0
-348.47757 -156.91389 -6.9114776 0
-348.32391 -156.92113 -6.989006 0
-348.41336 -156.82393 -6.9386935 0
-342.34006 -156.88937 -6.9321494 0
-348.43195 -156.7794 -6.9702001 0
-349.61765 -156.47511 -6.9699526 0
-339.67633 -155.3047 -6.9308982 0
-339.52945 -155.28754 -6.9384346 0
-348.77234 -155.08627 -6.9127493 0
-348.80902 -154.96025 -6.9301624 0
-341.0459 -154.96371 -6.9496627 0
-340.99631 -154.8974 -6.9405322 0
-341.05438 -154.6272 -6.9547443 0
-342.07364 -154.5182 -6.9477587 0
-342.47751 -154.38475 -6.9898896 0
-342.17926 -154.35173 -6.9556627 0
-342.42285 -154.11716 -6.9047437 0
-340.77805 -154.16447 -6.9187841 0
-333.32971 -154.12723 -6.9827285 0
-344.327 -153.85641 -6.9665971 0
-340.33331 -153.60834 -6.9667473 0
-337.7605 -153.34912 -6.9614053 0
-337.66183 -153.32359 -6.9836335 0
-337.86023 -153.25096 -6.9938555 0
-340.49826 -152.98195 -6.9607668 0
-340.78873 -152.47488 -6.9823737 0
-340.45358 -152.25398 -6.9500403 0
-342.60501 -152.04184 -6.9573059 0
-341.05917 -151.98557 -6.9835963 0
-340.93011 -151.95836 -6.9366856 0
-340.46552 -151.94139 -6.9796734 0
-340.50342 -151.82513 -6.9479294 0
-340.4772 -151.89816 -6.9019451 0
-341.01871 -151.7254 -6.9807763 0
-340.51801 -151.74483 -6.9264436 0
-340.99991 -151.68193 -6.984796 0
-334.31351 -151.52495 -6.9990153 0
-334.24915 -151.49959 -6.921309 0
-342.91104 -151.04454 -6.9328003 0
-341.65225 -150.91493 -6.9048686 0
-342.55603 -150.63799 -6.9250984 0
-328.33585 -150.68529 -6.9039392 0
-349.08289 -212.20624 -6.8060293 0
-349.23782 -212.17883 -6.8339629 0
-349.08029 -212.15674 -6.8466187 0
-348.34619 -211.59813 -6.8646679 0
-337.25616 -202.63719 -6.8899207 0
-341.94385 -202.26521 -6.8637066 0
-341.76358 -201.16273 -6.8141203 0
-341.83466 -201.01649 -6.861299 0
-341.53015 -200.87187 -6.8037286 0
-347.92679 -190.88377 -6.8087111 0
-344.35947 -190.55232 -6.8925848 0
-340.73898 -189.20543 -6.8256879 0
-349.16653 -189.12794 -6.8274169 0
-348.89325 -189.12563 -6.8075938 0
-341.04083 -188.952 -6.8320117 0
-349.08383 -188.87932 -6.8801284 0
-349.02725 -188.77451 -6.8923178 0
-348.93448 -188.76015 -6.8631501 0
-348.52731 -188.66757 -6.8823824 0
-340.23157 -188.61205 -6.8662457 0
-346.2767 -188.44598 -6.886723 0
-345.98901 -188.31715 -6.8902087 0
-347.6824 -188.1604 -6.8345942 0
-346.28741 -188.1291 -6.8202682 0
-346.68094 -188.08109 -6.8749113 0
-346.20215 -188.0159 -6.8839741 0
-347.04666 -187.86775 -6.8072639 0
-344.51053 -186.42952 -6.8067613 0
-347.2522 -186.08968 -6.879066 0
-348.27246 -182.88837 -6.8191938 0
-346.41516 -182.21465 -6.8643699 0
-345.75854 -180.90654 -6.8923464 0
-347.7153 -178.01199 -6.8966084 0
-347.33099 -177.90804 -6.8304172 0
-344.40054 -177.75873 -6.8615685 0
-335.27847 -174.53221 -6.8694763 0
-349.14145 -171.96986 -6.8533111 0
-336.54672 -171.34198 -6.8106346 0
-348.94772 -170.68626 -6.8881655 0
-337.41367 -169.14832 -6.8264103 0
-341.75552 -168.64604 -6.8186893 0
-341.4209 -168.04614 -6.8400059 0
-341.37277 -167.91272 -6.8297782 0
-349.89267 -167.18166 -6.8100104 0
-340.60129 -167.18669 -6.850563 0
-349.95102 -167.08348 -6.8552895 0
-349.87357 -167.03502 -6.8318944 0
-346.34909 -166.88681 -6.8584929 0
-348.84705 -166.62993 -6.8860259 0
-348.92728 -166.5009 -6.8441958 0
-348.96017 -166.49435 -6.8515086 0
-346.52167 -164.71031 -6.8525329 0
-346.53339 -164.6714 -6.865016 0
-346.42682 -164.69582 -6.8574324 0
-339.91022 -163.89612 -6.8536868 0
-333.83459 -163.35002 -6.8865499 0
-340.7767 -162.66122 -6.8781571 0
-341.10623 -162.43964 -6.8298535 0
-341.06024 -162.40802 -6.8149524 0
-340.68103 -162.01852 -6.831892 0
-337.41687 -161.76738 -6.8351154 0
-340.41934 -161.51834 -6.8633947 0
-340.38312 -161.52766 -6.8571153 0
-340.1803 -161.42796 -6.8156214 0
-340.24814 -160.61732 -6.8898888 0
-340.05127 -160.47792 -6.8696241 0
-349.67343 -160.19539 -6.8942261 0
-340.05072 -160.13228 -6.817246 0
-252.03058 -160.10274 -6.8174481 0
-339.9899 -160.03224 -6.80303 0
-339.85815 -159.8019 -6.8899841 0
-349.68774 -159.72763 -6.887363 0
-349.53665 -159.78867 -6.8915668 0
-339.55972 -159.77322 -6.8845811 0
-338.69345 -159.74858 -6.8105145 0
-349.57867 -159.6776 -6.8360882 0
-349.42676 -159.51569 -6.8028092 0
-339.79559 -159.59277 -6.8593202 0
-337.55643 -159.09654 -6.8876357 0
-339.57007 -157.80104 -6.8218431 0
-339.62738 -157.7742 -6.8207803 0
-348.53922 -156.92595 -6.8774762 0
-348.31403 -156.84103 -6.8636627 0
-342.07541 -156.81009 -6.8438039 0
-348.91333 -156.7016 -6.89187 0
-349.22357 -156.5601 -6.8218794 0
-349.11346 -156.5683 -6.8137331 0
-349.53302 -156.40147 -6.849535 0
-348.59198 -155.14471 -6.8730245 0
-340.9101 -155.07564 -6.820435 0
-340.89346 -154.97333 -6.8931761 0
-341.05832 -154.87898 -6.8148808 0
-341.12784 -154.71773 -6.8856153 0
-340.74033 -154.76997 -6.8221436 0
-341.07333 -154.66783 -6.8077879 0
-340.86298 -154.61766 -6.8430648 0
-341.96573 -154.57301 -6.8109331 0
-342.34235 -154.34566 -6.8707242 0
-342.16321 -154.23079 -6.8780899 0
-342.10135 -154.13008 -6.8834963 0
-340.22034 -154.18034 -6.8961043 0
-339.60812 -153.75397 -6.8453465 0
-340.59833 -153.60629 -6.8843832 0
-339.7262 -153.46152 -6.8567476 0
-337.64603 -153.21848 -6.8140998 0
-340.87854 -152.03404 -6.8875542 0
-342.59326 -151.97528 -6.8189282 0
-341.24069 -151.83737 -6.8988161 0
-341.09979 -151.81534 -6.8675718 0
-340.478 -151.80835 -6.8726573 0
-341.18723 -151.72868 -6.8149819 0
-340.65076 -151.75642 -6.8418894 0
-341.06937 -151.69043 -6.87327 0
-340.66806 -151.66658 -6.82128 0
-334.35645 -151.52017 -6.8400178 0
-334.20093 -151.4151 -6.8670354 0
-340.80594 -151.38754 -6.8903589 0
-342.83029 -151.10887 -6.8139043 0
-340.9711 -150.87813 -6.8786583 0
-348.80353 -212.86198 -6.7648597 0
-348.68005 -212.61229 -6.7621293 0
-349.39078 -212.36896 -6.7447333 0
-349.15948 -212.16069 -6.749248 0
-349.05511 -212.18848 -6.7855802 0
-334.30371 -203.10437 -6.715981 0
-334.30865 -203.08446 -6.7594786 0
-342.16357 -202.97711 -6.7137375 0
-342.07849 -202.86281 -6.7407956 0
-341.99423 -202.23999 -6.7727652 0
-341.43216 -200.92053 -6.7269788 0
-341.48773 -196.41028 -6.772274 0
-348.19525 -190.8495 -6.7640696 0
-336.92551 -190.61478 -6.7527847 0
-344.44186 -190.43658 -6.7055717 0
-344.29843 -190.40417 -6.7828445 0
-348.97266 -189.73953 -6.7087712 0
-348.79199 -189.44646 -6.7357264 0
-340.28079 -189.41574 -6.7134638 0
-348.23636 -189.03113 -6.7331405 0
-347.4086 -188.40312 -6.7581658 0
-348.91214 -188.36122 -6.7798495 0
-347.37564 -188.22969 -6.7740483 0
-346.14844 -188.15407 -6.7972598 0
-336.61429 -188.12927 -6.7077479 0
-347.30005 -188.01231 -6.727304 0
-347.18674 -188.03331 -6.7308807 0
-347.44443 -187.75697 -6.7097707 0
-347.10031 -187.73624 -6.7933435 0
-346.54449 -187.64017 -6.7965798 0
-346.45026 -187.62276 -6.7897258 0
-339.01773 -182.80763 -6.7181959 0
-345.7092 -179.05261 -6.7795205 0
-337.16925 -178.96391 -6.7541318 0
-347.86157 -178.03596 -6.7812896 0
-344.32083 -177.05417 -6.7287149 0
-338.79007 -175.52173 -6.7040482 0
-338.64627 -175.30472 -6.7059045 0
-347.64148 -171.96472 -6.738194 0
-349.58044 -171.76172 -6.7748585 0
-347.63635 -171.76463 -6.7568517 0
-339.8013 -170.40619 -6.707953 0
-348.99142 -170.39589 -6.7162676 0
-341.5787 -170.30263 -6.7148366 0
-341.44843 -170.20229 -6.7305684 0
-341.31418 -169.99402 -6.7938299 0
-337.58325 -169.27516 -6.7637663 0
-337.43854 -169.20403 -6.7389326 0
-341.66101 -169.09454 -6.7289753 0
-347.79797 -168.90701 -6.7589064 0
-347.66739 -168.91855 -6.7083778 0
-348.3609 -168.8231 -6.7604866 0
-341.85077 -168.88777 -6.7828484 0
-340.19983 -168.84619 -6.7904792 0
-341.64789 -168.66118 -6.7890978 0
-341.07007 -167.76581 -6.7660275 0
-340.85934 -167.34109 -6.7835922 0
-349.90433 -167.13885 -6.7318888 0
-349.44943 -166.73451 -6.7068715 0
-346.37347 -166.78236 -6.7898455 0
-349.22556 -166.66243 -6.7553129 0
-349.06534 -166.55806 -6.7132807 0
-337.33066 -166.27977 -6.7027621 0
-346.60666 -164.64438 -6.7565079 0
-338.97589 -163.82744 -6.7184138 0
-340.18457 -163.71562 -6.7001724 0
-341.27087 -163.16011 -6.7840004 0
-339.77649 -163.17586 -6.7639565 0
-341.11597 -163.04845 -6.7300658 0
-339.76895 -162.67804 -6.796782 0
-340.86227 -162.30365 -6.7979031 0
-340.43811 -162.33287 -6.7330284 0
-339.47073 -162.06387 -6.7687945 0
-339.22131 -161.74284 -6.7571468 0
-340.34113 -161.68867 -6.7353745 0
-340.42941 -161.52455 -6.7139306 0
-340.3399 -161.50536 -6.7032824 0
-339.88348 -160.40269 -6.7034574 0
-254.01248 -160.12065 -6.7019053 0
-340.14185 -160.0157 -6.7541614 0
-340.07974 -160.07161 -6.7211084 0
-339.78824 -160.03731 -6.737452 0
-349.40332 -159.28575 -6.7838778 0
-349.21371 -159.05345 -6.7446637 0
-339.64038 -157.82042 -6.792366 0
-339.54742 -157.70093 -6.7312179 0
-253.01733 -157.74194 -6.7404346 0
-339.61954 -157.65445 -6.7609596 0
-339.44769 -157.66608 -6.7415118 0
-342.13809 -157.43604 -6.7810869 0
-349.05255 -157.05727 -6.7876101 0
-348.57111 -157.01416 -6.793077 0
-348.43216 -157.04654 -6.7641373 0
-349.91431 -156.99052 -6.7045016 0
-348.4646 -156.93269 -6.7474089 0
-348.38171 -156.95067 -6.7400627 0
-348.89719 -156.82747 -6.7084575 0
-348.44009 -156.85248 -6.7415123 0
-348.31116 -156.84003 -6.7200961 0
-348.24808 -156.82574 -6.74614 0
-348.84662 -156.72047 -6.717617 0
-348.70956 -156.78006 -6.7059112 0
-348.6687 -155.46536 -6.7655249 0
-340.92316 -155.30583 -6.7630682 0
-340.58203 -155.22034 -6.7157273 0
-349.41605 -155.17538 -6.7977362 0
-340.83362 -155.07306 -6.7941527 0
-339.90424 -155.07993 -6.7879019 0
-340.85471 -154.99814 -6.7914729 0
-337.89001 -154.96974 -6.7355027 0
-337.7399 -154.97813 -6.7545109 0
-340.2001 -154.81534 -6.7116466 0
-337.62527 -154.85855 -6.7673831 0
-340.74548 -154.7738 -6.7690649 0
-341.09677 -154.63629 -6.7491026 0
-340.97778 -154.65796 -6.7839465 0
-340.41693 -154.67554 -6.7936502 0
-342.10828 -154.24602 -6.7824783 0
-340.6181 -154.25256 -6.7320704 0
-340.49103 -154.27327 -6.7600412 0
-340.16095 -154.27983 -6.7534876 0
-340.34482 -154.11078 -6.7932873 0
-340.11685 -154.11357 -6.7080903 0
-340.64795 -154.06717 -6.7849174 0
-339.94232 -153.97691 -6.7361946 0
-340.34723 -153.83014 -6.7901487 0
-340.22543 -153.63191 -6.7887654 0
-339.75662 -153.52747 -6.7831841 0
-339.56442 -153.57758 -6.7042336 0
-336.19189 -152.7666 -6.7802296 0
-343.35522 -152.51616 -6.7792106 0
-343.1535 -152.45145 -6.7116709 0
-342.58777 -152.35948 -6.788332 0
-343.42773 -152.15263 -6.7041645 0
-343.47043 -152.08884 -6.723845 0
-340.99655 -152.01299 -6.7366948 0
-341.10959 -151.84485 -6.7681723 0
-342.53632 -151.71318 -6.7994819 0
-342.46381 -151.73155 -6.7107735 0
-340.85269 -151.78275 -6.7760983 0
-340.81354 -151.61089 -6.7027864 0
-328.09128 -151.61191 -6.7317486 0
-340.95673 -151.49765 -6.7130375 0
-340.255 -151.4583 -6.7325974 0
-340.76523 -151.23334 -6.7422762 0
-342.1337 -150.72487 -6.7139354 0
-334.3891 -150.40532 -6.7303987 0
-343.7962 -150.31013 -6.7445102 0
-343.91904 -150.17479 -6.7235694 0
-349.3342 -211.86339 -6.6662383 0
-333.91022 -209.21161 -6.6166444 0
-338.99973 -203.10597 -6.6278481 0
-337.30219 -202.75621 -6.6675282 0
-341.7963 -202.1613 -6.6592422 0
-334.66727 -201.99701 -6.6842427 0
-341.43552 -201.79027 -6.6109619 0
-341.44687 -201.68022 -6.6787906 0
-332.7579 -199.49596 -6.6105437 0
-338.33948 -193.83543 -6.6114736 0
-347.90701 -190.71777 -6.679595 0
-348.06149 -190.58177 -6.6190372 0
-344.41904 -190.42551 -6.6534348 0
-344.3551 -190.42839 -6.6150827 0
-340.35703 -189.53816 -6.6519752 0
-343.59991 -189.43939 -6.6772084 0
-348.60843 -189.35976 -6.6098537 0
-348.93716 -188.99895 -6.6502519 0
-340.86017 -188.9068 -6.6849613 0
-347.09573 -188.79828 -6.6779513 0
-340.57584 -188.74298 -6.6362944 0
-347.56927 -188.41953 -6.6454248 0
-336.73386 -188.23108 -6.6404009 0
-347.25034 -188.09863 -6.6637917 0
-347.3924 -187.89876 -6.689405 0
-347.29965 -187.79651 -6.6849589 0
-346.80057 -185.82661 -6.6534119 0
-346.79529 -185.80019 -6.6739783 0
-337.31567 -185.44696 -6.6950521 0
-339.16473 -183.56062 -6.6287951 0
-340.54755 -183.45538 -6.6275158 0
-346.45233 -182.07832 -6.6985755 0
-346.67422 -181.89902 -6.6859913 0
-339.29422 -181.86691 -6.6229191 0
-347.00137 -180.86673 -6.6953688 0
-347.94803 -178.20702 -6.6380148 0
-344.42236 -177.39175 -6.6499653 0
-344.3934 -177.39325 -6.6451721 0
-338.81207 -175.53188 -6.6733317 0
-338.75082 -175.42889 -6.6126213 0
-349.9342 -172.32866 -6.663887 0
-349.79526 -172.38843 -6.6350603 0
-347.77228 -171.82077 -6.6537595 0
-349.60162 -171.75713 -6.6619072 0
-349.52734 -171.69888 -6.6935434 0
-341.10959 -170.62239 -6.696507 0
-348.64554 -170.3262 -6.6392941 0
-341.60193 -170.38486 -6.6435595 0
-348.86349 -170.24936 -6.65979 0
-341.00012 -169.87787 -6.6586227 0
-348.56052 -169.77271 -6.6346779 0
-348.54135 -169.65167 -6.6747732 0
-348.52686 -169.53804 -6.6557269 0
-340.0072 -169.53471 -6.6472893 0
-349.08435 -169.31053 -6.6164217 0
-337.60617 -169.22095 -6.6141791 0
-337.58252 -169.29837 -6.6517515 0
-341.01712 -169.17105 -6.6674199 0
-340.68771 -169.049 -6.6676183 0
-341.90051 -168.54387 -6.6135488 0
-341.88077 -168.56961 -6.6524467 0
-340.47043 -168.48792 -6.698369 0
-340.37415 -168.37202 -6.6508904 0
-340.81131 -167.95059 -6.6118331 0
-341.10425 -167.70615 -6.6724291 0
-341.18024 -167.64848 -6.6570816 0
-341.27417 -167.52693 -6.6509986 0
-349.66132 -167.21912 -6.6646924 0
-346.3374 -166.71562 -6.6272926 0
-349.37711 -166.65132 -6.6470261 0
-349.01721 -166.62596 -6.6805034 0
-346.30649 -166.65076 -6.6686525 0
-349.18695 -166.51355 -6.6397171 0
-348.89728 -166.37396 -6.6375461 0
-348.76102 -166.34187 -6.6535172 0
-348.6478 -166.28345 -6.6706123 0
-346.60196 -164.68178 -6.6531601 0
-346.40146 -164.58514 -6.6569405 0
-340.17175 -164.04878 -6.6079798 0
-340.83374 -163.77187 -6.6170149 0
-340.08725 -163.6468 -6.6826015 0
-340.97943 -163.2907 -6.66712 0
-349.95328 -162.95427 -6.6113563 0
-341.15353 -162.91039 -6.6286931 0
-340.0574 -162.97545 -6.6379943 0
-253.99081 -162.74136 -6.6095181 0
-254.10669 -161.91211 -6.6455269 0
-340.37711 -161.64905 -6.6891437 0
-337.44519 -161.65086 -6.6372523 0
-340.35864 -161.54935 -6.6002378 0
-340.17685 -161.35193 -6.6417069 0
-329.33536 -160.89624 -6.6409307 0
-339.84363 -160.77002 -6.6832728 0
-328.33862 -160.19693 -6.6846147 0
-339.93774 -160.0273 -6.6542635 0
-339.55511 -159.98079 -6.6161342 0
-339.53116 -159.897 -6.6167097 0
-349.19354 -158.94199 -6.6967773 0
-349.08755 -158.92648 -6.6920557 0
-339.63501 -157.91289 -6.6135111 0
-339.6192 -157.65967 -6.6737299 0
-348.39316 -157.22301 -6.6836991 0
-348.40491 -157.10649 -6.6731796 0
-348.37216 -157.17009 -6.6412315 0
-348.43481 -157.00603 -6.656774 0
-349.96826 -156.99568 -6.6452241 0
-348.62946 -156.98938 -6.6217332 0
-348.54755 -156.95816 -6.6335359 0
-348.39944 -156.92873 -6.6191411 0
-348.43002 -156.89594 -6.6909547 0
-255.43195 -156.48517 -6.6472235 0
-348.56531 -156.10275 -6.6058774 0
-348.6496 -155.53101 -6.6361752 0
-348.60168 -155.45312 -6.6844378 0
-337.67505 -155.161 -6.6333342 0
-340.08725 -155.07239 -6.698976 0
-340.51093 -154.91151 -6.614543 0
-340.42496 -154.95573 -6.6239576 0
-340.62933 -154.64575 -6.6803961 0
-340.41464 -154.60318 -6.699235 0
-341.55591 -154.59081 -6.6597061 0
-340.53925 -154.52481 -6.612812 0
-340.57712 -154.42012 -6.6492991 0
-340.37833 -154.48759 -6.6152234 0
-341.67026 -154.29753 -6.697506 0
-340.52283 -154.01685 -6.6667695 0
-340.13434 -154.08472 -6.6882968 0
-340.87991 -153.97612 -6.6765718 0
-340.79001 -153.9343 -6.6259632 0
-340.74774 -153.75659 -6.6349583 0
-339.72034 -153.68279 -6.6451259 0
-256.37854 -153.61363 -6.6772285 0
-342.70587 -152.89673 -6.6827526 0
-256.75543 -152.86108 -6.6214166 0
-343.22162 -152.53667 -6.6440916 0
-343.29468 -152.2187 -6.6213741 0
-255.54677 -152.17351 -6.6563215 0
-343.22244 -152.062 -6.6160393 0
-341.15244 -152.05493 -6.6129861 0
-340.77441 -152.07626 -6.6180563 0
-341.33478 -151.98697 -6.6289263 0
-340.71667 -151.98094 -6.6549797 0
-256.16058 -151.99449 -6.6191463 0
-341.15622 -151.88255 -6.6012144 0
-340.50912 -151.83496 -6.657692 0
-256.78055 -151.88042 -6.6147208 0
-340.96677 -151.75558 -6.6111641 0
-340.62323 -151.77185 -6.6939321 0
-340.5679 -151.7641 -6.6961055 0
-340.4971 -151.73344 -6.6102386 0
-340.98944 -151.67732 -6.6707172 0
-340.61304 -151.69884 -6.6071405 0
-340.43466 -151.68019 -6.6047235 0
-340.34836 -151.69745 -6.650712 0
-328.11227 -151.65295 -6.6374698 0
-340.98346 -151.53378 -6.6507058 0
-340.85834 -151.5578 -6.6798654 0
-340.76135 -151.54266 -6.6585236 0
-334.26019 -151.5672 -6.6229196 0
-334.1972 -151.51601 -6.616292 0
-340.13724 -151.47116 -6.6293812 0
-334.14319 -151.43579 -6.6767588 0
-257.08527 -151.38924 -6.6294303 0
-342.6904 -151.09116 -6.6359544 0
-259.06509 -150.96359 -6.6469698 0
-342.63049 -150.7272 -6.6376114 0
-344.21085 -150.44104 -6.6657352 0
-282.16245 -150.35938 -6.6274486 0
-343.90582 -150.1636 -6.6028337 0
-349.46265 -214.71814 -6.5507255 0
-341.87518 -202.10869 -6.5772424 0
-341.71313 -202.03789 -6.5971909 0
-334.56119 -201.81523 -6.585165 0
-341.70065 -201.08334 -6.5350003 0
-336.9227 -198.19902 -6.5900526 0
-336.52829 -195.75027 -6.5125914 0
-336.52899 -195.62418 -6.5024185 0
-336.64166 -195.5452 -6.5290232 0
-348.64334 -190.30089 -6.5384617 0
-349.01276 -189.60722 -6.5442538 0
-347.80328 -189.55759 -6.5283718 0
-348.41452 -189.3309 -6.588274 0
-348.50006 -188.77014 -6.5605431 0
-348.39377 -188.64386 -6.5112715 0
-340.59192 -188.61058 -6.550972 0
-348.73456 -188.46118 -6.5732336 0
-336.72696 -188.32291 -6.5363989 0
-347.05569 -188.00725 -6.5896745 0
-349.01401 -187.91447 -6.520226 0
-346.93915 -187.98108 -6.5873938 0
-346.94672 -187.64217 -6.5103927 0
-349.02957 -187.3777 -6.5372252 0
-334.90234 -186.73807 -6.5423198 0
-335.84973 -186.4339 -6.5065808 0
-344.41403 -186.30574 -6.5654035 0
-346.87173 -185.63618 -6.5330534 0
-337.25204 -185.48364 -6.5497632 0
-339.53424 -183.08383 -6.5434175 0
-346.71906 -182.99727 -6.5172901 0
-346.91812 -182.55608 -6.5720353 0
-339.37997 -181.99802 -6.5664663 0
-345.75272 -180.74883 -6.5460486 0
-347.28964 -180.63109 -6.559175 0
-346.87878 -180.64877 -6.5363588 0
-347.93295 -178.1212 -6.5714593 0
-344.39349 -176.96339 -6.5059237 0
-338.60486 -175.20828 -6.5879922 0
-348.81403 -172.76434 -6.5574374 0
-348.7948 -172.78964 -6.5903707 0
-348.40292 -172.72742 -6.5135794 0
-349.96704 -172.3118 -6.5627851 0
-349.96271 -172.25484 -6.5084448 0
-349.87555 -172.1709 -6.5454946 0
-347.39191 -172.08028 -6.5002499 0
-336.53595 -171.35089 -6.5305157 0
-348.50519 -170.52634 -6.5730319 0
-348.9118 -170.29051 -6.5142713 0
-341.83591 -169.81679 -6.5087662 0
-341.78305 -169.74907 -6.5101924 0
-341.20547 -169.68015 -6.5549221 0
-341.6691 -169.40404 -6.5329313 0
-349.17078 -169.38161 -6.5220218 0
-337.4877 -169.20009 -6.565474 0
-341.7674 -169.08449 -6.5046535 0
-347.46024 -168.86665 -6.5372229 0
-341.67841 -168.8737 -6.5867906 0
-340.78275 -168.8559 -6.5683346 0
-341.69876 -168.72714 -6.5004349 0
-341.42996 -168.411 -6.5129242 0
-341.16638 -168.31087 -6.5393181 0
-340.09091 -167.95758 -6.5119362 0
-349.86331 -167.30997 -6.5003657 0
-335.50577 -167.26566 -6.5996003 0
-349.68472 -167.11766 -6.5971365 0
-349.62744 -167.05249 -6.593606 0
-346.32849 -166.761 -6.5695963 0
-349.04465 -166.46083 -6.5817094 0
-349.70764 -165.87712 -6.5045557 0
-349.89993 -165.67113 -6.5684257 0
-346.61496 -164.63461 -6.5167446 0
-346.5101 -164.69725 -6.5886226 0
-338.9556 -164.66011 -6.5323205 0
-340.41846 -164.45557 -6.5522866 0
-339.9259 -164.40683 -6.5522404 0
-340.32336 -164.33049 -6.5276175 0
-340.82416 -163.77753 -6.505784 0
-340.08545 -163.68889 -6.5258198 0
-349.96866 -163.01381 -6.5012245 0
-349.85678 -163.08197 -6.5919228 0
-339.80875 -163.00195 -6.5686488 0
-253.91599 -163.07944 -6.5954428 0
-349.96356 -162.99373 -6.5287266 0
-340.07361 -162.43172 -6.5086699 0
-340.3627 -161.58496 -6.5761986 0
-334.18701 -160.92149 -6.591013 0
-340.62509 -160.27113 -6.5131912 0
-338.60287 -160.29858 -6.5250807 0
-339.38165 -160.09645 -6.5563941 0
-340.77396 -159.8138 -6.5905452 0
-340.78195 -159.66916 -6.5373645 0
-340.72116 -159.47192 -6.5086174 0
-340.66745 -159.44621 -6.5888367 0
-340.44662 -159.20973 -6.5339918 0
-254.34534 -158.64856 -6.5676479 0
-348.84396 -158.51703 -6.5046759 0
-348.75983 -158.40588 -6.5273604 0
-339.47702 -157.70102 -6.5019064 0
-253.27406 -157.75972 -6.5235095 0
-339.43228 -157.68925 -6.5061297 0
-348.4856 -157.03633 -6.5232697 0
-349.9205 -156.93999 -6.5578151 0
-348.4505 -156.95023 -6.5251837 0
-348.39661 -156.94203 -6.5999098 0
-348.2345 -156.91899 -6.5716038 0
-348.09882 -156.99548 -6.5820365 0
-253.09093 -156.90858 -6.5485883 0
-253.92416 -156.88255 -6.5434523 0
-348.69397 -155.7541 -6.5984697 0
-349.07227 -155.53775 -6.5301681 0
-337.63492 -155.18573 -6.508965 0
-340.20166 -154.96843 -6.5188642 0
-340.40424 -154.80855 -6.5478053 0
-340.40359 -154.74995 -6.5817485 0
-340.41266 -154.65753 -6.5657954 0
-349.0249 -154.48967 -6.5140381 0
-340.28143 -154.31458 -6.5934148 0
-340.70322 -153.91223 -6.5979714 0
-339.60223 -153.79488 -6.5303965 0
-340.48734 -153.58029 -6.5498195 0
-344.07147 -153.36562 -6.5944338 0
-257.38312 -153.16774 -6.5642619 0
-342.60565 -152.96489 -6.5579357 0
-336.06046 -152.70264 -6.526145 0
-341.61395 -152.23592 -6.5562496 0
-341.47839 -152.1447 -6.5980716 0
-343.24603 -152.06537 -6.5597658 0
-340.97833 -152.03255 -6.5540709 0
-341.2189 -151.9751 -6.528945 0
-341.2001 -151.80009 -6.5970716 0
-341.17453 -151.8828 -6.5570765 0
-340.35941 -151.86163 -6.5458069 0
-340.84821 -151.73529 -6.5331202 0
-340.28043 -151.77118 -6.5067501 0
-344.26297 -151.4418 -6.5876269 0
-334.18439 -151.49965 -6.5313339 0
-342.70795 -151.30136 -6.591177 0
-344.13846 -151.21379 -6.5329471 0
-342.89813 -151.15869 -6.5419793 0
-342.7421 -151.17583 -6.5336823 0
-342.62219 -151.13657 -6.5426245 0
-305.32947 -151.06377 -6.508389 0
-343.94836 -150.54443 -6.5335374 0
-343.89047 -150.41469 -6.5162897 0
-343.84503 -150.32576 -6.5598631 0
-343.91107 -150.27055 -6.5177422 0
-343.7413 -150.23938 -6.5062656 0
-343.70981 -150.12071 -6.5245414 0
-349.7308 -212.13533 -6.4269938 0
-334.2663 -203.03783 -6.4038434 0
-338.41379 -202.9319 -6.4917927 0
-337.21179 -202.59041 -6.4404311 0
-341.92117 -202.05991 -6.4671121 0
-341.50851 -201.91212 -6.4276404 0
-336.59714 -195.46455 -6.4381123 0
-347.94745 -190.60811 -6.4591455 0
-344.43854 -190.64589 -6.4634838 0
-347.91498 -190.53885 -6.453999 0
-347.78253 -190.54015 -6.4464664 0
-347.92059 -190.47757 -6.4013481 0
-344.3447 -190.41997 -6.4465852 0
-340.03476 -190.22018 -6.4089642 0
-348.57794 -189.65192 -6.446641 0
-349.07892 -189.53419 -6.4808407 0
-348.80707 -189.5208 -6.4140744 0
-347.81671 -189.49007 -6.4750652 0
-346.99716 -188.96252 -6.4931121 0
-347.66403 -188.89453 -6.469656 0
-347.69919 -188.76137 -6.4935708 0
-348.36636 -188.67371 -6.4823084 0
-348.57925 -188.56375 -6.4964161 0
-348.40067 -188.33861 -6.4257765 0
-347.03488 -187.75427 -6.4575443 0
-346.95197 -187.56139 -6.4313431 0
-344.44238 -186.23943 -6.4650669 0
-338.07568 -184.01726 -6.4709821 0
-340.34094 -183.41548 -6.4922886 0
-340.33948 -183.36349 -6.4456744 0
-339.76337 -182.94308 -6.4120455 0
-339.01624 -182.78532 -6.444231 0
-338.40176 -181.61072 -6.4679208 0
-338.28833 -181.4949 -6.4655843 0
-337.09763 -178.98666 -6.4983158 0
-347.35321 -178.79507 -6.4010921 0
-345.65363 -178.59932 -6.446197 0
-348.11005 -178.22098 -6.4024739 0
-348.11224 -178.11029 -6.4771123 0
-344.42734 -177.07956 -6.4742765 0
-335.33752 -174.7361 -6.4688687 0
-335.22766 -174.69534 -6.4333577 0
-349.48468 -172.56813 -6.4068141 0
-347.31464 -172.04243 -6.4569416 0
-336.5535 -171.44624 -6.462018 0
-341.4675 -170.6718 -6.4062581 0
-341.45831 -169.78812 -6.4747615 0
-337.58325 -169.21875 -6.4246387 0
-349.00037 -169.16862 -6.4331675 0
-347.93048 -169.01845 -6.476006 0
-341.53149 -168.96487 -6.4379778 0
-347.74234 -168.89281 -6.483676 0
-347.63809 -168.72902 -6.4933634 0
-341.34329 -168.56085 -6.4074388 0
-340.98871 -167.9501 -6.4288049 0
-340.34259 -167.06088 -6.4328785 0
-346.34534 -166.71893 -6.4558725 0
-346.29666 -166.72319 -6.485733 0
-337.23145 -166.22121 -6.4098234 0
-349.24695 -166.18842 -6.4001374 0
-349.54102 -165.93967 -6.4675641 0
-333.5481 -165.71103 -6.4289412 0
-346.42883 -164.79282 -6.4286122 0
-346.45477 -164.64134 -6.4511385 0
-346.33209 -164.56746 -6.4658985 0
-340.40253 -164.5753 -6.4874167 0
-340.09955 -164.30437 -6.4814281 0
-339.89612 -163.74969 -6.4977846 0
-340.69351 -163.66315 -6.4376736 0
-340.72324 -163.55087 -6.451437 0
-339.80688 -163.26714 -6.4249873 0
-340.09503 -162.43501 -6.4338617 0
-340.34796 -161.52908 -6.4612331 0
-340.27567 -161.46182 -6.4729657 0
-334.10608 -160.75935 -6.4998903 0
-340.31958 -160.3837 -6.4533901 0
-340.45963 -160.24234 -6.4800229 0
-338.90524 -160.03461 -6.4282146 0
-340.59811 -159.89197 -6.495183 0
-340.6275 -159.24994 -6.4389672 0
-337.5498 -159.19363 -6.4622102 0
-255.80026 -159.14369 -6.415936 0
-348.76105 -158.41588 -6.4731565 0
-348.71313 -158.33072 -6.4918604 0
-348.69443 -158.31944 -6.4598327 0
-254.26376 -158.27963 -6.4947033 0
-348.5195 -158.0094 -6.412693 0
-253.11501 -158.05882 -6.4340434 0
-348.5202 -157.81198 -6.4349618 0
-339.64529 -157.84248 -6.4318314 0
-252.99268 -157.88838 -6.4369822 0
-252.66019 -157.88342 -6.4972219 0
-252.51489 -157.81224 -6.4055681 0
-252.46393 -157.82587 -6.4481125 0
-339.64075 -157.78036 -6.4584599 0
-339.52942 -157.73199 -6.4505868 0
-339.5878 -157.65535 -6.4501729 0
-348.50696 -157.0658 -6.4100881 0
-348.43317 -157.07625 -6.4275084 0
-349.62631 -156.96376 -6.4687915 0
-348.52539 -156.98035 -6.4491196 0
-348.46478 -156.97601 -6.4173336 0
-348.45898 -156.88144 -6.4275384 0
-348.31784 -156.85849 -6.4564118 0
-348.28198 -156.82661 -6.4367518 0
-348.44583 -156.69608 -6.4115305 0
-348.62628 -156.15485 -6.4738941 0
-348.57962 -155.99759 -6.464035 0
-349.17462 -155.36586 -6.4214687 0
-256.88376 -155.34502 -6.4352384 0
-337.58475 -154.88377 -6.4660373 0
-340.43301 -154.69928 -6.4756656 0
-341.32416 -154.55856 -6.4591999 0
-340.40176 -154.5726 -6.494164 0
-340.35538 -154.5415 -6.4805202 0
-340.44427 -154.44556 -6.4439821 0
-340.46082 -154.35371 -6.4406595 0
-340.39926 -154.36351 -6.4428496 0
-333.46475 -154.33023 -6.4457531 0
-339.77338 -153.74492 -6.4292841 0
-339.63046 -153.7888 -6.4580917 0
-337.56711 -153.18321 -6.4204183 0
-342.5318 -152.8132 -6.4010391 0
-342.69659 -152.69128 -6.408155 0
-342.74542 -152.50008 -6.4268775 0
-340.00217 -152.35475 -6.4922705 0
-339.90186 -152.38736 -6.4790874 0
-343.20898 -152.23851 -6.4505849 0
-341.43622 -152.21173 -6.4222221 0
-255.6877 -152.29813 -6.4898806 0
-340.59244 -152.18633 -6.4487362 0
-256.24783 -152.00822 -6.4270401 0
-341.29269 -151.93086 -6.4943991 0
-340.7952 -151.94821 -6.4886646 0
-344.04175 -151.81729 -6.4206748 0
-341.14691 -151.8676 -6.4507565 0
-255.80907 -151.86012 -6.4648919 0
-340.60657 -151.70784 -6.4047012 0
-340.54807 -151.76364 -6.4831896 0
-340.15405 -151.7104 -6.4312506 0
-340.42468 -151.61931 -6.4106016 0
-340.24036 -151.69702 -6.4747024 0
-344.23007 -151.53021 -6.4515667 0
-341.41321 -151.52415 -6.4069128 0
-339.8931 -151.53036 -6.4217753 0
-257.47168 -151.51653 -6.4190474 0
-344.26553 -151.4095 -6.4384995 0
-340.32632 -151.43126 -6.400507 0
-334.08441 -151.49031 -6.4855075 0
-342.73523 -151.23584 -6.482749 0
-342.69931 -151.1304 -6.487473 0
-344.21338 -150.75847 -6.4301171 0
-341.86053 -150.70801 -6.4958782 0
-343.97852 -150.41663 -6.4944339 0
-305.39783 -150.48065 -6.4282265 0
-343.87469 -150.37338 -6.4484072 0
-343.87625 -150.22528 -6.4469275 0
-343.75787 -150.15883 -6.4347024 0
-343.55884 -150.00276 -6.441998 0
-341.90561 -150.0585 -6.4437699 0
-342.59473 -203.21631 -6.3163271 0
-334.33984 -203.16344 -6.340281 0
-339.32794 -202.7952 -6.389029 0
-332.76587 -199.64912 -6.3586349 0
-333.18771 -197.97119 -6.3561397 0
-336.5755 -195.88557 -6.3644247 0
-347.81769 -190.68307 -6.3401427 0
-347.91528 -190.59349 -6.3489561 0
-348.59952 -189.97061 -6.3406591 0
-347.73538 -189.63748 -6.3623939 0
-347.48462 -188.53328 -6.3716412 0
-347.14828 -188.51477 -6.3257384 0
-348.74115 -188.41885 -6.3355832 0
-346.16861 -188.47328 -6.3043523 0
-348.74466 -188.32317 -6.3491483 0
-348.37469 -188.34312 -6.3560457 0
-346.38147 -188.36273 -6.3302817 0
-346.11029 -188.3912 -6.392715 0
-348.78781 -188.21561 -6.3827968 0
-349.12234 -188.12674 -6.3895969 0
-334.9162 -186.73492 -6.3856125 0
-334.87201 -186.64557 -6.3672662 0
-344.46783 -186.4482 -6.3723736 0
-344.52832 -186.28497 -6.3318019 0
-335.90805 -185.60741 -6.3402195 0
-346.51431 -182.3232 -6.3148441 0
-346.49387 -182.19395 -6.3261309 0
-348.39944 -181.95842 -6.36622 0
-346.83945 -180.61397 -6.3991156 0
-345.6908 -179.02449 -6.3499155 0
-348.17834 -178.26848 -6.384861 0
-348.21765 -178.04994 -6.3567057 0
-347.3371 -177.60596 -6.3374796 0
-344.34177 -177.03868 -6.3894911 0
-338.55542 -175.64442 -6.3483229 0
-338.60526 -175.36794 -6.3120084 0
-348.80099 -172.56198 -6.3602409 0
-349.77219 -172.13036 -6.3119864 0
-347.71899 -172.101 -6.3434834 0
-349.70245 -171.96138 -6.3116531 0
-347.89822 -171.90764 -6.3959746 0
-347.80151 -171.79594 -6.3965774 0
-347.05377 -171.66856 -6.3666511 0
-253.60139 -168.97296 -6.3687735 0
-341.03864 -167.68929 -6.3858252 0
-335.50372 -167.13889 -6.3748622 0
-340.27496 -166.81743 -6.3882723 0
-348.94574 -166.62637 -6.3251572 0
-349.02249 -166.54425 -6.3667712 0
-348.95273 -166.58698 -6.3326864 0
-348.96555 -166.48044 -6.3509307 0
-349.06238 -166.37221 -6.363173 0
-348.99783 -166.36447 -6.3145089 0
-346.52246 -164.74521 -6.3847241 0
-346.37823 -164.59239 -6.318418 0
-340.15414 -164.51599 -6.3728285 0
-340.32367 -164.35268 -6.3884497 0
-340.28961 -164.30298 -6.3327484 0
-340.90677 -164.27229 -6.3517022 0
-338.25525 -164.16132 -6.3808012 0
-341.02084 -163.9205 -6.3674068 0
-340.08209 -163.90872 -6.3512359 0
-341.06128 -163.61768 -6.3757796 0
-341.11514 -163.20152 -6.3088593 0
-349.90289 -163.13757 -6.3212705 0
-349.94955 -162.8875 -6.3577614 0
-349.85812 -162.86113 -6.3681812 0
-339.80338 -162.55241 -6.3382339 0
-339.95261 -162.33878 -6.3655553 0
-251.15213 -161.66226 -6.3476591 0
-340.3096 -161.56934 -6.3676949 0
-341.14432 -161.13931 -6.330493 0
-329.09827 -160.6669 -6.3998685 0
-340.61374 -160.55197 -6.367209 0
-340.59152 -160.30751 -6.3665199 0
-328.03998 -160.11029 -6.3547506 0
-340.43808 -159.9128 -6.3603315 0
-340.4682 -159.89174 -6.344624 0
-340.40582 -159.17653 -6.3235283 0
-331.05673 -159.12511 -6.3702903 0
-340.39081 -158.96625 -6.3665743 0
-349.96182 -158.87813 -6.3143487 0
-339.78159 -157.87643 -6.3542023 0
-339.49121 -157.70285 -6.3482409 0
-341.77481 -157.22829 -6.3934379 0
-348.39975 -157.1165 -6.348959 0
-348.56647 -157.02501 -6.3412447 0
-348.49936 -157.0612 -6.3779054 0
-349.61331 -156.98109 -6.3043041 0
-349.40811 -156.96422 -6.3144345 0
-349.34491 -156.98068 -6.3350544 0
-348.91635 -156.957 -6.3063154 0
-348.89032 -156.96735 -6.3725424 0
-348.78531 -156.97028 -6.3706818 0
-348.63147 -156.95711 -6.3580046 0
-348.53629 -156.9696 -6.3809819 0
-348.5441 -156.87312 -6.3118935 0
-348.46631 -156.86153 -6.3432012 0
-348.46375 -156.61134 -6.3012085 0
-348.70755 -156.23682 -6.3470092 0
-348.48459 -156.26675 -6.330121 0
-348.69153 -156.13849 -6.3449593 0
-348.72598 -155.96974 -6.3809881 0
-348.58765 -155.95522 -6.3885994 0
-337.6983 -154.99408 -6.3601484 0
-348.96655 -154.6682 -6.3604293 0
-341.40421 -153.77957 -6.3660665 0
-339.56506 -153.71761 -6.3178186 0
-340.9859 -153.60791 -6.3051329 0
-340.5777 -153.69931 -6.358314 0
-339.76794 -153.51891 -6.3166847 0
-339.3465 -153.55203 -6.3793201 0
-340.21216 -153.46884 -6.3311515 0
-340.04083 -153.32886 -6.3545947 0
-337.69897 -153.33524 -6.3496008 0
-342.5943 -152.80107 -6.3886604 0
-343.86798 -152.78255 -6.3844318 0
-342.99625 -152.57608 -6.3557949 0
-256.42694 -152.13782 -6.3200765 0
-256.20163 -152.1767 -6.3070717 0
-340.79535 -152.06847 -6.3908968 0
-256.0318 -152.08031 -6.3047624 0
-340.60736 -151.72458 -6.3446641 0
-340.14816 -151.73174 -6.3328962 0
-339.78534 -151.75551 -6.3518705 0
-334.2067 -151.4557 -6.39323 0
-344.2674 -151.12637 -6.3249583 0
-344.49594 -151.05878 -6.3391557 0
-344.37683 -150.84975 -6.3042688 0
-344.68271 -150.7742 -6.3163505 0
-344.42438 -150.70549 -6.3700151 0
-341.77347 -150.7477 -6.3306842 0
-341.81543 -150.66591 -6.3443332 0
-344.95044 -150.52629 -6.38697 0
-344.82559 -150.5265 -6.3807383 0
-344.34073 -150.59219 -6.3082609 0
-344.28601 -150.47943 -6.3555827 0
-343.85529 -150.32983 -6.3761263 0
-343.55176 -150.05243 -6.3073545 0
-326.89374 -212.95569 -6.2467599 0
-349.55493 -211.87671 -6.2309227 0
-333.79178 -209.23276 -6.2430491 0
-342.12897 -203.92317 -6.2606254 0
-342.03217 -202.50822 -6.2992625 0
-338.03351 -193.5681 -6.2869115 0
-340.09329 -190.38963 -6.271349 0
-348.73492 -190.19104 -6.2073507 0
-340.2001 -190.13472 -6.2827587 0
-347.48053 -189.33202 -6.2630959 0
-349.15598 -189.29753 -6.2784672 0
-348.91153 -188.96506 -6.2567911 0
-349.01175 -188.81039 -6.2804823 0
-347.25876 -188.83093 -6.2232351 0
-347.28546 -188.77267 -6.2598281 0
-347.09872 -188.70345 -6.245872 0
-346.54785 -188.49928 -6.2328377 0
-346.1315 -188.34158 -6.2059269 0
-346.01459 -188.25481 -6.2915492 0
-348.349 -187.81458 -6.2019072 0
-344.47818 -186.40616 -6.2432714 0
-344.46225 -186.39102 -6.2005396 0
-339.28043 -183.08127 -6.2472725 0
-338.90359 -182.74986 -6.2280397 0
-346.776 -180.48291 -6.2666965 0
-345.30975 -179.96687 -6.2454576 0
-333.4628 -179.01955 -6.2421508 0
-346.03589 -178.3194 -6.2013025 0
-345.52563 -178.32259 -6.2861352 0
-348.28064 -178.22934 -6.2935262 0
-338.74063 -175.43631 -6.2298093 0
-338.69553 -175.36893 -6.2154136 0
-335.28671 -174.57254 -6.2728353 0
-348.89328 -172.95755 -6.2177052 0
-348.94672 -172.73125 -6.2039542 0
-348.91013 -172.66693 -6.2993779 0
-349.58981 -172.45506 -6.2709513 0
-349.72961 -172.34937 -6.267848 0
-349.49887 -172.30327 -6.2363667 0
-349.72314 -172.29787 -6.2701573 0
-349.67023 -172.16049 -6.2927155 0
-349.65442 -172.07545 -6.2256517 0
-348.00714 -171.62131 -6.2112551 0
-347.28473 -171.55804 -6.2148037 0
-346.75998 -171.42654 -6.2020164 0
-336.45444 -171.3703 -6.2951665 0
-349.21115 -169.43668 -6.240592 0
-349.01282 -169.37599 -6.2351465 0
-348.96835 -166.70343 -6.2923055 0
-346.34125 -166.74023 -6.235795 0
-348.953 -166.63358 -6.2432384 0
-349.01859 -166.58006 -6.2487102 0
-348.97504 -166.37427 -6.2478704 0
-333.20993 -165.87401 -6.2962651 0
-341.23727 -164.24814 -6.2647033 0
-341.16354 -164.19337 -6.2177601 0
-260.1264 -163.82132 -6.2607851 0
-340.72449 -163.52271 -6.2365766 0
-339.82092 -163.33978 -6.2541986 0
-341.36459 -163.11685 -6.2039819 0
-349.98236 -162.95148 -6.2860961 0
-349.86334 -162.82039 -6.2215967 0
-340.86838 -162.39587 -6.2004843 0
-341.29648 -161.99783 -6.2782993 0
-341.12354 -161.9841 -6.271184 0
-340.98083 -161.96149 -6.2564311 0
-340.43362 -161.52362 -6.2843456 0
-340.27658 -161.5204 -6.2010961 0
-250.61162 -161.49867 -6.2979226 0
-339.43317 -161.24934 -6.2972407 0
-253.31741 -161.29163 -6.2808623 0
-341.17188 -161.1785 -6.2600131 0
-339.259 -160.94794 -6.232584 0
-339.15668 -160.89696 -6.2953858 0
-340.96753 -160.70369 -6.2206187 0
-339.57672 -160.26976 -6.2483234 0
-339.56125 -160.12857 -6.2822266 0
-339.48535 -160.07903 -6.2188177 0
-339.97421 -159.84314 -6.2364798 0
-341.35025 -159.77516 -6.255362 0
-341.23532 -159.7845 -6.2489595 0
-341.08423 -159.72726 -6.2468891 0
-340.39709 -159.55969 -6.2142539 0
-340.41998 -159.10675 -6.2991505 0
-349.67331 -158.66173 -6.2026472 0
-349.64395 -158.59758 -6.2078075 0
-339.64056 -158.04561 -6.2751622 0
-349.60559 -157.82883 -6.2080455 0
-339.62482 -157.84207 -6.2791748 0
-339.58432 -157.87746 -6.2170348 0
-348.37216 -157.15327 -6.2916379 0
-348.65131 -157.04131 -6.2563934 0
-349.90219 -156.92181 -6.2644424 0
-348.76877 -156.97757 -6.2372594 0
-348.40762 -156.93491 -6.2919335 0
-349.327 -156.85677 -6.2879009 0
-348.4863 -156.8555 -6.2661395 0
-348.36093 -156.56656 -6.2757101 0
-348.43176 -156.48865 -6.2426052 0
-349.14609 -155.61781 -6.2099714 0
-337.72717 -155.086 -6.2343535 0
-340.3273 -154.44032 -6.2699776 0
-340.20221 -154.42732 -6.2937636 0
-339.95966 -154.49568 -6.2267079 0
-341.02014 -154.31531 -6.2030663 0
-340.79401 -154.05521 -6.245275 0
-340.31174 -154.03026 -6.2387056 0
-341.14178 -153.84521 -6.2630038 0
-341.07962 -153.65382 -6.2684412 0
-339.62872 -153.68323 -6.2501254 0
-340.42758 -153.55951 -6.2968645 0
-339.81702 -153.54651 -6.2794757 0
-339.45496 -153.5966 -6.2571688 0
-340.89307 -153.37787 -6.2074189 0
-337.65167 -153.26343 -6.2553086 0
-337.70096 -153.19614 -6.2972398 0
-336.06982 -152.84866 -6.2373552 0
-343.10699 -152.5002 -6.2044716 0
-341.30859 -152.33087 -6.285718 0
-342.99155 -152.23494 -6.2257366 0
-342.86688 -152.2421 -6.2429357 0
-340.91888 -152.2632 -6.2244682 0
-340.88416 -152.22838 -6.2381911 0
-340.20908 -152.21219 -6.2232227 0
-340.81836 -152.19131 -6.2978716 0
-340.7659 -152.11914 -6.2994385 0
-340.23166 -152.18596 -6.2366328 0
-340.98444 -152.0303 -6.2144628 0
-340.82562 -152.06795 -6.2231269 0
-340.3335 -152.05428 -6.2833028 0
-340.9072 -151.9845 -6.2833729 0
-340.72501 -151.76422 -6.2901764 0
-339.87662 -151.78596 -6.2959919 0
-340.63654 -151.6702 -6.2296209 0
-340.57727 -151.6526 -6.2915516 0
-334.22192 -151.5421 -6.235898 0
-344.36395 -151.46512 -6.222693 0
-343.75272 -151.42175 -6.230412 0
-343.93091 -151.34276 -6.2371478 0
-344.48148 -151.12733 -6.262291 0
-344.53555 -151.0769 -6.2527151 0
-344.46652 -151.09807 -6.2240176 0
-342.03778 -150.96306 -6.2408257 0
-342.54742 -150.81335 -6.2424374 0
-344.47369 -150.71698 -6.2885389 0
-344.68344 -150.67993 -6.2321558 0
-344.16226 -150.69485 -6.2824736 0
-342.65097 -150.58434 -6.2307611 0
-343.7536 -150.39879 -6.2979999 0
-341.8833 -204.02136 -6.1048255 0
-341.17972 -203.62544 -6.1211267 0
-337.3895 -202.81554 -6.1861291 0
-325.92505 -202.72023 -6.1072445 0
-337.28107 -202.68594 -6.176836 0
-342.06503 -202.34808 -6.1643023 0
-332.78531 -199.50859 -6.1893535 0
-328.47565 -196.26213 -6.1847434 0
-328.40286 -196.14798 -6.1748486 0
-336.58948 -195.6499 -6.1195221 0
-338.49417 -192.91539 -6.1352501 0
-345.6142 -192.8949 -6.1496935 0
-339.04102 -192.6414 -6.171361 0
-344.77271 -192.34103 -6.107748 0
-348.51315 -190.46367 -6.1846428 0
-348.1264 -190.4314 -6.1373591 0
-348.13681 -190.32629 -6.1442671 0
-347.75861 -190.12993 -6.1470156 0
-348.56161 -190.0135 -6.1522989 0
-340.39474 -190.03911 -6.1717234 0
-348.48721 -189.92429 -6.1848602 0
-348.40512 -189.77518 -6.1903901 0
-347.62506 -189.23245 -6.1454434 0
-346.50925 -188.55522 -6.1676021 0
-346.36459 -188.41208 -6.194334 0
-346.3407 -188.29997 -6.1834984 0
-336.56839 -188.00107 -6.1739516 0
-348.25705 -187.83083 -6.1023493 0
-344.48196 -186.33058 -6.1397266 0
-344.39243 -186.32246 -6.1710281 0
-344.42395 -186.29044 -6.1466818 0
-336.68332 -186.0872 -6.1197 0
-339.27557 -183.87706 -6.1837749 0
-339.28607 -183.61703 -6.1601186 0
-339.59048 -183.18736 -6.1862879 0
-347.3884 -182.98053 -6.1345034 0
-347.25406 -181.67865 -6.1726532 0
-346.14005 -178.30292 -6.1082773 0
-345.53647 -178.2059 -6.1719093 0
-348.44168 -178.19881 -6.1118221 0
-347.20413 -177.82358 -6.107327 0
-347.42722 -177.68544 -6.1682782 0
-338.74045 -175.60834 -6.1934481 0
-338.44922 -175.26083 -6.1122756 0
-335.25156 -174.6485 -6.1214404 0
-335.33804 -174.59145 -6.1120028 0
-348.94284 -172.62027 -6.104929 0
-348.93561 -172.47847 -6.1227903 0
-348.74252 -172.44272 -6.1293025 0
-349.01782 -172.3938 -6.1646352 0
-349.82944 -171.97748 -6.1301088 0
-349.91733 -171.82274 -6.131217 0
-348.202 -171.63011 -6.1092429 0
-349.89935 -170.45137 -6.180728 0
-349.91846 -170.36479 -6.1374669 0
-349.85025 -170.33638 -6.1161013 0
-348.60269 -169.85475 -6.1045575 0
-348.88583 -169.64606 -6.1985526 0
-348.82904 -169.55473 -6.1839352 0
-348.69406 -169.53026 -6.1679068 0
-348.95276 -169.25423 -6.1931267 0
-341.52332 -168.52103 -6.1068535 0
-349.85925 -167.79404 -6.1075263 0
-349.11191 -167.15422 -6.1108394 0
-348.90332 -167.13361 -6.1504502 0
-349.47043 -167.08263 -6.1930485 0
-346.3432 -166.65572 -6.1172342 0
-346.24548 -166.64526 -6.1714797 0
-349.02588 -166.47688 -6.1957483 0
-346.54749 -164.67844 -6.1508555 0
-346.34052 -164.5155 -6.1253371 0
-340.85101 -164.59654 -6.1338429 0
-340.91373 -164.35609 -6.1648755 0
-341.009 -164.11946 -6.1121693 0
-340.51727 -164.02605 -6.1292925 0
-338.40247 -163.90614 -6.1579609 0
-340.94836 -163.22778 -6.1426358 0
-349.90933 -162.76665 -6.1690874 0
-340.95474 -162.79855 -6.1793599 0
-340.74588 -162.71916 -6.1832385 0
-341.19516 -161.72722 -6.1641326 0
-340.44202 -161.45798 -6.1856651 0
-340.33774 -161.42195 -6.184226 0
-341.00821 -161.32492 -6.1722918 0
-341.11584 -161.27777 -6.1101642 0
-339.9133 -161.26761 -6.120676 0
-340.05624 -161.14934 -6.1482759 0
-339.39404 -161.01106 -6.1246467 0
-340.10046 -160.9601 -6.1794868 0
-340.88022 -160.83704 -6.1272531 0
-339.99997 -160.89326 -6.1682091 0
-339.37918 -160.81136 -6.1494789 0
-340.95654 -160.76231 -6.167181 0
-341.02472 -160.11113 -6.1352711 0
-339.54517 -160.19417 -6.1453028 0
-339.47437 -160.10176 -6.1278939 0
-341.17276 -159.98593 -6.103292 0
-341.1972 -159.80902 -6.1181359 0
-341.23581 -159.74478 -6.1819153 0
-341.34518 -159.69591 -6.1731071 0
-341.24905 -159.53502 -6.1212168 0
-340.80624 -159.42249 -6.1190023 0
-340.7627 -159.35419 -6.1190567 0
-342.88333 -158.44298 -6.1565413 0
-339.63501 -157.86539 -6.1455593 0
-348.29776 -157.10098 -6.1071424 0
-348.32101 -157.04924 -6.1873736 0
-348.50992 -156.99683 -6.1146088 0
-348.36975 -156.92593 -6.1246839 0
-348.267 -156.93848 -6.1168976 0
-348.51797 -156.88823 -6.1317444 0
-348.48056 -156.86122 -6.1019082 0
-337.79932 -155.0126 -6.1477575 0
-337.67587 -154.946 -6.1019115 0
-348.74341 -154.8627 -6.1312518 0
-339.90002 -154.64674 -6.1622162 0
-339.97714 -154.51178 -6.1727138 0
-339.91666 -154.46631 -6.1478128 0
-341.21252 -154.38084 -6.1774368 0
-339.85703 -154.34685 -6.1688471 0
-341.18042 -154.21785 -6.1038308 0
-341.11539 -154.08705 -6.1453261 0
-340.97137 -153.68808 -6.1572857 0
-340.57758 -153.44275 -6.1792607 0
-337.89578 -153.29749 -6.1526451 0
-337.64969 -153.23344 -6.1404557 0
-340.11279 -153.14993 -6.1496654 0
-337.66187 -153.16794 -6.1703234 0
-336.04141 -152.77318 -6.1785455 0
-340.27618 -152.62701 -6.120563 0
-343.11969 -152.57602 -6.1897645 0
-340.18222 -152.48576 -6.1929765 0
-343.16666 -152.39442 -6.1885777 0
-343.07736 -152.37027 -6.1797309 0
-341.2973 -152.33369 -6.1868653 0
-343.24902 -152.25795 -6.1428075 0
-343.03595 -152.22798 -6.1048822 0
-341.25452 -152.2943 -6.1777639 0
-341.1427 -152.22479 -6.1090593 0
-341.05356 -152.27336 -6.1583567 0
-342.66907 -152.18274 -6.1016994 0
-342.88577 -152.08458 -6.1101394 0
-341.14761 -152.08156 -6.1927538 0
-342.94998 -151.99951 -6.1285706 0
-340.45148 -151.99202 -6.159287 0
-340.61423 -151.65756 -6.1911154 0
-340.42557 -151.60641 -6.1922703 0
-340.20154 -151.63524 -6.1739812 0
-341.24545 -151.58051 -6.1934929 0
-341.15335 -151.46756 -6.1018653 0
-340.1214 -151.37155 -6.1745472 0
-344.51651 -151.2663 -6.1198907 0
-344.45898 -151.22066 -6.1886396 0
-343.95239 -151.23997 -6.1085429 0
-344.56207 -151.1553 -6.1243396 0
-344.45972 -151.16612 -6.1813045 0
-344.45242 -151.02113 -6.1695437 0
-344.39798 -151.03529 -6.1045656 0
-344.65723 -150.88588 -6.1425095 0
-344.73685 -150.75513 -6.1406341 0
-344.71066 -150.68977 -6.1089773 0
-344.6358 -150.64197 -6.1451764 0
-344.54498 -150.60292 -6.1704092 0
-344.34631 -150.68582 -6.1610751 0
-344.28842 -150.65022 -6.1874228 0
-343.35614 -150.42378 -6.1218257 0
-341.81598 -202.93282 -6.0270691 0
-337.18912 -202.70688 -6.0315232 0
-341.85764 -202.49352 -6.0712881 0
-332.71436 -201.54851 -6.0265727 0
-334.62183 -192.92868 -6.0961738 0
-345.00473 -192.80792 -6.0225096 0
-344.82092 -192.64755 -6.0005932 0
-348.53317 -190.34863 -6.0959005 0
-348.75058 -190.2093 -6.0432491 0
-340.65131 -190.24216 -6.0565586 0
-348.10486 -189.74553 -6.0610871 0
-347.5354 -189.79103 -6.0744505 0
-349.40613 -189.56503 -6.0115662 0
-349.41507 -189.44382 -6.0296078 0
-349.3446 -189.44446 -6.0174141 0
-347.75027 -189.43361 -6.0616994 0
-349.03519 -189.33124 -6.0426106 0
-347.89862 -189.39793 -6.089467 0
-343.38589 -189.3589 -6.0736246 0
-349.07303 -188.9641 -6.0136719 0
-347.35846 -188.91896 -6.0737371 0
-346.94421 -188.81277 -6.0270052 0
-346.88779 -188.73799 -6.0369372 0
-348.13974 -188.56 -6.0320473 0
-347.03952 -188.57632 -6.0686526 0
-346.08405 -188.50551 -6.0047803 0
-348.03876 -188.46053 -6.0582337 0
-346.86469 -188.31116 -6.0758009 0
-348.01984 -188.13271 -6.0080705 0
-336.63742 -188.10773 -6.0360332 0
-348.60553 -187.53462 -6.0101261 0
-348.88354 -187.27626 -6.0677986 0
-336.15375 -186.19026 -6.0317106 0
-346.77673 -185.94521 -6.0200343 0
-346.68961 -185.60951 -6.0007486 0
-337.33679 -185.51512 -6.0452461 0
-337.2692 -185.43053 -6.0670247 0
-336.37238 -185.45142 -6.0919261 0
-337.21475 -185.30849 -6.026978 0
-339.73099 -182.92924 -6.0407352 0
-338.88763 -182.63416 -6.0064807 0
-346.48813 -182.5153 -6.0575438 0
-340.16064 -182.52397 -6.0593877 0
-347.24652 -181.67628 -6.047864 0
-339.2067 -181.59497 -6.0847077 0
-345.6001 -179.22375 -6.0732565 0
-348.37534 -178.27266 -6.0383086 0
-347.41306 -177.4716 -6.0500598 0
-338.68787 -175.40378 -6.0490303 0
-338.6886 -175.36589 -6.0262451 0
-349.08618 -173.0047 -6.047998 0
-348.86783 -172.78511 -6.039516 0
-251.79013 -172.71225 -6.0123615 0
-346.93124 -172.19429 -6.0090265 0
-346.92493 -172.04294 -6.0461826 0
-347.86154 -171.92174 -6.0641265 0
-347.95877 -171.68849 -6.0705647 0
-327.03418 -171.39751 -6.0764408 0
-346.65442 -171.23299 -6.02285 0
-349.23077 -170.44843 -6.0229788 0
-349.72675 -170.14139 -6.0458293 0
-349.23428 -169.02625 -6.0629635 0
-347.71835 -168.86786 -6.0532637 0
-335.37918 -167.35497 -6.0150633 0
-349.50031 -166.9035 -6.0632753 0
-349.54132 -166.82266 -6.0908499 0
-349.08374 -166.65211 -6.0105419 0
-348.99216 -166.6209 -6.0343723 0
-337.39105 -166.33301 -6.0074735 0
-337.29675 -166.35464 -6.0386605 0
-337.35245 -166.27646 -6.0463462 0
-337.23941 -166.17332 -6.096159 0
-346.58014 -164.58551 -6.0137606 0
-346.4744 -164.56866 -6.0939541 0
-341.16864 -164.2571 -6.0724592 0
-341.19318 -164.03398 -6.0170293 0
-340.56894 -164.05223 -6.0730624 0
-340.49533 -163.92171 -6.065671 0
-338.59821 -163.92357 -6.0739722 0
-340.30472 -163.80406 -6.0382028 0
-339.76498 -163.30402 -6.0336494 0
-339.75424 -163.25429 -6.0291362 0
-339.79764 -163.17999 -6.0713573 0
-340.82965 -162.88283 -6.0881906 0
-340.95786 -162.35571 -6.0356226 0
-340.74475 -162.20653 -6.0253057 0
-341.19638 -162.00122 -6.0328746 0
-340.52026 -161.74022 -6.0737395 0
-340.74652 -161.45657 -6.0404143 0
-339.88672 -161.31836 -6.0785117 0
-250.53838 -161.1283 -6.046977 0
-340.88629 -161.09915 -6.0535278 0
-340.61331 -160.9402 -6.0265727 0
-339.98703 -160.95764 -6.0595756 0
-340.91476 -160.75862 -6.0467162 0
-340.76312 -160.65921 -6.0171704 0
-339.26456 -160.55734 -6.0569224 0
-339.5307 -160.25484 -6.0576758 0
-339.5369 -160.19366 -6.0686069 0
-339.49783 -160.15503 -6.0810843 0
-328.37186 -160.10054 -6.0650148 0
-341.18219 -159.65753 -6.0405116 0
-341.49258 -159.55132 -6.060276 0
-340.97375 -159.4447 -6.00072 0
-337.58661 -159.17255 -6.0659256 0
-330.78101 -159.08397 -6.066546 0
-325.90244 -158.94908 -6.0162067 0
-342.7276 -158.60123 -6.0105042 0
-340.03818 -157.85646 -6.0283861 0
-339.62781 -157.82225 -6.0201521 0
-340.8154 -157.70436 -6.0845504 0
-339.69333 -157.78352 -6.0315232 0
-339.58282 -157.67307 -6.0210748 0
-339.7348 -157.53128 -6.0044727 0
-348.56754 -157.08049 -6.0397048 0
-348.47235 -157.00819 -6.0114903 0
-348.53223 -156.93805 -6.059731 0
-348.42749 -156.91153 -6.0623398 0
-348.43884 -156.87843 -6.0254984 0
-348.35202 -156.85504 -6.0668802 0
-349.09583 -155.85298 -6.0138836 0
-349.06601 -154.85182 -6.0148745 0
-348.78711 -154.79591 -6.0872293 0
-346.99933 -154.56157 -6.0459962 0
-339.53757 -154.43736 -6.0969691 0
-341.03845 -154.13193 -6.0810332 0
-340.87979 -154.17966 -6.0110183 0
-340.75253 -153.78688 -6.0514026 0
-340.6553 -153.37006 -6.058949 0
-340.3613 -153.37654 -6.0648937 0
-340.57751 -153.26262 -6.0567284 0
-340.67645 -153.16139 -6.0270181 0
-342.99823 -152.62167 -6.0528779 0
-342.97055 -152.58147 -6.0295277 0
-340.43872 -152.54379 -6.0245991 0
-340.11649 -152.37308 -6.0476117 0
-343.13416 -152.22916 -6.0809302 0
-340.87759 -152.29013 -6.0453072 0
-340.32733 -152.20459 -6.0979457 0
-342.74542 -152.15596 -6.0707202 0
-341.05292 -152.1635 -6.014039 0
-343.19647 -152.08672 -6.0625377 0
-342.87778 -152.07211 -6.0422893 0
-341.12775 -151.94319 -6.0338254 0
-340.68347 -151.99915 -6.0893512 0
-328.26453 -151.90472 -6.0082717 0
-341.23572 -151.87534 -6.0618057 0
-340.24673 -151.89844 -6.0975609 0
-340.09616 -151.81914 -6.0757775 0
-340.90125 -151.60036 -6.0575075 0
-341.38455 -151.55925 -6.0086308 0
-334.18106 -151.57408 -6.0423017 0
-343.38055 -151.34544 -6.0231428 0
-340.29169 -151.33136 -6.04006 0
-343.96454 -151.17607 -6.0889597 0
-327.7634 -151.0092 -6.0098271 0
-327.7554 -150.90976 -6.0107794 0
-327.94095 -150.89647 -6.067811 0
-344.74786 -150.73793 -6.0557966 0
-344.65704 -150.70007 -6.0924735 0
-344.74084 -150.61159 -6.0667329 0
-343.37839 -150.67766 -6.0450363 0
-344.70972 -150.52216 -6.0712562 0
-344.33606 -150.51341 -6.0859785 0
-257.2905 -150.3735 -6.0832009 0
-341.6095 -203.70345 -5.9468431 0
-341.87357 -202.87698 -5.9485512 0
-337.24728 -202.60251 -5.9375262 0
-336.99564 -198.12497 -5.924746 0
-336.90021 -198.05978 -5.909822 0
-334.48807 -192.76044 -5.9219871 0
-344.59491 -191.50943 -5.9691443 0
-348.20804 -190.34482 -5.9892473 0
-340.73917 -190.05843 -5.9292102 0
-348.78961 -189.6772 -5.9305191 0
-349.3591 -189.43372 -5.9890113 0
-349.17587 -189.4341 -5.9952064 0
-348.90018 -189.43567 -5.9130297 0
-343.32007 -189.45952 -5.9193912 0
-349.39297 -189.30472 -5.9640784 0
-349.09772 -189.34061 -5.9450102 0
-349.3515 -189.24078 -5.9689507 0
-349.25122 -189.24382 -5.9570446 0
-349.05038 -189.09389 -5.9980497 0
-348.73978 -189.09892 -5.969192 0
-348.69 -189.05193 -5.9704275 0
-349.065 -188.96664 -5.9838409 0
-346.65582 -188.75487 -5.9725208 0
-340.48071 -188.71912 -5.9356089 0
-336.5744 -188.02428 -5.9117837 0
-339.82578 -187.97057 -5.9384885 0
-339.7673 -187.92451 -5.9335985 0
-348.2413 -187.49989 -5.9050274 0
-348.36029 -187.28394 -5.9350791 0
-348.95151 -187.15691 -5.9121757 0
-348.50671 -187.05606 -5.9032106 0
-336.46725 -186.88901 -5.9330664 0
-336.49203 -186.79205 -5.9540772 0
-336.26135 -186.76257 -5.9271245 0
-344.4946 -186.47601 -5.9222646 0
-344.48346 -186.39771 -5.9965391 0
-335.89523 -186.18767 -5.9947557 0
-346.84998 -185.83325 -5.9599109 0
-346.67001 -185.58568 -5.9788623 0
-338.88812 -182.77017 -5.9081674 0
-346.48206 -182.56258 -5.9491091 0
-346.87643 -181.49367 -5.9307733 0
-337.01761 -178.99603 -5.9686217 0
-346.09644 -178.17975 -5.9597569 0
-333.61301 -175.62732 -5.936625 0
-338.72925 -175.38297 -5.9341063 0
-335.19583 -174.54355 -5.9791398 0
-335.22821 -174.49965 -5.9014153 0
-349.39102 -172.70357 -5.9203572 0
-349.53839 -172.60522 -5.9584351 0
-349.52295 -172.53947 -5.9770823 0
-348.89444 -172.50499 -5.9030743 0
-348.7843 -172.55801 -5.9249024 0
-349.90836 -171.6628 -5.9447975 0
-349.84918 -171.67349 -5.999691 0
-349.76611 -171.66124 -5.9544621 0
-349.93509 -171.55649 -5.9472713 0
-349.71103 -171.43056 -5.9273887 0
-349.85886 -171.39174 -5.968761 0
-347.43341 -171.37442 -5.927012 0
-347.44287 -171.1144 -5.9656882 0
-349.11383 -170.32863 -5.9792051 0
-349.08041 -170.31017 -5.9863987 0
-349.83978 -170.29478 -5.9962664 0
-349.53162 -170.23367 -5.9877658 0
-348.85837 -170.1062 -5.9063463 0
-348.5127 -169.59145 -5.9302111 0
-337.49619 -169.26207 -5.9629579 0
-335.51596 -167.48474 -5.9745836 0
-346.36627 -166.64497 -5.9155183 0
-346.2832 -166.63243 -5.9480915 0
-349.09863 -166.59981 -5.9748869 0
-349.28525 -166.28758 -5.9195518 0
-341.19919 -164.55392 -5.9709563 0
-341.17053 -164.3082 -5.9895916 0
-340.33517 -163.63567 -5.9973145 0
-340.1066 -163.46153 -5.908577 0
-333.57098 -163.48122 -5.9263554 0
-340.69885 -163.27411 -5.9440713 0
-341.34402 -163.11282 -5.903965 0
-341.23068 -162.92696 -5.9536409 0
-340.84607 -162.94679 -5.9864602 0
-339.40561 -162.9678 -5.98 0
-341.1145 -162.84595 -5.9831166 0
-340.29337 -162.76074 -5.9431429 0
-339.3609 -162.61444 -5.9740171 0
-340.79993 -162.53148 -5.9984765 0
-340.60608 -161.64256 -5.9367957 0
-341.04919 -161.53685 -5.9733953 0
-339.7543 -160.94655 -5.9967399 0
-340.82077 -160.62625 -5.9332452 0
-340.69699 -160.50446 -5.9793 0
-339.12946 -160.54697 -5.9716716 0
-340.75262 -160.17165 -5.9829531 0
-339.49124 -160.10675 -5.9951406 0
-340.66278 -160.06764 -5.9210286 0
-340.54504 -160.01709 -5.9380336 0
-341.13849 -159.86971 -5.9451041 0
-341.08792 -159.89786 -5.9556303 0
-341.28433 -159.63135 -5.9769325 0
-341.16583 -159.6324 -5.9711585 0
-341.32269 -159.5948 -5.9677048 0
-341.08026 -159.39699 -5.9003072 0
-337.43112 -159.01643 -5.9748201 0
-349.50443 -158.42075 -5.988852 0
-339.21835 -158.14439 -5.916183 0
-339.19406 -158.14519 -5.960072 0
-339.66061 -157.91696 -5.9496732 0
-339.64697 -157.87201 -5.9819736 0
-339.67365 -157.72534 -5.9671879 0
-339.52118 -157.67027 -5.9654851 0
-348.23544 -157.13383 -5.9868789 0
-349.09616 -156.91559 -5.9014792 0
-348.4946 -156.91913 -5.9605751 0
-253.38712 -156.92694 -5.9552798 0
-349.35928 -156.85081 -5.9772782 0
-348.7641 -156.87201 -5.9484391 0
-348.61063 -156.82581 -5.9504232 0
-348.5 -156.83939 -5.9057436 0
-348.37494 -156.87845 -5.9792185 0
-349.81586 -156.7007 -5.9976978 0
-349.67923 -156.7536 -5.9735169 0
-348.3345 -156.77847 -5.923687 0
-349.97913 -156.65181 -5.9711227 0
-254.26077 -156.5152 -5.9014535 0
-349.07086 -155.86664 -5.9543986 0
-347.47186 -155.77277 -5.9796896 0
-347.35709 -155.62994 -5.9406309 0
-347.21744 -155.62271 -5.9612155 0
-347.15918 -155.48766 -5.9955096 0
-347.07947 -155.42459 -5.9696302 0
-348.88803 -155.07727 -5.9901018 0
-348.90945 -154.96571 -5.9929066 0
-337.46237 -154.93925 -5.9030762 0
-339.71613 -154.74419 -5.9752932 0
-342.69778 -154.60742 -5.9440031 0
-342.6463 -154.55081 -5.9445863 0
-342.50375 -154.53969 -5.9101429 0
-342.06042 -154.554 -5.9715133 0
-342.2067 -154.46449 -5.9955363 0
-342.52438 -154.36469 -5.9448457 0
-341.86099 -153.82968 -5.9853926 0
-337.60373 -153.24335 -5.9229054 0
-337.49673 -153.1861 -5.9139538 0
-336.10822 -152.88461 -5.9648023 0
-342.6405 -152.56766 -5.9545646 0
-342.54861 -152.46217 -5.9920011 0
-341.30383 -152.2977 -5.9562397 0
-342.90991 -152.15724 -5.9233923 0
-341.05087 -152.15871 -5.9188728 0
-342.80179 -152.01797 -5.9418488 0
-340.91489 -152.03218 -5.9156013 0
-341.44055 -151.96864 -5.9150939 0
-340.98227 -151.92004 -5.9211383 0
-340.71667 -151.92828 -5.9962492 0
-343.02725 -151.88707 -5.9266782 0
-340.38367 -151.81267 -5.977428 0
-340.16751 -151.80498 -5.9978576 0
-342.80264 -151.73863 -5.9159646 0
-341.3468 -151.76212 -5.9598317 0
-340.38773 -151.74442 -5.90517 0
-340.16953 -151.74103 -5.9717822 0
-334.38715 -151.64667 -5.9693193 0
-334.24188 -151.65305 -5.9673018 0
-256.2438 -151.69345 -5.936193 0
-341.43051 -151.53876 -5.9881167 0
-341.22015 -151.50111 -5.9360714 0
-341.09531 -151.57887 -5.9261127 0
-340.99252 -151.59583 -5.9527297 0
-340.25449 -151.54584 -5.9288588 0
-343.75998 -151.40584 -5.9703436 0
-334.17261 -151.48015 -5.9974256 0
-343.63254 -151.35883 -5.9343586 0
-333.71603 -151.36845 -5.9534521 0
-343.78943 -151.23065 -5.9380512 0
-343.53436 -151.27269 -5.9509792 0
-340.36621 -151.27614 -5.9594879 0
-343.67242 -151.18713 -5.9474511 0
-344.2785 -151.02293 -5.9488759 0
-343.97748 -151.07626 -5.9604607 0
-344.26953 -150.57506 -5.942131 0
-343.35284 -150.56708 -5.9636469 0
-259.07767 -150.29361 -5.9607973 0
-343.366 -150.18469 -5.9569092 0
-342.54333 -203.58049 -5.8716035 0
-342.34268 -203.34911 -5.856122 0
-342.21194 -203.33293 -5.8211622 0
-342.13699 -203.15337 -5.8094258 0
-341.81021 -203.00285 -5.8142371 0
-337.69739 -202.88341 -5.8034906 0
-337.29303 -202.58965 -5.831161 0
-337.00201 -196.42409 -5.8408513 0
-337.00949 -196.16589 -5.8973374 0
-336.94244 -196.12877 -5.807436 0
-337.24973 -195.6626 -5.8571219 0
-336.59113 -195.50121 -5.8047462 0
-337.117 -190.49258 -5.8250341 0
-340.52133 -190.2659 -5.8196774 0
-340.79166 -190.00554 -5.800652 0
-340.85962 -189.83188 -5.8252392 0
-349.00101 -189.67392 -5.8404732 0
-348.96979 -189.6156 -5.8485923 0
-348.90161 -189.5746 -5.8451791 0
-347.4819 -189.35257 -5.877182 0
-349.09457 -189.29674 -5.8831296 0
-348.94983 -189.22871 -5.8182945 0
-347.49475 -189.20999 -5.8197513 0
-346.62024 -189.08479 -5.8403978 0
-347.37775 -188.93842 -5.8939118 0
-347.11884 -188.93387 -5.8474951 0
-346.11093 -188.45494 -5.8335266 0
-348.3345 -187.24237 -5.8179164 0
-348.66931 -186.99672 -5.8339462 0
-344.39133 -186.62057 -5.8155575 0
-344.42377 -186.34024 -5.892343 0
-336.53482 -185.94893 -5.8693347 0
-337.08261 -185.17752 -5.8641157 0
-347.58469 -182.96428 -5.8000937 0
-345.71921 -180.90892 -5.8084884 0
-345.68442 -179.02127 -5.882009 0
-345.5415 -179.09486 -5.8579574 0
-336.80893 -179.05664 -5.8890018 0
-345.67892 -178.92357 -5.854248 0
-346.38019 -178.17656 -5.8134394 0
-347.21198 -177.80569 -5.8645868 0
-348.01129 -177.6487 -5.8170848 0
-333.59399 -175.56113 -5.8125176 0
-335.3186 -174.53072 -5.8781972 0
-335.16913 -174.41614 -5.8916378 0
-349.13013 -172.85063 -5.8373966 0
-349.26086 -172.70605 -5.8067403 0
-349.91806 -172.50777 -5.8049855 0
-349.46103 -172.40924 -5.8091865 0
-348.90637 -172.4447 -5.8362722 0
-349.936 -172.2606 -5.8391204 0
-349.89819 -172.29282 -5.8040581 0
-349.0097 -172.24295 -5.8207154 0
-349.74078 -171.59721 -5.846314 0
-349.41852 -170.06512 -5.8550425 0
-349.38837 -169.97804 -5.8054152 0
-348.59601 -169.94983 -5.817203 0
-348.46558 -169.85956 -5.800806 0
-348.57651 -169.74925 -5.8316851 0
-348.56503 -169.49544 -5.8291464 0
-347.5209 -168.96494 -5.8878093 0
-346.30261 -166.60701 -5.8659601 0
-346.27866 -166.66049 -5.855937 0
-346.04224 -166.61308 -5.8410535 0
-346.31256 -166.51384 -5.8359585 0
-349.0094 -166.35451 -5.8778124 0
-346.49088 -164.60638 -5.8862805 0
-346.50351 -164.54445 -5.8624868 0
-346.3519 -164.32288 -5.8569331 0
-338.49548 -163.78943 -5.8125892 0
-341.11636 -162.87149 -5.8578439 0
-340.87582 -162.1492 -5.838305 0
-339.99738 -162.11586 -5.8662906 0
-340.91473 -161.74411 -5.8252101 0
-341.05438 -161.65083 -5.8413653 0
-337.43295 -161.67549 -5.8738813 0
-341.07339 -161.45119 -5.8446016 0
-341.09033 -161.36955 -5.8391933 0
-342.31998 -161.01776 -5.8199444 0
-340.54239 -159.8633 -5.8626337 0
-340.90952 -159.55432 -5.868897 0
-341.09061 -159.40892 -5.8436842 0
-252.74806 -159.28159 -5.8147898 0
-253.90012 -158.90683 -5.8969941 0
-349.94739 -158.33543 -5.8878827 0
-349.15274 -157.93391 -5.8079429 0
-339.54156 -157.93617 -5.8243861 0
-349.92688 -157.89934 -5.8319631 0
-349.06747 -157.81154 -5.8087029 0
-339.70023 -157.84921 -5.8676782 0
-339.61411 -157.83072 -5.8777857 0
-254.83656 -157.8221 -5.8554921 0
-339.88284 -157.69679 -5.8141665 0
-339.55145 -157.6248 -5.8610506 0
-348.78201 -157.27003 -5.8234367 0
-348.53094 -157.15973 -5.8045697 0
-349.16278 -156.91116 -5.836132 0
-349.03922 -156.93109 -5.8346238 0
-348.77841 -156.9357 -5.8246918 0
-348.59372 -156.93762 -5.8950038 0
-348.48499 -156.93036 -5.8539209 0
-349.52493 -156.85811 -5.825891 0
-348.26254 -156.83989 -5.8411336 0
-349.72589 -156.73734 -5.8073163 0
-348.43802 -156.76617 -5.8407111 0
-349.48013 -156.04825 -5.8032413 0
-347.47385 -155.84715 -5.8980641 0
-347.42099 -155.77139 -5.8508472 0
-349.57141 -155.62614 -5.858233 0
-348.89377 -155.13182 -5.8401809 0
-348.9689 -155.07733 -5.8728724 0
-342.07074 -154.11795 -5.8755054 0
-340.83881 -154.16228 -5.8642907 0
-342.1239 -154.03722 -5.8454156 0
-342.01453 -154.05948 -5.8849707 0
-341.80765 -154.06062 -5.8311791 0
-341.58627 -154.04231 -5.8801217 0
-341.68927 -153.84462 -5.8728037 0
-340.74979 -153.84393 -5.8364005 0
-342.23505 -153.58195 -5.8470459 0
-337.61707 -153.23802 -5.8148861 0
-342.54688 -152.81589 -5.8828416 0
-342.49442 -152.63701 -5.8586259 0
-342.5755 -152.55919 -5.8912249 0
-341.0303 -152.34535 -5.8702674 0
-340.85843 -152.34494 -5.8863688 0
-342.96274 -152.24391 -5.8191223 0
-342.7348 -152.17978 -5.8909841 0
-340.7869 -152.15065 -5.8480992 0
-341.15451 -152.02924 -5.8032932 0
-340.83862 -152.01512 -5.841918 0
-342.71475 -151.93747 -5.8444486 0
-342.55777 -151.94229 -5.8120379 0
-342.09772 -151.93193 -5.8498645 0
-341.35199 -151.97397 -5.8575015 0
-341.02237 -151.99492 -5.8883233 0
-342.52954 -151.86972 -5.8512282 0
-259.56769 -151.8062 -5.8821945 0
-343.47971 -151.72675 -5.863296 0
-341.07666 -151.61786 -5.8164845 0
-340.91611 -151.6843 -5.8620048 0
-328.30524 -151.69818 -5.8012586 0
-340.75647 -151.59322 -5.8471031 0
-343.59045 -151.4536 -5.8152561 0
-341.31082 -151.48141 -5.8099871 0
-340.72958 -151.42332 -5.8736634 0
-340.65204 -151.44785 -5.894866 0
-343.47104 -151.39342 -5.8815598 0
-340.44785 -151.35236 -5.8832469 0
-343.56085 -151.23889 -5.8939943 0
-340.73703 -151.20813 -5.8016839 0
-340.70364 -151.1691 -5.8287921 0
-344.3927 -150.91275 -5.8973541 0
-344.29352 -150.76051 -5.8652916 0
-344.23666 -150.61725 -5.8417654 0
-344.24625 -150.5112 -5.8730912 0
-344.14685 -150.53087 -5.8408108 0
-344.33945 -150.48758 -5.8268442 0
-344.15372 -150.41574 -5.8182878 0
-343.94284 -150.22653 -5.8395205 0
-256.45374 -150.27518 -5.8268275 0
-259.15732 -150.15155 -5.8703804 0
-256.51413 -150.17516 -5.8344903 0
-349.96616 -212.01152 -5.7635398 0
-342.78766 -203.88203 -5.7236376 0
-342.70276 -203.78735 -5.7275991 0
-342.4527 -203.74915 -5.7128434 0
-342.72363 -203.63734 -5.7034039 0
-342.63281 -203.68265 -5.7308235 0
-342.25925 -203.38536 -5.7062817 0
-341.95847 -203.27197 -5.7021832 0
-341.28296 -202.83923 -5.7262163 0
-341.27527 -202.78958 -5.718462 0
-344.40872 -190.74098 -5.7780056 0
-344.29889 -190.71021 -5.7066507 0
-344.39581 -190.60565 -5.710844 0
-340.21994 -190.4789 -5.7734175 0
-346.52933 -189.49797 -5.7826333 0
-346.44312 -189.4467 -5.7864604 0
-343.33026 -189.37651 -5.7206631 0
-349.12476 -189.27512 -5.7555871 0
-348.95514 -189.16522 -5.7602582 0
-340.45688 -189.16135 -5.7750382 0
-349.20303 -189.03111 -5.752615 0
-346.65356 -188.95328 -5.7693839 0
-340.60196 -188.91208 -5.7256398 0
-340.28888 -188.81441 -5.7141008 0
-346.16974 -188.54283 -5.72823 0
-346.11163 -188.4453 -5.7737579 0
-346.15265 -188.34952 -5.7997704 0
-346.00824 -188.26614 -5.7869811 0
-340.09213 -188.13805 -5.7983003 0
-348.34149 -187.65942 -5.7190576 0
-348.27911 -187.489 -5.7345414 0
-348.74713 -187.33365 -5.7471638 0
-348.82773 -187.06836 -5.7699776 0
-348.6991 -187.09758 -5.7468781 0
-348.63281 -186.71547 -5.7872314 0
-344.45532 -186.33702 -5.7335682 0
-336.52197 -186.37973 -5.7643757 0
-344.40652 -186.20836 -5.7599268 0
-344.38058 -186.28856 -5.7313013 0
-338.16922 -184.04103 -5.741384 0
-339.35693 -183.97781 -5.7069149 0
-340.00186 -183.01701 -5.7943287 0
-338.94803 -182.72374 -5.7684422 0
-347.7489 -181.81433 -5.7108278 0
-328.24857 -179.24971 -5.795177 0
-336.96756 -179.02798 -5.7242417 0
-333.32565 -178.91882 -5.7917867 0
-345.25888 -177.8779 -5.7214322 0
-338.61389 -175.53978 -5.7626295 0
-338.6499 -175.37134 -5.7862434 0
-338.65674 -175.23717 -5.7993712 0
-349.27628 -172.74097 -5.7688694 0
-349.71848 -172.36885 -5.7860475 0
-349.79941 -172.15697 -5.7882199 0
-349.75488 -171.97662 -5.7441273 0
-349.86557 -171.41794 -5.7361736 0
-347.31958 -171.38002 -5.7285366 0
-349.93036 -171.26018 -5.7924123 0
-349.80316 -171.19307 -5.7134113 0
-349.38107 -170.20189 -5.7658234 0
-349.33643 -170.1032 -5.7241182 0
-349.24615 -170.14819 -5.7319937 0
-349.36401 -170.05476 -5.7734299 0
-349.27383 -170.07793 -5.7396283 0
-349.23938 -169.97484 -5.749207 0
-348.93427 -169.8295 -5.7048731 0
-348.61349 -169.63771 -5.7376218 0
-337.63419 -169.3439 -5.7314334 0
-347.6286 -168.97955 -5.7416806 0
-347.5722 -168.90685 -5.7391062 0
-347.53015 -168.86111 -5.7519755 0
-335.47885 -167.27168 -5.721149 0
-335.39807 -167.24948 -5.7174449 0
-335.46555 -167.18224 -5.7205033 0
-346.28143 -166.69791 -5.7264132 0
-346.33588 -166.58954 -5.7977819 0
-337.25293 -166.18616 -5.7750235 0
-349.979 -164.7209 -5.7242632 0
-338.44254 -163.82942 -5.7881351 0
-340.59967 -163.1338 -5.7738409 0
-340.7056 -162.6022 -5.7957015 0
-337.4668 -161.73343 -5.7886295 0
-340.49985 -161.5201 -5.7157283 0
-255.33485 -161.09525 -5.7041731 0
-331.33401 -160.70831 -5.7406974 0
-342.1702 -160.63535 -5.7571359 0
-342.08884 -160.66666 -5.759994 0
-339.56058 -160.15167 -5.780129 0
-339.49097 -160.07394 -5.7886558 0
-341.00171 -159.91949 -5.7424402 0
-340.79587 -159.7173 -5.7281194 0
-341.06366 -159.37959 -5.7618494 0
-337.52832 -159.08029 -5.7333646 0
-342.57202 -158.09729 -5.7765889 0
-339.59396 -157.97699 -5.7561388 0
-348.61441 -157.60085 -5.7026672 0
-348.63583 -157.59978 -5.7694697 0
-339.3696 -157.59532 -5.7965298 0
-348.57324 -157.43205 -5.7286663 0
-348.48434 -157.34169 -5.7737603 0
-348.4537 -156.9189 -5.7766685 0
-342.62427 -156.97939 -5.7240853 0
-349.42209 -156.80334 -5.7372212 0
-349.23383 -156.87756 -5.7459159 0
-348.54938 -156.8856 -5.7500606 0
-348.4325 -156.87381 -5.7198925 0
-348.38062 -156.85509 -5.7355499 0
-349.68832 -156.74931 -5.73141 0
-349.32843 -156.71387 -5.7830276 0
-349.11285 -156.79692 -5.7169476 0
-348.08325 -156.78053 -5.7930732 0
-349.84143 -156.65591 -5.7816496 0
-342.80887 -156.6929 -5.7865067 0
-342.74643 -156.62675 -5.7600579 0
-340.75946 -156.65797 -5.7085185 0
-340.40842 -156.66904 -5.7635241 0
-349.90875 -156.55048 -5.7293558 0
-349.63431 -155.88882 -5.7147026 0
-347.65756 -155.7218 -5.7222595 0
-349.0538 -155.56438 -5.7342615 0
-337.87683 -155.13515 -5.7073617 0
-343.13327 -155.04721 -5.7207346 0
-337.40115 -154.84154 -5.7538686 0
-337.30881 -154.76947 -5.7457848 0
-339.98395 -154.38397 -5.7693353 0
-340.50217 -154.29713 -5.7124314 0
-340.03369 -154.27579 -5.7483549 0
-340.43851 -154.1606 -5.7797561 0
-341.96954 -153.97234 -5.7505879 0
-341.68738 -153.93587 -5.7070308 0
-340.17761 -153.91974 -5.7682924 0
-341.2641 -153.87119 -5.747879 0
-340.27374 -153.65128 -5.7910805 0
-337.63757 -153.39761 -5.7609606 0
-340.6123 -153.19499 -5.785037 0
-342.50528 -152.75192 -5.7929153 0
-342.35339 -152.73508 -5.7182074 0
-342.71603 -152.67201 -5.7728786 0
-341.1076 -152.48404 -5.7651315 0
-340.96631 -152.38525 -5.7801218 0
-341.10214 -152.2207 -5.7876635 0
-341.08224 -152.26208 -5.7297392 0
-340.99713 -152.04094 -5.7548018 0
-341.47406 -151.89647 -5.7584829 0
-328.26422 -151.83241 -5.7244382 0
-256.88126 -151.69579 -5.7410827 0
-256.6405 -151.63506 -5.7434063 0
-256.45236 -151.68753 -5.7011943 0
-340.85767 -151.54039 -5.7825122 0
-340.77643 -151.54124 -5.7675414 0
-343.54184 -151.43874 -5.7892976 0
-327.62775 -151.48094 -5.7142019 0
-343.25879 -151.36958 -5.7541609 0
-340.63791 -151.36227 -5.7992172 0
-343.35977 -151.19089 -5.7438941 0
-341.2666 -151.16731 -5.7054205 0
-340.89117 -151.19267 -5.7671185 0
-344.29553 -150.74603 -5.7889919 0
-344.22787 -150.60309 -5.7720513 0
-344.23969 -150.56415 -5.721879 0
-256.38306 -150.58139 -5.798995 0
-344.21881 -150.4334 -5.7281432 0
-343.71899 -150.41992 -5.7437396 0
-344.35794 -150.3524 -5.7440195 0
-344.25592 -150.36542 -5.7677522 0
-344.16461 -150.34515 -5.741735 0
-256.0184 -150.38347 -5.7930079 0
-344.02335 -150.21936 -5.7583699 0
-343.3605 -150.00233 -5.7146606 0
-342.94177 -203.77567 -5.6181917 0
-342.92313 -203.65837 -5.6260705 0
-342.5675 -203.68364 -5.6022639 0
-342.37402 -203.67647 -5.6054311 0
-342.44955 -203.54672 -5.6870556 0
-342.2847 -203.50797 -5.6997509 0
-342.47012 -203.17197 -5.6081815 0
-342.07809 -203.12363 -5.6654096 0
-341.39948 -203.02283 -5.6787415 0
-341.37045 -202.76901 -5.6321535 0
-332.80258 -201.77792 -5.6578135 0
-337.56528 -195.83614 -5.6740546 0
-340.1265 -195.74971 -5.6659999 0
-340.05597 -195.59494 -5.6653938 0
-323.87244 -194.7023 -5.6591339 0
-340.353 -194.3889 -5.630259 0
-340.55795 -194.06628 -5.6230497 0
-344.38678 -190.67757 -5.6916957 0
-337.1665 -190.48987 -5.644721 0
-348.1601 -189.23526 -5.6299477 0
-349.22275 -189.16837 -5.6830006 0
-349.14642 -189.06874 -5.6175075 0
-346.87054 -188.97647 -5.6678424 0
-346.25806 -188.52449 -5.6362629 0
-340.37241 -188.57494 -5.647706 0
-347.56046 -188.39938 -5.6724772 0
-346.0444 -188.35555 -5.6273923 0
-347.5051 -188.26373 -5.6077905 0
-340.19928 -188.02017 -5.6943793 0
-340.07385 -187.87592 -5.649631 0
-348.79865 -187.44336 -5.6947584 0
-348.31821 -187.44563 -5.6266108 0
-348.85458 -187.35486 -5.692512 0
-348.5202 -187.3398 -5.6615143 0
-348.21552 -187.34807 -5.6554527 0
-348.86954 -187.26483 -5.6399379 0
-348.7522 -187.23882 -5.6804423 0
-348.44583 -187.24994 -5.6501007 0
-348.83829 -187.16042 -5.6806002 0
-344.46091 -186.74205 -5.6667428 0
-336.45172 -186.42207 -5.6061749 0
-344.44891 -186.30357 -5.6276712 0
-344.50577 -186.25455 -5.6581221 0
-346.86227 -185.86559 -5.6491556 0
-347.08197 -185.71342 -5.6640882 0
-339.33835 -184.05397 -5.6675687 0
-337.67593 -183.99026 -5.6635909 0
-339.75357 -183.29807 -5.6481566 0
-340.01077 -183.16437 -5.6280708 0
-338.88324 -182.66835 -5.6093731 0
-340.50485 -182.52098 -5.6721039 0
-340.33627 -182.2675 -5.6078248 0
-332.42145 -182.16447 -5.6543708 0
-338.15475 -181.32745 -5.6411371 0
-345.57443 -180.89464 -5.668613 0
-345.60074 -179.06674 -5.6821303 0
-347.1799 -177.88113 -5.6047201 0
-338.60352 -175.32516 -5.6922603 0
-335.20276 -174.54123 -5.6461449 0
-349.7569 -172.52394 -5.6319914 0
-349.92606 -172.28362 -5.6183267 0
-348.90942 -172.27263 -5.6766219 0
-349.70172 -172.18726 -5.6474409 0
-348.94617 -172.09167 -5.6025496 0
-348.70959 -172.05519 -5.6880169 0
-349.57849 -171.37686 -5.6085472 0
-347.89758 -171.31194 -5.6260409 0
-336.4892 -171.37479 -5.6554937 0
-347.76718 -171.28241 -5.614459 0
-347.01813 -171.26666 -5.6897197 0
-348.68054 -169.65948 -5.6468368 0
-348.60849 -169.5415 -5.6475439 0
-348.68817 -169.45259 -5.6985555 0
-348.18845 -169.36526 -5.6217189 0
-347.91846 -169.30788 -5.6438656 0
-337.62109 -169.32877 -5.6206856 0
-337.56451 -169.32538 -5.6867771 0
-347.51041 -169.11449 -5.6753831 0
-335.46826 -167.38521 -5.6783209 0
-346.15982 -166.87994 -5.6550665 0
-349.11563 -166.56706 -5.608191 0
-349.01669 -166.55202 -5.698154 0
-346.16565 -166.59941 -5.643579 0
-349.84863 -165.33113 -5.6057839 0
-346.40561 -164.37947 -5.6700716 0
-346.78653 -164.18498 -5.6055532 0
-333.64697 -163.51978 -5.6625414 0
-341.73911 -161.92075 -5.6764579 0
-340.94586 -161.76588 -5.6829057 0
-339.37582 -161.16133 -5.6510839 0
-340.87601 -160.90994 -5.6294818 0
-341.33411 -160.63873 -5.6430721 0
-341.43201 -160.55652 -5.6381989 0
-341.3009 -160.50165 -5.666059 0
-341.26788 -160.57901 -5.6412749 0
-340.76556 -160.59192 -5.6202168 0
-340.88837 -160.15041 -5.6338706 0
-339.50476 -160.14616 -5.6016636 0
-340.96069 -159.93452 -5.607861 0
-341.09482 -159.77068 -5.6004939 0
-340.98373 -159.70963 -5.6220555 0
-341.035 -159.67857 -5.665266 0
-340.93848 -159.23187 -5.6934824 0
-337.53485 -159.14665 -5.6602058 0
-337.6239 -159.08734 -5.6646962 0
-337.53445 -159.06587 -5.6788163 0
-337.56866 -158.99696 -5.6602483 0
-349.00229 -158.11977 -5.6341548 0
-251.85707 -158.15881 -5.6940746 0
-348.93173 -157.97006 -5.612905 0
-339.71408 -157.83745 -5.6642485 0
-348.80984 -157.75584 -5.6275768 0
-342.31372 -157.79044 -5.6232181 0
-340.32245 -157.77136 -5.6760821 0
-342.27155 -157.46909 -5.601542 0
-348.40784 -157.17633 -5.6947851 0
-348.43073 -157.0475 -5.6198845 0
-348.53488 -156.918 -5.6925817 0
-348.46741 -156.95395 -5.66115 0
-342.66702 -156.97992 -5.6000543 0
-348.43646 -156.87007 -5.6385126 0
-348.2984 -156.89005 -5.6142197 0
-349.43274 -156.73611 -5.648633 0
-348.4491 -156.72638 -5.6496587 0
-348.30161 -156.78441 -5.6759686 0
-348.10376 -156.74748 -5.6198993 0
-349.57486 -156.66115 -5.6882052 0
-342.83295 -156.53888 -5.6756277 0
-347.78922 -156.22778 -5.6515336 0
-347.57565 -156.0558 -5.6987681 0
-349.41858 -155.92699 -5.6605024 0
-349.47672 -155.77739 -5.6909409 0
-349.17157 -155.59268 -5.6569729 0
-337.68085 -155.04878 -5.6897345 0
-341.88312 -154.47575 -5.6929812 0
-341.49512 -154.33075 -5.60497 0
-341.42703 -153.94415 -5.6442633 0
-339.91281 -153.91774 -5.6571746 0
-339.89972 -153.92484 -5.6246572 0
-341.09824 -153.86906 -5.6099925 0
-341.55817 -153.55641 -5.6430535 0
-340.59439 -153.30078 -5.6887674 0
-337.75876 -153.35449 -5.6213498 0
-340.6398 -153.2541 -5.6929522 0
-325.47098 -152.91734 -5.6585922 0
-336.03326 -152.86011 -5.6052699 0
-341.24545 -152.31723 -5.6969395 0
-342.52563 -151.72578 -5.6559749 0
-341.78888 -151.78545 -5.6104164 0
-340.72034 -151.52956 -5.6563473 0
-334.16708 -151.54976 -5.6906443 0
-340.88965 -151.48038 -5.6100092 0
-340.33679 -151.49748 -5.6941566 0
-340.41473 -151.37868 -5.6538472 0
-343.23474 -151.20979 -5.6975813 0
-340.34335 -151.26749 -5.646935 0
-343.20477 -151.19145 -5.6854439 0
-341.26999 -151.13367 -5.6245427 0
-268.4516 -150.93549 -5.6102839 0
-344.2645 -150.80968 -5.6660914 0
-344.17429 -150.68922 -5.6578593 0
-341.40125 -150.44325 -5.6577754 0
-333.30258 -150.43738 -5.6224489 0
-344.34769 -150.29964 -5.6752887 0
-344.11249 -150.14162 -5.6432176 0
-343.24872 -150.01251 -5.6024728 0
-343.0014 -203.82936 -5.5899444 0
-342.44772 -203.88406 -5.5426879 0
-342.78247 -203.74696 -5.5085254 0
-342.4313 -203.77904 -5.5311241 0
-342.29852 -203.0941 -5.5271306 0
-342.21454 -202.97408 -5.518301 0
-332.73303 -199.65994 -5.5001297 0
-336.85925 -198.17511 -5.5216508 0
-336.85202 -198.04375 -5.5450406 0
-337.07996 -196.38455 -5.517971 0
-337.08859 -196.28262 -5.5212607 0
-344.82004 -191.88745 -5.5877886 0
-345.45996 -191.4369 -5.5520616 0
-340.78125 -190.29317 -5.5870976 0
-340.62781 -190.11014 -5.5384583 0
-343.26486 -190.02486 -5.5797067 0
-340.63525 -189.98962 -5.5555506 0
-340.68732 -189.88319 -5.5047078 0
-340.30032 -189.58093 -5.5096617 0
-348.3327 -189.36531 -5.5826664 0
-346.5434 -189.30441 -5.5409241 0
-340.24115 -189.32066 -5.5009356 0
-348.22238 -189.24522 -5.571866 0
-340.08807 -189.12077 -5.5120792 0
-348.12131 -189.01044 -5.5778661 0
-348.86243 -188.96829 -5.5388622 0
-348.7084 -188.905 -5.5015674 0
-348.8576 -188.83148 -5.5132027 0
-348.85614 -188.74785 -5.5229421 0
-336.51447 -188.10541 -5.5241079 0
-346.71927 -188.0461 -5.5731282 0
-336.53687 -188.03778 -5.598546 0
-348.91647 -187.29749 -5.5653439 0
-348.43204 -187.05695 -5.5952768 0
-337.24789 -185.90251 -5.5869703 0
-337.05051 -185.77635 -5.5805588 0
-337.40402 -185.4724 -5.502914 0
-337.33746 -185.42891 -5.5765405 0
-336.88898 -185.43216 -5.5864959 0
-337.31851 -185.30827 -5.5847383 0
-339.31091 -183.66925 -5.5667257 0
-347.8768 -182.91112 -5.5283113 0
-340.1442 -182.8835 -5.5431695 0
-338.82727 -182.64479 -5.5621314 0
-339.84863 -182.50755 -5.5485125 0
-339.35645 -182.58624 -5.5332723 0
-339.7692 -182.40494 -5.5364771 0
-346.26648 -181.94528 -5.5242462 0
-347.81732 -181.7056 -5.5124087 0
-339.93021 -181.74887 -5.5385985 0
-336.99286 -178.95538 -5.5558591 0
-347.00235 -177.94695 -5.5382304 0
-348.67624 -172.76274 -5.5969105 0
-349.98331 -172.15739 -5.5744867 0
-349.81186 -172.00351 -5.5637755 0
-349.92908 -171.92657 -5.5707636 0
-349.8688 -171.79109 -5.547976 0
-349.53906 -171.11125 -5.5258694 0
-348.48776 -169.74513 -5.517046 0
-348.54034 -169.53578 -5.5269394 0
-347.56201 -168.99307 -5.5599723 0
-346.29492 -166.76807 -5.5363631 0
-346.12476 -166.51624 -5.5911784 0
-349.87885 -165.6871 -5.584703 0
-349.43179 -165.65187 -5.523809 0
-349.76089 -165.53925 -5.5677972 0
-346.82721 -164.82764 -5.5278797 0
-346.5054 -164.55406 -5.5561829 0
-346.52545 -164.45686 -5.5964088 0
-346.47217 -164.41776 -5.5287685 0
-347.08966 -164.3855 -5.5140686 0
-347.04929 -164.13293 -5.5848436 0
-340.31607 -163.4187 -5.5626521 0
-333.36069 -163.3459 -5.5699558 0
-340.54358 -163.20085 -5.5316687 0
-337.47266 -161.64627 -5.5028858 0
-340.89838 -161.54884 -5.5733027 0
-340.9389 -161.41319 -5.5842581 0
-341.0629 -160.91664 -5.5843372 0
-334.27917 -160.93901 -5.5411615 0
-339.67865 -160.75255 -5.509459 0
-339.7417 -160.67908 -5.594171 0
-340.92297 -160.59486 -5.5705452 0
-340.74042 -160.53543 -5.594038 0
-341.0047 -160.10768 -5.5739074 0
-340.80893 -160.07533 -5.5966449 0
-341.064 -159.89758 -5.5352263 0
-340.79361 -159.72717 -5.5833611 0
-341.16174 -159.67699 -5.5642738 0
-341.03793 -159.69299 -5.5248156 0
-341.06958 -159.53706 -5.5277724 0
-340.97729 -159.3428 -5.5090442 0
-340.02197 -159.35608 -5.5296016 0
-340.17624 -159.1944 -5.5655818 0
-339.71497 -159.05724 -5.5236878 0
-337.52942 -159.07379 -5.5310683 0
-337.54398 -158.98547 -5.5383573 0
-330.61725 -158.9919 -5.5281782 0
-349.10046 -158.65265 -5.5284801 0
-349.06424 -158.59827 -5.5486236 0
-349.04636 -158.2713 -5.580658 0
-339.64362 -157.83926 -5.5530691 0
-339.59137 -157.73314 -5.557713 0
-342.07248 -157.65196 -5.5670705 0
-348.61935 -157.00377 -5.5132408 0
-348.41116 -157.01053 -5.5314307 0
-349.1647 -156.8925 -5.5823479 0
-348.49564 -156.89078 -5.5753756 0
-348.37054 -156.85129 -5.5969629 0
-348.14838 -156.72888 -5.5443544 0
-348.07858 -156.63634 -5.5383143 0
-349.14517 -156.20451 -5.5314555 0
-348.94266 -155.54192 -5.5875959 0
-342.86853 -155.31599 -5.5057683 0
-337.53958 -154.93703 -5.5681543 0
-341.65433 -154.59602 -5.5297003 0
-341.40421 -154.58397 -5.514586 0
-341.25677 -154.0918 -5.56109 0
-341.21732 -153.89035 -5.5632234 0
-341.10175 -153.8007 -5.5593929 0
-340.29691 -153.79486 -5.5788207 0
-340.11816 -153.74361 -5.539351 0
-336.3132 -153.32349 -5.5005975 0
-336.07257 -152.93442 -5.5069008 0
-336.08676 -152.82452 -5.5813265 0
-341.05536 -152.47888 -5.5847507 0
-342.13019 -152.05002 -5.5742779 0
-341.18805 -151.9211 -5.5008397 0
-341.36966 -151.61095 -5.5521369 0
-341.22681 -151.59102 -5.5150037 0
-341.12555 -151.52792 -5.5270519 0
-341.00357 -151.56032 -5.5843916 0
-340.87738 -151.54694 -5.5262089 0
-340.89191 -151.48732 -5.5342536 0
-292.48523 -151.01236 -5.560781 0
-343.77869 -150.55237 -5.5735188 0
-343.56778 -150.48109 -5.5334888 0
-343.96719 -150.39584 -5.5621786 0
-343.43527 -150.36496 -5.5814481 0
-343.52927 -150.17354 -5.5941024 0
-343.73782 -150.08438 -5.5045829 0
-343.26917 -150.0714 -5.5234694 0
-333.62015 -150.0016 -5.5020924 0
-342.97076 -203.78525 -5.4482889 0
-342.42117 -203.43829 -5.468379 0
-341.8154 -203.03322 -5.4403491 0
-338.33508 -203.01062 -5.4769726 0
-337.44836 -202.75592 -5.4618278 0
-337.35034 -202.68887 -5.4672942 0
-340.79532 -200.22185 -5.4751768 0
-337.37729 -196.08179 -5.4070792 0
-344.56479 -193.13524 -5.4045901 0
-337.95694 -192.68454 -5.4217305 0
-348.79691 -190.40096 -5.4135427 0
-340.87534 -190.41777 -5.4853806 0
-349.00739 -190.3782 -5.4452348 0
-338.62527 -190.39107 -5.4279695 0
-348.73837 -190.19276 -5.4541321 0
-340.67746 -189.97176 -5.4953847 0
-348.62128 -189.42389 -5.4142308 0
-348.75031 -189.2343 -5.4367743 0
-348.8407 -189.15373 -5.4768305 0
-348.59164 -189.14578 -5.4224844 0
-347.77518 -189.08031 -5.401556 0
-349.04016 -188.93895 -5.4369936 0
-348.94357 -188.96654 -5.4524374 0
-346.10529 -188.60072 -5.4774141 0
-340.36603 -188.54781 -5.4091997 0
-346.04919 -188.34045 -5.4504399 0
-340.15994 -188.397 -5.4976416 0
-348.86008 -188.24345 -5.4001193 0
-348.50964 -187.77191 -5.4088774 0
-348.76474 -187.24652 -5.464726 0
-344.42749 -186.4035 -5.4509525 0
-344.33591 -186.38594 -5.4441099 0
-336.58099 -186.3839 -5.4884658 0
-344.44055 -186.2758 -5.4730368 0
-336.98212 -185.95279 -5.4055514 0
-347.03027 -185.82323 -5.439507 0
-336.33365 -185.46773 -5.406064 0
-337.23685 -184.69115 -5.4570875 0
-339.60193 -183.13869 -5.4005165 0
-339.13504 -183.14062 -5.4448619 0
-339.1897 -183.02026 -5.4608865 0
-339.43518 -182.8084 -5.4220996 0
-339.18738 -182.66229 -5.4472418 0
-338.93021 -182.67453 -5.4804506 0
-340.34018 -182.37872 -5.4147978 0
-340.46649 -182.12617 -5.410305 0
-339.81436 -182.00354 -5.4157505 0
-339.7453 -181.94582 -5.4309688 0
-339.75659 -181.80305 -5.460906 0
-347.36526 -181.35323 -5.4157319 0
-338.63882 -175.68048 -5.4669952 0
-338.69009 -175.51942 -5.4902148 0
-338.63193 -175.37617 -5.4920588 0
-338.54767 -175.21593 -5.4661698 0
-338.32529 -175.23306 -5.4141278 0
-338.58289 -175.13506 -5.451519 0
-349.85281 -171.98819 -5.4565144 0
-349.80096 -171.79759 -5.4549875 0
-348.82297 -171.78783 -5.4076571 0
-349.87241 -171.41283 -5.4006009 0
-349.74493 -171.35883 -5.4760823 0
-336.41714 -171.32434 -5.4720826 0
-349.83514 -171.21672 -5.4505854 0
-349.6066 -171.16446 -5.482625 0
-349.59033 -171.14774 -5.4601078 0
-349.88968 -171.00488 -5.4178038 0
-348.61884 -169.71724 -5.4200516 0
-348.24811 -169.34378 -5.4518003 0
-347.76505 -169.07254 -5.4990544 0
-347.6272 -168.90334 -5.463974 0
-347.58255 -168.93739 -5.4368248 0
-346.27155 -166.99103 -5.4409766 0
-346.28119 -166.70641 -5.4033942 0
-349.1041 -166.61661 -5.4369292 0
-346.28577 -166.6044 -5.4207473 0
-349.04361 -166.54617 -5.4296784 0
-349.15417 -166.40472 -5.4944358 0
-333.24609 -165.61815 -5.440773 0
-346.39572 -165.39679 -5.422657 0
-347.08331 -164.37939 -5.4669795 0
-347.2168 -164.00294 -5.4748197 0
-346.98126 -163.83383 -5.4168844 0
-340.22189 -163.77689 -5.4311485 0
-349.8147 -163.57387 -5.4274197 0
-349.9744 -163.4142 -5.4032373 0
-340.21909 -163.07243 -5.4341435 0
-340.52811 -162.7596 -5.4999495 0
-341.32471 -162.31094 -5.4886642 0
-340.59882 -161.88524 -5.415586 0
-341.52292 -161.75644 -5.4218307 0
-339.6347 -161.03735 -5.4194002 0
-334.1051 -160.7757 -5.4418287 0
-327.52698 -160.29541 -5.4844956 0
-340.94553 -159.20442 -5.4526529 0
-339.52524 -159.27393 -5.4908028 0
-339.66818 -159.03708 -5.4468589 0
-339.35132 -159.04976 -5.4264793 0
-339.63104 -158.94704 -5.4033189 0
-339.81921 -158.89381 -5.4201946 0
-339.66641 -158.82925 -5.4564157 0
-339.38306 -158.8847 -5.4946871 0
-348.72818 -157.98235 -5.409936 0
-339.65515 -157.85646 -5.4920492 0
-339.59979 -157.85063 -5.4976945 0
-339.53964 -157.74797 -5.4793906 0
-342.40359 -157.69608 -5.473145 0
-339.61423 -157.69447 -5.4988604 0
-254.02478 -157.57509 -5.4515114 0
-342.87711 -157.4501 -5.4832416 0
-348.97458 -157.39384 -5.4426203 0
-348.80878 -157.26778 -5.4488125 0
-254.00615 -157.26447 -5.4705505 0
-348.20276 -156.95876 -5.4849982 0
-296.74057 -156.87943 -5.4191656 0
-348.40347 -156.71463 -5.4195385 0
-348.88867 -156.00517 -5.4541817 0
-342.8317 -155.56653 -5.448616 0
-335.0705 -155.52211 -5.4732227 0
-342.77634 -155.43472 -5.4008927 0
-342.5274 -155.42303 -5.4027438 0
-342.75137 -155.30818 -5.4542627 0
-342.89026 -155.21552 -5.4571986 0
-340.97614 -155.20644 -5.4309959 0
-342.74869 -155.1611 -5.413331 0
-342.89264 -155.05014 -5.4490638 0
-337.69672 -155.07256 -5.4479532 0
-343.00742 -154.92519 -5.4390273 0
-342.86206 -154.99072 -5.4496298 0
-341.29379 -154.938 -5.4108825 0
-340.80252 -154.75734 -5.4632907 0
-341.55652 -154.66344 -5.4724693 0
-341.12384 -154.68106 -5.401597 0
-339.57254 -154.61394 -5.4753475 0
-340.98795 -154.20918 -5.4388227 0
-341.3472 -154.07669 -5.4982505 0
-339.67758 -153.9805 -5.4143662 0
-341.22787 -153.86142 -5.4750686 0
-341.00562 -153.84624 -5.4766917 0
-340.06934 -153.82329 -5.4397573 0
-339.72992 -153.80605 -5.4980745 0
-341.41162 -153.60744 -5.4597931 0
-339.66763 -153.61673 -5.4943256 0
-336.33252 -153.34511 -5.4413743 0
-336.37009 -153.15581 -5.483573 0
-336.14008 -152.93335 -5.4305348 0
-336.07861 -152.91032 -5.4358978 0
-342.01559 -151.90089 -5.4648919 0
-341.10916 -151.87051 -5.4615598 0
-341.09613 -151.71111 -5.4713216 0
-326.26456 -151.75912 -5.4671431 0
-340.96417 -151.52992 -5.4940181 0
-340.78711 -151.51207 -5.4772511 0
-340.8768 -151.45555 -5.4284558 0
-334.02423 -151.45377 -5.4491262 0
-343.42557 -150.90982 -5.4051251 0
-343.78662 -150.83789 -5.4271798 0
-343.5452 -150.83188 -5.4346209 0
-343.87 -150.70653 -5.4566693 0
-343.86249 -150.61612 -5.4763012 0
-343.99176 -150.59528 -5.415524 0
-343.94122 -150.48128 -5.4078822 0
-256.81421 -150.45457 -5.4328456 0
-343.75024 -150.02553 -5.416235 0
-343.55594 -150.0226 -5.4592738 0
-326.26688 -205.5031 -5.3256636 0
-343.00409 -203.85841 -5.3860283 0
-334.1311 -203.05627 -5.3711381 0
-341.42679 -202.8933 -5.3348784 0
-332.6088 -201.67456 -5.3771501 0
-336.47308 -195.59579 -5.3175092 0
-340.37619 -194.76047 -5.3733082 0
-328.19977 -193.95386 -5.377059 0
-343.92029 -192.36473 -5.3898187 0
-344.43106 -190.65022 -5.3616424 0
-349.09024 -190.41989 -5.3426461 0
-348.91937 -190.32829 -5.3064094 0
-340.35956 -190.01765 -5.3765693 0
-343.73416 -189.77672 -5.3195138 0
-343.37204 -189.62926 -5.3859458 0
-343.63132 -189.55487 -5.3185468 0
-343.34555 -189.40561 -5.3704171 0
-347.10156 -189.20183 -5.3428001 0
-348.47745 -189.01993 -5.3992343 0
-340.16293 -188.87469 -5.396152 0
-340.25128 -188.71245 -5.3185973 0
-346.07635 -188.47366 -5.3925047 0
-348.68826 -188.308 -5.3711414 0
-347.40372 -188.25281 -5.3931975 0
-346.75195 -188.2785 -5.3189025 0
-349.20746 -188.12991 -5.339541 0
-348.84253 -188.13319 -5.3959112 0
-346.98804 -188.18488 -5.373033 0
-347.18417 -188.04015 -5.3135414 0
-347.53601 -187.90924 -5.3702965 0
-347.23251 -187.87639 -5.326118 0
-348.3793 -187.29459 -5.325798 0
-337.04913 -186.38228 -5.3727498 0
-344.39835 -186.20525 -5.3914242 0
-337.3728 -185.54208 -5.3498878 0
-340.13641 -183.68152 -5.3226266 0
-340.39645 -182.89697 -5.3459663 0
-340.27335 -182.83437 -5.3814464 0
-340.215 -182.70454 -5.3929496 0
-340.08798 -182.62723 -5.3847675 0
-340.2276 -182.53769 -5.3387709 0
-340.10474 -182.59027 -5.3346262 0
-338.98343 -182.58687 -5.3945184 0
-338.75821 -182.5844 -5.3957081 0
-340.19394 -182.48512 -5.3504171 0
-338.94095 -182.4218 -5.3647866 0
-340.34082 -182.35187 -5.3850574 0
-339.99493 -182.17232 -5.3052821 0
-340.35974 -182.07562 -5.3775945 0
-340.53717 -181.75005 -5.3778825 0
-339.69885 -181.54057 -5.3778419 0
-339.36774 -181.57161 -5.3367677 0
-339.60608 -181.4323 -5.3154116 0
-345.97156 -179.37888 -5.3108487 0
-328.05463 -179.05339 -5.3488827 0
-346.58032 -178.0023 -5.3860598 0
-335.10263 -174.51299 -5.3911948 0
-335.16672 -174.4287 -5.3227463 0
-349.14389 -172.62962 -5.3907561 0
-349.73914 -172.26416 -5.3120031 0
-349.81128 -171.8149 -5.36024 0
-349.88312 -171.35606 -5.3036823 0
-348.72018 -171.37827 -5.3157659 0
-349.69922 -171.27832 -5.3674641 0
-348.36914 -170.20638 -5.3060904 0
-348.57932 -169.93544 -5.3652015 0
-348.21204 -169.42708 -5.3727717 0
-330.46234 -169.19496 -5.3187194 0
-346.30667 -166.81479 -5.3329926 0
-346.25943 -166.81958 -5.3525491 0
-346.108 -166.84026 -5.3910332 0
-346.30353 -166.70457 -5.3466592 0
-346.29083 -166.60963 -5.360765 0
-345.97235 -166.69742 -5.308599 0
-346.06122 -166.57664 -5.3777537 0
-349.17319 -166.43156 -5.3009553 0
-349.14377 -166.32147 -5.3128276 0
-337.20859 -166.04584 -5.3428478 0
-349.8252 -165.52435 -5.361208 0
-349.99857 -165.31818 -5.3875771 0
-347.1011 -164.95847 -5.3497715 0
-346.95322 -164.87369 -5.3727212 0
-346.84756 -164.86728 -5.3579803 0
-346.94412 -164.74881 -5.3922758 0
-339.5304 -164.675 -5.3585234 0
-346.5054 -164.48157 -5.3031044 0
-346.48227 -164.49294 -5.396163 0
-346.45755 -164.30519 -5.3209805 0
-346.61261 -164.12665 -5.3264847 0
-347.03522 -163.93253 -5.3588138 0
-346.81921 -163.81995 -5.3138313 0
-340.37375 -162.37045 -5.3920541 0
-341.5585 -161.84599 -5.3802614 0
-340.69589 -161.80798 -5.3845677 0
-341.51318 -161.76154 -5.3522077 0
-341.23715 -161.66681 -5.3539 0
-340.62735 -161.33014 -5.319756 0
-340.94028 -161.29837 -5.3519344 0
-334.19864 -160.99269 -5.3514891 0
-328.2901 -160.20274 -5.3091917 0
-339.6893 -159.93236 -5.3319302 0
-341.18265 -159.76321 -5.3952088 0
-340.8284 -159.71765 -5.3944721 0
-339.79498 -159.73524 -5.3118601 0
-339.36316 -159.55199 -5.3763962 0
-251.20461 -159.21986 -5.351078 0
-340.85876 -159.10081 -5.3544841 0
-337.56281 -159.10596 -5.3396931 0
-250.92242 -159.15073 -5.3411646 0
-337.42258 -159.01372 -5.3245692 0
-337.37698 -158.99406 -5.3982463 0
-339.93326 -158.8895 -5.3150101 0
-339.78949 -158.78925 -5.3863988 0
-252.63536 -158.62981 -5.3327656 0
-252.42087 -158.56743 -5.3246093 0
-339.78961 -157.8111 -5.3532162 0
-348.66333 -157.76706 -5.3582883 0
-348.61969 -157.65808 -5.3642111 0
-339.49826 -157.65533 -5.368269 0
-348.76151 -157.28563 -5.3291173 0
-348.76804 -157.15004 -5.3636794 0
-348.58646 -157.14352 -5.3123446 0
-348.69003 -157.0327 -5.3672781 0
-348.60812 -156.91844 -5.3658476 0
-348.47211 -156.92856 -5.3343306 0
-348.50742 -156.89435 -5.3328767 0
-348.34921 -156.89857 -5.338243 0
-348.43625 -156.76288 -5.3549047 0
-348.6882 -156.68201 -5.319809 0
-348.82861 -155.86842 -5.3404713 0
-348.84012 -155.79298 -5.3508434 0
-348.19138 -155.12363 -5.3777905 0
-341.28366 -155.14406 -5.3709192 0
-342.84683 -155.09244 -5.3946018 0
-337.62891 -155.04691 -5.3740039 0
-341.36758 -154.98462 -5.3795199 0
-341.28156 -154.88968 -5.352643 0
-340.67719 -154.74957 -5.3787127 0
-342.0152 -154.52296 -5.3357205 0
-333.26157 -154.49149 -5.3497696 0
-341.21921 -154.27483 -5.3805504 0
-336.32999 -153.27754 -5.3329811 0
-337.60464 -153.18814 -5.3337269 0
-334.06442 -152.1356 -5.3610034 0
-342.88123 -152.09647 -5.3828855 0
-343.25848 -151.91103 -5.3864508 0
-341.78458 -151.73126 -5.3801985 0
-340.81442 -151.51198 -5.3479028 0
-326.40158 -151.58398 -5.3479247 0
-340.86032 -151.48441 -5.3424263 0
-343.75272 -151.05772 -5.3391552 0
-343.77151 -150.92979 -5.3495498 0
-343.71851 -150.7438 -5.3263273 0
-343.7933 -150.50888 -5.3553429 0
-343.8526 -150.2191 -5.3208904 0
-343.74054 -150.24794 -5.3139596 0
-343.7012 -150.13559 -5.3022819 0
-343.69653 -150.10934 -5.3092985 0
-340.35873 -204.61342 -5.215508 0
-340.44473 -204.23608 -5.2245946 0
-339.06744 -203.25693 -5.2477441 0
-332.74142 -201.79836 -5.2714448 0
-341.78662 -201.42448 -5.2232699 0
-332.99655 -197.89114 -5.2323103 0
-336.55276 -195.61754 -5.2100716 0
-345.88257 -192.15988 -5.2947049 0
-344.39029 -190.72775 -5.2196393 0
-336.95071 -190.56235 -5.2135139 0
-348.9321 -190.31326 -5.2196026 0
-336.87982 -190.35374 -5.2967091 0
-348.82159 -190.25087 -5.2290602 0
-347.05386 -190.25185 -5.2399364 0
-349.49115 -190.02647 -5.2320871 0
-347.08081 -190.03337 -5.2492919 0
-347.13593 -189.94012 -5.2578897 0
-343.75592 -189.74823 -5.2282495 0
-343.72736 -189.48767 -5.2559347 0
-339.68924 -189.30664 -5.2396154 0
-347.91714 -189.18025 -5.278142 0
-347.56845 -189.019 -5.227026 0
-348.28061 -188.72696 -5.2092299 0
-346.27777 -188.46771 -5.2136974 0
-346.15063 -188.41974 -5.2947936 0
-349.07788 -188.28702 -5.2708273 0
-349.02747 -188.14569 -5.2409263 0
-349.18744 -188.07584 -5.2094121 0
-348.96945 -187.7027 -5.2057304 0
-348.41687 -187.68604 -5.2613211 0
-348.23755 -187.26973 -5.234798 0
-344.50327 -186.49022 -5.2385659 0
-344.46442 -186.41879 -5.2557898 0
-344.43069 -186.39081 -5.2352085 0
-339.68271 -183.31154 -5.2561626 0
-340.14761 -182.61739 -5.2170153 0
-340.05795 -182.63683 -5.2979403 0
-340.14072 -182.54266 -5.2923164 0
-340.49121 -181.91629 -5.2862458 0
-338.56104 -181.98662 -5.2551394 0
-339.80209 -181.62956 -5.270895 0
-339.93839 -181.48071 -5.2403402 0
-339.75293 -181.40115 -5.2219114 0
-339.63434 -181.37961 -5.2037358 0
-339.13977 -180.96907 -5.2000346 0
-346.02066 -179.27829 -5.2525473 0
-337.10193 -179.02016 -5.241127 0
-337.04626 -178.99988 -5.2157187 0
-338.50085 -175.33916 -5.2998157 0
-348.23611 -172.739 -5.2786517 0
-348.96854 -172.43385 -5.2927575 0
-349.3085 -172.38815 -5.2478075 0
-349.63837 -172.17017 -5.2956123 0
-349.6113 -171.94754 -5.2951589 0
-349.45816 -171.93608 -5.2444596 0
-349.56192 -171.89111 -5.2399502 0
-346.07584 -171.88768 -5.2846518 0
-349.83563 -171.77463 -5.2357349 0
-348.6604 -171.54308 -5.2993994 0
-345.69223 -170.63326 -5.234508 0
-348.17133 -170.51314 -5.2395868 0
-348.26025 -170.3313 -5.2693062 0
-348.28543 -170.25253 -5.2767525 0
-348.3187 -170.19656 -5.2861128 0
-348.41309 -170.04144 -5.2303934 0
-348.56207 -169.75333 -5.2950459 0
-348.64291 -169.65692 -5.243681 0
-337.7641 -169.43692 -5.2025113 0
-348.20459 -169.37227 -5.2601891 0
-347.94699 -169.38292 -5.2968535 0
-337.58063 -169.36139 -5.2658339 0
-337.51239 -169.21957 -5.2782211 0
-347.50317 -168.96133 -5.2878079 0
-346.35739 -166.78877 -5.2024002 0
-349.26135 -166.52856 -5.2638044 0
-349.11502 -166.59869 -5.2206969 0
-346.17108 -166.53664 -5.232338 0
-346.56531 -164.85706 -5.2860489 0
-347.17191 -164.79254 -5.2428164 0
-347.04642 -164.73407 -5.2349377 0
-346.80038 -164.75984 -5.2564011 0
-346.95355 -164.67586 -5.2607789 0
-346.50562 -164.64006 -5.2224693 0
-346.90533 -164.58609 -5.2315764 0
-340.28833 -164.55869 -5.2526541 0
-346.46368 -164.38712 -5.286356 0
-346.92145 -164.29353 -5.2743378 0
-339.19736 -164.21898 -5.2838373 0
-349.88687 -164.10564 -5.2437649 0
-346.46661 -164.10822 -5.2180104 0
-346.71432 -163.82106 -5.2990017 0
-333.51514 -163.74818 -5.2470722 0
-349.60159 -163.68053 -5.2304659 0
-333.46338 -163.61456 -5.2730665 0
-333.45593 -163.5265 -5.2901669 0
-349.91098 -163.41136 -5.2322917 0
-333.42221 -163.4232 -5.2284007 0
-349.65921 -163.31874 -5.2123666 0
-349.86694 -163.00975 -5.2762256 0
-339.99612 -163.03519 -5.2259731 0
-340.00351 -162.94463 -5.2656488 0
-340.0188 -162.79005 -5.2169209 0
-340.02606 -162.64574 -5.2291551 0
-340.04962 -162.50076 -5.2195249 0
-341.23752 -161.96054 -5.2582121 0
-340.7486 -161.68768 -5.2415571 0
-340.69437 -161.67 -5.2730246 0
-341.19092 -161.56813 -5.2624803 0
-340.76907 -161.5396 -5.2447672 0
-340.61874 -161.56065 -5.2878051 0
-340.59412 -161.5079 -5.2152791 0
-340.49356 -161.45164 -5.2865839 0
-328.41235 -161.20032 -5.204823 0
-334.13498 -160.95139 -5.2045617 0
-334.18274 -160.8596 -5.2519412 0
-333.94919 -160.64644 -5.2145548 0
-339.80554 -159.67773 -5.2244868 0
-341.14951 -159.37073 -5.2451377 0
-337.53098 -159.12846 -5.2832928 0
-340.88065 -159.00665 -5.2791233 0
-328.99197 -159.09354 -5.2379761 0
-252.5817 -159.06247 -5.2976108 0
-337.47748 -158.96939 -5.2021661 0
-252.12231 -158.96713 -5.2896204 0
-251.51634 -158.82098 -5.2810049 0
-346.44131 -158.55197 -5.2104945 0
-328.19958 -158.53923 -5.2792754 0
-339.61539 -157.90076 -5.2140989 0
-339.69354 -157.8862 -5.2040839 0
-339.59961 -157.80193 -5.2824793 0
-349.61151 -157.76854 -5.274375 0
-339.61365 -157.73291 -5.2085843 0
-255.40808 -157.70836 -5.2820063 0
-254.71257 -157.72961 -5.2423434 0
-255.34334 -157.6378 -5.2806177 0
-349.16592 -157.58133 -5.285861 0
-349.08017 -157.41707 -5.2807827 0
-348.67822 -157.22006 -5.2664561 0
-348.51709 -157.04445 -5.2471471 0
-348.52173 -156.94553 -5.2460403 0
-348.45447 -156.90945 -5.2366343 0
-348.20847 -156.98782 -5.2656627 0
-253.90448 -156.95177 -5.2427464 0
-348.42395 -156.86038 -5.2204666 0
-348.42706 -156.78905 -5.2915006 0
-349.99072 -156.46074 -5.2430444 0
-348.65823 -156.1445 -5.2474122 0
-348.34424 -155.39633 -5.2574906 0
-348.2562 -155.1385 -5.2494802 0
-340.47443 -155.19643 -5.2931733 0
-334.68405 -155.05754 -5.2356191 0
-342.65485 -154.91222 -5.2972536 0
-342.34729 -154.85957 -5.2069669 0
-342.42685 -154.64244 -5.2526984 0
-341.85263 -154.69112 -5.2571659 0
-340.03433 -154.57149 -5.2742352 0
-333.29105 -154.58514 -5.2256026 0
-340.95468 -154.33063 -5.2275286 0
-341.02216 -154.28061 -5.2465744 0
-324.48648 -152.96573 -5.2845974 0
-336.55392 -152.41185 -5.2226844 0
-342.7666 -152.14723 -5.268014 0
-342.68713 -152.14958 -5.2724457 0
-342.87027 -151.91988 -5.2682405 0
-334.30145 -151.5981 -5.2481465 0
-334.21112 -151.59744 -5.2140532 0
-334.12598 -151.54179 -5.2261653 0
-340.89267 -151.39603 -5.211421 0
-341.20792 -151.22141 -5.2591286 0
-343.10098 -150.92229 -5.264533 0
-344.38361 -150.79907 -5.2133999 0
-343.70215 -150.70537 -5.2823148 0
-343.76578 -150.64758 -5.2125545 0
-343.6217 -150.67833 -5.2784963 0
-343.80542 -150.55327 -5.2137918 0
-343.69315 -150.57347 -5.2455034 0
-343.81903 -150.27885 -5.2908869 0
-343.7135 -150.14192 -5.2357483 0
-333.73523 -209.21344 -5.1781044 0
-340.03653 -204.99345 -5.1629925 0
-340.36487 -204.72661 -5.12713 0
-341.26477 -203.19727 -5.1130481 0
-334.17395 -203.02708 -5.1786642 0
-337.42957 -202.74907 -5.1698375 0
-341.16458 -202.69392 -5.1056209 0
-337.37439 -202.65573 -5.1684737 0
-342.25021 -202.12427 -5.1312766 0
-336.89554 -198.28717 -5.1191993 0
-336.82495 -198.15311 -5.1155491 0
-332.87094 -197.6459 -5.1493816 0
-336.99902 -196.36334 -5.182292 0
-337.39545 -195.40704 -5.1800861 0
-340.35349 -194.61705 -5.1252441 0
-347.73184 -190.9554 -5.1533098 0
-344.22943 -190.84821 -5.1794791 0
-344.38162 -190.68898 -5.1964273 0
-326.60086 -190.34602 -5.196456 0
-348.72372 -190.25926 -5.1306829 0
-348.69281 -190.21616 -5.1508069 0
-349.48541 -190.07999 -5.1473236 0
-343.65875 -189.80545 -5.181601 0
-339.54517 -189.70197 -5.1806393 0
-349.54089 -189.68144 -5.1013422 0
-349.54868 -189.56059 -5.1903415 0
-348.0058 -189.0278 -5.1418467 0
-340.38477 -188.84967 -5.1751604 0
-348.39728 -188.79698 -5.1940012 0
-340.30951 -188.73158 -5.1827016 0
-346.28964 -188.32408 -5.1726665 0
-348.24701 -188.1028 -5.1641631 0
-336.60269 -188.16426 -5.13132 0
-349.15036 -187.95058 -5.1596475 0
-348.36395 -187.86899 -5.1001921 0
-348.72809 -187.74942 -5.1738253 0
-344.34274 -186.91867 -5.112247 0
-344.32617 -186.81952 -5.1719112 0
-344.18057 -186.72212 -5.1254973 0
-344.36334 -186.56165 -5.1725121 0
-344.38837 -186.33838 -5.1146464 0
-336.98776 -186.04463 -5.1664014 0
-346.62466 -183.17426 -5.1959858 0
-339.78882 -181.71812 -5.1236773 0
-333.31302 -179.28464 -5.1020784 0
-333.27789 -179.20383 -5.1060538 0
-345.63492 -178.65575 -5.1703453 0
-338.63412 -175.45154 -5.1620126 0
-338.60025 -175.35516 -5.1272516 0
-335.21524 -174.49214 -5.1759195 0
-349.30542 -172.08514 -5.1754842 0
-349.29868 -171.97577 -5.1112165 0
-349.99252 -171.561 -5.1656828 0
-349.88635 -171.50783 -5.1310892 0
-349.94836 -171.20416 -5.1566133 0
-349.46927 -170.95119 -5.1288075 0
-349.44327 -170.81453 -5.1104889 0
-345.76489 -170.44394 -5.1908655 0
-345.8873 -170.32387 -5.1035476 0
-348.47864 -169.99825 -5.1784725 0
-349.12234 -169.7397 -5.1198335 0
-348.61444 -169.72865 -5.1267438 0
-348.58923 -169.67899 -5.125854 0
-348.2691 -169.33107 -5.1564875 0
-348.20853 -169.24312 -5.1565037 0
-348.12305 -169.21622 -5.1960435 0
-348.0369 -169.12941 -5.1775761 0
-348.19934 -169.06895 -5.1475339 0
-348.18549 -168.9686 -5.1450424 0
-347.51895 -168.93611 -5.1973119 0
-346.22134 -166.82892 -5.1804724 0
-346.03326 -166.83807 -5.1442227 0
-349.07135 -166.62837 -5.1598034 0
-348.9646 -166.66385 -5.1445904 0
-346.40189 -166.62245 -5.1948414 0
-349.18625 -166.51833 -5.1317644 0
-349.16183 -166.29611 -5.1239738 0
-337.3645 -166.2971 -5.1610856 0
-349.20456 -166.19025 -5.1311455 0
-349.19684 -166.19611 -5.107058 0
-349.96603 -165.34045 -5.1048241 0
-349.89929 -164.78093 -5.1598978 0
-346.54065 -164.5947 -5.1671896 0
-349.98871 -164.43837 -5.1515098 0
-340.25418 -164.42674 -5.1561728 0
-346.45605 -164.37093 -5.1387186 0
-349.41037 -164.14066 -5.180635 0
-349.97775 -163.80054 -5.1601467 0
-349.23383 -163.74089 -5.1347003 0
-349.75922 -163.62228 -5.1416349 0
-349.88434 -163.56161 -5.1542187 0
-349.63919 -163.50092 -5.1581216 0
-340.31058 -163.5249 -5.166924 0
-349.76453 -163.48619 -5.1280198 0
-349.65738 -163.35144 -5.1853285 0
-340.38696 -162.83699 -5.1111736 0
-348.01938 -162.34534 -5.1932054 0
-340.61151 -161.7303 -5.1559329 0
-339.42682 -159.57253 -5.1424646 0
-346.51309 -158.52739 -5.1723838 0
-348.80338 -158.1046 -5.1685281 0
-342.05338 -158.18587 -5.156703 0
-341.84802 -158.16711 -5.114522 0
-349.68143 -157.92676 -5.178607 0
-348.68652 -157.99606 -5.1632624 0
-339.63202 -157.90878 -5.1400075 0
-339.6326 -157.76343 -5.1864429 0
-339.56686 -157.76355 -5.1292024 0
-349.78946 -157.62975 -5.1790686 0
-349.69305 -157.64568 -5.1828361 0
-339.65536 -157.68765 -5.1920271 0
-339.48163 -157.62854 -5.1580405 0
-349.74472 -157.37212 -5.1283069 0
-348.58878 -156.92265 -5.1221151 0
-348.4577 -156.90996 -5.1987791 0
-348.43146 -156.89796 -5.1536584 0
-348.38608 -156.86719 -5.1456337 0
-348.27994 -156.8427 -5.1449966 0
-348.18158 -156.85161 -5.1694455 0
-334.82648 -155.67259 -5.1321263 0
-342.49365 -155.40674 -5.1906524 0
-342.50748 -155.30374 -5.1881919 0
-342.29877 -155.03873 -5.1934409 0
-337.63385 -155.05453 -5.1800504 0
-342.25281 -154.71915 -5.1342034 0
-342.32703 -154.57507 -5.1642227 0
-342.21686 -154.51239 -5.1714129 0
-340.73746 -154.58282 -5.1703405 0
-340.24799 -154.25159 -5.1376395 0
-323.81076 -154.12509 -5.1369486 0
-340.13199 -154.03665 -5.1627021 0
-340.12869 -153.85341 -5.1711292 0
-339.7229 -153.65402 -5.1143951 0
-336.60083 -153.17686 -5.1364636 0
-336.59213 -153.19405 -5.197051 0
-336.26663 -152.9642 -5.1403618 0
-336.21393 -152.67688 -5.1509767 0
-342.77737 -151.94125 -5.1326942 0
-343.29678 -151.86319 -5.1173148 0
-342.62601 -151.85432 -5.1511006 0
-341.42111 -151.82599 -5.1618729 0
-343.26215 -151.69319 -5.1438789 0
-334.04007 -151.53123 -5.1225867 0
-340.96896 -151.38727 -5.1254487 0
-343.05978 -150.97568 -5.1860213 0
-344.20132 -150.73778 -5.1244864 0
-343.68518 -150.75533 -5.1988459 0
-344.14059 -150.54892 -5.181294 0
-343.76602 -150.5079 -5.1719122 0
-343.99429 -150.43423 -5.126246 0
-343.84473 -150.46075 -5.1459541 0
-343.95517 -150.36555 -5.1589584 0
-268.58881 -150.395 -5.1615462 0
-343.97302 -150.06837 -5.1212115 0
-326.18738 -205.4695 -5.0372996 0
-326.09982 -205.36765 -5.0479431 0
-339.27051 -203.94182 -5.0522571 0
-341.88156 -202.19357 -5.0606494 0
-332.74625 -201.73039 -5.0281591 0
-341.82516 -201.69923 -5.0441551 0
-341.91782 -201.44025 -5.0492444 0
-340.75064 -200.42729 -5.0037994 0
-340.95032 -200.10071 -5.0221777 0
-336.79645 -198.39751 -5.0775924 0
-337.15451 -196.5103 -5.055788 0
-337.02017 -196.03633 -5.0846429 0
-336.47299 -195.43465 -5.0083852 0
-345.73636 -191.87343 -5.0434399 0
-344.35745 -190.95364 -5.0485377 0
-346.84161 -190.74252 -5.008553 0
-344.26517 -190.67232 -5.0282125 0
-337.00708 -190.4507 -5.0756474 0
-349.19534 -190.20097 -5.0874596 0
-348.88779 -190.20767 -5.0493274 0
-348.66141 -190.12979 -5.0358329 0
-343.47403 -190.15276 -5.0286646 0
-349.4191 -190.01134 -5.089417 0
-349.69583 -189.94325 -5.0966926 0
-343.42612 -189.96555 -5.031899 0
-349.44907 -189.61552 -5.04776 0
-348.14658 -188.92938 -5.0678411 0
-346.20312 -188.52901 -5.0076032 0
-348.50851 -188.18335 -5.0414486 0
-336.59671 -188.10522 -5.022296 0
-336.74149 -186.88309 -5.0774808 0
-337.14243 -186.21053 -5.0936127 0
-337.10849 -185.93201 -5.0697875 0
-336.89133 -184.84131 -5.0117283 0
-336.40271 -184.7924 -5.0202503 0
-339.71869 -182.62578 -5.0903535 0
-332.4693 -182.37437 -5.0484872 0
-339.64993 -182.29831 -5.0537291 0
-345.61273 -179.85735 -5.0441494 0
-345.70023 -179.19173 -5.0188394 0
-347.51141 -172.93051 -5.0716472 0
-348.77179 -172.59744 -5.0063839 0
-348.82452 -172.46652 -5.0573907 0
-348.61444 -172.26675 -5.0036278 0
-349.11835 -172.14497 -5.0225677 0
-349.07486 -172.18489 -5.0289049 0
-349.33218 -171.85213 -5.081841 0
-349.2366 -171.77075 -5.0859666 0
-336.45648 -171.34657 -5.0592999 0
-348.68878 -170.83513 -5.0027099 0
-348.75259 -170.47713 -5.072896 0
-345.44083 -170.32536 -5.0284719 0
-348.79218 -170.11571 -5.0533462 0
-348.52124 -170.06198 -5.0829501 0
-349.11859 -169.74413 -5.0114288 0
-348.85065 -169.71347 -5.0980139 0
-348.61865 -169.73567 -5.0383253 0
-348.65784 -169.67155 -5.02881 0
-348.66547 -169.58987 -5.0212793 0
-348.35733 -169.41728 -5.0939589 0
-348.05563 -169.19949 -5.073019 0
-348.23615 -169.09383 -5.0969715 0
-347.56458 -169.02361 -5.0555925 0
-348.25824 -168.80493 -5.0695558 0
-348.10229 -168.79144 -5.0680771 0
-348.30618 -168.66 -5.0038686 0
-347.92996 -168.56416 -5.092319 0
-349.64804 -167.47311 -5.0175252 0
-349.53479 -167.3407 -5.0096455 0
-349.33881 -167.17313 -5.0220761 0
-346.26602 -166.91008 -5.0673313 0
-346.31631 -166.70413 -5.088501 0
-349.08096 -166.69725 -5.0870805 0
-346.36182 -166.62669 -5.0288334 0
-349.14948 -166.42699 -5.0482697 0
-346.31903 -166.48662 -5.0409532 0
-349.1459 -166.39755 -5.043098 0
-349.02707 -166.32292 -5.0511813 0
-337.3385 -166.31512 -5.0122623 0
-349.92017 -165.51227 -5.067544 0
-349.95795 -165.39905 -5.0567355 0
-349.87241 -165.2944 -5.0513277 0
-349.82629 -165.12598 -5.0874286 0
-340.29886 -164.73418 -5.0250816 0
-339.97617 -164.75047 -5.0900593 0
-346.79395 -164.65147 -5.0241318 0
-349.96207 -164.51279 -5.0865684 0
-346.64484 -164.53638 -5.0262289 0
-346.61533 -164.45879 -5.0084372 0
-346.57556 -164.43088 -5.0085692 0
-339.20944 -164.18736 -5.0553532 0
-349.83908 -164.0584 -5.0382338 0
-346.56418 -164.00296 -5.0606484 0
-349.94858 -163.89363 -5.0847678 0
-349.6044 -163.87326 -5.0617228 0
-339.13452 -163.84422 -5.0421405 0
-349.77255 -163.45554 -5.0876379 0
-338.62857 -163.31528 -5.0227075 0
-340.73068 -163.09207 -5.0461626 0
-340.50339 -162.99973 -5.0518222 0
-340.5676 -161.61266 -5.049058 0
-341.57977 -161.2838 -5.0283813 0
-334.10919 -160.76434 -5.0322199 0
-340.81946 -160.37328 -5.0931425 0
-340.62033 -160.21083 -5.0528431 0
-339.27051 -160.06787 -5.0362806 0
-343.35318 -159.24306 -5.040535 0
-342.92279 -158.70956 -5.0743709 0
-328.29681 -158.13606 -5.0985608 0
-349.82205 -157.51007 -5.0548015 0
-349.89999 -157.48079 -5.0630727 0
-346.25015 -157.4362 -5.0660334 0
-349.86795 -156.60068 -5.0621395 0
-349.83426 -156.56001 -5.0038452 0
-348.34543 -155.51286 -5.0570979 0
-334.85788 -155.49731 -5.0228615 0
-337.62872 -155.03653 -5.0748992 0
-334.38712 -154.99016 -5.0242867 0
-340.24957 -154.82661 -5.0941381 0
-341.80234 -154.78731 -5.0841737 0
-340.07776 -154.67946 -5.0291023 0
-339.97369 -154.55173 -5.0335112 0
-340.40021 -154.20667 -5.0959272 0
-340.40219 -154.18968 -5.0650263 0
-340.3353 -154.04944 -5.032413 0
-339.85672 -153.73572 -5.0814333 0
-339.68295 -153.69127 -5.0073957 0
-336.44119 -153.26753 -5.069344 0
-336.42142 -153.07211 -5.0477662 0
-336.54675 -152.80537 -5.0867181 0
-336.36041 -152.60632 -5.0380611 0
-336.43356 -152.479 -5.0735588 0
-336.36676 -152.31721 -5.061976 0
-341.16159 -152.28354 -5.0651855 0
-336.2442 -152.2206 -5.0427322 0
-336.25095 -152.14107 -5.0465398 0
-341.68671 -151.94118 -5.0856485 0
-341.30157 -151.88914 -5.0586305 0
-343.65244 -151.44992 -5.0467358 0
-340.91705 -151.42097 -5.0811491 0
-327.63434 -151.4413 -5.0768814 0
-344.1178 -151.07915 -5.0016565 0
-344.07391 -151.04466 -5.0940251 0
-342.22198 -151.07782 -5.0012774 0
-344.22119 -150.89624 -5.0031872 0
-344.17493 -150.87361 -5.0331278 0
-342.46909 -150.54044 -5.0000463 0
-343.81793 -150.25902 -5.085732 0
-343.91196 -150.1637 -5.0135226 0
-343.94653 -150.01692 -5.0057244 0
-256.88248 -150.00714 -5.0483131 0
-334.18256 -203.08495 -4.929738 0
-337.36426 -202.61765 -4.9097509 0
-340.56989 -202.47296 -4.9186263 0
-342.32053 -202.30133 -4.9008942 0
-341.93219 -202.14511 -4.9495602 0
-340.30719 -201.056 -4.9325528 0
-340.28882 -199.36726 -4.9594612 0
-336.63995 -196.71584 -4.9778099 0
-338.95367 -195.16376 -4.9036627 0
-344.52353 -192.42561 -4.9070444 0
-344.28815 -190.71407 -4.9262424 0
-326.77121 -190.79102 -4.9864631 0
-348.51266 -190.13373 -4.9649725 0
-348.53857 -190.02718 -4.9259186 0
-348.49722 -190.05243 -4.9145093 0
-349.32303 -189.43472 -4.9040484 0
-346.07733 -188.33189 -4.9217181 0
-346.48132 -188.2141 -4.9690242 0
-346.2504 -188.22949 -4.9373689 0
-346.61722 -188.18628 -4.9889026 0
-336.49783 -188.00714 -4.9367485 0
-348.61667 -187.93314 -4.9177084 0
-348.55823 -187.95444 -4.9468155 0
-348.61313 -187.84622 -4.9462395 0
-349.11179 -187.71414 -4.9017491 0
-348.68225 -187.70755 -4.9120274 0
-344.48401 -186.33127 -4.978344 0
-337.27261 -186.18044 -4.9019189 0
-336.89435 -186.11234 -4.947001 0
-337.4014 -185.46956 -4.916245 0
-339.93597 -182.6414 -4.9566488 0
-339.5618 -182.44115 -4.9010377 0
-339.75055 -181.91156 -4.9888911 0
-339.91 -181.85489 -4.979784 0
-339.70477 -181.89268 -4.9922433 0
-339.51559 -181.86815 -4.9799328 0
-339.3266 -181.89566 -4.9486279 0
-339.23474 -181.85699 -4.9404492 0
-339.90683 -181.75415 -4.9598746 0
-339.83585 -181.73654 -4.9824886 0
-346.10989 -179.23126 -4.982471 0
-333.48392 -175.64485 -4.9832678 0
-347.6095 -172.87192 -4.9640794 0
-347.32645 -172.86284 -4.9692154 0
-348.46796 -172.688 -4.9508967 0
-348.7803 -172.53085 -4.9872551 0
-349.29266 -172.40442 -4.9022827 0
-348.10431 -172.48584 -4.9872537 0
-349.40927 -172.28004 -4.931891 0
-349.25903 -172.22417 -4.9827509 0
-349.00208 -172.16866 -4.9077082 0
-346.25104 -172.04282 -4.9628015 0
-346.56436 -171.93111 -4.9150615 0
-346.04837 -171.95422 -4.9962058 0
-349.26379 -171.83519 -4.9164925 0
-349.32907 -171.72221 -4.9531012 0
-348.85043 -171.63345 -4.9179149 0
-336.47244 -171.3045 -4.9468045 0
-349.50684 -171.11919 -4.9024105 0
-322.46252 -170.85368 -4.9444146 0
-348.61084 -170.50145 -4.9266515 0
-348.66168 -170.23303 -4.9329863 0
-348.78973 -170.14465 -4.9934626 0
-348.63269 -170.1866 -4.9650249 0
-348.85284 -170.07645 -4.9278402 0
-348.69766 -170.05948 -4.9190946 0
-348.58856 -169.73392 -4.9537172 0
-348.62851 -169.59888 -4.9439898 0
-348.55637 -169.45795 -4.9990621 0
-348.25845 -168.44305 -4.9421048 0
-348.19531 -168.4202 -4.9412975 0
-347.97339 -168.36516 -4.9017925 0
-349.51044 -167.16693 -4.9887562 0
-349.96484 -166.98872 -4.9257822 0
-346.23572 -166.87718 -4.9400277 0
-346.33328 -166.74899 -4.9091849 0
-346.24783 -166.51402 -4.9250841 0
-349.14203 -166.41907 -4.9213114 0
-346.30603 -166.49591 -4.9143748 0
-346.8847 -164.44788 -4.9016409 0
-346.47089 -164.41812 -4.969378 0
-349.57458 -164.32924 -4.9589028 0
-349.60226 -164.27699 -4.9722667 0
-338.53018 -163.91061 -4.9786167 0
-348.08652 -162.85449 -4.9130335 0
-340.72479 -162.73996 -4.949204 0
-340.93381 -162.16452 -4.9025378 0
-341.39438 -161.81406 -4.9715676 0
-341.27322 -161.74216 -4.9909911 0
-340.77734 -161.73622 -4.9180584 0
-341.13437 -161.66138 -4.9177041 0
-341.49258 -160.78468 -4.9191923 0
-334.16089 -160.69479 -4.9497261 0
-339.90652 -160.23055 -4.99193 0
-339.64197 -160.00706 -4.9804034 0
-343.50064 -159.43811 -4.9485588 0
-341.25284 -159.38823 -4.9537668 0
-339.97565 -159.17085 -4.9539199 0
-339.8103 -159.16876 -4.9296293 0
-342.49921 -158.94827 -4.9900298 0
-342.22379 -158.81537 -4.9434805 0
-342.14554 -158.84595 -4.9414239 0
-342.75272 -158.65068 -4.9557343 0
-342.95117 -158.56322 -4.902143 0
-252.93817 -158.58791 -4.9604449 0
-346.86996 -157.97131 -4.9241118 0
-339.67465 -157.73605 -4.951828 0
-349.92432 -157.55806 -4.9313736 0
-349.65182 -157.04065 -4.996655 0
-349.63199 -156.99504 -4.924644 0
-348.46341 -156.93295 -4.9236979 0
-348.98196 -156.89151 -4.979497 0
-348.61185 -156.88618 -4.9243965 0
-348.55298 -156.88464 -4.9174228 0
-348.35663 -156.84647 -4.9759769 0
-348.4162 -156.20767 -4.9889522 0
-348.38437 -155.82117 -4.9393377 0
-349.35571 -155.4404 -4.9021978 0
-334.92157 -155.41005 -4.9967399 0
-335.49182 -155.31776 -4.9492197 0
-335.03458 -155.375 -4.9549589 0
-334.68796 -155.31133 -4.9584212 0
-342.31369 -155.22406 -4.9899111 0
-335.62897 -155.29231 -4.9057326 0
-335.71243 -155.14349 -4.932169 0
-340.02628 -154.56836 -4.9129176 0
-339.17108 -154.37477 -4.9148545 0
-339.9386 -153.87949 -4.9295411 0
-339.8797 -153.60846 -4.9436331 0
-339.71469 -153.66016 -4.932303 0
-339.62946 -153.62431 -4.9486942 0
-340.07758 -153.52882 -4.9900303 0
-337.49374 -153.21982 -4.9233704 0
-336.61206 -153.13776 -4.9933171 0
-335.1207 -153.17799 -4.9730968 0
-334.84418 -152.89128 -4.9101591 0
-341.42819 -152.29834 -4.905395 0
-341.29181 -152.10245 -4.979764 0
-340.89417 -151.59871 -4.9638877 0
-334.06995 -151.5406 -4.9524755 0
-333.98315 -151.51329 -4.942934 0
-343.63446 -151.44014 -4.979435 0
-343.40714 -151.44318 -4.9073172 0
-341.06082 -151.48093 -4.9147043 0
-340.97507 -151.45502 -4.9263568 0
-340.87308 -151.44083 -4.9640589 0
-340.95743 -151.36 -4.9162426 0
-343.94809 -151.07623 -4.9138374 0
-344.05643 -150.95087 -4.9901085 0
-342.6236 -150.91565 -4.9659586 0
-342.44305 -150.83286 -4.9653234 0
-342.21805 -150.86139 -4.9456496 0
-343.76617 -150.63043 -4.9217339 0
-343.89725 -150.32666 -4.9840631 0
-343.89706 -150.29976 -4.9610224 0
-343.41614 -150.29333 -4.9099255 0
-344.00699 -150.07864 -4.9673662 0
-349.99277 -211.17113 -4.8190684 0
-333.61993 -209.22948 -4.8583083 0
-326.13074 -208.73064 -4.8606153 0
-340.96997 -203.86293 -4.8904133 0
-340.43259 -203.62645 -4.8325539 0
-340.80051 -203.24486 -4.81356 0
-341.34323 -202.7672 -4.8843222 0
-342.17435 -201.93094 -4.8378968 0
-334.664 -201.84549 -4.834662 0
-341.59851 -201.77588 -4.8735304 0
-341.89868 -200.97408 -4.8399816 0
-341.41953 -200.72429 -4.8162513 0
-323.75314 -197.74489 -4.8165817 0
-336.46707 -195.4892 -4.8617592 0
-339.46213 -194.6418 -4.8472338 0
-339.98453 -194.30101 -4.8982658 0
-340.02243 -194.18877 -4.883667 0
-337.21158 -193.02594 -4.8724399 0
-345.62097 -191.65089 -4.8647051 0
-348.75928 -190.54916 -4.8107758 0
-349.18234 -189.55804 -4.8930526 0
-349.29007 -189.41942 -4.8513336 0
-343.13467 -189.49571 -4.819303 0
-343.23697 -189.31331 -4.8697968 0
-348.44962 -187.29379 -4.8173003 0
-344.4577 -186.45718 -4.8555722 0
-337.20029 -186.28421 -4.865119 0
-336.26889 -185.72374 -4.847229 0
-338.81305 -183.63271 -4.819489 0
-339.04056 -183.00864 -4.8011155 0
-339.56873 -182.46674 -4.8560162 0
-339.56522 -182.27554 -4.8504381 0
-339.44791 -182.1774 -4.8751078 0
-339.65616 -181.86002 -4.8072958 0
-337.01663 -179.14566 -4.8223863 0
-333.25223 -179.15135 -4.840486 0
-327.92267 -178.92126 -4.8869238 0
-327.88959 -178.82138 -4.8882618 0
-335.18021 -174.59129 -4.8142343 0
-335.21539 -174.4662 -4.8369737 0
-348.21301 -172.65672 -4.8866119 0
-349.46722 -172.36795 -4.8474236 0
-349.24017 -172.04068 -4.8987889 0
-346.85791 -172.04747 -4.8121972 0
-349.88712 -171.42081 -4.8835549 0
-349.94705 -171.21638 -4.8213983 0
-349.83868 -171.21716 -4.8228106 0
-322.4512 -170.96962 -4.8893685 0
-348.78217 -170.11778 -4.8959022 0
-348.69418 -170.02524 -4.884038 0
-348.87439 -169.9626 -4.8764362 0
-348.65231 -169.97189 -4.8693471 0
-348.8042 -169.80222 -4.8226771 0
-348.61566 -169.88535 -4.8847513 0
-348.61588 -169.72664 -4.8697224 0
-348.6539 -169.66182 -4.8531737 0
-348.51852 -169.53665 -4.8940682 0
-348.05869 -168.70065 -4.8793287 0
-347.97311 -168.49019 -4.8516254 0
-347.76834 -168.48399 -4.8712616 0
-349.11542 -166.61664 -4.8361254 0
-346.3342 -166.61212 -4.8877954 0
-346.14697 -166.69806 -4.8830643 0
-349.1615 -166.5652 -4.8538847 0
-346.28647 -166.56917 -4.8353515 0
-337.39536 -166.3342 -4.867959 0
-346.56763 -164.43785 -4.8598757 0
-340.36508 -164.09348 -4.8081059 0
-340.07217 -163.92393 -4.8924465 0
-340.3822 -163.74014 -4.8401837 0
-340.12805 -163.55881 -4.8875213 0
-340.78674 -162.55591 -4.8791008 0
-341.14142 -162.38004 -4.8854399 0
-341.29871 -162.20921 -4.8299427 0
-341.23981 -162.14481 -4.8974752 0
-341.65158 -161.92317 -4.870327 0
-340.70798 -161.98759 -4.8493838 0
-341.32401 -161.64806 -4.8033304 0
-341.43314 -161.53851 -4.8417974 0
-341.32013 -161.55516 -4.8170991 0
-341.48627 -160.80511 -4.8607435 0
-342.89566 -159.35388 -4.8910675 0
-339.90955 -159.32561 -4.8240933 0
-337.41928 -159.03705 -4.836237 0
-340.0336 -158.96637 -4.8016534 0
-342.26407 -158.79054 -4.8164458 0
-342.26852 -158.64447 -4.850637 0
-342.81625 -158.58505 -4.8226275 0
-342.6861 -158.46437 -4.8380871 0
-346.85001 -157.94196 -4.8994188 0
-339.59451 -157.75594 -4.8329186 0
-346.67825 -157.58379 -4.8695679 0
-348.5513 -156.92432 -4.8342085 0
-348.5495 -156.87535 -4.8315587 0
-348.44189 -156.8508 -4.8577867 0
-348.3443 -156.80429 -4.8568892 0
-348.85858 -156.76378 -4.8259263 0
-335.40366 -155.61105 -4.8587766 0
-342.27472 -155.37878 -4.8623538 0
-335.12875 -155.32048 -4.8021417 0
-342.21362 -155.27089 -4.882072 0
-335.6907 -155.1521 -4.8767886 0
-339.71085 -154.92168 -4.8103199 0
-349.99402 -154.8871 -4.8264413 0
-339.79993 -154.82622 -4.836 0
-334.71729 -154.85019 -4.8670855 0
-341.96161 -154.76181 -4.8034387 0
-349.73187 -154.69637 -4.8198981 0
-339.90933 -154.68356 -4.8012385 0
-340.03094 -154.53024 -4.811429 0
-339.10703 -154.38646 -4.8635459 0
-339.79419 -153.68456 -4.824379 0
-337.58987 -153.22945 -4.8593984 0
-337.48251 -153.19707 -4.8525548 0
-341.422 -152.61639 -4.8863606 0
-343.832 -151.79506 -4.8269582 0
-342.05432 -151.68085 -4.8736324 0
-334.07959 -151.60405 -4.8989477 0
-334.20975 -151.5513 -4.8979464 0
-334.06281 -151.54877 -4.8982482 0
-341.06119 -151.40807 -4.8248844 0
-333.98166 -151.39522 -4.8925252 0
-343.69333 -151.29765 -4.8716931 0
-341.76294 -151.29042 -4.8536305 0
-343.92767 -151.1181 -4.8414302 0
-344.08328 -151.03178 -4.8839688 0
-343.85104 -151.08392 -4.8524966 0
-343.91064 -150.9668 -4.840528 0
-343.67416 -150.98219 -4.8609405 0
-283.14606 -150.93869 -4.8563218 0
-342.47586 -150.72499 -4.8587909 0
-344.00198 -150.40817 -4.8083053 0
-343.80072 -150.32898 -4.8017707 0
-343.64874 -150.17807 -4.8038244 0
-341.0145 -203.88426 -4.7665448 0
-340.72794 -203.40468 -4.7486696 0
-337.4519 -202.62045 -4.7814188 0
-341.96387 -201.82542 -4.727622 0
-339.63583 -196.08096 -4.7152019 0
-339.64417 -195.97949 -4.7280746 0
-339.21832 -195.37169 -4.7914176 0
-340.15842 -194.21207 -4.7658491 0
-339.50928 -194.14207 -4.7022882 0
-338.96909 -194.07986 -4.7072821 0
-337.53812 -193.51347 -4.7418194 0
-326.34485 -193.19191 -4.7725906 0
-347.93674 -190.50351 -4.7384262 0
-343.94299 -190.51361 -4.7740788 0
-343.36664 -190.0752 -4.7666717 0
-340.62271 -190.02036 -4.7062879 0
-346.52258 -189.95955 -4.780581 0
-349.3157 -189.52922 -4.7954574 0
-349.25302 -189.37202 -4.7085271 0
-347.40314 -188.65245 -4.7358174 0
-347.18427 -188.32945 -4.7212696 0
-348.29166 -187.37216 -4.7246022 0
-348.18848 -186.89545 -4.7684569 0
-344.4668 -186.86995 -4.7171316 0
-344.08377 -186.60188 -4.7935686 0
-337.31003 -186.5061 -4.7842317 0
-344.22473 -186.33032 -4.7610831 0
-344.41544 -186.28175 -4.7208323 0
-336.87485 -186.24034 -4.7423816 0
-336.61462 -185.72435 -4.7420278 0
-337.23105 -184.94691 -4.7549443 0
-338.78171 -183.72467 -4.7336597 0
-338.71506 -183.55594 -4.7862835 0
-339.50793 -183.0871 -4.7374816 0
-339.44809 -183.06415 -4.7366734 0
-339.57031 -182.89496 -4.7729478 0
-339.56567 -181.95671 -4.7978859 0
-333.40475 -175.72429 -4.7776117 0
-338.52133 -175.10458 -4.7435341 0
-347.92322 -172.67387 -4.7303319 0
-345.88907 -171.72185 -4.7314386 0
-349.21579 -171.51617 -4.7020364 0
-349.86078 -171.22293 -4.7816601 0
-339.12823 -170.23926 -4.7586575 0
-348.67276 -169.88942 -4.7890697 0
-348.57614 -169.68262 -4.7550683 0
-348.56277 -169.55186 -4.7681398 0
-348.48825 -169.51147 -4.7658539 0
-348.23566 -169.14417 -4.7537699 0
-347.44745 -169.00688 -4.7030272 0
-348.06113 -168.52232 -4.7996278 0
-348.00467 -168.34604 -4.7838893 0
-347.97446 -168.37427 -4.7453136 0
-346.19196 -166.90135 -4.7406578 0
-345.93286 -166.95132 -4.7117777 0
-349.90121 -166.84991 -4.7303472 0
-349.77386 -166.80226 -4.7130795 0
-346.37067 -166.8941 -4.7623105 0
-349.81641 -166.7868 -4.734293 0
-346.26511 -166.78732 -4.702117 0
-349.26178 -166.57642 -4.7044311 0
-349.18973 -166.47183 -4.7652197 0
-349.17319 -166.35046 -4.7668104 0
-337.32794 -166.3952 -4.7236433 0
-349.18686 -166.26868 -4.7728987 0
-349.07822 -166.2816 -4.7619724 0
-349.80646 -165.81715 -4.7168393 0
-349.61597 -165.81685 -4.770504 0
-333.20657 -165.77832 -4.793642 0
-349.72256 -165.5695 -4.7333922 0
-349.84244 -165.06082 -4.7352118 0
-349.76614 -164.9706 -4.7472601 0
-349.42868 -164.52133 -4.7112775 0
-349.32434 -164.56479 -4.7386861 0
-349.25226 -164.54166 -4.7728262 0
-346.30716 -164.53409 -4.7690959 0
-346.44131 -164.43575 -4.7566466 0
-346.38391 -164.42044 -4.7483501 0
-346.70694 -164.3329 -4.7128744 0
-340.37881 -164.19347 -4.7313581 0
-333.50226 -163.60815 -4.7014365 0
-333.46915 -163.61539 -4.791913 0
-333.28479 -163.48268 -4.7578249 0
-347.83524 -162.72679 -4.7060113 0
-340.79559 -162.47701 -4.7720027 0
-341.19418 -161.98164 -4.7555213 0
-341.08862 -161.80054 -4.7415586 0
-340.85471 -161.78551 -4.7844405 0
-325.38034 -161.69342 -4.7757726 0
-338.94714 -161.24226 -4.7458782 0
-252.27448 -160.99542 -4.7450333 0
-340.82397 -159.7431 -4.7932925 0
-343.51859 -159.58006 -4.7937984 0
-340.00986 -159.58687 -4.7532802 0
-342.93896 -159.12392 -4.7299271 0
-342.86774 -159.14024 -4.7889333 0
-342.4679 -158.87044 -4.7697577 0
-342.53888 -158.73566 -4.7729335 0
-342.44659 -158.78648 -4.7587647 0
-342.81219 -158.69791 -4.7581739 0
-342.53497 -158.66609 -4.7658377 0
-342.37357 -158.5974 -4.7654119 0
-348.90741 -158.31989 -4.74965 0
-339.92963 -158.03586 -4.7081604 0
-339.58304 -157.77501 -4.7579231 0
-257.55777 -157.72522 -4.7215137 0
-339.57498 -157.60139 -4.7042203 0
-348.46796 -157.06149 -4.7701883 0
-348.54492 -156.94742 -4.7647028 0
-348.42163 -156.86807 -4.7672296 0
-348.28351 -156.81317 -4.7690353 0
-349.77948 -156.65648 -4.7201562 0
-349.6806 -156.55527 -4.7575922 0
-349.66077 -156.41612 -4.7850204 0
-335.50275 -155.76176 -4.7626944 0
-339.68887 -155.35213 -4.7861228 0
-327.89258 -155.11552 -4.778245 0
-339.81857 -155.02606 -4.7144604 0
-339.76486 -154.99109 -4.7006869 0
-349.58093 -154.81908 -4.792541 0
-340.02682 -154.6467 -4.7791762 0
-339.47461 -154.55484 -4.7651038 0
-333.15137 -154.59805 -4.7017741 0
-339.12402 -154.45876 -4.7789288 0
-349.25076 -154.30553 -4.752059 0
-339.45413 -154.14806 -4.7021689 0
-339.31955 -154.05829 -4.7214146 0
-339.71686 -153.65823 -4.7836313 0
-340.1311 -153.44759 -4.7198606 0
-337.60651 -153.29048 -4.7934322 0
-334.74908 -153.19846 -4.7967668 0
-340.42181 -152.86331 -4.7218537 0
-335.93454 -152.88899 -4.7155242 0
-341.63623 -152.53326 -4.7996716 0
-339.89514 -152.54709 -4.7639804 0
-341.53302 -152.27419 -4.7559628 0
-334.96701 -152.12881 -4.7143455 0
-340.53067 -152.05563 -4.715651 0
-343.9039 -151.7373 -4.7798734 0
-343.70746 -151.73517 -4.7089849 0
-341.18491 -151.51192 -4.7750192 0
-334.03717 -151.55896 -4.7454047 0
-343.89047 -151.45459 -4.7188745 0
-334.05612 -151.4996 -4.748909 0
-343.95706 -151.38759 -4.767395 0
-341.15463 -151.34937 -4.7040682 0
-341.06879 -151.39026 -4.7051811 0
-340.96243 -151.38422 -4.7843308 0
-343.93652 -150.55957 -4.7192521 0
-343.94153 -150.43111 -4.7490082 0
-343.65771 -150.38141 -4.7641449 0
-281.85376 -150.36081 -4.7363305 0
-343.85962 -150.20601 -4.784379 0
-343.78662 -150.29286 -4.7716665 0
-343.55405 -150.22392 -4.7474098 0
-326.13739 -208.7018 -4.6377268 0
-334.22308 -203.11038 -4.6905541 0
-341.59769 -202.69745 -4.69666 0
-337.55179 -202.64156 -4.6656456 0
-337.39728 -202.65413 -4.6426568 0
-337.34851 -202.59581 -4.6326256 0
-341.69009 -202.31709 -4.6871409 0
-341.95154 -201.93544 -4.6162157 0
-341.73969 -201.60905 -4.6429663 0
-341.58148 -201.29433 -4.6152482 0
-341.33347 -201.16322 -4.6258969 0
-341.65292 -200.81493 -4.6197367 0
-340.6178 -199.33034 -4.6038418 0
-340.72003 -198.92664 -4.6950111 0
-338.88062 -194.20201 -4.6192989 0
-338.44022 -193.75618 -4.6603513 0
-326.30338 -193.31287 -4.6368322 0
-343.82434 -190.61734 -4.6972308 0
-340.20126 -190.63571 -4.6496959 0
-348.84021 -190.55238 -4.6381998 0
-344.29218 -190.57213 -4.6749115 0
-348.98773 -190.4164 -4.6195002 0
-340.43323 -190.13089 -4.6238551 0
-348.96875 -189.94098 -4.656425 0
-340.62701 -189.86003 -4.6841478 0
-349.20514 -189.78804 -4.6938534 0
-340.58249 -189.73401 -4.6208363 0
-349.26309 -189.51239 -4.695919 0
-349.24994 -189.49324 -4.6079993 0
-349.02036 -189.49915 -4.6480289 0
-349.21277 -189.38425 -4.6072288 0
-349.07056 -189.34982 -4.680264 0
-348.93649 -189.31978 -4.6505103 0
-343.57422 -189.34575 -4.6447644 0
-343.54321 -189.2386 -4.6610994 0
-347.49106 -188.78348 -4.6012349 0
-347.54086 -188.41933 -4.637054 0
-347.35999 -188.31633 -4.6446915 0
-346.62213 -188.39252 -4.6066675 0
-348.06259 -187.75943 -4.6627779 0
-344.45224 -187.05675 -4.6156716 0
-344.64499 -186.93239 -4.683713 0
-348.19952 -186.86601 -4.668674 0
-344.70163 -186.82307 -4.6531086 0
-344.81641 -186.79759 -4.6331129 0
-344.7337 -186.79085 -4.6134439 0
-344.7684 -186.60229 -4.6362019 0
-344.1456 -186.66171 -4.6137271 0
-344.43744 -186.58159 -4.6012411 0
-344.78412 -186.41045 -4.6109014 0
-344.36569 -186.40108 -4.6219521 0
-344.63113 -186.30951 -4.6113486 0
-344.50208 -186.39532 -4.6503091 0
-344.42419 -186.35704 -4.6575885 0
-344.71844 -186.26797 -4.6783628 0
-344.4758 -186.21556 -4.669282 0
-336.81644 -186.09119 -4.6331263 0
-337.37909 -185.39241 -4.6021571 0
-339.31354 -183.76845 -4.6209321 0
-339.22565 -183.59306 -4.6764174 0
-346.19165 -181.90469 -4.6310549 0
-337.03003 -179.20917 -4.6581745 0
-327.84683 -178.85735 -4.6480622 0
-338.52948 -175.15366 -4.6471233 0
-335.1824 -174.68037 -4.6105685 0
-335.18179 -174.59901 -4.6208477 0
-348.00766 -172.7901 -4.6436696 0
-347.81274 -172.61243 -4.6957898 0
-348.83823 -170.2406 -4.6105027 0
-348.95767 -169.87677 -4.6976838 0
-348.62195 -169.77412 -4.6465592 0
-347.41461 -169.70218 -4.6756539 0
-348.61859 -169.56712 -4.6956081 0
-337.69568 -169.38937 -4.6729465 0
-347.46722 -169.05446 -4.6075244 0
-335.20255 -167.50497 -4.6715841 0
-335.39651 -167.38217 -4.6374688 0
-345.89877 -166.94109 -4.6282506 0
-346.30447 -166.7258 -4.6434689 0
-349.54901 -166.66284 -4.6843567 0
-349.48468 -166.69562 -4.6957178 0
-349.25327 -166.46507 -4.6556444 0
-333.52982 -165.9021 -4.6247954 0
-349.89075 -165.25885 -4.6517754 0
-349.87085 -165.15143 -4.6029401 0
-346.75623 -164.54791 -4.6580238 0
-349.147 -164.42125 -4.6332712 0
-346.73468 -164.46062 -4.6364598 0
-346.63 -164.47479 -4.6717052 0
-349.42343 -164.3499 -4.6746874 0
-340.44876 -164.12888 -4.6742072 0
-340.67941 -164.06206 -4.6113391 0
-340.55472 -163.82603 -4.6304159 0
-333.45779 -163.57877 -4.698524 0
-341.22839 -162.53571 -4.6709514 0
-339.22339 -161.89397 -4.6488204 0
-339.05719 -161.51257 -4.6788373 0
-341.18399 -161.46356 -4.6852255 0
-328.33792 -160.22484 -4.6188107 0
-339.46796 -160.12981 -4.6509061 0
-339.91489 -159.73911 -4.6359158 0
-341.06323 -159.16005 -4.6331153 0
-337.47559 -159.03485 -4.6067791 0
-348.95172 -158.85303 -4.6626415 0
-342.95483 -158.74348 -4.6729751 0
-341.78156 -158.64043 -4.6482811 0
-343.08267 -158.53265 -4.6134033 0
-341.70465 -158.59259 -4.6399446 0
-343.03568 -158.48283 -4.6440129 0
-342.96719 -158.47859 -4.6327238 0
-343.36896 -158.37122 -4.6567769 0
-342.83514 -158.32439 -4.664536 0
-339.67575 -158.32785 -4.6866117 0
-343.02341 -158.22063 -4.6000786 0
-253.81613 -158.24562 -4.6324234 0
-339.71655 -158.0997 -4.6746988 0
-339.70114 -157.9308 -4.6222863 0
-339.95883 -157.84242 -4.6544189 0
-348.52048 -156.94221 -4.668674 0
-348.39133 -156.88985 -4.6746268 0
-348.9238 -156.66316 -4.6289368 0
-349.10764 -156.57213 -4.6653614 0
-341.82156 -156.5704 -4.6474395 0
-349.05676 -156.47307 -4.6663303 0
-342.52878 -156.27519 -4.6811881 0
-341.49667 -155.5936 -4.6268163 0
-341.91397 -155.49522 -4.6333551 0
-348.18289 -155.38457 -4.6544809 0
-340.03387 -155.23517 -4.6195993 0
-337.68146 -155.13907 -4.6619501 0
-337.65555 -155.09068 -4.6706357 0
-337.5372 -155.08067 -4.6368737 0
-339.92105 -154.98761 -4.677599 0
-339.76733 -154.93359 -4.607419 0
-340.0751 -154.70282 -4.6116538 0
-340.06128 -154.66812 -4.6814804 0
-340.0047 -154.56146 -4.6605883 0
-349.45255 -154.43796 -4.6388664 0
-349.5722 -154.33073 -4.6100187 0
-349.36118 -154.3548 -4.6372924 0
-339.75531 -153.57863 -4.6317372 0
-339.92392 -153.43503 -4.66043 0
-340.2948 -152.87096 -4.6978736 0
-341.29712 -152.52557 -4.616703 0
-339.7103 -152.42848 -4.6639915 0
-343.5098 -152.3353 -4.6160421 0
-341.64828 -152.3676 -4.6655293 0
-335.36206 -152.14914 -4.6176934 0
-341.23965 -151.84283 -4.6905394 0
-340.32132 -151.83836 -4.6052608 0
-341.7413 -151.71835 -4.6275482 0
-334.18002 -151.67563 -4.6664495 0
-344.02081 -151.53139 -4.6231403 0
-343.00565 -151.56931 -4.6762142 0
-343.82416 -151.45244 -4.6619124 0
-341.09695 -151.4259 -4.6358094 0
-341.28867 -151.38989 -4.6382036 0
-341.12616 -151.37431 -4.6188335 0
-341.04739 -151.32635 -4.6821933 0
-341.05591 -151.27907 -4.6673393 0
-344.0892 -150.95311 -4.6099663 0
-343.90765 -150.61923 -4.6393962 0
-344.07895 -150.59395 -4.6735582 0
-343.703 -150.56923 -4.6038723 0
-343.81512 -150.42216 -4.6015973 0
-343.6048 -150.19597 -4.6218567 0
-343.55865 -150.11662 -4.6854129 0
-343.61618 -150.07153 -4.6148548 0
-343.39929 -150.03835 -4.6064439 0
-337.38132 -202.59511 -4.5450401 0
-341.60556 -201.41734 -4.5796647 0
-340.0809 -201.09103 -4.5200686 0
-340.96738 -200.02882 -4.5126367 0
-340.87885 -199.69995 -4.5515623 0
-340.80521 -199.52217 -4.580893 0
-328.55264 -196.04572 -4.5010772 0
-339.62134 -194.66203 -4.5460901 0
-339.76459 -194.09415 -4.5935502 0
-339.69778 -194.01596 -4.5839639 0
-338.03632 -193.10672 -4.5797696 0
-326.30429 -193.11378 -4.5330906 0
-344.33554 -190.79118 -4.5910277 0
-344.21161 -190.74789 -4.5935831 0
-348.48883 -190.62419 -4.5950613 0
-336.99066 -190.49603 -4.5491662 0
-348.61887 -190.3195 -4.5481791 0
-343.67032 -190.21875 -4.5824127 0
-349.35559 -189.66495 -4.5622807 0
-349.25912 -189.65228 -4.5695415 0
-348.86377 -189.61121 -4.5039177 0
-340.37381 -189.69588 -4.51687 0
-349.37427 -189.53076 -4.5685849 0
-349.20459 -189.58041 -4.513185 0
-344.3938 -189.50385 -4.5701747 0
-349.20062 -189.40314 -4.5987659 0
-349.12653 -189.47539 -4.5218048 0
-340.34232 -189.44397 -4.5813684 0
-343.58032 -189.35583 -4.5695438 0
-343.25635 -189.0271 -4.5784702 0
-339.58173 -188.96405 -4.5126147 0
-347.68542 -188.80606 -4.5870018 0
-347.76981 -188.73155 -4.5302839 0
-336.44986 -187.97607 -4.5575013 0
-348.2142 -187.34169 -4.5540981 0
-348.45477 -187.15042 -4.5799408 0
-344.72552 -187.11964 -4.5764232 0
-348.31604 -187.01044 -4.5212531 0
-344.57327 -187.06981 -4.5249424 0
-348.0347 -186.99709 -4.5696568 0
-348.10739 -186.69545 -4.5151715 0
-344.46133 -186.64793 -4.5895104 0
-344.7926 -186.41228 -4.5788794 0
-344.47037 -186.48276 -4.5993237 0
-337.14014 -186.25851 -4.5786266 0
-336.99829 -186.22517 -4.5449901 0
-337.47028 -185.35155 -4.5894055 0
-337.43924 -185.27597 -4.5943294 0
-339.64429 -182.61864 -4.5969834 0
-338.92764 -182.50807 -4.5348563 0
-339.27847 -182.45209 -4.5754566 0
-333.2001 -179.2621 -4.5859323 0
-336.97229 -179.16205 -4.5396943 0
-338.47577 -175.24623 -4.5151539 0
-335.22687 -174.64699 -4.5880828 0
-347.76877 -171.87511 -4.5622244 0
-347.9487 -171.5123 -4.5297923 0
-336.33789 -171.40623 -4.5463305 0
-346.28043 -169.68297 -4.5025301 0
-337.70734 -169.27861 -4.5618782 0
-347.51059 -168.93561 -4.5546622 0
-345.85791 -167.00487 -4.5269585 0
-345.97217 -166.76253 -4.58428 0
-349.2132 -166.39192 -4.5607285 0
-346.30524 -166.33163 -4.5594029 0
-337.47995 -166.30954 -4.5455732 0
-337.34766 -166.31833 -4.5369673 0
-333.13791 -165.7579 -4.5377321 0
-349.73761 -164.9373 -4.5655661 0
-349.48126 -164.91232 -4.5382633 0
-349.69116 -164.78999 -4.5142198 0
-346.90771 -164.50673 -4.5817928 0
-346.67917 -164.56157 -4.558723 0
-340.30951 -164.26328 -4.5654297 0
-340.37036 -163.28775 -4.5989437 0
-340.19882 -162.57268 -4.5951886 0
-340.88705 -162.3833 -4.523561 0
-340.39157 -162.35675 -4.5545015 0
-341.04382 -162.03485 -4.5972996 0
-341.39005 -161.90131 -4.5965934 0
-341.51511 -161.88226 -4.5488453 0
-341.1687 -161.38971 -4.5742049 0
-338.97559 -161.37494 -4.5922236 0
-340.98029 -161.10074 -4.5900145 0
-339.87738 -160.48599 -4.5780988 0
-339.48877 -160.3132 -4.5440612 0
-328.36304 -160.2108 -4.5936842 0
-339.9209 -159.87303 -4.5495 0
-340.02237 -159.79213 -4.5114932 0
-343.16879 -159.62131 -4.5320449 0
-339.93753 -159.56094 -4.5452943 0
-340.62006 -159.4276 -4.540122 0
-340.76859 -159.31868 -4.5174561 0
-340.95511 -158.91072 -4.5193453 0
-252.03113 -158.99747 -4.5050812 0
-251.95602 -158.99556 -4.5036349 0
-252.33005 -158.85451 -4.526639 0
-342.88196 -158.7068 -4.5577869 0
-330.06967 -158.59238 -4.5394235 0
-343.23898 -158.46846 -4.5447721 0
-343.24124 -158.33073 -4.5489097 0
-343.20233 -158.23322 -4.58497 0
-343.53735 -158.0549 -4.5865698 0
-343.29596 -158.07771 -4.5232563 0
-347.93002 -157.99951 -4.5087028 0
-339.80606 -157.90996 -4.5666699 0
-343.53238 -157.69888 -4.5362988 0
-342.08942 -157.5647 -4.5833254 0
-339.4859 -157.53329 -4.5829067 0
-348.52438 -156.90999 -4.509841 0
-348.32883 -156.91789 -4.5483027 0
-348.38132 -156.78812 -4.580277 0
-349.03668 -156.39316 -4.5250239 0
-342.24948 -156.28297 -4.5517898 0
-341.59326 -155.48564 -4.5020456 0
-341.70117 -155.31256 -4.517118 0
-341.39609 -155.10335 -4.5281868 0
-339.98575 -155.13074 -4.5593805 0
-337.6026 -155.11377 -4.5286183 0
-341.7442 -155.00119 -4.5578413 0
-337.63373 -155.04076 -4.5270257 0
-339.91034 -154.996 -4.5558095 0
-339.8963 -154.67508 -4.5683818 0
-340.19742 -154.16664 -4.5971198 0
-336.12537 -153.82065 -4.5328536 0
-340.0889 -153.45874 -4.5472918 0
-341.48489 -152.73521 -4.5153632 0
-339.38165 -152.66277 -4.541225 0
-341.47812 -152.56538 -4.5538044 0
-339.52737 -152.37256 -4.5281792 0
-340.2139 -152.02835 -4.5894198 0
-344.34006 -151.86023 -4.5595694 0
-343.67343 -151.84866 -4.5335422 0
-341.12341 -151.842 -4.5108724 0
-344.2977 -151.7934 -4.5562968 0
-328.57059 -151.7639 -4.5773301 0
-342.00449 -151.61337 -4.5418825 0
-344.15051 -151.56596 -4.5862179 0
-344.07492 -151.57883 -4.5545483 0
-343.95218 -151.50398 -4.5560989 0
-343.76886 -151.55769 -4.577136 0
-341.82883 -151.54808 -4.5971832 0
-341.62888 -151.40173 -4.5228758 0
-333.91959 -151.47029 -4.5348091 0
-343.80084 -151.345 -4.5174527 0
-341.164 -151.36876 -4.5286465 0
-325.06277 -151.35344 -4.5029325 0
-264.91974 -151.02267 -4.5093126 0
-344.05908 -150.94858 -4.5032344 0
-344.12625 -150.81831 -4.5815992 0
-343.9317 -150.8345 -4.5370183 0
-343.76569 -150.46011 -4.510941 0
-281.77933 -150.42822 -4.5513244 0
-343.74066 -150.3559 -4.533493 0
-343.61148 -150.26183 -4.5074615 0
-343.72153 -150.16214 -4.5705962 0
-343.60315 -150.14554 -4.537632 0
-343.72852 -150.05908 -4.5573502 0
-256.34848 -150.03503 -4.5273418 0
-326.24289 -205.41296 -4.4367666 0
-341.76147 -202.30688 -4.451108 0
-341.38232 -201.51689 -4.4439678 0
-334.77539 -201.46907 -4.4265294 0
-341.7515 -200.80684 -4.4014573 0
-340.9505 -200.23499 -4.4145494 0
-340.90027 -199.59937 -4.4954939 0
-336.87357 -198.20717 -4.4852409 0
-333.05667 -197.88065 -4.4236307 0
-336.3667 -195.62547 -4.4150205 0
-337.79788 -192.82607 -4.4435902 0
-345.27158 -192.78299 -4.4912105 0
-345.05127 -192.63492 -4.4894876 0
-343.93954 -192.68938 -4.493031 0
-345.56451 -192.13658 -4.4367924 0
-344.45767 -191.30533 -4.4382458 0
-344.27695 -190.79324 -4.4944201 0
-348.86554 -190.38641 -4.4618921 0
-348.71121 -190.21991 -4.4500432 0
-348.5657 -190.23106 -4.4210687 0
-344.13223 -190.22215 -4.4679575 0
-348.09354 -190.01816 -4.4310312 0
-347.93652 -190.08365 -4.4332871 0
-344.19641 -190.03336 -4.4148188 0
-343.92651 -190.02078 -4.4256258 0
-348.05557 -189.9057 -4.4307408 0
-348.81848 -189.80164 -4.4680834 0
-348.37817 -189.77116 -4.4163775 0
-344.11182 -189.63875 -4.420187 0
-348.97516 -189.53639 -4.414577 0
-340.64471 -189.5513 -4.4718928 0
-343.61725 -189.43048 -4.4621153 0
-343.84146 -189.31549 -4.4306097 0
-343.39981 -189.30156 -4.454895 0
-348.91385 -189.27158 -4.4574642 0
-340.69247 -189.21306 -4.4078937 0
-349.17789 -189.10684 -4.4523621 0
-343.32315 -189.10057 -4.4907541 0
-340.60699 -189.14261 -4.4254265 0
-346.05615 -188.46202 -4.4368954 0
-339.47717 -188.42903 -4.429328 0
-346.21295 -188.31628 -4.4234905 0
-346.15714 -188.26712 -4.4230876 0
-339.56284 -188.14003 -4.4925308 0
-336.5145 -188.0674 -4.4120255 0
-347.43747 -187.56229 -4.4486003 0
-348.14362 -187.18869 -4.4543581 0
-348.07614 -187.16045 -4.4214268 0
-348.09161 -187.0701 -4.488678 0
-334.64276 -186.98251 -4.4861789 0
-344.69391 -186.74333 -4.4258852 0
-344.55981 -186.6564 -4.4820356 0
-344.8389 -186.25751 -4.4114461 0
-336.81854 -185.69235 -4.4390974 0
-339.10849 -183.15784 -4.4525065 0
-338.98248 -182.16214 -4.4910102 0
-338.53519 -175.33949 -4.4921975 0
-338.84476 -174.66301 -4.4625058 0
-335.23636 -174.59662 -4.4199514 0
-335.05536 -174.57272 -4.4322233 0
-349.69846 -172.27699 -4.4185624 0
-349.80872 -171.94092 -4.4727354 0
-349.73492 -171.8598 -4.4882364 0
-349.79431 -171.71901 -4.4922595 0
-348.82535 -171.6369 -4.4252858 0
-348.85199 -171.56491 -4.4127703 0
-348.36935 -169.13812 -4.4431343 0
-330.35596 -169.08742 -4.4613132 0
-348.3103 -168.97182 -4.4870844 0
-347.87155 -168.41832 -4.442966 0
-346.32422 -166.61555 -4.4356089 0
-349.25461 -166.51369 -4.4964695 0
-346.22491 -166.53085 -4.4292774 0
-349.20639 -166.48366 -4.4607763 0
-349.18329 -166.44196 -4.4582596 0
-349.24911 -166.36642 -4.4789176 0
-348.94888 -165.08258 -4.4504228 0
-349.64648 -164.74094 -4.4459963 0
-349.2193 -164.69145 -4.4477677 0
-346.71255 -164.4781 -4.4941616 0
-346.66751 -164.45654 -4.4775829 0
-346.46527 -164.44437 -4.4376068 0
-346.27228 -164.37422 -4.4413004 0
-340.1998 -164.11581 -4.4053097 0
-340.68765 -164.04266 -4.4834337 0
-340.52194 -163.91953 -4.4993238 0
-341.44257 -162.43864 -4.4233871 0
-341.11746 -161.91254 -4.4529958 0
-334.14505 -160.80533 -4.4927936 0
-340.84033 -160.27049 -4.4551888 0
-339.57635 -160.21977 -4.4854774 0
-340.9422 -160.00981 -4.4732304 0
-330.56812 -159.97079 -4.4445505 0
-338.56345 -159.77249 -4.4728937 0
-338.3154 -159.44032 -4.4638767 0
-340.54059 -159.38417 -4.4623065 0
-341.80826 -158.60559 -4.422051 0
-339.62726 -158.47218 -4.4600897 0
-343.23999 -157.94936 -4.4830499 0
-339.77777 -157.85828 -4.4822211 0
-339.53125 -157.73001 -4.4352989 0
-339.8511 -157.65784 -4.4465871 0
-339.48209 -157.6086 -4.4388537 0
-348.45117 -157.21901 -4.453855 0
-348.62668 -157.18349 -4.431725 0
-348.49728 -157.19505 -4.4367423 0
-348.30695 -156.90472 -4.4033709 0
-348.45859 -156.86336 -4.44174 0
-328.79672 -156.86134 -4.4653726 0
-328.71002 -156.7823 -4.4492693 0
-341.88 -156.13989 -4.4951882 0
-349.20444 -156.02173 -4.4688973 0
-340.2215 -155.71986 -4.4551229 0
-340.0672 -155.64824 -4.4675546 0
-349.70914 -155.15323 -4.4194479 0
-337.72012 -155.18283 -4.4711633 0
-349.66965 -155.07082 -4.4866724 0
-341.46921 -155.03458 -4.4702458 0
-337.55402 -155.07526 -4.4605994 0
-349.86713 -154.98924 -4.4802055 0
-349.95969 -154.62402 -4.4295568 0
-349.58838 -154.64052 -4.4675479 0
-349.45004 -154.63951 -4.4195471 0
-349.31192 -154.4026 -4.4917235 0
-339.9639 -154.48509 -4.4868078 0
-334.78119 -154.47333 -4.4239802 0
-335.29968 -154.28279 -4.4992566 0
-339.42847 -154.04285 -4.4212666 0
-336.15421 -153.9931 -4.4626584 0
-339.12122 -153.7601 -4.4708147 0
-340.32037 -153.39149 -4.4483023 0
-337.64093 -153.32379 -4.4381561 0
-339.61429 -153.01212 -4.4518623 0
-339.2977 -152.90245 -4.4198976 0
-339.19556 -152.37596 -4.4800124 0
-338.97217 -152.26862 -4.4588103 0
-338.87381 -152.28709 -4.4717846 0
-343.71188 -152.15254 -4.4832287 0
-341.828 -151.99825 -4.4045167 0
-341.68756 -151.84578 -4.4183588 0
-340.42273 -151.80188 -4.494843 0
-344.3237 -151.75169 -4.4214015 0
-344.15067 -151.7608 -4.4163842 0
-344.0495 -151.7148 -4.431057 0
-340.3736 -151.79466 -4.4546137 0
-344.08194 -151.65306 -4.4271364 0
-341.90604 -151.68918 -4.4576449 0
-341.61127 -151.60809 -4.4886723 0
-341.99414 -151.58083 -4.4523649 0
-334.02725 -151.55101 -4.4640846 0
-327.56128 -151.55211 -4.4130368 0
-341.10349 -151.4487 -4.4178619 0
-343.80472 -151.34222 -4.4892917 0
-341.23703 -151.36879 -4.4870133 0
-341.13702 -151.33057 -4.439373 0
-343.64612 -151.25012 -4.4594855 0
-344.02322 -150.93184 -4.4191685 0
-343.96863 -150.90163 -4.4208426 0
-343.87466 -150.96605 -4.4094114 0
-343.76007 -150.95293 -4.4077621 0
-343.91879 -150.81262 -4.4242792 0
-343.67166 -150.86562 -4.4397774 0
-343.61627 -150.70206 -4.4162078 0
-343.93359 -150.57687 -4.4627075 0
-343.86823 -150.53004 -4.4643846 0
-343.94153 -150.44266 -4.4723282 0
-343.73431 -150.4787 -4.4873195 0
-343.48242 -150.45831 -4.4919004 0
-343.68719 -150.34702 -4.4854198 0
-343.72192 -150.23062 -4.4943891 0
-343.659 -150.25609 -4.4607239 0
-343.5148 -150.25403 -4.4609461 0
-343.51346 -150.01874 -4.4806237 0
-264.7478 -150.06369 -4.4857836 0
-334.81534 -201.60489 -4.3825259 0
-341.07922 -200.21652 -4.3603125 0
-340.8645 -199.90918 -4.3712759 0
-339.5368 -194.89284 -4.3209014 0
-338.43661 -193.90648 -4.3953476 0
-321.00058 -192.6756 -4.3740206 0
-346.24826 -192.40753 -4.3040571 0
-348.27753 -191.26532 -4.3020539 0
-340.08032 -190.84834 -4.3220792 0
-347.97214 -190.30193 -4.395237 0
-344.15173 -190.21428 -4.3581147 0
-347.76953 -190.14857 -4.3595619 0
-347.99057 -189.86491 -4.3682408 0
-340.36368 -189.8712 -4.3722401 0
-349.2579 -189.65753 -4.3408756 0
-348.95947 -189.60406 -4.3151884 0
-343.96469 -189.62404 -4.3271737 0
-349.12183 -189.43584 -4.3771558 0
-349.1601 -189.33696 -4.3773823 0
-343.22995 -189.36667 -4.3120518 0
-348.85168 -189.10501 -4.3855891 0
-346.27267 -188.44931 -4.348875 0
-346.19354 -188.44717 -4.3152537 0
-336.55804 -188.16301 -4.3850851 0
-336.56754 -188.07996 -4.3783722 0
-347.97937 -186.9351 -4.3638144 0
-348.04297 -186.59145 -4.3353333 0
-344.51373 -185.95139 -4.3768239 0
-337.3829 -185.29665 -4.3018332 0
-339.92349 -182.95694 -4.3414102 0
-339.7749 -182.96838 -4.334022 0
-339.90485 -182.84819 -4.3381271 0
-339.96445 -182.78937 -4.3586464 0
-339.81503 -182.74878 -4.3433485 0
-339.72861 -182.56775 -4.3910689 0
-339.2254 -181.94815 -4.3684082 0
-339.26657 -175.45842 -4.364439 0
-335.20847 -174.41931 -4.3816948 0
-348.39032 -172.71809 -4.3858538 0
-348.82269 -172.36792 -4.3334088 0
-348.69388 -172.33438 -4.3596888 0
-349.63144 -171.90146 -4.317688 0
-346.47598 -171.69672 -4.3550458 0
-347.0426 -171.59979 -4.389122 0
-345.75153 -171.306 -4.343111 0
-345.69562 -171.24971 -4.3339262 0
-348.50659 -171.0303 -4.3282504 0
-348.58832 -170.68811 -4.3127856 0
-348.58334 -170.03758 -4.383605 0
-348.58942 -169.66779 -4.375957 0
-348.57507 -169.04823 -4.3073955 0
-348.29376 -168.70268 -4.3642807 0
-335.41467 -167.32114 -4.3488107 0
-346.30328 -166.92137 -4.3564835 0
-346.23804 -166.59113 -4.3510399 0
-349.34702 -166.41098 -4.3366442 0
-349.23032 -166.47437 -4.3965182 0
-349.19775 -166.42714 -4.3921428 0
-346.21985 -166.47818 -4.3855515 0
-349.34592 -166.37115 -4.3355541 0
-349.3569 -166.15295 -4.3106709 0
-348.96655 -165.68602 -4.3391819 0
-349.55573 -165.51292 -4.3299365 0
-349.35815 -165.46584 -4.3281093 0
-349.78983 -165.22676 -4.3525939 0
-349.2579 -165.20053 -4.3120599 0
-349.40857 -165.105 -4.3034301 0
-349.6684 -165.09015 -4.3058562 0
-346.85611 -164.75945 -4.3622093 0
-346.51761 -164.37256 -4.3608203 0
-346.40671 -164.35875 -4.3995705 0
-340.21341 -163.88625 -4.3365078 0
-340.31027 -163.77911 -4.3780928 0
-339.85162 -163.44962 -4.3658247 0
-340.75668 -163.36882 -4.3545685 0
-340.45456 -163.21753 -4.3223033 0
-340.32977 -163.26407 -4.3822231 0
-339.84845 -163.0013 -4.3516245 0
-340.51193 -162.86794 -4.3759651 0
-339.25595 -161.84653 -4.3408623 0
-340.1637 -160.87444 -4.340848 0
-334.11401 -160.72678 -4.3168006 0
-340.25699 -160.44194 -4.3174391 0
-328.29871 -159.95302 -4.3536921 0
-338.66254 -159.67336 -4.3889093 0
-348.54099 -159.15465 -4.3581438 0
-340.65637 -159.00061 -4.3978481 0
-347.32715 -158.98412 -4.3795028 0
-337.45117 -158.94011 -4.3485518 0
-341.82571 -158.70688 -4.38415 0
-252.82756 -158.32611 -4.3649778 0
-348.56189 -157.82324 -4.3331695 0
-348.56274 -157.76323 -4.3261209 0
-349.99277 -157.4185 -4.3066425 0
-348.50592 -157.38593 -4.3384662 0
-328.33536 -157.34045 -4.3000336 0
-348.603 -157.21909 -4.3116646 0
-348.72916 -157.15631 -4.3370118 0
-348.53403 -157.09435 -4.3829489 0
-348.50885 -156.99852 -4.3233242 0
-348.45801 -156.88628 -4.3691449 0
-348.38065 -156.39426 -4.3311434 0
-341.83167 -156.11259 -4.3831429 0
-349.75308 -155.4165 -4.3254704 0
-342.12589 -155.49037 -4.3600698 0
-341.49551 -155.4025 -4.3147421 0
-327.45929 -155.47847 -4.3838649 0
-342.23688 -155.29283 -4.3504043 0
-341.5361 -155.07994 -4.3909702 0
-341.16391 -154.88565 -4.3239942 0
-339.89828 -154.71526 -4.3331738 0
-349.70551 -154.59996 -4.3618264 0
-339.98193 -154.58792 -4.3652635 0
-340.39914 -154.14401 -4.310812 0
-340.25455 -154.12608 -4.3816633 0
-340.10406 -153.98827 -4.362288 0
-341.75626 -153.86687 -4.3816757 0
-340.20346 -153.40263 -4.37152 0
-340.37228 -153.39539 -4.3880639 0
-340.19397 -153.34419 -4.3246922 0
-340.00162 -153.16638 -4.3894134 0
-339.92957 -153.15181 -4.3793964 0
-257.47754 -153.01109 -4.3238401 0
-339.0072 -152.87476 -4.3113165 0
-341.19907 -152.76726 -4.3276348 0
-340.74823 -152.77696 -4.3621783 0
-341.73721 -152.53299 -4.397893 0
-341.31531 -152.47363 -4.3857369 0
-339.09857 -152.44345 -4.3317785 0
-338.92355 -152.35558 -4.3279452 0
-342.06216 -152.12465 -4.3017311 0
-341.95999 -152.10909 -4.3921905 0
-343.7027 -152.00603 -4.3022962 0
-341.9187 -152.05006 -4.3889613 0
-343.71906 -151.97437 -4.3039808 0
-343.66141 -151.94246 -4.3793015 0
-344.37476 -151.84009 -4.3207488 0
-344.02618 -151.80057 -4.3938894 0
-343.74512 -151.8808 -4.3563232 0
-344.26974 -151.72545 -4.3530159 0
-344.03873 -151.66426 -4.3736548 0
-341.59561 -151.69836 -4.3475633 0
-334.15079 -151.68803 -4.3201175 0
-343.96964 -151.56056 -4.3670802 0
-341.40515 -151.52866 -4.306128 0
-343.88266 -151.45929 -4.3599062 0
-343.64789 -151.42288 -4.3657355 0
-343.55539 -151.38547 -4.3485408 0
-343.63004 -151.28273 -4.3790531 0
-342.02106 -151.24669 -4.3769412 0
-341.25876 -151.26668 -4.3316555 0
-343.63562 -151.18378 -4.3811893 0
-269.66483 -151.14163 -4.3015561 0
-341.03345 -151.05971 -4.3368177 0
-265.19769 -151.02525 -4.3707929 0
-343.66354 -150.97086 -4.3745656 0
-343.6449 -150.85269 -4.3254509 0
-343.97113 -150.66223 -4.3410478 0
-343.8913 -150.69922 -4.3284965 0
-343.40317 -150.60805 -4.3629193 0
-343.26822 -150.40242 -4.385314 0
-341.74759 -150.42014 -4.3093996 0
-343.37704 -150.33241 -4.3923559 0
-343.08734 -150.37407 -4.339088 0
-336.79858 -198.29788 -4.285675 0
-328.49841 -196.09216 -4.2734146 0
-336.444 -195.61368 -4.2917047 0
-339.6283 -195.04439 -4.2976551 0
-339.29706 -194.19922 -4.2809582 0
-348.10815 -191.29486 -4.2035408 0
-348.33954 -191.10077 -4.2594604 0
-336.98776 -190.48335 -4.2008128 0
-344.18881 -190.00772 -4.2257404 0
-343.18661 -189.9277 -4.2165065 0
-343.88113 -189.88148 -4.2248006 0
-343.58432 -189.80975 -4.2221498 0
-340.38422 -189.83707 -4.2846603 0
-348.99683 -189.70628 -4.2684231 0
-347.84912 -189.71039 -4.2164984 0
-349.13602 -189.66994 -4.206727 0
-344.02713 -189.67297 -4.2520733 0
-343.94617 -189.64543 -4.2438941 0
-349.09384 -189.52461 -4.2999306 0
-349.20789 -189.45839 -4.2251816 0
-347.58032 -189.48277 -4.2066383 0
-343.87076 -189.40726 -4.2659378 0
-349.24225 -189.3325 -4.2857943 0
-348.91919 -189.3165 -4.2067289 0
-347.64899 -189.39771 -4.2291355 0
-349.14594 -189.24677 -4.2007828 0
-339.61627 -189.22926 -4.2350092 0
-348.2406 -189.16953 -4.2051558 0
-339.56561 -188.86865 -4.2440462 0
-348.29089 -188.74506 -4.2748837 0
-346.36768 -188.76071 -4.2677145 0
-346.45993 -188.21912 -4.2656054 0
-346.0134 -188.29962 -4.2191992 0
-348.27448 -188.12726 -4.2597513 0
-348.26974 -188.0909 -4.2501245 0
-348.17664 -187.9796 -4.2792463 0
-346.57861 -187.90848 -4.2470088 0
-346.5665 -187.84467 -4.2574344 0
-344.40152 -186.5352 -4.2291455 0
-348.07333 -186.48761 -4.2915316 0
-344.36276 -186.47531 -4.2383132 0
-336.5239 -186.39761 -4.253499 0
-338.99731 -182.6288 -4.2356453 0
-338.79678 -182.49277 -4.2333155 0
-340.02982 -182.37479 -4.2128768 0
-332.43817 -182.03999 -4.2182488 0
-339.10251 -181.95473 -4.2972341 0
-333.12918 -179.0175 -4.223074 0
-338.93399 -175.75793 -4.2653604 0
-339.47733 -175.67403 -4.2180758 0
-339.31281 -175.66608 -4.2543759 0
-339.34024 -175.58823 -4.2623038 0
-339.39691 -175.40317 -4.2564402 0
-339.03671 -175.31761 -4.276825 0
-338.4111 -175.11234 -4.2148132 0
-338.76562 -174.58884 -4.2795296 0
-335.25757 -174.47562 -4.2331557 0
-335.12537 -174.46573 -4.2968125 0
-335.15704 -174.33217 -4.218699 0
-348.87885 -172.5085 -4.2509723 0
-349.66919 -172.41458 -4.294445 0
-349.5459 -172.30362 -4.2705083 0
-349.42957 -172.228 -4.246202 0
-348.43866 -172.20837 -4.2359977 0
-349.73416 -172.08824 -4.2929668 0
-349.7088 -171.97716 -4.2592411 0
-349.47708 -171.90929 -4.2092943 0
-346.2468 -171.83878 -4.2098579 0
-349.6402 -171.75177 -4.2870264 0
-347.03522 -171.64986 -4.2141461 0
-346.73059 -171.64503 -4.2472692 0
-346.26303 -171.67683 -4.2736545 0
-338.01782 -171.40617 -4.2198753 0
-345.59006 -171.20836 -4.2854586 0
-348.6218 -170.75479 -4.2919879 0
-348.60651 -170.45795 -4.2276316 0
-348.64526 -169.74359 -4.2711406 0
-337.76505 -169.33261 -4.2882152 0
-347.41687 -168.97696 -4.2832484 0
-346.24762 -167.0493 -4.2291636 0
-346.32932 -166.90598 -4.2400527 0
-346.29694 -166.90604 -4.2334208 0
-346.27585 -166.79321 -4.2787375 0
-346.24911 -166.50702 -4.2494831 0
-346.15268 -166.44012 -4.2277851 0
-349.57419 -165.55275 -4.2663565 0
-349.59305 -165.44936 -4.2323384 0
-349.79276 -165.31 -4.2285423 0
-349.66403 -165.11699 -4.2115493 0
-349.38797 -164.94765 -4.2881069 0
-346.80316 -164.5802 -4.2266269 0
-346.89505 -164.49329 -4.2052159 0
-349.90195 -164.01125 -4.2448292 0
-340.36334 -163.95407 -4.221776 0
-338.69049 -163.79597 -4.2648702 0
-340.74716 -163.46761 -4.200645 0
-340.86426 -161.87619 -4.2394047 0
-333.90924 -160.57414 -4.2773457 0
-348.69125 -160.36053 -4.2108397 0
-341.10083 -160.0247 -4.2099352 0
-339.66965 -159.80052 -4.2642112 0
-348.23032 -159.24779 -4.2052093 0
-348.66769 -158.91537 -4.2401242 0
-328.94019 -158.99294 -4.2974396 0
-348.62137 -158.89821 -4.2591267 0
-342.13602 -158.83623 -4.2472906 0
-341.6795 -158.73331 -4.2208281 0
-348.68271 -158.67407 -4.2605872 0
-349.22147 -158.52428 -4.2086706 0
-348.70291 -158.50143 -4.216723 0
-347.65836 -158.35545 -4.2299972 0
-341.21854 -158.39868 -4.2789207 0
-339.75681 -158.31348 -4.2240791 0
-347.64944 -158.2227 -4.2358241 0
-342.63846 -158.2448 -4.2753372 0
-340.99326 -158.2646 -4.2214241 0
-342.59995 -158.17099 -4.2816491 0
-254.45319 -157.80672 -4.2912865 0
-253.63019 -157.87537 -4.2030773 0
-339.66217 -157.7617 -4.268158 0
-339.50391 -157.70184 -4.2698035 0
-253.92241 -157.61978 -4.2744813 0
-348.90259 -157.33983 -4.2335443 0
-348.81393 -157.23676 -4.2410293 0
-348.79636 -157.27428 -4.2452927 0
-348.19727 -156.93277 -4.2435765 0
-348.56427 -156.89108 -4.2324696 0
-348.44757 -156.85097 -4.2909999 0
-348.36536 -156.87299 -4.2205448 0
-348.42883 -156.76482 -4.2780256 0
-348.34869 -156.08464 -4.2818403 0
-341.66068 -155.40234 -4.2141633 0
-341.48184 -155.39951 -4.2797728 0
-341.30267 -155.31964 -4.2618861 0
-349.7547 -155.27573 -4.2475796 0
-342.26511 -155.22635 -4.2926011 0
-341.79556 -155.17642 -4.2652512 0
-341.19705 -155.12881 -4.240263 0
-342.43161 -155.05806 -4.2832623 0
-341.39575 -155.06107 -4.2575712 0
-337.62418 -155.08348 -4.2823968 0
-349.92828 -154.93475 -4.2443223 0
-349.85626 -154.82785 -4.2303891 0
-349.94485 -154.70787 -4.2231297 0
-349.84644 -154.62694 -4.2717633 0
-349.55545 -154.60469 -4.2925997 0
-342.17816 -154.67763 -4.2708006 0
-349.76227 -154.57474 -4.2810946 0
-349.58157 -154.59406 -4.276567 0
-342.39099 -154.55269 -4.232111 0
-341.93243 -154.53333 -4.2277389 0
-340.22769 -154.23448 -4.2053876 0
-340.37021 -154.11572 -4.2168818 0
-340.08109 -153.88147 -4.2910304 0
-340.12201 -153.71211 -4.2529278 0
-339.7562 -153.60307 -4.2129445 0
-340.03122 -153.42986 -4.205749 0
-257.78955 -153.23299 -4.2860112 0
-340.16635 -153.10603 -4.2052789 0
-339.59506 -153.12025 -4.2071543 0
-340.20773 -153.05969 -4.2092662 0
-339.2836 -152.66046 -4.2144923 0
-336.3696 -152.64008 -4.236033 0
-341.19681 -152.51343 -4.2433476 0
-341.19498 -152.49559 -4.254878 0
-343.59351 -152.10085 -4.2819281 0
-343.66046 -152.05519 -4.292151 0
-341.93765 -152.05231 -4.2311978 0
-341.82919 -151.90207 -4.2409472 0
-341.13724 -151.98973 -4.2041736 0
-344.27179 -151.80008 -4.223484 0
-344.04291 -151.85088 -4.2692194 0
-340.86035 -151.82265 -4.2033467 0
-344.22464 -151.79248 -4.274662 0
-344.07593 -151.77724 -4.2700362 0
-265.25668 -151.72343 -4.282433 0
-263.87668 -151.72766 -4.2366924 0
-343.75061 -151.6266 -4.2571278 0
-343.19278 -151.53946 -4.217557 0
-334.349 -151.51669 -4.2751603 0
-341.29214 -151.45067 -4.2967701 0
-341.16046 -151.47826 -4.2268105 0
-340.74484 -151.44797 -4.2297816 0
-334.0141 -151.48329 -4.2605891 0
-343.50272 -151.3149 -4.2857938 0
-340.74847 -151.27022 -4.2421904 0
-343.60941 -150.77803 -4.2866039 0
-340.65762 -150.77339 -4.2143292 0
-274.60834 -150.58699 -4.243104 0
-342.95731 -150.35286 -4.2100134 0
-341.48389 -150.37741 -4.2330599 0
-324.28394 -150.35905 -4.2482424 0
-268.7117 -150.02911 -4.2545252 0
-334.26343 -203.07558 -4.1894121 0
-337.36591 -202.55174 -4.1828194 0
-332.51819 -201.72585 -4.1813645 0
-340.46906 -200.96286 -4.1813016 0
-334.38681 -192.96368 -4.1312394 0
-343.15298 -189.98535 -4.164372 0
-348.76138 -189.89891 -4.1930432 0
-343.99393 -189.82698 -4.1911945 0
-349.11862 -189.66829 -4.1681461 0
-349.11646 -189.49011 -4.1730571 0
-339.52878 -189.41077 -4.1618581 0
-349.09644 -189.37158 -4.1044779 0
-339.57309 -189.28955 -4.1869473 0
-349.10461 -188.90224 -4.1258793 0
-346.70813 -188.93895 -4.1093163 0
-348.40091 -188.81918 -4.1392937 0
-348.56094 -188.69965 -4.1245275 0
-346.86874 -188.50279 -4.1379294 0
-346.6796 -188.50165 -4.1403418 0
-339.44238 -188.51067 -4.1433535 0
-346.06894 -188.41351 -4.1372852 0
-346.76495 -188.32152 -4.1720419 0
-348.05048 -188.19766 -4.1321478 0
-346.66223 -188.00031 -4.1117735 0
-348.0571 -187.73615 -4.137856 0
-348.16803 -186.67674 -4.1719184 0
-344.38229 -186.31592 -4.1161604 0
-336.18628 -185.42659 -4.1389704 0
-338.97879 -182.6181 -4.1741838 0
-339.66641 -182.48058 -4.1249471 0
-339.49615 -182.46065 -4.1861925 0
-339.00232 -181.47224 -4.1029296 0
-339.41797 -176.15388 -4.1109529 0
-339.34894 -175.66324 -4.1519728 0
-338.66983 -174.92136 -4.1399603 0
-338.78613 -174.58279 -4.1370897 0
-338.77747 -174.48271 -4.1071544 0
-349.20251 -172.61293 -4.1893487 0
-349.00354 -172.61595 -4.1888151 0
-348.47699 -172.67497 -4.1214175 0
-348.92679 -172.51208 -4.1949091 0
-348.68381 -172.54796 -4.1758709 0
-347.83127 -172.50359 -4.1004291 0
-348.85898 -172.40096 -4.1245475 0
-349.47821 -172.3674 -4.1871266 0
-348.98401 -172.38441 -4.1970992 0
-349.51312 -172.24104 -4.1899819 0
-348.65607 -172.25087 -4.116425 0
-349.49298 -171.75781 -4.1537395 0
-337.7547 -169.35371 -4.1216693 0
-347.45404 -169.06949 -4.1235676 0
-330.35153 -169.06784 -4.1566634 0
-330.36432 -168.9265 -4.1479583 0
-346.26917 -166.63734 -4.1058941 0
-346.28445 -166.52217 -4.118609 0
-349.53732 -166.33151 -4.1574311 0
-349.28189 -166.33456 -4.1134486 0
-349.50854 -166.28908 -4.1806259 0
-337.3287 -166.28847 -4.1622505 0
-349.22983 -166.15269 -4.1948218 0
-333.05319 -165.86722 -4.1525359 0
-332.97174 -165.87199 -4.1314635 0
-349.4678 -165.12111 -4.1085391 0
-347.0592 -164.94962 -4.1105576 0
-346.97247 -164.74207 -4.1367483 0
-347.14999 -164.68022 -4.1452746 0
-346.87183 -164.59064 -4.1680021 0
-346.95734 -164.2838 -4.1122217 0
-346.96738 -164.17482 -4.1160226 0
-340.60236 -163.05653 -4.1760278 0
-340.41714 -162.84941 -4.1077685 0
-339.30719 -162.43851 -4.1215525 0
-340.93628 -161.96156 -4.1605759 0
-340.86426 -161.85826 -4.172925 0
-334.13693 -160.57976 -4.1192827 0
-348.6442 -159.5038 -4.185617 0
-341.14603 -159.59854 -4.1674304 0
-339.60858 -159.4879 -4.1219754 0
-348.54047 -159.3694 -4.1912508 0
-348.46411 -159.21761 -4.1813064 0
-348.58463 -159.16739 -4.1568704 0
-348.68954 -159.03409 -4.1738834 0
-341.82407 -158.82458 -4.1031303 0
-348.92142 -158.66873 -4.1615772 0
-348.70993 -158.60931 -4.1834207 0
-341.34085 -158.68057 -4.1338086 0
-254.1071 -158.59241 -4.1997418 0
-340.8486 -158.46585 -4.1439681 0
-340.54172 -158.25722 -4.1248755 0
-253.28856 -157.98576 -4.1810112 0
-349.50208 -157.72614 -4.1955333 0
-339.72455 -157.77698 -4.160151 0
-349.37863 -157.69968 -4.1697516 0
-339.58954 -157.66618 -4.1481829 0
-349.2052 -157.53665 -4.1153708 0
-349.13336 -157.46165 -4.116744 0
-348.98825 -157.40923 -4.102118 0
-348.94205 -157.2448 -4.1899052 0
-348.55237 -156.95377 -4.1289291 0
-348.39984 -156.93584 -4.1304269 0
-348.29495 -156.86176 -4.1548944 0
-341.28787 -156.84995 -4.1958995 0
-349.15176 -155.68767 -4.1514301 0
-341.29681 -155.20328 -4.1584673 0
-349.57501 -155.13593 -4.184464 0
-349.87079 -155.00882 -4.1143775 0
-342.26498 -155.02017 -4.1903939 0
-342.14709 -155.00752 -4.1306548 0
-342.25537 -154.93077 -4.115253 0
-349.85846 -154.82745 -4.1056452 0
-349.78693 -154.82735 -4.1760964 0
-341.94125 -154.87894 -4.1295452 0
-340.02396 -154.74617 -4.1749368 0
-342.32516 -154.60074 -4.1242347 0
-342.41809 -154.54309 -4.1272488 0
-342.07632 -154.59302 -4.1547065 0
-342.46283 -154.44026 -4.1682076 0
-342.11087 -154.49779 -4.1641078 0
-341.87119 -154.49344 -4.1272054 0
-340.24094 -154.44487 -4.1227446 0
-341.07886 -154.39647 -4.1781216 0
-340.90451 -154.38686 -4.1257501 0
-336.32791 -154.02499 -4.1502366 0
-340.03546 -153.90051 -4.1758032 0
-340.01392 -153.86934 -4.1239266 0
-340.13144 -153.66003 -4.1462846 0
-336.39911 -153.60609 -4.1025252 0
-340.32526 -153.41254 -4.1377606 0
-270.20041 -153.41161 -4.1361265 0
-340.08804 -153.27612 -4.1789179 0
-337.55646 -153.26846 -4.1493464 0
-256.97849 -152.96538 -4.1381049 0
-341.931 -152.50186 -4.1619968 0
-341.84247 -152.5885 -4.1129265 0
-335.18378 -152.50021 -4.1609254 0
-334.8555 -152.52348 -4.1614685 0
-340.57889 -151.87932 -4.1414576 0
-340.83401 -151.79524 -4.1735406 0
-343.29156 -151.68733 -4.1765785 0
-333.95148 -151.61829 -4.1241903 0
-343.23584 -151.57571 -4.1310973 0
-341.90591 -151.5193 -4.1009398 0
-340.27258 -151.57501 -4.1018229 0
-343.34189 -151.46751 -4.1561852 0
-343.26105 -151.44217 -4.124557 0
-343.17584 -151.46973 -4.1964321 0
-333.87546 -151.41914 -4.1133666 0
-343.48441 -151.04707 -4.1120138 0
-341.33228 -151.09879 -4.1678596 0
-268.84857 -150.56721 -4.1567764 0
-265.23755 -150.01118 -4.1843052 0
-326.18011 -205.42375 -4.0605297 0
-340.30392 -203.08401 -4.0982785 0
-325.76898 -202.77 -4.0506225 0
-340.40454 -200.87378 -4.0834723 0
-336.74976 -198.31516 -4.0305505 0
-338.16687 -193.03496 -4.0951905 0
-348.30933 -191.44008 -4.0653815 0
-348.83075 -191.00999 -4.0309248 0
-348.56976 -191.06927 -4.0341539 0
-344.32077 -191.02283 -4.043314 0
-344.21317 -190.9511 -4.045383 0
-326.74942 -190.93408 -4.028276 0
-348.77228 -190.81929 -4.0409927 0
-346.48712 -190.45357 -4.0584621 0
-346.07535 -190.15791 -4.0599151 0
-343.67706 -190.09122 -4.025147 0
-343.45657 -189.92569 -4.0473828 0
-346.14108 -189.83319 -4.0956068 0
-348.92419 -189.57024 -4.0404568 0
-348.41049 -189.52576 -4.0043993 0
-349.09241 -189.48676 -4.0109739 0
-347.03058 -189.47339 -4.0268583 0
-343.37238 -189.47716 -4.0675812 0
-346.69235 -189.30443 -4.0550427 0
-348.62021 -189.13989 -4.0026059 0
-348.52802 -189.0598 -4.0654216 0
-339.47748 -189.01425 -4.0367751 0
-339.43423 -188.95163 -4.0838161 0
-347.10901 -188.76666 -4.0331268 0
-349.06339 -188.68927 -4.0004344 0
-339.15173 -188.62444 -4.0119896 0
-339.26434 -188.45076 -4.0185499 0
-339.53445 -188.38043 -4.0112243 0
-346.38412 -188.27594 -4.0257735 0
-339.1803 -188.10472 -4.009016 0
-348.07971 -187.93848 -4.0171614 0
-347.87885 -186.53122 -4.0803041 0
-336.98026 -185.90738 -4.0256639 0
-337.39478 -185.25688 -4.0335622 0
-340.07074 -182.98326 -4.032588 0
-340.14542 -182.82706 -4.0334024 0
-340.08524 -182.89174 -4.0500374 0
-340.37292 -182.76881 -4.0582824 0
-340.20203 -182.68404 -4.0579891 0
-340.13461 -182.62898 -4.0524426 0
-339.12915 -182.2724 -4.0683193 0
-340.11594 -182.18938 -4.0129848 0
-339.21515 -181.42351 -4.0130382 0
-333.17474 -179.3866 -4.087883 0
-333.27411 -175.73302 -4.0056834 0
-335.2428 -174.60181 -4.0243435 0
-347.80942 -172.72444 -4.0027218 0
-349.22018 -172.54274 -4.0828667 0
-348.51346 -172.56429 -4.018858 0
-347.78992 -172.49623 -4.0314097 0
-348.76562 -172.33733 -4.0749674 0
-348.59979 -172.3475 -4.0144877 0
-349.1554 -172.26038 -4.0490346 0
-349.60324 -171.77443 -4.0779285 0
-349.5708 -171.72343 -4.0624924 0
-349.57736 -171.69904 -4.0825768 0
-346.40817 -171.47238 -4.0960751 0
-348.73709 -169.74078 -4.0591331 0
-348.62427 -169.72153 -4.08535 0
-348.63623 -169.6492 -4.090631 0
-345.88855 -166.90123 -4.0680656 0
-349.4263 -166.79533 -4.0449605 0
-349.41824 -166.57091 -4.0663137 0
-349.32642 -166.49443 -4.0661321 0
-346.42944 -166.45204 -4.061492 0
-346.30615 -166.42719 -4.0098033 0
-349.57898 -166.30867 -4.0814905 0
-349.25241 -166.28978 -4.0515842 0
-337.229 -166.10252 -4.0562501 0
-346.66916 -164.95341 -4.0298452 0
-347.13705 -164.77106 -4.0284982 0
-347.02054 -164.7263 -4.0245981 0
-346.93906 -164.57048 -4.0211253 0
-346.36093 -164.43849 -4.0440946 0
-347.17072 -164.36595 -4.0220838 0
-347.091 -164.38365 -4.084188 0
-346.97995 -164.37294 -4.085813 0
-346.9707 -164.2718 -4.0698171 0
-346.9325 -164.11298 -4.0329499 0
-326.62094 -164.17764 -4.055099 0
-349.94495 -163.40411 -4.001965 0
-346.71393 -163.26784 -4.0373235 0
-340.7243 -163.23688 -4.0663953 0
-347.27512 -163.09975 -4.045742 0
-341.61398 -162.2011 -4.083427 0
-340.27347 -162.29124 -4.0792341 0
-341.61252 -162.06122 -4.0948334 0
-341.53445 -162.02853 -4.0219393 0
-341.38004 -162.01799 -4.074903 0
-341.49765 -161.83354 -4.0503287 0
-340.00253 -161.7579 -4.0231838 0
-340.9205 -161.33 -4.0119743 0
-341.10379 -161.11201 -4.0628452 0
-340.03415 -161.12927 -4.0276694 0
-339.97705 -160.95818 -4.0075936 0
-341.09424 -159.76608 -4.0558529 0
-341.18225 -159.64429 -4.0102463 0
-339.52072 -159.27322 -4.0871162 0
-329.02597 -158.78632 -4.02356 0
-341.64688 -158.61589 -4.0354896 0
-341.52396 -158.52905 -4.0744076 0
-349.44296 -157.81429 -4.0155797 0
-349.6618 -157.71698 -4.0412722 0
-349.35397 -157.65164 -4.0779781 0
-348.7547 -156.97632 -4.0311809 0
-348.5307 -156.96841 -4.0106549 0
-348.44632 -156.88783 -4.0697289 0
-348.37299 -156.81131 -4.0540709 0
-348.55084 -156.72583 -4.0016632 0
-349.80942 -156.24765 -4.0721316 0
-349.78427 -156.16774 -4.027813 0
-349.672 -156.02588 -4.0318446 0
-349.80859 -155.911 -4.0602851 0
-349.71057 -155.44791 -4.0070014 0
-349.52493 -155.16681 -4.0638499 0
-349.44336 -155.12759 -4.037169 0
-349.91476 -155.07292 -4.0529804 0
-349.54379 -155.02504 -4.0020099 0
-349.93622 -154.97098 -4.0554705 0
-349.79529 -154.90405 -4.0359821 0
-349.66772 -154.95348 -4.0130906 0
-342.07809 -154.82072 -4.0933614 0
-341.64542 -154.82964 -4.0185094 0
-349.92465 -154.70718 -4.0771561 0
-333.11615 -154.77924 -4.0648808 0
-342.05524 -154.52599 -4.0773964 0
-339.23615 -154.51309 -4.0355768 0
-341.19836 -154.32816 -4.0889158 0
-340.95752 -154.36935 -4.0978603 0
-340.45297 -154.17546 -4.0975389 0
-336.8291 -154.10208 -4.0388741 0
-336.22769 -154.0071 -4.0168109 0
-336.69077 -153.95309 -4.0193043 0
-336.25711 -153.92616 -4.0170689 0
-340.16257 -153.81462 -4.068912 0
-336.50977 -153.88455 -4.0876508 0
-335.8493 -153.85333 -4.0807571 0
-339.67728 -153.61247 -4.0331779 0
-336.81537 -153.53392 -4.0572238 0
-336.67786 -153.50432 -4.0490303 0
-336.56775 -153.57503 -4.0799389 0
-336.03302 -153.51414 -4.0075202 0
-337.61359 -153.27405 -4.0881028 0
-336.01184 -152.90729 -4.0828052 0
-342.11429 -152.51505 -4.0481386 0
-341.92972 -152.44327 -4.0672851 0
-341.84363 -152.41322 -4.078084 0
-341.85599 -152.31598 -4.0364575 0
-341.16003 -152.39456 -4.0308652 0
-343.28964 -151.75111 -4.0324917 0
-341.90369 -151.79243 -4.0365982 0
-328.73514 -151.70378 -4.0002661 0
-341.47354 -151.62201 -4.0270591 0
-334.15109 -151.6308 -4.0141096 0
-343.34955 -151.55363 -4.0982423 0
-343.19211 -151.59927 -4.0635052 0
-343.02853 -151.53014 -4.0913482 0
-343.23816 -151.31502 -4.0301723 0
-335.90979 -151.31219 -4.0150142 0
-343.39682 -151.13954 -4.0550556 0
-343.51852 -151.019 -4.0065136 0
-343.45172 -151.07785 -4.0837359 0
-340.66168 -151.05446 -4.0464025 0
-343.20789 -150.71179 -4.0400553 0
-343.13089 -150.66164 -4.065465 0
-260.9422 -150.01561 -4.0815454 0
-334.18445 -203.19325 -3.9721293 0
-334.18411 -203.0499 -3.9189625 0
-334.18231 -202.96973 -3.959897 0
-348.39572 -191.31108 -3.9070237 0
-348.55734 -191.1382 -3.9189584 0
-348.77625 -190.90063 -3.9865787 0
-324.06955 -190.93033 -3.9827819 0
-348.66766 -190.87964 -3.97751 0
-348.72339 -190.76031 -3.9782066 0
-348.67184 -190.79932 -3.9815137 0
-348.54681 -190.71877 -3.9586518 0
-348.66684 -190.69496 -3.9794977 0
-347.74673 -190.53053 -3.9670269 0
-336.85428 -190.30751 -3.9442279 0
-340.11639 -190.12596 -3.9355724 0
-340.12042 -190.02156 -3.9365196 0
-343.66733 -189.85371 -3.9587834 0
-343.55402 -189.74321 -3.989224 0
-339.53867 -189.74486 -3.9124837 0
-349.0343 -189.61316 -3.9132748 0
-339.87515 -189.6891 -3.981636 0
-349.13208 -189.48071 -3.9961503 0
-349.09033 -189.45749 -3.9009304 0
-339.44293 -189.31679 -3.9556868 0
-348.72827 -189.23053 -3.9877739 0
-346.31931 -189.22804 -3.9883583 0
-349.21768 -188.93077 -3.9879894 0
-349.17709 -188.88188 -3.992655 0
-349.20712 -188.7803 -3.9440331 0
-347.41757 -188.77673 -3.9549744 0
-346.91388 -188.64037 -3.9653659 0
-346.28668 -188.46829 -3.9692011 0
-346.14233 -188.4265 -3.9401093 0
-339.17233 -188.47208 -3.9310992 0
-348.08209 -188.21216 -3.9229612 0
-339.74881 -188.20282 -3.9143863 0
-339.04752 -188.22527 -3.970439 0
-336.57016 -188.12675 -3.9672382 0
-348.20236 -188.01561 -3.9525034 0
-348.06158 -187.93828 -3.9269767 0
-336.40265 -187.9416 -3.9239206 0
-347.71793 -187.17081 -3.9763987 0
-344.41391 -186.75529 -3.9309754 0
-344.54434 -186.52998 -3.9370213 0
-347.50058 -186.44507 -3.9632359 0
-344.16739 -186.42409 -3.9618654 0
-344.32227 -186.34718 -3.9792349 0
-337.05765 -185.94614 -3.9780328 0
-336.71133 -185.93199 -3.9219403 0
-337.41238 -185.30539 -3.9676442 0
-337.38126 -185.22011 -3.9713542 0
-340.26926 -183.00146 -3.9638283 0
-340.30316 -182.90961 -3.9820416 0
-340.30746 -182.82861 -3.9947464 0
-339.09216 -181.28096 -3.9781644 0
-336.83328 -179.14555 -3.9252944 0
-333.1279 -175.70691 -3.9101131 0
-339.22409 -175.33572 -3.9277613 0
-348.04532 -172.40102 -3.9084656 0
-348.3175 -172.28612 -3.9204938 0
-348.27951 -172.23868 -3.9189258 0
-349.70758 -172.02435 -3.9214787 0
-349.54199 -172.054 -3.9485269 0
-349.65869 -171.91614 -3.9623868 0
-349.50348 -171.95589 -3.9078314 0
-349.64771 -171.87688 -3.9256384 0
-349.87628 -171.76295 -3.9371982 0
-349.90024 -171.6107 -3.9007905 0
-346.30661 -166.83801 -3.942229 0
-345.89841 -166.65614 -3.9095225 0
-346.22574 -166.40457 -3.987711 0
-349.13126 -166.21223 -3.9900689 0
-347.19342 -164.60258 -3.9418209 0
-347.11642 -164.55589 -3.9669371 0
-347.09344 -164.57581 -3.9276116 0
-347.33569 -164.47159 -3.9011674 0
-347.08856 -164.41988 -3.9767647 0
-346.79553 -164.43248 -3.9604826 0
-347.00262 -164.35008 -3.9068944 0
-346.93378 -164.39014 -3.9257689 0
-346.61816 -164.38928 -3.9090867 0
-346.38998 -164.36998 -3.9475949 0
-339.70053 -164.36211 -3.9800758 0
-346.41644 -164.25046 -3.9801104 0
-349.91443 -163.56976 -3.977057 0
-339.89996 -163.52667 -3.92488 0
-340.25491 -163.40611 -3.9293487 0
-349.96918 -163.20895 -3.9244416 0
-340.76447 -162.85486 -3.9044831 0
-339.56229 -161.68121 -3.9792354 0
-340.11703 -160.25563 -3.9659462 0
-332.11191 -159.97171 -3.9127069 0
-252.5139 -159.71049 -3.9667118 0
-252.06967 -159.63876 -3.9427974 0
-251.71146 -159.50319 -3.9236412 0
-341.19717 -159.26503 -3.902667 0
-339.53198 -159.25793 -3.9904635 0
-337.45197 -159.15938 -3.9845586 0
-337.48904 -159.07553 -3.9781516 0
-340.6293 -158.44363 -3.9246366 0
-340.52924 -158.21112 -3.9691443 0
-349.87729 -158.10321 -3.9938378 0
-340.26239 -158.1582 -3.9414487 0
-340.33377 -158.05772 -3.9422135 0
-340.25168 -158.06926 -3.9523463 0
-349.69458 -157.96506 -3.9273136 0
-348.51154 -157.08925 -3.9322848 0
-348.49088 -157.03383 -3.9974186 0
-348.37933 -157.09653 -3.9801676 0
-342.33044 -157.05368 -3.9436731 0
-348.38477 -156.87804 -3.9928555 0
-328.44312 -156.80104 -3.9998827 0
-349.86871 -156.15529 -3.9513562 0
-349.72189 -156.097 -3.9574797 0
-349.53247 -155.92393 -3.9290226 0
-349.53943 -155.51373 -3.9170809 0
-349.72473 -155.44775 -3.9641466 0
-349.80569 -155.34485 -3.9993682 0
-337.47556 -155.20024 -3.9659982 0
-349.9162 -155.01791 -3.9175737 0
-342.11557 -155.02866 -3.9728179 0
-341.4754 -155.07666 -3.987869 0
-341.30042 -155.07465 -3.9939866 0
-341.13712 -155.09225 -3.9794714 0
-349.9451 -154.92967 -3.9443669 0
-349.4343 -154.97232 -3.9969656 0
-341.62198 -154.95468 -3.9155693 0
-340.90805 -154.95413 -3.9705372 0
-339.37357 -154.91261 -3.9147327 0
-339.03662 -154.91875 -3.962317 0
-349.91336 -154.84955 -3.9534233 0
-349.84558 -154.84886 -3.9488096 0
-342.01819 -154.89404 -3.9838054 0
-341.08304 -154.85886 -3.9592333 0
-341.56479 -154.52364 -3.9821868 0
-341.76645 -154.49115 -3.9270968 0
-336.59369 -154.15918 -3.9984303 0
-336.77365 -154.00475 -3.9530885 0
-340.14914 -153.83238 -3.9984794 0
-336.7085 -153.80138 -3.9752245 0
-258.77588 -153.05545 -3.9914622 0
-342.06442 -152.56129 -3.9598291 0
-335.25928 -152.54166 -3.9245188 0
-341.91055 -152.38347 -3.9919758 0
-342.01761 -152.26239 -3.9279468 0
-341.88284 -152.22449 -3.9842443 0
-341.91296 -151.93036 -3.9046464 0
-342.07941 -151.80989 -3.9153585 0
-340.3887 -151.82091 -3.9848049 0
-341.31711 -151.70735 -3.9860327 0
-341.98816 -151.55815 -3.9832342 0
-267.61212 -151.5759 -3.9923737 0
-343.00494 -151.43332 -3.9081967 0
-342.90005 -151.44037 -3.9760625 0
-342.7655 -151.40112 -3.934689 0
-341.43271 -151.41106 -3.9036014 0
-343.55948 -151.32187 -3.9147 0
-340.45706 -151.24831 -3.9887466 0
-263.78931 -150.81865 -3.9002628 0
-342.24994 -150.49541 -3.9847226 0
-342.71063 -150.3775 -3.9746482 0
-341.82269 -150.35564 -3.9323945 0
-341.82242 -150.28459 -3.9264634 0
-323.06464 -228.56134 -3.8326883 0
-340.27518 -202.87605 -3.8840292 0
-341.53729 -202.795 -3.8078682 0
-335.47107 -202.15228 -3.8554156 0
-336.43802 -195.59062 -3.8697898 0
-345.6965 -192.2025 -3.8380203 0
-348.69244 -191.21629 -3.814311 0
-348.43594 -191.22154 -3.8573732 0
-348.86328 -191.1246 -3.8339386 0
-348.53958 -191.07053 -3.8209751 0
-344.22601 -191.03647 -3.8652282 0
-340.08896 -190.27232 -3.8397908 0
-340.12173 -190.16629 -3.8598926 0
-340.02765 -190.11971 -3.863234 0
-347.28574 -189.7374 -3.842279 0
-343.81516 -189.77063 -3.8767109 0
-343.59457 -189.53395 -3.8513875 0
-343.55341 -189.45174 -3.861393 0
-339.49152 -189.39392 -3.839252 0
-349.15457 -189.13673 -3.8733287 0
-348.97003 -189.14297 -3.8475633 0
-339.56573 -189.18123 -3.8092039 0
-339.42538 -189.13943 -3.853533 0
-349.13046 -188.821 -3.8914959 0
-349.0062 -188.85684 -3.8339014 0
-339.33643 -188.7375 -3.892061 0
-339.31525 -188.62544 -3.8466191 0
-349.16342 -188.55873 -3.8606632 0
-346.95483 -188.51607 -3.8598557 0
-339.65298 -188.31488 -3.8724945 0
-348.00854 -188.17142 -3.8162477 0
-339.77945 -188.13042 -3.8068447 0
-347.69806 -187.88602 -3.8095596 0
-347.67181 -187.05565 -3.8427234 0
-347.49741 -186.88882 -3.8600574 0
-336.6604 -186.44232 -3.8370912 0
-344.37656 -186.3364 -3.8338077 0
-336.58771 -186.37253 -3.8732874 0
-336.80661 -186.26527 -3.8872466 0
-327.33475 -185.21057 -3.8547871 0
-339.12659 -183.07826 -3.8639164 0
-339.15649 -182.37076 -3.846772 0
-339.07562 -182.32306 -3.8433743 0
-332.52048 -182.20714 -3.8764379 0
-332.49429 -182.13054 -3.8762374 0
-336.91345 -179.0984 -3.8034317 0
-327.7868 -178.94962 -3.8220751 0
-339.07852 -175.97543 -3.848443 0
-339.271 -175.78828 -3.8944488 0
-333.26981 -175.72479 -3.883884 0
-339.02441 -175.6543 -3.8368306 0
-339.18149 -175.03769 -3.8882134 0
-349.24023 -172.41229 -3.8421643 0
-348.0325 -172.29317 -3.8484235 0
-349.0882 -172.15456 -3.8740208 0
-348.05026 -172.16275 -3.8529792 0
-349.71652 -171.80692 -3.8418794 0
-349.62994 -171.83104 -3.8983784 0
-349.85947 -171.71191 -3.8990142 0
-349.76935 -171.61647 -3.8335738 0
-349.3136 -171.69835 -3.8974552 0
-337.71829 -169.43324 -3.8636403 0
-337.68875 -169.28429 -3.8376391 0
-330.26007 -169.22461 -3.8452117 0
-347.70959 -169.13138 -3.8714037 0
-347.44656 -169.03366 -3.8439853 0
-335.31973 -167.43846 -3.8160851 0
-349.91425 -167.21785 -3.8740387 0
-346.57758 -167.01401 -3.8366544 0
-346.33145 -166.8349 -3.8021603 0
-346.38715 -166.79163 -3.8115749 0
-346.02945 -166.78444 -3.8206315 0
-349.25888 -166.55128 -3.8718874 0
-346.21692 -166.5153 -3.8110688 0
-346.25885 -166.41815 -3.8349009 0
-349.24771 -166.34433 -3.8011227 0
-337.43228 -166.39748 -3.8597388 0
-349.15964 -166.25545 -3.8179314 0
-347.26089 -164.74835 -3.8998137 0
-349.81509 -164.57634 -3.8459947 0
-347.29935 -164.56941 -3.833148 0
-347.25174 -164.3246 -3.840435 0
-346.37332 -164.3252 -3.8872721 0
-346.28366 -164.36685 -3.8830049 0
-347.27646 -164.24455 -3.8992698 0
-347.16684 -164.25778 -3.8869431 0
-346.96994 -164.23497 -3.8614254 0
-346.66772 -164.24876 -3.8944333 0
-346.336 -164.23128 -3.829232 0
-339.97516 -164.15274 -3.8398359 0
-339.7059 -164.17044 -3.8889151 0
-339.97842 -164.08913 -3.812789 0
-339.88583 -163.9523 -3.8040843 0
-347.18066 -163.41081 -3.8626893 0
-340.56628 -163.14308 -3.8493447 0
-341.53012 -162.10744 -3.8188784 0
-341.45966 -162.06107 -3.8605595 0
-341.45163 -161.98108 -3.8861878 0
-341.02081 -161.82764 -3.8484178 0
-341.47113 -161.29492 -3.8522596 0
-340.95523 -160.30536 -3.8483217 0
-251.31828 -160.23151 -3.8507631 0
-341.2262 -159.34682 -3.8678274 0
-337.44125 -158.92725 -3.8041196 0
-259.47318 -158.3364 -3.8079741 0
-349.84497 -158.02876 -3.8247788 0
-349.71689 -157.77065 -3.8824756 0
-349.59827 -157.7502 -3.8893545 0
-253.36908 -157.71066 -3.8861067 0
-253.27579 -157.79723 -3.8713729 0
-339.5881 -157.60829 -3.8647346 0
-339.47733 -157.6044 -3.8258688 0
-348.54941 -157.21297 -3.8091583 0
-348.61469 -157.1489 -3.8347721 0
-348.73752 -157.05746 -3.8081474 0
-343.01868 -157.01442 -3.8168213 0
-342.10938 -157.04291 -3.8976583 0
-348.55173 -156.93388 -3.8390007 0
-348.64633 -156.87033 -3.8072608 0
-348.47269 -156.81116 -3.8594556 0
-348.3118 -156.86737 -3.8393955 0
-348.73383 -156.69867 -3.8338499 0
-349.80841 -156.11993 -3.8717637 0
-349.77948 -156.10725 -3.8974292 0
-341.49222 -155.18822 -3.8317678 0
-349.8255 -154.94994 -3.8084602 0
-349.84445 -154.83034 -3.8294861 0
-339.71173 -154.79956 -3.8111241 0
-341.64893 -154.45775 -3.892287 0
-340.63623 -154.19417 -3.8376853 0
-339.66608 -153.63245 -3.8985209 0
-339.71646 -153.47568 -3.8837075 0
-339.67093 -153.44743 -3.8268204 0
-337.61594 -153.30682 -3.8570926 0
-337.49841 -153.22385 -3.873667 0
-264.5181 -153.2523 -3.8164978 0
-341.82355 -152.68115 -3.8302836 0
-341.99689 -152.59642 -3.8784506 0
-341.89532 -152.51611 -3.8916869 0
-341.91397 -152.464 -3.8729899 0
-336.00372 -152.34439 -3.8701348 0
-341.81686 -151.96199 -3.8129218 0
-341.7912 -151.96898 -3.8103921 0
-341.77307 -151.88277 -3.8732119 0
-324.31705 -151.76544 -3.8795342 0
-342.91095 -151.66454 -3.8042274 0
-342.71054 -151.50275 -3.822083 0
-333.97559 -151.58368 -3.8582969 0
-343.40817 -151.30055 -3.8382607 0
-343.04361 -151.35115 -3.8889813 0
-270.19531 -151.35014 -3.854773 0
-264.61417 -151.35387 -3.8417895 0
-335.77673 -151.25342 -3.8117492 0
-341.46429 -151.11353 -3.8366663 0
-340.88248 -151.19252 -3.8115699 0
-271.99954 -150.87172 -3.8893013 0
-324.4277 -150.60918 -3.8545768 0
-264.42456 -150.66536 -3.8047416 0
-341.85809 -150.46519 -3.8753617 0
-342.54037 -150.31677 -3.8835945 0
-264.96561 -150.09256 -3.8659089 0
-325.81012 -208.57674 -3.7466049 0
-335.40256 -202.10606 -3.7814877 0
-332.54456 -201.84981 -3.7497668 0
-336.68466 -198.24759 -3.7777674 0
-340.15778 -193.61543 -3.7332363 0
-340.9491 -193.43578 -3.7086401 0
-347.8808 -190.68201 -3.7248957 0
-347.92743 -190.44769 -3.7567775 0
-347.84546 -190.1951 -3.7784965 0
-339.93011 -190.1109 -3.7883344 0
-340.08615 -190.08734 -3.7722106 0
-339.91641 -189.94627 -3.7988226 0
-339.20618 -189.96385 -3.7109869 0
-339.04184 -189.80383 -3.7046585 0
-343.19156 -189.53059 -3.7362049 0
-349.03568 -189.33961 -3.7149043 0
-343.38629 -189.33116 -3.7503994 0
-346.30038 -188.29828 -3.7125635 0
-348.07822 -188.0975 -3.781702 0
-347.80655 -187.82155 -3.7991147 0
-347.60547 -187.82324 -3.7293119 0
-347.89078 -187.75562 -3.7662492 0
-347.67322 -187.61684 -3.7783785 0
-347.54175 -186.74806 -3.7668941 0
-336.91589 -186.2244 -3.7233438 0
-336.80325 -185.96126 -3.7197127 0
-336.77701 -185.74579 -3.7315247 0
-336.6792 -185.71254 -3.717427 0
-337.29767 -185.43034 -3.7191477 0
-337.349 -185.18083 -3.7731879 0
-339.62292 -182.95279 -3.7825315 0
-339.42792 -182.75262 -3.7139444 0
-338.86029 -181.64636 -3.7771552 0
-336.9072 -179.18323 -3.723911 0
-336.86053 -179.09227 -3.7142565 0
-336.87585 -178.94666 -3.742784 0
-338.72449 -175.95604 -3.7334261 0
-338.86005 -175.09952 -3.7170842 0
-338.75015 -174.95297 -3.7960441 0
-335.2077 -174.67944 -3.7634323 0
-335.19788 -174.51427 -3.7276206 0
-335.02997 -174.48099 -3.7416611 0
-349.15164 -172.62547 -3.7430403 0
-349.04135 -172.32889 -3.7846017 0
-349.0654 -172.09811 -3.7701056 0
-349.70419 -171.60493 -3.7715402 0
-349.04199 -171.64893 -3.723227 0
-348.67737 -169.6127 -3.7376165 0
-347.76422 -169.43259 -3.784801 0
-347.77277 -169.38126 -3.7862186 0
-347.69275 -169.12111 -3.79493 0
-347.43365 -169.05225 -3.7489526 0
-349.30106 -166.30138 -3.748544 0
-349.25284 -166.23555 -3.7563281 0
-347.10367 -164.54303 -3.7777543 0
-347.01776 -164.50449 -3.7539546 0
-347.27344 -164.46233 -3.7860532 0
-347.21487 -164.31828 -3.7719285 0
-347.0752 -164.3642 -3.7663002 0
-347.25381 -164.28862 -3.7644913 0
-339.97354 -164.15622 -3.7853928 0
-339.95654 -163.79979 -3.7517605 0
-341.54657 -162.0356 -3.7890043 0
-341.35455 -161.93575 -3.7829988 0
-341.02997 -161.83624 -3.7096114 0
-340.98111 -161.74034 -3.7153401 0
-340.0249 -160.21748 -3.7071788 0
-339.60071 -159.22638 -3.7468641 0
-340.46161 -158.75528 -3.7627208 0
-255.284 -157.68813 -3.757122 0
-348.74701 -157.35382 -3.7510731 0
-348.69174 -157.26436 -3.7801156 0
-348.70724 -157.18027 -3.7212083 0
-348.52643 -157.04324 -3.7186558 0
-341.92249 -157.02655 -3.7428849 0
-348.47174 -156.86023 -3.752666 0
-348.38406 -156.86842 -3.7987785 0
-349.25742 -156.29744 -3.7717004 0
-349.83685 -156.19044 -3.7789264 0
-349.41782 -156.11884 -3.7243862 0
-349.85596 -156.00777 -3.730274 0
-349.53333 -155.87187 -3.7511487 0
-349.43381 -155.77708 -3.7793541 0
-327.40305 -155.78751 -3.7374394 0
-328.6514 -154.98241 -3.704324 0
-328.43555 -154.91353 -3.7924428 0
-328.16779 -154.37163 -3.763808 0
-340.1705 -154.09296 -3.7576556 0
-270.24588 -154.0117 -3.7855313 0
-335.57007 -153.60977 -3.7305899 0
-339.69327 -153.57797 -3.7811255 0
-339.75256 -153.46497 -3.7128022 0
-341.61044 -153.37964 -3.7072968 0
-341.3273 -153.31689 -3.7114363 0
-340.16678 -153.34393 -3.7485242 0
-340.28827 -153.03928 -3.7913568 0
-340.02713 -153.03047 -3.7291121 0
-339.76062 -152.74873 -3.7037151 0
-336.06 -152.72638 -3.7122657 0
-336.08865 -152.62273 -3.7538304 0
-312.28668 -152.30064 -3.7237852 0
-341.58109 -152.23766 -3.7767665 0
-341.55801 -152.1534 -3.7933269 0
-342.99762 -151.57951 -3.7518752 0
-342.84415 -151.52753 -3.7318666 0
-342.9118 -151.43164 -3.7678275 0
-341.38492 -151.39272 -3.7401376 0
-343.43045 -151.22304 -3.72685 0
-343.83017 -151.18051 -3.737946 0
-343.32819 -151.17261 -3.7940457 0
-341.45425 -151.13458 -3.744868 0
-327.20547 -151.11354 -3.761605 0
-344.05038 -150.83076 -3.7015092 0
-257.92041 -150.70016 -3.7237875 0
-342.41669 -150.41885 -3.7868218 0
-342.25208 -150.36607 -3.7485015 0
-343.66122 -150.23965 -3.790158 0
-343.59845 -150.28758 -3.7160134 0
-331.38089 -208.08394 -3.6986656 0
-326.15726 -205.43517 -3.6485941 0
-341.44034 -202.58813 -3.6381435 0
-340.36465 -200.3559 -3.6290598 0
-340.46112 -200.23668 -3.6258471 0
-332.55069 -199.72362 -3.6612957 0
-332.96317 -197.81636 -3.6855273 0
-348.64804 -191.07722 -3.6915936 0
-348.16806 -190.90321 -3.656383 0
-326.78604 -190.93803 -3.6918941 0
-348.03308 -190.60121 -3.6236851 0
-325.29184 -189.7601 -3.6484277 0
-342.86716 -189.50797 -3.6203732 0
-343.42929 -189.44945 -3.6882215 0
-346.05511 -188.21486 -3.6430748 0
-339.80963 -188.09425 -3.6958897 0
-347.81006 -187.79407 -3.6962278 0
-347.62598 -187.76862 -3.6277127 0
-344.34433 -186.73004 -3.6822689 0
-344.27042 -186.36963 -3.6701345 0
-337.37976 -185.23666 -3.6296794 0
-337.38425 -185.18857 -3.630698 0
-339.67996 -183.11192 -3.6692929 0
-339.25549 -182.73267 -3.6084476 0
-338.57184 -182.23146 -3.6003213 0
-338.78235 -181.61729 -3.6818871 0
-336.91266 -179.16953 -3.6249964 0
-338.89511 -175.442 -3.6941495 0
-338.81476 -175.11043 -3.6208463 0
-338.77011 -175.15494 -3.6236553 0
-335.16266 -174.57387 -3.6360886 0
-349.36102 -172.23402 -3.6258957 0
-348.67661 -172.20657 -3.6262653 0
-346.20911 -171.72186 -3.6105208 0
-346.62973 -171.43365 -3.6747949 0
-346.58331 -171.40202 -3.6139271 0
-348.91833 -171.3264 -3.6262798 0
-346.56854 -171.38263 -3.6614952 0
-348.87497 -171.22798 -3.6212201 0
-346.25433 -171.20961 -3.6577854 0
-348.6926 -169.81148 -3.6017203 0
-341.06512 -169.46852 -3.6083062 0
-337.77316 -169.48921 -3.6368639 0
-330.31213 -169.03238 -3.6887958 0
-346.18942 -166.89284 -3.6590266 0
-349.89694 -166.77689 -3.6591909 0
-349.39066 -166.61583 -3.6192214 0
-349.6535 -166.52893 -3.6292474 0
-349.47537 -166.57706 -3.6309488 0
-349.25638 -166.38176 -3.6418412 0
-346.10373 -166.36327 -3.6317334 0
-349.32901 -166.26291 -3.6139705 0
-337.41388 -166.26482 -3.6202126 0
-337.29257 -166.17465 -3.6171103 0
-349.52618 -165.12228 -3.6079257 0
-339.4599 -164.61073 -3.6544626 0
-347.21558 -164.55833 -3.6344459 0
-347.17773 -164.37956 -3.6194022 0
-346.67905 -164.31792 -3.6794136 0
-346.68161 -164.24974 -3.6811714 0
-345.68188 -162.98138 -3.693259 0
-340.87958 -161.82622 -3.6588445 0
-340.87637 -161.67873 -3.6238127 0
-340.3735 -160.13994 -3.6183672 0
-252.34685 -160.00142 -3.6136293 0
-252.10402 -159.48024 -3.6170774 0
-258.47568 -159.29761 -3.6841807 0
-340.05499 -158.85396 -3.617198 0
-340.46024 -157.75963 -3.6154475 0
-349.27521 -157.68277 -3.649004 0
-339.63879 -157.64287 -3.6997919 0
-348.91495 -157.45906 -3.6815319 0
-348.87354 -157.48769 -3.6101842 0
-343.10202 -157.45181 -3.6148393 0
-348.85754 -157.36607 -3.6382926 0
-342.72342 -157.38683 -3.6842542 0
-348.62149 -157.13354 -3.6998746 0
-254.18475 -157.15948 -3.6493382 0
-348.4108 -157.03836 -3.6063497 0
-348.35361 -156.97801 -3.6297898 0
-348.41766 -156.85678 -3.6780233 0
-349.61475 -156.08997 -3.6943517 0
-341.31219 -154.95058 -3.6829014 0
-328.5921 -154.86363 -3.6864104 0
-341.07678 -154.79738 -3.6892412 0
-333.18008 -154.78392 -3.6918747 0
-339.93674 -154.62601 -3.616029 0
-340.41727 -154.15733 -3.6144364 0
-340.49701 -153.71536 -3.6653638 0
-335.22433 -153.70918 -3.6904626 0
-335.55563 -153.4144 -3.6555884 0
-333.04974 -152.93867 -3.6643708 0
-336.09097 -152.8053 -3.6681786 0
-336.21741 -152.73654 -3.6128948 0
-336.07242 -152.79329 -3.6313376 0
-335.08081 -152.63095 -3.66522 0
-341.4747 -152.23305 -3.6187181 0
-341.27728 -152.12999 -3.6043334 0
-341.77228 -151.89775 -3.6976826 0
-333.92929 -151.78665 -3.6106052 0
-334.00211 -151.63934 -3.6591508 0
-333.94876 -151.52837 -3.699729 0
-264.07483 -151.55142 -3.6644366 0
-341.21323 -151.36317 -3.6706564 0
-343.9093 -151.21944 -3.6645837 0
-343.84338 -151.24284 -3.625772 0
-343.34592 -151.23112 -3.6973472 0
-341.68466 -151.26726 -3.6455855 0
-341.4689 -151.2171 -3.6819713 0
-341.13892 -151.24985 -3.6795592 0
-343.78818 -151.13286 -3.6295493 0
-343.58832 -151.12244 -3.6876853 0
-344.36343 -151.00955 -3.6856651 0
-343.80627 -151.04582 -3.6297951 0
-341.44214 -151.05597 -3.6500273 0
-342.66479 -150.82535 -3.6438923 0
-264.51208 -150.62865 -3.6162262 0
-342.49887 -150.30133 -3.6784618 0
-342.37881 -150.35945 -3.605433 0
-343.55066 -150.17912 -3.6928072 0
-265.5141 -150.15125 -3.6758034 0
-333.45117 -209.23253 -3.5172951 0
-341.44254 -203.0536 -3.5209355 0
-341.6745 -202.67863 -3.5024345 0
-341.50601 -202.63297 -3.5817323 0
-340.61755 -200.10954 -3.5343537 0
-340.19647 -200.00214 -3.5930114 0
-332.57596 -199.64909 -3.5283279 0
-326.31686 -193.19812 -3.5267847 0
-348.06213 -190.74519 -3.5995011 0
-348.01294 -190.57214 -3.5592961 0
-340.14264 -190.52071 -3.5705519 0
-348.0249 -190.29373 -3.5152268 0
-347.93671 -190.16917 -3.5229535 0
-347.87146 -190.07083 -3.5202498 0
-347.87646 -189.96567 -3.5173156 0
-343.0816 -189.55447 -3.5122368 0
-339.18188 -189.30104 -3.5804138 0
-339.3826 -189.27374 -3.5963693 0
-339.28629 -188.90823 -3.5792665 0
-346.20023 -188.27562 -3.5163908 0
-347.62457 -188.01849 -3.5129387 0
-344.32355 -186.4968 -3.5255907 0
-344.34576 -186.39938 -3.5718632 0
-337.32776 -185.0265 -3.5970731 0
-338.72037 -182.19308 -3.5450947 0
-339.448 -181.66306 -3.5582061 0
-339.02893 -175.33269 -3.5803854 0
-338.96616 -175.33098 -3.5235157 0
-338.93555 -175.15364 -3.5693302 0
-335.20471 -174.73431 -3.5990577 0
-349.43854 -172.37535 -3.5092874 0
-349.1828 -172.33882 -3.5931528 0
-348.56595 -172.24149 -3.5727327 0
-349.44131 -172.12674 -3.5850916 0
-348.52011 -171.6954 -3.5415781 0
-348.95917 -171.43507 -3.569777 0
-348.89569 -171.44907 -3.5982821 0
-336.41125 -171.48395 -3.5473187 0
-348.91901 -171.37244 -3.5677159 0
-346.51343 -171.09357 -3.5183063 0
-345.72049 -170.78748 -3.5250385 0
-340.65259 -169.6179 -3.5090733 0
-340.93411 -169.54933 -3.5552568 0
-349.91904 -169.39224 -3.5270836 0
-347.4184 -169.13486 -3.5668092 0
-347.29111 -169.18404 -3.518013 0
-347.79105 -168.73921 -3.5673437 0
-347.7699 -168.61859 -3.5961046 0
-344.71255 -168.39381 -3.5417809 0
-346.97794 -168.25742 -3.5225844 0
-346.28726 -166.96919 -3.5177038 0
-345.86349 -166.94708 -3.5907273 0
-349.67535 -166.51784 -3.5203664 0
-346.10825 -166.4429 -3.5880859 0
-349.42639 -166.39946 -3.5097933 0
-349.32059 -166.34731 -3.5106456 0
-337.48233 -166.33659 -3.5600433 0
-349.38834 -165.42967 -3.5044847 0
-349.44077 -165.27527 -3.5436134 0
-346.22736 -164.70949 -3.5322313 0
-347.1174 -164.55183 -3.5945494 0
-346.62759 -164.41071 -3.5825698 0
-346.9299 -164.3493 -3.5384748 0
-346.55771 -164.3302 -3.5912969 0
-339.99088 -164.32549 -3.5108755 0
-346.9574 -164.29854 -3.5009613 0
-333.30197 -163.51903 -3.5193594 0
-339.94415 -163.45137 -3.5018444 0
-345.9006 -163.35393 -3.5443931 0
-340.1041 -163.34166 -3.5304692 0
-340.28812 -163.00037 -3.5745842 0
-341.58597 -162.03931 -3.5660782 0
-341.21475 -162.02989 -3.5300989 0
-340.97653 -161.93016 -3.5772796 0
-339.46109 -161.94914 -3.5886607 0
-340.84619 -161.5555 -3.509892 0
-340.92514 -161.23518 -3.5948262 0
-334.13129 -160.75395 -3.5695672 0
-334.05569 -160.64201 -3.529361 0
-251.79013 -160.31091 -3.5619524 0
-340.24231 -160.29823 -3.57566 0
-339.37299 -160.22382 -3.5937977 0
-328.31796 -160.15004 -3.5393989 0
-339.89386 -159.95422 -3.5780816 0
-251.71286 -159.9467 -3.5503044 0
-255.03239 -159.82648 -3.5026238 0
-251.56268 -159.87387 -3.5460496 0
-255.50275 -159.5117 -3.5677052 0
-251.20381 -159.34554 -3.5948439 0
-339.94803 -158.76723 -3.5271842 0
-339.54596 -158.40367 -3.5701706 0
-343.00882 -157.81641 -3.5026579 0
-340.77036 -157.78723 -3.5414197 0
-339.60693 -157.73441 -3.5619159 0
-349.20987 -157.67313 -3.5721178 0
-342.97842 -157.47707 -3.5296764 0
-348.93005 -157.36768 -3.573235 0
-342.80087 -157.3551 -3.5508509 0
-340.63693 -157.29637 -3.5168204 0
-349.69077 -157.06035 -3.5229082 0
-342.91083 -157.08488 -3.5376518 0
-348.4061 -156.90285 -3.551415 0
-348.45291 -156.88586 -3.5417788 0
-342.7464 -155.97455 -3.5285008 0
-349.64401 -155.39565 -3.5394237 0
-339.93069 -155.30231 -3.5329363 0
-341.14771 -155.298 -3.5754142 0
-341.4978 -155.18787 -3.5369747 0
-341.44739 -155.06247 -3.5835719 0
-341.10242 -155.04799 -3.5605931 0
-341.12558 -154.6869 -3.520004 0
-340.10223 -154.66473 -3.5050337 0
-339.34186 -153.94247 -3.5921772 0
-341.35785 -153.5163 -3.520896 0
-340.04727 -153.3062 -3.5767028 0
-339.9585 -153.35626 -3.5669887 0
-312.92963 -152.98076 -3.5083699 0
-340.71451 -152.78983 -3.5391715 0
-339.8757 -152.70509 -3.523237 0
-277.55133 -152.50877 -3.518424 0
-334.69989 -152.49634 -3.5262716 0
-339.86768 -152.3903 -3.5338931 0
-264.56448 -152.3526 -3.5508103 0
-263.54419 -152.16501 -3.529144 0
-341.6008 -152.09502 -3.5724938 0
-333.94003 -151.85428 -3.5411415 0
-333.97235 -151.66577 -3.564925 0
-341.15802 -151.53516 -3.5175142 0
-342.3652 -151.49185 -3.5298131 0
-342.15945 -151.4028 -3.5008454 0
-344.24213 -151.23662 -3.5078647 0
-344.18237 -151.23917 -3.5263994 0
-343.75659 -151.2666 -3.5780106 0
-343.63907 -151.298 -3.549576 0
-343.98431 -151.18091 -3.5339341 0
-343.72119 -151.19476 -3.5582001 0
-343.29544 -151.13979 -3.5534861 0
-341.54492 -151.16226 -3.563446 0
-344.35852 -151.00119 -3.5119271 0
-343.37698 -151.08859 -3.5569987 0
-343.97186 -150.98247 -3.5035608 0
-343.72305 -150.91995 -3.5226827 0
-344.1073 -150.83145 -3.5431318 0
-343.87753 -150.83524 -3.575247 0
-344.04504 -150.78734 -3.5965497 0
-343.97311 -150.70949 -3.5029769 0
-327.92233 -150.77347 -3.5590596 0
-272.1673 -150.72446 -3.5562713 0
-343.83826 -150.62845 -3.519958 0
-264.78839 -150.65991 -3.5750141 0
-264.41293 -150.63901 -3.5764813 0
-343.82629 -150.58853 -3.5829587 0
-343.79459 -150.53328 -3.5841203 0
-342.64633 -150.59135 -3.5729091 0
-272.05063 -150.55287 -3.5671198 0
-264.67886 -150.59273 -3.5830147 0
-264.50931 -150.50424 -3.5979648 0
-343.78189 -150.49228 -3.5796075 0
-327.6683 -150.43817 -3.5412655 0
-343.70578 -150.27147 -3.5556424 0
-343.63464 -150.24947 -3.583487 0
-262.47415 -150.25725 -3.5927758 0
-343.51758 -150.14362 -3.5811741 0
-331.35446 -208.01843 -3.4646006 0
-337.50266 -202.60492 -3.4881423 0
-335.25314 -202.17303 -3.4443827 0
-335.23248 -202.06859 -3.4642465 0
-335.21527 -201.94649 -3.4853132 0
-335.91718 -201.17067 -3.4459503 0
-339.48645 -200.39725 -3.4188354 0
-340.2247 -199.77905 -3.4946892 0
-323.64273 -194.64474 -3.4073451 0
-323.77454 -192.32133 -3.4952934 0
-344.8172 -191.43384 -3.4148991 0
-344.40692 -191.06265 -3.4738574 0
-348.04828 -190.81567 -3.4981344 0
-348.05109 -190.58495 -3.4296732 0
-347.81531 -190.50514 -3.4126885 0
-347.83511 -190.35074 -3.4944017 0
-347.65741 -189.62816 -3.4603448 0
-347.4447 -189.51212 -3.4231534 0
-327.11649 -189.55475 -3.421319 0
-339.37048 -189.12598 -3.4931014 0
-346.62006 -188.94569 -3.475786 0
-346.78787 -188.87671 -3.4627697 0
-346.75122 -188.50703 -3.4221034 0
-346.74268 -188.38693 -3.4469633 0
-346.26849 -188.09193 -3.420337 0
-336.48038 -187.94185 -3.4464583 0
-344.39792 -186.5042 -3.4268854 0
-344.39847 -186.35509 -3.4746375 0
-336.76996 -186.02736 -3.4322357 0
-337.25177 -185.23048 -3.4463775 0
-331.67072 -182.9888 -3.4787643 0
-338.9772 -182.26149 -3.4356184 0
-339.15695 -181.16692 -3.4249141 0
-336.87915 -179.05937 -3.4004304 0
-338.64792 -176.05771 -3.4036427 0
-338.81628 -175.81934 -3.4769835 0
-338.77167 -175.83403 -3.4286962 0
-338.4942 -175.70927 -3.476799 0
-338.76468 -175.21512 -3.4919543 0
-335.17807 -174.52338 -3.4326422 0
-335.1655 -174.43997 -3.4873996 0
-349.2843 -172.41473 -3.4408243 0
-348.62674 -172.49286 -3.431968 0
-348.10858 -172.19171 -3.4394469 0
-349.00159 -171.16206 -3.4790339 0
-347.87756 -170.74927 -3.4384158 0
-349.65131 -170.31892 -3.4393582 0
-349.62387 -170.22275 -3.4150665 0
-346.86502 -170.19254 -3.4494286 0
-346.7645 -170.16161 -3.4892576 0
-346.2663 -170.04427 -3.4037204 0
-349.65857 -169.92358 -3.4477501 0
-348.8475 -169.84265 -3.4020805 0
-349.59448 -169.75681 -3.4320397 0
-349.57333 -169.68288 -3.4119587 0
-349.25046 -169.62907 -3.479244 0
-347.22714 -169.24866 -3.4953966 0
-347.63351 -168.50475 -3.4778216 0
-349.48105 -166.53075 -3.482831 0
-349.38159 -166.43271 -3.4469063 0
-349.51083 -166.30197 -3.4193006 0
-349.36258 -166.3306 -3.452755 0
-346.17206 -166.39854 -3.4539707 0
-349.30707 -166.26494 -3.4593787 0
-349.22922 -166.23627 -3.4569945 0
-349.90259 -166.18752 -3.416297 0
-349.27835 -165.7484 -3.4212623 0
-346.75641 -164.33682 -3.4366174 0
-346.69977 -164.26634 -3.4625137 0
-346.2951 -164.28316 -3.4787998 0
-340.25226 -164.06186 -3.4366722 0
-339.79724 -164.0175 -3.4553187 0
-339.62701 -164.00636 -3.4183536 0
-340.54797 -163.24455 -3.4968445 0
-340.51083 -163.10559 -3.4976282 0
-346.25998 -162.64752 -3.4192109 0
-341.89001 -162.51575 -3.4308376 0
-341.03085 -161.93587 -3.4867828 0
-340.99323 -161.93405 -3.4022436 0
-341.0155 -161.25497 -3.4538105 0
-340.97629 -161.17039 -3.4592159 0
-339.16919 -160.55249 -3.484792 0
-254.69199 -158.81744 -3.4290354 0
-342.31815 -158.60382 -3.4728823 0
-339.99481 -158.59286 -3.4454916 0
-339.98038 -158.43851 -3.454319 0
-339.99881 -158.20572 -3.4722786 0
-349.41138 -157.83055 -3.4524074 0
-349.14841 -157.74373 -3.4116986 0
-339.6333 -157.715 -3.4530663 0
-349.13571 -157.61893 -3.4325035 0
-349.14648 -157.57143 -3.429652 0
-343.0592 -157.5638 -3.4147959 0
-342.98633 -157.57831 -3.4975321 0
-342.74051 -157.459 -3.4468305 0
-340.57712 -157.40904 -3.4914248 0
-349.01831 -157.39641 -3.4549179 0
-342.36566 -157.37445 -3.4767206 0
-340.50064 -157.15144 -3.4779241 0
-348.55838 -157.03282 -3.4581556 0
-340.64429 -157.02806 -3.4168773 0
-340.59644 -157.09824 -3.4460158 0
-348.64731 -156.95303 -3.4888039 0
-348.54959 -156.92094 -3.4089186 0
-348.45282 -156.98293 -3.4271531 0
-348.74252 -156.85995 -3.4479632 0
-348.52863 -156.87553 -3.4791021 0
-349.04288 -156.61261 -3.4714549 0
-348.52328 -156.53723 -3.4269822 0
-349.89386 -155.13373 -3.4163909 0
-349.75864 -155.19395 -3.4186339 0
-341.01501 -155.15097 -3.4561527 0
-341.31677 -155.01279 -3.4440701 0
-340.85043 -154.91548 -3.4205422 0
-348.17603 -154.65564 -3.4417839 0
-264.67374 -153.96417 -3.478159 0
-268.11414 -153.54402 -3.4095726 0
-268.9043 -153.17572 -3.4073532 0
-328.20148 -152.67204 -3.4149814 0
-340.25211 -152.14868 -3.4899039 0
-311.72659 -151.91867 -3.4181969 0
-341.68552 -151.71112 -3.469738 0
-341.21918 -151.71773 -3.4978325 0
-341.76428 -151.69485 -3.4734116 0
-334.28891 -151.66283 -3.4262755 0
-342.85556 -151.4946 -3.4383066 0
-344.27493 -151.30896 -3.4808009 0
-342.91129 -151.33514 -3.4219384 0
-341.14969 -151.30075 -3.4215798 0
-341.07965 -151.39526 -3.4952211 0
-344.32495 -151.22185 -3.4757915 0
-343.46698 -151.2189 -3.4873209 0
-342.81647 -151.22592 -3.4465804 0
-344.30118 -151.15326 -3.4712965 0
-343.60355 -151.18315 -3.466846 0
-341.75589 -151.10838 -3.473295 0
-341.43604 -151.16223 -3.4898312 0
-341.62997 -151.09737 -3.4133809 0
-344.19104 -150.93146 -3.4505112 0
-344.03976 -150.92792 -3.4692495 0
-343.96265 -150.91733 -3.498878 0
-261.97202 -150.97542 -3.4612255 0
-344.043 -150.81339 -3.4608898 0
-343.95593 -150.85275 -3.4734449 0
-343.76636 -150.85544 -3.4664209 0
-341.49365 -150.83601 -3.4168291 0
-341.36215 -150.85471 -3.4316039 0
-328.04059 -150.88335 -3.4269166 0
-343.70383 -150.78532 -3.4467626 0
-343.96252 -150.56981 -3.4774823 0
-265.50034 -150.59427 -3.4182017 0
-323.56851 -215.9131 -3.3262002 0
-340.92755 -202.93979 -3.3204439 0
-341.66367 -202.6548 -3.3892581 0
-341.75464 -202.07155 -3.3005362 0
-336.38773 -201.711 -3.300854 0
-340.6817 -199.86421 -3.3272955 0
-347.92337 -190.0818 -3.3991182 0
-347.82526 -189.86102 -3.3685229 0
-347.77496 -189.72255 -3.3622229 0
-339.04874 -189.51077 -3.3784475 0
-339.28571 -188.65956 -3.3446379 0
-336.43207 -188.03091 -3.3447285 0
-347.55762 -187.85878 -3.3554635 0
-344.54535 -186.29716 -3.3363953 0
-331.96722 -183.36266 -3.3234112 0
-338.9079 -183.06068 -3.3138652 0
-338.80118 -182.53227 -3.3724873 0
-338.80685 -182.41173 -3.304832 0
-338.26419 -181.83395 -3.3034403 0
-339.38135 -181.45432 -3.3167014 0
-336.98651 -179.44847 -3.3924227 0
-336.84225 -179.13803 -3.3701601 0
-338.58249 -175.78816 -3.3761508 0
-348.866 -172.41888 -3.3442314 0
-348.55887 -172.35895 -3.3087637 0
-348.4165 -172.22165 -3.3361745 0
-348.61755 -172.10257 -3.3060253 0
-348.76199 -171.10844 -3.3961337 0
-346.28152 -171.15268 -3.3368924 0
-348.76202 -169.9534 -3.3941693 0
-348.72903 -169.87833 -3.3959529 0
-346.68494 -169.74973 -3.3617351 0
-347.38364 -169.15253 -3.3602102 0
-349.9032 -168.04744 -3.3588672 0
-347.28967 -168.028 -3.3086317 0
-349.87457 -167.85837 -3.3355675 0
-349.97455 -167.71191 -3.3797619 0
-345.59564 -167.54646 -3.3394773 0
-345.67007 -167.47974 -3.3486161 0
-346.32166 -166.87941 -3.3564484 0
-346.23608 -166.8663 -3.3511906 0
-349.27472 -166.34862 -3.3223252 0
-349.20773 -166.11766 -3.3376756 0
-346.72015 -164.31201 -3.3490112 0
-346.75055 -164.25201 -3.3790121 0
-346.96881 -163.97406 -3.3913398 0
-346.30618 -162.76889 -3.3683581 0
-340.67416 -162.53755 -3.3928227 0
-340.87527 -162.24416 -3.3498716 0
-340.97833 -162.15308 -3.3320763 0
-339.72537 -161.38338 -3.3934844 0
-340.50598 -161.00534 -3.3282559 0
-254.88165 -160.77216 -3.3881094 0
-254.30145 -160.56758 -3.3772664 0
-339.34387 -160.22643 -3.3411095 0
-340.6936 -160.18393 -3.374532 0
-347.97159 -159.39388 -3.382129 0
-330.21304 -159.35318 -3.3997562 0
-347.98203 -158.93192 -3.3492498 0
-347.99731 -158.87198 -3.3059247 0
-342.55661 -158.67578 -3.3092425 0
-342.18161 -158.40112 -3.3831089 0
-339.67615 -158.36543 -3.3936679 0
-256.75131 -158.2326 -3.3079898 0
-340.2334 -158.00383 -3.3191597 0
-349.17035 -157.61977 -3.3638628 0
-339.57504 -157.56352 -3.3547199 0
-348.35608 -157.40575 -3.3472974 0
-348.33893 -157.12508 -3.3069701 0
-348.46863 -157.0255 -3.3448312 0
-348.51126 -156.91426 -3.3781083 0
-348.45282 -156.99348 -3.3312693 0
-348.457 -156.87827 -3.3945909 0
-340.40326 -156.84052 -3.3437309 0
-347.98743 -156.64859 -3.3021924 0
-349.10632 -156.51097 -3.3704405 0
-349.07211 -156.55476 -3.3637853 0
-347.75821 -156.40144 -3.3707528 0
-349.53116 -155.95914 -3.3107374 0
-349.68478 -155.70041 -3.3681595 0
-311.75058 -155.46005 -3.3048537 0
-337.48248 -155.09483 -3.3519855 0
-328.38831 -154.84698 -3.3044782 0
-340.06512 -154.71655 -3.3747349 0
-339.98242 -154.72453 -3.3242552 0
-340.04034 -154.60146 -3.3697801 0
-340.44293 -154.46559 -3.3364401 0
-348.16345 -154.37469 -3.3909748 0
-340.81989 -153.62505 -3.3330216 0
-339.91171 -153.51401 -3.3251424 0
-339.27176 -153.13037 -3.3629794 0
-337.58981 -153.14621 -3.3791149 0
-339.18399 -153.07373 -3.3775733 0
-335.96127 -152.86581 -3.3982179 0
-277.54242 -152.14812 -3.3670714 0
-340.18475 -152.00232 -3.3159199 0
-341.70276 -151.88565 -3.3332508 0
-335.52097 -151.64252 -3.3661242 0
-328.86679 -151.6393 -3.3479111 0
-341.72781 -151.56201 -3.3017097 0
-342.11987 -151.38042 -3.3173709 0
-344.19327 -151.21466 -3.3897998 0
-344.2496 -151.1377 -3.3472195 0
-344.17728 -151.15092 -3.3893857 0
-341.78363 -151.00143 -3.3294065 0
-326.98456 -151.04872 -3.321676 0
-343.46988 -150.96809 -3.3268206 0
-341.56018 -150.97975 -3.3069084 0
-341.41049 -150.86511 -3.314146 0
-341.28879 -150.07515 -3.3151939 0
-349.8978 -212.59578 -3.2196364 0
-341.57181 -202.7108 -3.2939494 0
-340.69345 -202.74977 -3.2944505 0
-342.15106 -202.58464 -3.2353706 0
-341.90222 -202.30716 -3.2652671 0
-332.48886 -201.8217 -3.2143245 0
-339.7121 -201.41351 -3.2230477 0
-336.60132 -198.17609 -3.2448332 0
-344.12546 -191.07605 -3.247674 0
-347.78259 -190.09088 -3.2366655 0
-340.45331 -190.07909 -3.2516799 0
-338.93762 -189.45834 -3.2269452 0
-339.2244 -188.85895 -3.2900293 0
-346.11923 -188.40639 -3.2381079 0
-344.32214 -186.5006 -3.2953935 0
-322.7034 -183.88184 -3.2067428 0
-331.79507 -183.77628 -3.2544899 0
-338.93713 -182.56931 -3.2848923 0
-338.69879 -182.38873 -3.2035096 0
-339.84061 -182.25058 -3.2371786 0
-339.17279 -181.50531 -3.2507124 0
-337.99377 -181.43823 -3.2612903 0
-339.24258 -181.2066 -3.2823923 0
-338.16785 -181.09668 -3.2305355 0
-333.18402 -175.77664 -3.2729051 0
-335.02652 -174.575 -3.2725036 0
-349.12851 -172.3522 -3.2416444 0
-349.01846 -172.33533 -3.2536466 0
-349.38126 -172.27283 -3.2436292 0
-349.19421 -172.26868 -3.2889812 0
-348.46448 -172.23845 -3.2742023 0
-349.17221 -172.19835 -3.2636769 0
-348.20605 -172.14301 -3.2162876 0
-349.74597 -171.04842 -3.2577052 0
-345.86288 -170.9021 -3.284369 0
-340.87039 -170.99951 -3.2333603 0
-348.76852 -170.68556 -3.2705872 0
-345.85834 -170.66447 -3.2779799 0
-345.74805 -170.6151 -3.2401626 0
-339.88251 -170.15646 -3.2398434 0
-339.86234 -170.08939 -3.2436452 0
-348.62872 -169.61996 -3.2468688 0
-347.42361 -169.20518 -3.2201097 0
-347.43979 -169.06378 -3.2876947 0
-347.39398 -169.05847 -3.2930231 0
-349.85895 -167.85124 -3.2751601 0
-349.61475 -167.69569 -3.2341361 0
-349.59314 -167.6467 -3.2233751 0
-349.61475 -167.50636 -3.2339385 0
-346.29651 -167.04132 -3.2948277 0
-345.81354 -166.91841 -3.2622526 0
-346.13101 -166.4493 -3.215791 0
-345.88943 -166.35428 -3.2748449 0
-349.63428 -166.26997 -3.2968359 0
-333.13345 -166.11916 -3.2837772 0
-349.85608 -165.5305 -3.2053335 0
-349.8295 -165.47028 -3.2459879 0
-339.90118 -163.3811 -3.2202115 0
-341.57712 -162.35989 -3.2828224 0
-341.07141 -161.99721 -3.2913096 0
-341.10159 -161.86481 -3.2840052 0
-341.02496 -161.836 -3.2753499 0
-340.67468 -160.79759 -3.2307079 0
-340.77249 -160.47974 -3.2937007 0
-339.18848 -160.02638 -3.2965157 0
-340.30927 -159.83383 -3.2161543 0
-251.53902 -159.70296 -3.2010798 0
-254.23315 -159.55392 -3.2814174 0
-251.99344 -159.29231 -3.2761171 0
-278.08899 -159.19807 -3.2185571 0
-256.85431 -159.04082 -3.2006876 0
-253.01038 -159.07631 -3.2748601 0
-347.91568 -158.71346 -3.2524514 0
-342.32675 -158.70464 -3.252501 0
-342.09073 -158.26271 -3.2854583 0
-339.61395 -157.98904 -3.2951987 0
-349.38712 -157.89944 -3.27074 0
-342.43036 -157.42918 -3.223846 0
-342.34244 -157.40131 -3.2167034 0
-339.61807 -157.46452 -3.2851963 0
-342.25839 -157.38223 -3.2471185 0
-342.3555 -157.26892 -3.2799566 0
-348.37802 -157.10667 -3.2729974 0
-275.74509 -157.11627 -3.2604406 0
-348.5892 -156.93748 -3.2064536 0
-348.33102 -156.90048 -3.2534835 0
-254.55759 -156.91281 -3.2871497 0
-348.42004 -156.8927 -3.2788372 0
-254.38014 -156.89545 -3.2256212 0
-348.55209 -156.71564 -3.2763128 0
-348.15079 -156.79546 -3.2913108 0
-340.59845 -156.76695 -3.2657826 0
-348.85352 -156.68951 -3.27405 0
-348.5907 -156.67506 -3.2903335 0
-349.99496 -156.05508 -3.2526605 0
-337.60657 -155.16693 -3.2997897 0
-337.48398 -155.14079 -3.2762108 0
-341.71994 -155.00955 -3.2812748 0
-341.36801 -154.97321 -3.2549455 0
-340.38602 -154.87509 -3.2637842 0
-340.20831 -154.86923 -3.239423 0
-340.40112 -154.78534 -3.2768023 0
-348.32632 -154.40341 -3.2647755 0
-348.3399 -154.35837 -3.2578728 0
-339.90787 -154.02527 -3.2661719 0
-339.80905 -153.71458 -3.2962523 0
-340.76877 -153.5338 -3.2621291 0
-337.51447 -153.27336 -3.2518272 0
-341.77216 -151.91069 -3.2107034 0
-336.03903 -151.89497 -3.285387 0
-341.2493 -151.79294 -3.2488911 0
-333.90625 -151.63092 -3.2252259 0
-341.48395 -151.59283 -3.2199471 0
-341.36191 -151.5674 -3.2771163 0
-342.31079 -151.42624 -3.2621541 0
-342.29642 -151.40134 -3.2689016 0
-342.78674 -151.27628 -3.2985063 0
-342.62173 -151.24174 -3.2134767 0
-342.2341 -151.14044 -3.2040019 0
-290.56216 -151.15132 -3.2392035 0
-341.63647 -151.02553 -3.2687793 0
-341.56958 -151.07498 -3.2732253 0
-263.3139 -150.92744 -3.2684674 0
-256.52829 -150.34644 -3.2417815 0
-343.92728 -150.11909 -3.2174203 0
-252.20274 -150.17406 -3.2255518 0
-326.19226 -205.44678 -3.1305709 0
-342.19144 -202.59731 -3.1011612 0
-341.88153 -202.55447 -3.1196628 0
-341.7894 -202.54269 -3.1823883 0
-337.7915 -202.4321 -3.1148758 0
-341.79184 -202.22639 -3.1236012 0
-341.64444 -201.63599 -3.1079726 0
-332.54443 -201.68057 -3.1595123 0
-336.09091 -201.23553 -3.1253569 0
-339.79807 -199.82635 -3.1192617 0
-336.61505 -198.29834 -3.1393557 0
-328.22079 -193.86949 -3.1762333 0
-347.97281 -190.12959 -3.1932158 0
-327.41223 -190.12549 -3.122402 0
-342.84457 -189.51537 -3.1664848 0
-338.92145 -189.23701 -3.1469369 0
-339.10764 -188.50529 -3.1186442 0
-347.0762 -188.40729 -3.1457205 0
-338.98132 -188.27263 -3.1982181 0
-344.51395 -186.70842 -3.1452575 0
-344.44348 -186.49147 -3.1051192 0
-344.28748 -186.43771 -3.18995 0
-344.30563 -186.33893 -3.1434698 0
-337.34109 -185.28435 -3.1575997 0
-335.98273 -185.26419 -3.1301289 0
-339.34698 -183.15338 -3.1600988 0
-339.03867 -182.24092 -3.1432378 0
-338.99072 -181.71257 -3.102083 0
-339.41949 -181.50114 -3.1697228 0
-339.4805 -181.47101 -3.1093669 0
-337.17603 -179.58336 -3.1424625 0
-332.96268 -179.32288 -3.174387 0
-338.20358 -176.07401 -3.1070802 0
-338.22479 -175.97299 -3.1153245 0
-333.2088 -175.81682 -3.1456826 0
-348.62054 -172.54161 -3.1647696 0
-348.53937 -172.55377 -3.1974506 0
-349.48129 -172.47827 -3.1859965 0
-349.42911 -172.39705 -3.1492257 0
-349.42096 -172.24287 -3.1866386 0
-349.2908 -172.20583 -3.1139247 0
-349.13831 -172.28996 -3.1357872 0
-349.25095 -172.19102 -3.1674962 0
-349.18973 -172.15909 -3.1442213 0
-347.99802 -172.18813 -3.1468494 0
-347.79507 -172.11069 -3.1146472 0
-349.76697 -172.00331 -3.1348131 0
-349.59357 -172.0419 -3.1055236 0
-348.99918 -172.02029 -3.1743202 0
-349.66476 -171.98737 -3.1357536 0
-348.83844 -171.91495 -3.1002347 0
-336.40881 -171.46187 -3.1865721 0
-347.3078 -171.33945 -3.1060851 0
-346.45615 -171.25975 -3.1587186 0
-346.33313 -170.83006 -3.1663377 0
-349.95694 -170.67822 -3.1686389 0
-346.24152 -170.43924 -3.1393237 0
-340.95551 -170.38689 -3.1697867 0
-349.35574 -170.05147 -3.1920981 0
-349.39307 -169.97774 -3.1988554 0
-349.32782 -169.62347 -3.1820066 0
-346.98019 -168.98222 -3.1828616 0
-348.15698 -168.42232 -3.1950898 0
-349.86926 -167.52548 -3.1796861 0
-345.9585 -167.37825 -3.1311734 0
-349.30832 -166.99191 -3.151583 0
-345.83536 -166.89893 -3.1572754 0
-349.38242 -166.42853 -3.1203544 0
-346.2132 -166.41934 -3.1517818 0
-349.68951 -166.36752 -3.1327624 0
-349.35419 -166.3515 -3.1900392 0
-337.43903 -166.18588 -3.1303699 0
-333.0184 -166.05896 -3.1971509 0
-346.74164 -164.27834 -3.1205549 0
-346.66602 -164.23087 -3.106698 0
-346.33344 -164.13893 -3.1636734 0
-347.23996 -163.79692 -3.1527028 0
-346.26312 -163.48824 -3.1609099 0
-347.50342 -163.24084 -3.1210287 0
-341.80148 -162.54402 -3.1468823 0
-340.75082 -162.44881 -3.1085138 0
-346.36731 -162.18498 -3.1876059 0
-341.37595 -162.19316 -3.1920755 0
-347.43625 -161.90648 -3.1161354 0
-341.02203 -161.75912 -3.18822 0
-341.71735 -161.46123 -3.1215394 0
-340.49197 -161.43005 -3.1726282 0
-340.56812 -160.68291 -3.115176 0
-340.44595 -160.65184 -3.1279492 0
-339.37375 -160.45108 -3.1553555 0
-339.33926 -160.32227 -3.106621 0
-339.20587 -160.38422 -3.1913033 0
-255.71103 -159.29541 -3.1157117 0
-349.70148 -158.18803 -3.1023223 0
-348.07187 -157.93292 -3.1261826 0
-348.10965 -157.8634 -3.1398299 0
-348.18863 -157.76768 -3.1415644 0
-339.50732 -157.60765 -3.1364548 0
-339.48734 -157.64317 -3.1349616 0
-253.64638 -157.49226 -3.1608694 0
-342.41232 -157.31139 -3.1981359 0
-253.59935 -157.32707 -3.1789975 0
-253.54327 -157.22728 -3.1890664 0
-348.34454 -157.0368 -3.1937826 0
-348.2959 -157.02075 -3.1609192 0
-348.46219 -156.96558 -3.1125441 0
-349.04071 -156.73213 -3.1419995 0
-349.26529 -156.63324 -3.1638124 0
-349.35831 -156.50092 -3.1074123 0
-349.28223 -156.59964 -3.1008911 0
-341.14719 -156.58054 -3.1558781 0
-349.24335 -156.45064 -3.1336625 0
-349.8782 -156.172 -3.1768291 0
-341.45013 -155.13673 -3.1400659 0
-340.50104 -154.95261 -3.1297333 0
-341.18005 -154.8842 -3.1520338 0
-341.03604 -154.80231 -3.1289852 0
-340.85498 -154.84995 -3.1041842 0
-341.09399 -154.74365 -3.1623161 0
-340.10876 -154.60074 -3.1671631 0
-329.73199 -154.61797 -3.1537426 0
-341.07516 -154.58784 -3.1269176 0
-341.15878 -154.45882 -3.1472816 0
-340.09402 -154.11409 -3.1528273 0
-339.85107 -154.16843 -3.1115475 0
-268.60098 -153.48907 -3.1225033 0
-340.77081 -153.36253 -3.1041133 0
-337.517 -153.35796 -3.1517868 0
-340.86917 -153.26093 -3.1495712 0
-269.18588 -153.08444 -3.1765931 0
-339.83667 -152.91031 -3.1003749 0
-339.82205 -152.83357 -3.1665554 0
-336.14331 -152.86627 -3.1681299 0
-339.56998 -152.44574 -3.13783 0
-339.68268 -152.39319 -3.1767521 0
-343.2626 -151.72917 -3.1177139 0
-342.23788 -151.29453 -3.1640086 0
-310.97217 -151.29993 -3.1298122 0
-310.79965 -151.10822 -3.1412511 0
-326.80569 -150.97676 -3.1720541 0
-341.62634 -150.87993 -3.1070371 0
-263.88882 -150.8623 -3.1612432 0
-261.92371 -150.82755 -3.1190073 0
-341.77066 -150.74455 -3.109093 0
-263.60239 -150.75885 -3.172266 0
-265.60056 -150.64296 -3.145323 0
-343.61273 -150.10913 -3.1067462 0
-343.42416 -150.04207 -3.1188242 0
-341.50357 -201.95355 -3.071553 0
-341.54956 -201.71454 -3.081332 0
-336.33755 -201.68872 -3.0782452 0
-328.5318 -196.04044 -3.0996792 0
-340.44009 -189.60721 -3.0163777 0
-342.84106 -189.45692 -3.0271149 0
-338.76572 -188.73775 -3.0323572 0
-338.75256 -188.57944 -3.0896757 0
-338.96967 -188.42062 -3.098671 0
-347.1478 -188.23846 -3.0139563 0
-344.23251 -186.74327 -3.0948763 0
-344.44547 -186.65335 -3.0122631 0
-344.11307 -186.41286 -3.0076411 0
-344.30441 -186.36374 -3.0460961 0
-344.48395 -186.14084 -3.0801411 0
-344.33289 -186.18036 -3.0919709 0
-344.1716 -185.81262 -3.0330837 0
-322.38937 -185.4527 -3.0407124 0
-321.95074 -185.38564 -3.0047996 0
-323.17841 -183.68222 -3.0266278 0
-339.59964 -182.9919 -3.0494049 0
-338.86163 -182.47621 -3.0958266 0
-339.3139 -182.36443 -3.0965192 0
-340.03677 -181.77187 -3.0183942 0
-338.97144 -180.7238 -3.0964115 0
-338.31131 -175.80421 -3.005064 0
-338.24695 -175.63028 -3.0631189 0
-338.19406 -175.4381 -3.0448818 0
-338.41306 -175.0182 -3.0559013 0
-349.34564 -172.30438 -3.0687585 0
-349.56793 -172.24281 -3.0880592 0
-349.59067 -172.19531 -3.0993245 0
-349.4577 -172.19376 -3.0460329 0
-349.09534 -171.99515 -3.0619009 0
-336.42154 -171.44637 -3.0767155 0
-341.548 -171.25233 -3.0018454 0
-339.86301 -171.26747 -3.0807624 0
-346.74234 -170.9624 -3.0335951 0
-346.63205 -170.8705 -3.0330462 0
-346.65143 -170.76093 -3.0029342 0
-339.04117 -170.12714 -3.0921617 0
-348.74835 -169.75089 -3.0153136 0
-337.77484 -169.41948 -3.0622921 0
-337.75919 -169.3586 -3.0246756 0
-337.69797 -169.35773 -3.064204 0
-348.84109 -169.25017 -3.0873411 0
-337.6987 -169.29443 -3.0203738 0
-347.60394 -169.07191 -3.0470526 0
-347.52194 -169.03516 -3.0133052 0
-347.97504 -168.44472 -3.0557699 0
-347.97552 -168.39586 -3.0732365 0
-349.93655 -167.49139 -3.0082052 0
-345.67734 -167.25833 -3.0666125 0
-349.32318 -167.07257 -3.0929732 0
-346.21231 -166.86133 -3.0814695 0
-349.41098 -166.39613 -3.0142736 0
-328.3252 -165.92308 -3.0718129 0
-346.55783 -164.664 -3.0538855 0
-346.4505 -164.6301 -3.022984 0
-346.38925 -164.68272 -3.0605834 0
-346.12741 -164.67326 -3.0701888 0
-346.3201 -164.59135 -3.0184534 0
-346.76965 -164.34219 -3.0710707 0
-328.51758 -163.38445 -3.0494726 0
-346.52997 -162.73779 -3.0028052 0
-339.77118 -162.7569 -3.0330751 0
-347.41754 -162.60522 -3.0187666 0
-340.71124 -162.6906 -3.0207515 0
-339.55127 -162.64595 -3.0916755 0
-341.40588 -162.30331 -3.0807042 0
-338.95807 -161.54497 -3.0302122 0
-338.89209 -161.47511 -3.0320725 0
-341.65854 -161.37613 -3.0781372 0
-340.65268 -161.32755 -3.0772979 0
-340.5495 -161.31042 -3.0538108 0
-341.62836 -161.27225 -3.0925624 0
-340.59396 -160.86684 -3.0073221 0
-340.61557 -160.65025 -3.0956423 0
-339.34549 -160.36435 -3.0176411 0
-339.40359 -160.22791 -3.0404923 0
-339.33459 -160.22993 -3.0137835 0
-340.51117 -160.04308 -3.0620782 0
-255.78386 -159.50066 -3.0958138 0
-252.26396 -159.40863 -3.021497 0
-342.82285 -158.30092 -3.0918763 0
-347.86316 -158.27138 -3.0408576 0
-341.8475 -157.3201 -3.022825 0
-348.47064 -157.03346 -3.0885105 0
-348.38901 -156.92723 -3.0770874 0
-341.86987 -156.94797 -3.0320745 0
-348.38708 -156.88997 -3.0308218 0
-342.10574 -156.86214 -3.0230503 0
-349.00244 -156.70863 -3.0352459 0
-269.82739 -156.75685 -3.0612564 0
-254.53679 -156.60347 -3.0934291 0
-349.83157 -156.35616 -3.0296526 0
-349.73511 -156.36429 -3.0819702 0
-341.10919 -155.2157 -3.0836301 0
-341.13742 -154.96233 -3.0917568 0
-340.92404 -154.74118 -3.0055015 0
-341.13763 -154.6938 -3.0218651 0
-339.05936 -154.00153 -3.0786474 0
-339.68292 -153.92285 -3.0623848 0
-268.93365 -153.84756 -3.0613823 0
-266.1958 -153.80031 -3.0013876 0
-340.75006 -153.69881 -3.0583723 0
-339.62927 -153.69958 -3.0426729 0
-339.73291 -153.53181 -3.0508349 0
-337.65536 -153.31573 -3.0916162 0
-267.68433 -153.26439 -3.0745108 0
-336.18896 -152.99455 -3.0044336 0
-311.65396 -152.2899 -3.0420883 0
-343.48325 -151.92662 -3.0616426 0
-328.98862 -151.74065 -3.0112321 0
-343.12634 -151.6514 -3.0053251 0
-334.2179 -151.6396 -3.0173528 0
-342.18323 -151.35719 -3.091336 0
-341.83167 -151.32028 -3.0041423 0
-342.19516 -151.27431 -3.0910566 0
-342.03421 -151.19357 -3.0695498 0
-344.20132 -150.85625 -3.0687609 0
-262.12442 -150.81546 -3.0456657 0
-262.00995 -150.81264 -3.0417805 0
-344.11343 -150.7254 -3.0215642 0
-272.22867 -150.70561 -3.0658624 0
-343.78183 -150.60725 -3.0069256 0
-343.01077 -150.63319 -3.0489855 0
-342.93219 -150.62451 -3.0987341 0
-292.61353 -150.539 -3.0800056 0
-343.82254 -150.37933 -3.0580881 0
-343.40842 -150.15323 -3.0288453 0
-343.87241 -150.08499 -3.0931926 0
-343.65808 -150.01263 -3.0139322 0
-323.55933 -215.88271 -2.9224379 0
-341.97818 -201.198 -2.91189 0
-336.32224 -195.51567 -2.958508 0
-328.2775 -193.80876 -2.9896021 0
-346.84543 -192.91177 -2.9642265 0
-340.55301 -189.82861 -2.9771841 0
-343.02985 -189.58546 -2.9788644 0
-342.91794 -189.57829 -2.9422758 0
-340.29779 -189.49417 -2.9876676 0
-338.99536 -189.21898 -2.9698389 0
-339.21121 -188.92836 -2.9043713 0
-339.17383 -188.65327 -2.9449501 0
-347.51486 -188.01743 -2.922704 0
-347.34219 -188.02722 -2.9322145 0
-336.44748 -187.89944 -2.9674978 0
-334.60211 -187.0705 -2.9186633 0
-334.6073 -186.97537 -2.9212894 0
-334.59802 -186.92638 -2.9204695 0
-344.62674 -186.50746 -2.929558 0
-344.24078 -186.5929 -2.9100008 0
-344.64212 -186.43248 -2.9183013 0
-344.45978 -186.32748 -2.9194417 0
-344.65268 -186.20026 -2.9082038 0
-344.27863 -186.26208 -2.9798284 0
-344.60114 -186.16132 -2.9440763 0
-344.60818 -186.08502 -2.9598832 0
-344.55936 -186.02829 -2.963546 0
-343.96399 -185.98997 -2.9090517 0
-329.57355 -185.86502 -2.9418337 0
-335.96002 -185.1371 -2.9446862 0
-339.26196 -183.43013 -2.9444215 0
-331.57935 -182.62218 -2.933187 0
-339.97586 -182.29539 -2.9285541 0
-339.82162 -182.05476 -2.9455118 0
-339.49811 -181.33006 -2.9698479 0
-339.76926 -181.23511 -2.9328334 0
-338.34778 -175.77609 -2.9759922 0
-338.25897 -175.39764 -2.9894948 0
-348.79047 -172.43187 -2.9077718 0
-348.71109 -172.32526 -2.9099734 0
-348.67322 -172.38319 -2.9064667 0
-348.68387 -172.25999 -2.9763255 0
-348.16681 -172.2543 -2.9818499 0
-348.29575 -172.19757 -2.9933012 0
-349.65179 -171.79543 -2.9677231 0
-349.22025 -171.76538 -2.9844215 0
-349.89426 -171.56709 -2.9013178 0
-349.48309 -171.39523 -2.9083855 0
-349.11572 -170.22841 -2.9925878 0
-349.05283 -170.16646 -2.9981091 0
-349.53293 -169.5258 -2.9447868 0
-347.35226 -169.57463 -2.9319322 0
-349.94614 -169.30806 -2.9073143 0
-347.33957 -169.21655 -2.9431901 0
-347.35349 -169.16609 -2.9514527 0
-347.3822 -168.63516 -2.9869597 0
-347.72913 -168.38069 -2.9765563 0
-347.74701 -168.1153 -2.979342 0
-347.69073 -168.06583 -2.9615645 0
-349.40485 -167.022 -2.9746876 0
-349.4404 -166.45663 -2.9882996 0
-349.34372 -166.45067 -2.928962 0
-337.50055 -166.26988 -2.9828775 0
-346.29797 -164.7032 -2.9933031 0
-346.46875 -164.65236 -2.9678268 0
-346.9852 -164.37508 -2.9185495 0
-349.61475 -164.25636 -2.9321423 0
-333.17694 -163.5519 -2.9784348 0
-339.6626 -162.61609 -2.9918616 0
-348.07935 -162.56738 -2.9574664 0
-348.17273 -162.45381 -2.9092209 0
-340.7363 -162.47681 -2.9883146 0
-341.77286 -162.2308 -2.9885786 0
-341.06857 -162.05356 -2.9850006 0
-341.14197 -161.94489 -2.9054103 0
-340.27338 -161.562 -2.9753056 0
-339.05215 -161.47675 -2.9960465 0
-340.2674 -161.08841 -2.9236228 0
-348.73602 -160.72774 -2.9500997 0
-340.27441 -160.76543 -2.9297178 0
-251.65511 -159.90874 -2.9351239 0
-252.07455 -159.35547 -2.9208004 0
-252.91478 -159.21992 -2.9031684 0
-339.06009 -159.12885 -2.9779837 0
-254.47935 -159.14482 -2.9948087 0
-252.6321 -159.0087 -2.9356458 0
-253.22455 -158.96301 -2.9654276 0
-252.23671 -158.97029 -2.9098027 0
-343.04691 -158.49782 -2.9713521 0
-349.74515 -158.34692 -2.9274299 0
-274.86887 -158.10789 -2.9460669 0
-339.65714 -157.91393 -2.973737 0
-339.66348 -157.66466 -2.9716024 0
-339.57932 -157.66173 -2.9462504 0
-341.70596 -157.3049 -2.9763541 0
-341.54013 -157.10632 -2.9418147 0
-348.62592 -156.99542 -2.984391 0
-348.43732 -156.96382 -2.9721537 0
-269.33441 -156.99753 -2.9200981 0
-348.45221 -156.86514 -2.98599 0
-348.33084 -156.8065 -2.938935 0
-326.74139 -156.80334 -2.9995146 0
-254.34738 -156.82707 -2.9573777 0
-348.71811 -156.71674 -2.987622 0
-349.40402 -156.67325 -2.9842122 0
-349.74484 -156.1032 -2.9528277 0
-340.79428 -155.6013 -2.9859123 0
-341.99344 -155.49701 -2.9956119 0
-340.63336 -155.4799 -2.9908893 0
-341.18756 -155.31563 -2.9251857 0
-339.79907 -154.46916 -2.9082127 0
-339.88712 -154.306 -2.9146905 0
-341.77414 -154.16476 -2.933445 0
-339.96579 -153.28392 -2.9808722 0
-337.45142 -153.26425 -2.9687102 0
-335.52069 -153.23593 -2.9504354 0
-343.04596 -152.25743 -2.9209397 0
-311.78409 -152.23315 -2.9515207 0
-336.08575 -152.12714 -2.9731357 0
-343.39691 -151.82211 -2.9072428 0
-343.26163 -151.867 -2.9086022 0
-343.17502 -151.82526 -2.9668553 0
-343.58405 -151.79573 -2.951565 0
-343.27579 -151.76807 -2.9086163 0
-343.09952 -151.74315 -2.9784424 0
-333.8483 -151.68161 -2.9558334 0
-341.884 -151.45224 -2.9546511 0
-342.02554 -151.39178 -2.9185591 0
-341.8515 -151.34792 -2.9685941 0
-344.2944 -150.93272 -2.9135504 0
-343.77826 -150.87219 -2.9787464 0
-344.13077 -150.75055 -2.9004164 0
-343.7291 -150.70892 -2.9115715 0
-343.62598 -150.70802 -2.9648523 0
-341.94037 -150.71295 -2.940294 0
-343.92184 -150.6472 -2.9359648 0
-342.89713 -150.61032 -2.9172263 0
-342.05298 -150.66087 -2.972101 0
-265.64728 -150.68834 -2.9669454 0
-264.37198 -150.65956 -2.9858971 0
-264.07193 -150.6602 -2.99756 0
-343.81229 -150.57607 -2.9094946 0
-342.85306 -150.53928 -2.9654422 0
-343.78909 -150.41748 -2.9974062 0
-262.16821 -150.46315 -2.9265034 0
-343.77875 -150.10081 -2.9050887 0
-343.66025 -150.03572 -2.9788139 0
-343.56488 -150.05078 -2.9083059 0
-339.7901 -199.5602 -2.8401103 0
-336.44418 -195.86063 -2.8494196 0
-346.58011 -192.7074 -2.8649235 0
-347.0311 -192.60803 -2.8191142 0
-320.73914 -192.54813 -2.871115 0
-347.03336 -191.89044 -2.8975041 0
-346.95459 -191.84241 -2.824086 0
-344.40869 -191.25429 -2.8366919 0
-344.37875 -191.1736 -2.821182 0
-348.20383 -190.06673 -2.8618503 0
-342.97324 -190.06935 -2.8643448 0
-348.21512 -189.9572 -2.8622429 0
-342.90283 -189.54944 -2.851186 0
-343.08841 -189.47743 -2.8007977 0
-347.61346 -188.41197 -2.8010325 0
-344.43985 -186.84895 -2.8244216 0
-344.79852 -186.46889 -2.863678 0
-343.69769 -186.0899 -2.8848886 0
-343.67484 -185.69235 -2.811976 0
-339.56769 -183.09729 -2.8123317 0
-335.45071 -182.84435 -2.8466048 0
-339.45782 -182.60939 -2.8561254 0
-339.97787 -182.45148 -2.8492038 0
-339.23532 -182.4158 -2.8073471 0
-340.01514 -182.35593 -2.8820293 0
-339.16357 -182.39619 -2.8067286 0
-334.61319 -182.38799 -2.8342106 0
-340.30319 -182.29234 -2.8298912 0
-340.14011 -182.22743 -2.8801935 0
-332.46359 -182.29922 -2.8845122 0
-332.48602 -182.16049 -2.8625295 0
-340.25229 -181.99571 -2.8152006 0
-339.23666 -181.79036 -2.803421 0
-339.24911 -181.69307 -2.8516228 0
-339.38065 -181.46857 -2.873009 0
-338.91672 -181.3304 -2.883507 0
-323.0087 -177.9904 -2.8566651 0
-322.84769 -177.94711 -2.8583713 0
-338.33902 -175.29071 -2.8728871 0
-349.99173 -171.8174 -2.8579562 0
-349.00189 -171.62309 -2.8964748 0
-341.29456 -171.61858 -2.8431029 0
-349.88846 -171.55768 -2.8588336 0
-349.9939 -171.48558 -2.8685722 0
-348.43356 -171.34401 -2.8215585 0
-348.12494 -171.13646 -2.8738689 0
-349.98297 -170.95857 -2.8940649 0
-346.65753 -170.9884 -2.8584216 0
-348.30014 -170.63084 -2.8153718 0
-348.37692 -170.4411 -2.8779426 0
-346.43512 -170.2699 -2.8586242 0
-349.93701 -170.12512 -2.8349998 0
-348.82358 -169.85501 -2.8282065 0
-348.84592 -169.78787 -2.8138633 0
-348.79886 -169.7999 -2.8162007 0
-349.84 -169.46616 -2.8703103 0
-349.03043 -169.48265 -2.8906639 0
-337.85468 -169.48495 -2.8479741 0
-349.81232 -169.37029 -2.8977315 0
-341.37622 -168.72012 -2.8217454 0
-347.7113 -168.09152 -2.8325438 0
-349.8494 -167.31314 -2.8545296 0
-349.93079 -167.11923 -2.8747342 0
-349.97745 -167.08051 -2.8942342 0
-349.7525 -167.08313 -2.8030508 0
-346.30963 -167.07071 -2.894469 0
-346.32462 -166.96947 -2.8595412 0
-349.15561 -166.84879 -2.8649325 0
-349.22226 -166.7356 -2.896194 0
-349.1525 -166.79756 -2.8693862 0
-349.60269 -166.48657 -2.8625073 0
-349.44183 -166.33481 -2.8310399 0
-349.513 -166.23364 -2.8947828 0
-337.73203 -166.23871 -2.8810067 0
-349.38419 -166.04187 -2.8233676 0
-346.59503 -164.71361 -2.8058565 0
-346.24789 -164.49335 -2.8093746 0
-346.48672 -164.24043 -2.835381 0
-348.18805 -162.71608 -2.8804855 0
-348.21011 -162.5242 -2.8964422 0
-341.68411 -162.54794 -2.812676 0
-348.34653 -162.34898 -2.810627 0
-348.34265 -162.24435 -2.8221748 0
-348.35251 -162.15683 -2.8175583 0
-348.4791 -162.05237 -2.8333571 0
-348.52261 -161.8432 -2.8154674 0
-348.48422 -161.85272 -2.825783 0
-340.75168 -161.56866 -2.893502 0
-334.07947 -160.76019 -2.8687069 0
-339.43634 -160.34633 -2.8363311 0
-253.248 -159.96211 -2.833858 0
-253.0417 -159.5887 -2.8795643 0
-252.59558 -159.5571 -2.8732858 0
-252.67 -159.05382 -2.8581896 0
-252.2074 -159.03574 -2.8279552 0
-252.65739 -158.86372 -2.8803084 0
-269.43671 -158.70625 -2.8327746 0
-349.80789 -158.30336 -2.868762 0
-349.8833 -158.18947 -2.8366864 0
-349.73132 -158.12431 -2.8912857 0
-342.44598 -158.12062 -2.8869226 0
-343.06238 -157.88753 -2.8399858 0
-339.55383 -157.88785 -2.8105681 0
-342.04169 -157.7243 -2.8024304 0
-339.62961 -157.79263 -2.8803098 0
-254.52785 -157.40782 -2.8022122 0
-348.6731 -157.26593 -2.8290317 0
-348.38718 -157.23299 -2.8610737 0
-342.03293 -157.21657 -2.8660059 0
-341.82867 -157.10318 -2.8300178 0
-341.46039 -157.16893 -2.8474586 0
-349.26669 -156.60719 -2.8445194 0
-349.07416 -156.64595 -2.8533688 0
-349.54974 -156.49916 -2.8107717 0
-349.64371 -156.35944 -2.8803442 0
-340.78717 -155.45163 -2.8919017 0
-348.02173 -155.12364 -2.8762102 0
-267.31003 -155.02036 -2.8867698 0
-340.89197 -154.71046 -2.8170819 0
-339.7207 -154.51447 -2.843534 0
-339.73511 -154.43275 -2.8682704 0
-341.44962 -154.38373 -2.8951519 0
-341.51825 -154.16925 -2.8932972 0
-340.56961 -154.14062 -2.8276658 0
-341.39713 -153.96896 -2.8457599 0
-340.79132 -153.36052 -2.8994868 0
-340.69873 -153.312 -2.8489556 0
-268.97769 -153.38228 -2.8399959 0
-341.0751 -153.29163 -2.8333042 0
-340.29153 -153.25639 -2.8096726 0
-339.86911 -153.22917 -2.8098133 0
-268.77911 -153.24513 -2.8951952 0
-340.83411 -153.16937 -2.8814943 0
-336.64084 -153.02968 -2.869216 0
-267.71442 -152.9588 -2.8059206 0
-267.58405 -152.89999 -2.8173175 0
-342.68887 -152.15251 -2.897661 0
-343.70523 -151.99606 -2.8767958 0
-343.43817 -151.97385 -2.822839 0
-343.37537 -151.92552 -2.8991232 0
-343.57434 -151.84647 -2.8649759 0
-343.70639 -151.65721 -2.8351803 0
-310.172 -151.64757 -2.8098831 0
-263.60861 -151.5728 -2.8426595 0
-344.42908 -151.00601 -2.8235025 0
-344.13089 -151.00954 -2.8941693 0
-283.04333 -151.06003 -2.8091214 0
-257.22302 -151.02786 -2.8016942 0
-344.0596 -150.96887 -2.882303 0
-343.89737 -150.97925 -2.8272417 0
-343.78448 -150.90656 -2.8348389 0
-344.10602 -150.89452 -2.8191626 0
-344.05939 -150.86263 -2.8338592 0
-343.92599 -150.88377 -2.8938911 0
-343.85944 -150.81712 -2.8371396 0
-343.61935 -150.88914 -2.8518023 0
-341.71945 -150.89055 -2.820045 0
-344.09537 -150.79124 -2.887428 0
-343.9267 -150.72514 -2.8912082 0
-343.85629 -150.79539 -2.8585887 0
-343.73993 -150.71768 -2.8604825 0
-341.92325 -150.75768 -2.8442655 0
-343.95996 -150.69128 -2.8666732 0
-343.86789 -150.65463 -2.8573265 0
-343.68448 -150.69023 -2.8344793 0
-341.97336 -150.6228 -2.8757498 0
-341.89273 -150.69487 -2.8016474 0
-343.94989 -150.52757 -2.8908117 0
-343.97549 -150.47913 -2.8840249 0
-264.23465 -150.46809 -2.8135736 0
-343.92844 -150.31494 -2.84288 0
-281.56564 -150.31157 -2.8782291 0
-343.72235 -150.23595 -2.8266151 0
-264.69833 -150.26074 -2.8071747 0
-349.12604 -214.22127 -2.7670338 0
-317.12897 -205.38774 -2.7329736 0
-341.96426 -201.25227 -2.7834976 0
-339.82901 -199.62082 -2.717371 0
-336.54227 -198.18086 -2.7001729 0
-328.23541 -193.72314 -2.7143674 0
-346.8761 -193.12042 -2.7863002 0
-346.73892 -192.82887 -2.7709334 0
-344.37497 -192.35455 -2.751581 0
-342.81128 -190.20334 -2.713783 0
-340.67938 -190.0656 -2.7959433 0
-348.26074 -189.95311 -2.7128627 0
-348.09341 -189.92906 -2.7791092 0
-348.59329 -189.87096 -2.7103446 0
-340.60883 -189.8354 -2.7451932 0
-343.01718 -189.66794 -2.7521265 0
-347.61255 -188.86674 -2.7658739 0
-349.19186 -188.69685 -2.7165616 0
-349.22995 -188.53062 -2.7009103 0
-346.78888 -188.51675 -2.7252307 0
-347.37936 -188.16606 -2.7934134 0
-347.41 -188.03224 -2.7543306 0
-347.5072 -187.93234 -2.7099268 0
-344.39139 -186.90944 -2.7466271 0
-344.42209 -185.87294 -2.7350633 0
-343.45959 -185.71347 -2.7532382 0
-322.39255 -185.30847 -2.7790668 0
-337.34756 -185.26062 -2.7074447 0
-337.30396 -185.1908 -2.718096 0
-340.34671 -182.42114 -2.7657521 0
-339.10049 -182.35796 -2.7125564 0
-340.26611 -181.90993 -2.7395847 0
-339.83279 -181.80269 -2.739815 0
-339.78018 -181.85477 -2.7219853 0
-332.07959 -181.5452 -2.7676759 0
-332.8848 -179.26711 -2.737648 0
-336.78793 -179.08473 -2.7288895 0
-322.64328 -178.58365 -2.7702963 0
-321.28949 -177.45029 -2.7612672 0
-338.34286 -174.93692 -2.7811379 0
-335.19473 -174.55449 -2.7004926 0
-341.22708 -171.54576 -2.7188456 0
-348.79016 -171.34109 -2.7492123 0
-349.70636 -170.94826 -2.7195773 0
-346.28848 -170.38919 -2.7608385 0
-349.89523 -170.09114 -2.7896159 0
-349.52396 -170.07997 -2.7515926 0
-349.39685 -170.00452 -2.745388 0
-338.82166 -169.84521 -2.7234514 0
-349.69846 -169.32118 -2.757159 0
-347.43069 -169.31615 -2.7568765 0
-349.64859 -169.24651 -2.7057354 0
-349.59058 -169.21887 -2.7622299 0
-347.73145 -169.13132 -2.715076 0
-349.73569 -169.05615 -2.758352 0
-349.93155 -168.99451 -2.7355425 0
-346.29599 -167.08147 -2.7902801 0
-337.73743 -167.04657 -2.7319443 0
-345.58594 -166.70947 -2.771749 0
-337.52078 -166.43535 -2.7059038 0
-349.3887 -166.36653 -2.7965124 0
-346.19699 -166.38368 -2.7311561 0
-346.25815 -166.29134 -2.7909031 0
-346.11093 -166.24692 -2.7796457 0
-337.38406 -166.1609 -2.7607493 0
-327.97476 -165.61757 -2.7956698 0
-328.33929 -164.81512 -2.7721 0
-348.02533 -163.93987 -2.7978859 0
-333.21185 -163.84773 -2.7725325 0
-341.2587 -163.03413 -2.7461329 0
-348.06839 -162.35936 -2.7213562 0
-348.9429 -162.19885 -2.717663 0
-348.46274 -162.16742 -2.7561066 0
-348.37173 -162.18245 -2.7541423 0
-348.44189 -162.07068 -2.7272456 0
-348.29306 -162.02933 -2.753412 0
-341.12793 -161.92212 -2.7407053 0
-348.52112 -161.80479 -2.7943525 0
-250.90349 -161.08461 -2.7073605 0
-349.13477 -160.14818 -2.7005904 0
-349.1124 -160.09846 -2.7815428 0
-251.69862 -159.9814 -2.7855322 0
-349.94678 -159.53017 -2.7037275 0
-275.14136 -158.03751 -2.7812328 0
-339.50439 -157.98386 -2.7238972 0
-254.11494 -157.7713 -2.7222176 0
-348.99789 -157.47002 -2.7347286 0
-342.07416 -157.2361 -2.7101879 0
-348.75769 -157.16493 -2.7488968 0
-342.44968 -157.10994 -2.7677746 0
-341.43515 -157.10628 -2.7142746 0
-348.47253 -157.04962 -2.7753315 0
-348.78564 -156.90004 -2.708854 0
-348.63947 -156.94864 -2.71016 0
-348.46518 -156.92888 -2.7336998 0
-348.7926 -156.82086 -2.7160227 0
-348.16113 -156.78867 -2.7406785 0
-349.10101 -156.68507 -2.7919495 0
-273.91544 -156.27541 -2.7098253 0
-349.8082 -156.16295 -2.7537186 0
-346.92404 -155.8064 -2.7686954 0
-346.89203 -155.74657 -2.7862751 0
-348.05447 -155.254 -2.7508917 0
-337.52353 -155.04622 -2.7956524 0
-341.19916 -154.91245 -2.7876613 0
-341.00092 -154.85161 -2.7041929 0
-339.99652 -154.87715 -2.7495103 0
-341.30545 -154.67856 -2.7230499 0
-340.99643 -154.69868 -2.7441263 0
-340.08212 -154.66068 -2.7945151 0
-341.16827 -154.5302 -2.7826452 0
-339.72244 -154.46848 -2.7732282 0
-340.68369 -154.10425 -2.7285345 0
-340.62067 -154.03447 -2.7591443 0
-340.35696 -153.92271 -2.7481687 0
-340.90277 -153.27643 -2.7213254 0
-339.9628 -153.27077 -2.7409139 0
-336.09903 -153.18253 -2.7070005 0
-267.77676 -153.07036 -2.7677944 0
-336.62671 -152.99303 -2.7964146 0
-342.72559 -152.22314 -2.7704277 0
-342.6116 -152.10928 -2.7691131 0
-338.98361 -152.06273 -2.7587643 0
-343.96725 -151.92593 -2.7624369 0
-343.42355 -151.90982 -2.7519333 0
-329.03839 -151.96997 -2.7199035 0
-333.91315 -151.83025 -2.7382672 0
-344.17313 -151.78432 -2.7978938 0
-334.16528 -151.73645 -2.7467277 0
-333.82809 -151.77319 -2.720947 0
-343.81143 -151.63525 -2.7230604 0
-333.91449 -151.69798 -2.7989068 0
-263.57932 -151.60188 -2.7805839 0
-263.46439 -151.55957 -2.7896507 0
-343.80588 -151.13777 -2.7867935 0
-344.03848 -151.05098 -2.7875855 0
-343.78546 -151.04939 -2.7582965 0
-330.08087 -151.0159 -2.7445955 0
-344.22507 -150.94221 -2.7984831 0
-343.67947 -150.99803 -2.7969801 0
-285.81894 -150.97035 -2.7585595 0
-343.92917 -150.85948 -2.7829149 0
-343.94473 -150.74716 -2.7595301 0
-284.12067 -150.70251 -2.7180197 0
-344.35522 -150.6391 -2.7959409 0
-344.11731 -150.63298 -2.7440264 0
-303.19601 -150.66937 -2.7280388 0
-263.24094 -150.66145 -2.7097895 0
-265.02167 -150.50957 -2.7107236 0
-264.19016 -150.23036 -2.727824 0
-265.12985 -150.15979 -2.7510915 0
-262.31125 -150.19165 -2.7637727 0
-261.26544 -150.14873 -2.7273023 0
-341.59882 -201.86549 -2.6541128 0
-334.72916 -201.69977 -2.6760118 0
-334.63165 -201.6891 -2.6192582 0
-339.98755 -197.2092 -2.6078098 0
-326.28821 -193.31166 -2.6798706 0
-346.79013 -192.83751 -2.6581647 0
-346.5459 -192.54799 -2.6769979 0
-340.55786 -190.43315 -2.6546607 0
-340.58484 -190.23195 -2.688024 0
-342.91293 -189.95023 -2.6734579 0
-342.81235 -189.9855 -2.6600962 0
-348.13171 -189.8777 -2.695297 0
-348.50372 -189.65398 -2.6250916 0
-343.15735 -189.40649 -2.6699998 0
-339.11633 -188.99509 -2.6967893 0
-346.10672 -188.80884 -2.630461 0
-348.35217 -188.58546 -2.6459308 0
-349.64539 -188.44977 -2.6779389 0
-349.2229 -188.46208 -2.6995959 0
-349.06659 -188.49876 -2.6969514 0
-349.47647 -188.30423 -2.6149228 0
-348.50208 -188.33986 -2.6868141 0
-349.59497 -188.27203 -2.6420884 0
-346.1492 -188.2608 -2.6379962 0
-347.57553 -188.08098 -2.6439505 0
-334.55637 -187.03235 -2.6902173 0
-344.33798 -186.57915 -2.6368632 0
-344.64841 -186.46953 -2.6175394 0
-344.84216 -186.28754 -2.6237404 0
-339.59515 -183.20145 -2.6008029 0
-339.65417 -182.81776 -2.6092038 0
-332.6463 -182.50977 -2.641747 0
-340.52365 -182.26988 -2.6757939 0
-339.81555 -181.94066 -2.6777236 0
-339.72867 -181.12221 -2.641773 0
-339.39584 -180.81317 -2.6039093 0
-321.89194 -178.31691 -2.6583955 0
-335.07593 -174.49678 -2.6711228 0
-340.63058 -172.20517 -2.6286814 0
-349.6748 -171.39821 -2.6556475 0
-348.44089 -171.28003 -2.6699226 0
-349.44836 -171.18831 -2.6145706 0
-349.46576 -170.78325 -2.6119733 0
-348.77408 -169.79524 -2.6344919 0
-349.3436 -169.68938 -2.6892176 0
-349.27841 -169.64622 -2.6414132 0
-349.50189 -169.56088 -2.6217113 0
-349.58337 -169.41287 -2.6753197 0
-349.20825 -169.39143 -2.6346033 0
-337.75998 -169.36646 -2.6119208 0
-349.59152 -169.16623 -2.6997018 0
-347.87399 -169.10078 -2.6584752 0
-349.65579 -169.06868 -2.682225 0
-349.49167 -169.06366 -2.6147873 0
-341.55011 -169.0593 -2.6842029 0
-337.55084 -167.01953 -2.6537366 0
-346.30051 -166.97243 -2.6326439 0
-345.82959 -166.96333 -2.6024539 0
-338.04407 -166.50642 -2.6060305 0
-349.43213 -166.36658 -2.6198285 0
-349.39044 -166.34798 -2.6559827 0
-346.29166 -166.08522 -2.6323607 0
-349.91437 -165.68167 -2.6186249 0
-349.93057 -165.03699 -2.6077726 0
-346.56622 -164.38454 -2.6316063 0
-346.69147 -164.22237 -2.6704962 0
-346.82043 -164.17336 -2.6781955 0
-339.82047 -163.67853 -2.6992276 0
-349.00177 -163.3031 -2.600939 0
-349.96548 -163.24901 -2.6339614 0
-349.86203 -163.25867 -2.6952977 0
-349.3963 -163.03703 -2.6114924 0
-349.28714 -162.93475 -2.6113782 0
-347.89865 -162.75349 -2.6131001 0
-341.59082 -162.61342 -2.6587517 0
-348.98792 -162.40495 -2.63504 0
-349.0267 -162.3817 -2.6598039 0
-348.98389 -162.22531 -2.6062965 0
-348.36133 -162.10411 -2.6641884 0
-341.15137 -162.073 -2.6130607 0
-348.742 -161.93405 -2.6845787 0
-348.62265 -161.82385 -2.6648512 0
-348.05197 -159.89415 -2.6000309 0
-251.69226 -159.85976 -2.6984084 0
-348.48578 -159.60342 -2.6069562 0
-275.63052 -159.43269 -2.6209853 0
-343.19196 -158.31378 -2.6004405 0
-339.55692 -157.56857 -2.651371 0
-348.7403 -157.37317 -2.623539 0
-252.8996 -157.31934 -2.6322021 0
-341.86365 -157.2007 -2.6904192 0
-348.52374 -157.11447 -2.6542737 0
-341.88843 -157.12711 -2.6870351 0
-275.4537 -157.10904 -2.6137476 0
-348.47198 -157.0482 -2.6715941 0
-348.61514 -156.95888 -2.694102 0
-348.56024 -156.98654 -2.6740413 0
-348.40973 -156.97993 -2.6416581 0
-348.22223 -156.94417 -2.6863382 0
-275.8335 -156.90689 -2.6366284 0
-348.41098 -156.87396 -2.6100187 0
-347.38351 -156.21539 -2.6034408 0
-347.16364 -155.98238 -2.6603608 0
-348.15771 -155.25917 -2.6918104 0
-340.87802 -155.1187 -2.6065979 0
-340.09302 -154.30537 -2.64083 0
-341.16797 -154.27196 -2.6699457 0
-339.92612 -154.03477 -2.6204059 0
-268.45322 -153.66806 -2.6381104 0
-340.15994 -153.3644 -2.6290791 0
-340.43985 -153.26048 -2.6284204 0
-337.83511 -153.24335 -2.6782615 0
-337.49985 -153.29092 -2.6746671 0
-340.56201 -153.10851 -2.6601973 0
-336.78189 -153.0769 -2.6909881 0
-339.59381 -152.73593 -2.6230636 0
-339.4415 -152.47417 -2.6004672 0
-343.27026 -152.20392 -2.6734345 0
-343.67603 -152.16069 -2.6956871 0
-344.06616 -151.91112 -2.6494799 0
-344.00256 -151.80206 -2.6628149 0
-333.9209 -151.71567 -2.6900849 0
-343.70981 -151.54106 -2.6842742 0
-282.43829 -151.51335 -2.6870987 0
-343.85217 -151.3607 -2.6300175 0
-343.65298 -151.32031 -2.6059291 0
-343.72897 -151.19571 -2.690546 0
-341.78021 -151.17422 -2.6079865 0
-344.05637 -151.04951 -2.6142845 0
-344.24368 -150.83083 -2.678617 0
-341.62802 -150.82472 -2.6539941 0
-264.04117 -150.89786 -2.6175468 0
-342.15619 -150.737 -2.6257548 0
-341.728 -150.77742 -2.6060393 0
-344.11786 -150.57674 -2.6388264 0
-344.0484 -150.54843 -2.6253772 0
-343.92773 -150.53931 -2.6336625 0
-342.01389 -150.56531 -2.6050477 0
-341.85962 -150.52782 -2.6158104 0
-344.15649 -150.42882 -2.6606288 0
-344.02179 -150.43532 -2.6466353 0
-343.87991 -150.44455 -2.6416368 0
-265.81631 -150.40173 -2.6406047 0
-264.71301 -150.41818 -2.6934512 0
-271.75259 -150.33675 -2.6415386 0
-264.32794 -150.32726 -2.662545 0
-264.48615 -150.21483 -2.6793621 0
-259.32669 -150.00752 -2.6242747 0
-336.6073 -198.25252 -2.5127711 0
-323.52335 -197.75572 -2.5126169 0
-328.48364 -195.91576 -2.5619848 0
-346.54706 -192.6895 -2.5528204 0
-346.51678 -192.42975 -2.5280225 0
-346.29886 -192.29643 -2.5233138 0
-340.40372 -190.53883 -2.5226378 0
-337.05988 -190.42737 -2.5135155 0
-347.67978 -189.85713 -2.5159404 0
-340.58493 -189.74693 -2.5297859 0
-348.26566 -189.69566 -2.5713782 0
-348.07727 -188.61055 -2.5854068 0
-348.34467 -188.42354 -2.5879297 0
-346.29172 -188.3537 -2.5334558 0
-347.80823 -188.25436 -2.5497308 0
-344.7312 -186.51477 -2.508827 0
-344.60229 -186.51566 -2.5831549 0
-344.52353 -186.58624 -2.541714 0
-344.43307 -186.06654 -2.5348601 0
-337.39145 -185.15331 -2.512341 0
-335.86646 -185.12885 -2.596771 0
-337.32535 -185.09372 -2.5848703 0
-336.67087 -184.70142 -2.5248127 0
-335.51715 -183.68884 -2.5402234 0
-339.50552 -183.16849 -2.5921159 0
-334.90375 -182.90298 -2.5797167 0
-339.98627 -182.10712 -2.5546095 0
-338.66946 -181.71547 -2.5274737 0
-332.79254 -179.47717 -2.53759 0
-336.78091 -179.15936 -2.5848629 0
-335.13864 -174.69325 -2.5305715 0
-341.3533 -171.22247 -2.5879321 0
-341.21109 -171.10321 -2.5275891 0
-349.40131 -170.89388 -2.521512 0
-348.49649 -170.01047 -2.5634227 0
-348.72672 -169.69955 -2.5748913 0
-330.38196 -169.30896 -2.5375559 0
-340.60428 -169.29544 -2.5648582 0
-347.88242 -168.96587 -2.5028882 0
-346.26266 -166.96819 -2.5119946 0
-337.65814 -166.61415 -2.5776029 0
-349.3696 -166.4045 -2.5956078 0
-346.3371 -166.43748 -2.5143633 0
-337.98251 -166.44968 -2.5199459 0
-337.56503 -166.40184 -2.5844908 0
-346.24756 -166.34499 -2.5411348 0
-346.16415 -166.32605 -2.5060899 0
-349.33539 -166.2693 -2.5539534 0
-332.89761 -165.8866 -2.5056477 0
-347.06799 -164.2121 -2.5998836 0
-346.82129 -164.19745 -2.5473723 0
-346.71555 -164.14627 -2.5544991 0
-349.98416 -164.09232 -2.5551283 0
-338.50974 -164.08974 -2.5895748 0
-348.96872 -163.30708 -2.5035491 0
-349.07822 -163.23 -2.5407581 0
-349.10733 -163.01912 -2.5134134 0
-349.12445 -162.92186 -2.5209448 0
-349.08887 -162.98944 -2.5162845 0
-340.06445 -162.99199 -2.5779424 0
-349.23654 -162.81726 -2.5875294 0
-349.09555 -162.87616 -2.5104597 0
-347.42572 -162.89256 -2.5062656 0
-349.21582 -162.72505 -2.5051942 0
-349.2045 -162.61855 -2.5734289 0
-349.16193 -162.65257 -2.575377 0
-347.69885 -162.66663 -2.5706611 0
-349.02063 -162.55075 -2.5940058 0
-347.79361 -162.4597 -2.521436 0
-349.00458 -162.34128 -2.597862 0
-341.24326 -161.89687 -2.5123553 0
-254.84825 -160.77882 -2.5451593 0
-348.88275 -160.32271 -2.5981452 0
-348.98337 -160.22469 -2.5448213 0
-340.58417 -159.87624 -2.5279341 0
-348.21799 -159.75188 -2.5172663 0
-338.96463 -159.68283 -2.5776908 0
-253.39496 -159.61584 -2.5032072 0
-342.4039 -158.8615 -2.526242 0
-342.05984 -158.8102 -2.5888367 0
-349.30524 -158.73117 -2.5221043 0
-342.10376 -158.77927 -2.5125325 0
-274.49268 -158.72504 -2.5774047 0
-348.58118 -158.55539 -2.5946896 0
-349.29828 -158.29037 -2.5143464 0
-349.25366 -158.15709 -2.5049922 0
-349.29355 -158.08261 -2.5142539 0
-342.1181 -158.07001 -2.5016367 0
-349.40988 -157.88307 -2.5929346 0
-348.41913 -157.70483 -2.5462246 0
-349.05978 -157.68082 -2.5078087 0
-348.83231 -157.50374 -2.5171704 0
-348.38785 -157.53833 -2.5633233 0
-275.87601 -157.53459 -2.5636871 0
-348.72266 -157.15828 -2.5669947 0
-348.65039 -157.13998 -2.5208735 0
-348.5679 -157.11142 -2.5664403 0
-348.35199 -157.02623 -2.5259948 0
-253.08095 -157.07899 -2.5917475 0
-348.45288 -156.93515 -2.5203671 0
-348.81076 -156.81915 -2.5167079 0
-348.4068 -156.85197 -2.5446928 0
-348.39426 -156.87285 -2.5297999 0
-348.23914 -156.87514 -2.5997579 0
-348.13297 -156.8833 -2.5937002 0
-349.00397 -156.62296 -2.5352511 0
-349.09741 -156.53885 -2.5609825 0
-347.66812 -156.46974 -2.5322611 0
-347.21692 -156.02654 -2.5982399 0
-337.59158 -155.31839 -2.5724058 0
-340.49384 -155.13948 -2.5709319 0
-335.31183 -155.16933 -2.5430782 0
-335.64032 -154.92999 -2.5001981 0
-340.41049 -154.83525 -2.599617 0
-335.67871 -154.83194 -2.5207508 0
-340.07843 -154.72639 -2.5637872 0
-341.17789 -154.52101 -2.5365319 0
-336.23785 -154.29646 -2.5803499 0
-340.46616 -153.90256 -2.592833 0
-270.41046 -153.95166 -2.5514851 0
-340.08899 -153.87482 -2.5125959 0
-339.95679 -153.54359 -2.517211 0
-339.81674 -153.31326 -2.507262 0
-337.46228 -153.20161 -2.5155334 0
-339.68857 -153.03088 -2.5685911 0
-335.80692 -153.0226 -2.5493538 0
-339.77756 -152.97574 -2.5559406 0
-339.65759 -152.8923 -2.5693567 0
-339.61145 -152.75436 -2.5655658 0
-344.02286 -151.77087 -2.554821 0
-263.3652 -151.7157 -2.5075002 0
-333.90979 -151.59286 -2.5906336 0
-341.84833 -151.33395 -2.5618429 0
-341.50806 -151.20216 -2.5602479 0
-341.34448 -151.24612 -2.5816901 0
-344.23322 -151.05388 -2.588743 0
-343.66428 -151.04022 -2.59776 0
-342.29974 -151.07646 -2.551136 0
-341.97598 -150.96707 -2.5928144 0
-341.76791 -150.96866 -2.5164669 0
-341.6778 -150.9286 -2.5505185 0
-344.49231 -150.61053 -2.5667031 0
-344.1351 -150.65253 -2.5839715 0
-344.10791 -150.58208 -2.5915117 0
-343.92099 -150.54861 -2.5938995 0
-342.28458 -150.50302 -2.5933769 0
-264.00226 -150.57159 -2.5703411 0
-257.5062 -150.5558 -2.5333345 0
-344.13116 -150.45815 -2.5825214 0
-342.8804 -150.47987 -2.554343 0
-341.5578 -150.4232 -2.5423417 0
-341.49329 -150.49797 -2.5653913 0
-264.65439 -150.4612 -2.5614862 0
-344.00797 -150.34975 -2.5506489 0
-341.52841 -150.33087 -2.532582 0
-271.86633 -150.3114 -2.5353937 0
-264.51065 -150.38676 -2.5494151 0
-344.02747 -150.27673 -2.5036662 0
-326.22842 -231.80952 -2.423048 0
-325.90909 -208.53967 -2.4913924 0
-334.84729 -201.50972 -2.4592865 0
-346.65979 -192.67998 -2.4760225 0
-341.09427 -190.8082 -2.4780118 0
-340.3429 -190.67303 -2.4663248 0
-341.0126 -190.49382 -2.4642885 0
-340.5134 -190.134 -2.4593203 0
-342.87018 -189.54047 -2.4276776 0
-343.4584 -189.3008 -2.4618363 0
-343.25247 -189.33759 -2.4675844 0
-348.96307 -189.2746 -2.4517567 0
-348.86377 -189.25375 -2.4049809 0
-343.25302 -189.2664 -2.4400656 0
-346.05612 -188.97169 -2.4927666 0
-348.49503 -188.42401 -2.4195075 0
-347.90155 -188.47437 -2.4590652 0
-347.86429 -188.31058 -2.4568491 0
-348.56601 -188.21596 -2.4618242 0
-348.00815 -188.20795 -2.4792945 0
-346.30673 -188.26932 -2.4280407 0
-347.70654 -188.18616 -2.4799066 0
-347.65097 -188.07576 -2.498138 0
-347.56577 -187.95517 -2.456214 0
-344.60577 -186.76025 -2.466445 0
-344.58102 -186.25392 -2.4046934 0
-344.32028 -186.06097 -2.4692149 0
-339.19748 -183.10498 -2.4097395 0
-339.38879 -182.98657 -2.4194815 0
-335.21249 -182.94539 -2.4064994 0
-323.10556 -182.46951 -2.4424925 0
-339.78979 -182.35463 -2.4304895 0
-340.08347 -181.9436 -2.4915335 0
-336.73715 -179.03952 -2.4421589 0
-338.31198 -175.09541 -2.4477413 0
-338.242 -174.89395 -2.4794142 0
-335.2233 -174.61502 -2.4924245 0
-335.17398 -174.69717 -2.4785919 0
-349.34424 -171.98483 -2.4469357 0
-341.2103 -171.843 -2.4410708 0
-349.53867 -171.38423 -2.4681933 0
-322.25934 -171.33058 -2.4177332 0
-349.18427 -170.72311 -2.4733334 0
-346.98083 -170.20297 -2.4263434 0
-348.58072 -170.14954 -2.4215622 0
-347.37717 -169.978 -2.4240024 0
-348.76941 -169.86984 -2.4577949 0
-349.07349 -169.53307 -2.4269493 0
-341.76669 -169.45685 -2.4133835 0
-347.43185 -169.00591 -2.4478793 0
-347.86871 -168.90414 -2.4991047 0
-347.81174 -168.83548 -2.4401112 0
-347.53943 -168.64667 -2.4077854 0
-337.74466 -167.10042 -2.4810216 0
-349.49222 -166.56175 -2.4528275 0
-349.43869 -166.41037 -2.4424069 0
-346.21588 -166.3586 -2.4264193 0
-346.14941 -166.34006 -2.4234447 0
-346.0235 -166.29665 -2.4027779 0
-337.63507 -166.13185 -2.4143116 0
-339.55826 -164.22816 -2.4745274 0
-346.89539 -164.0043 -2.4387572 0
-346.89075 -163.77325 -2.4179847 0
-349.96527 -163.66199 -2.4301212 0
-346.94312 -163.60178 -2.4429045 0
-339.9296 -163.67671 -2.4684868 0
-349.64047 -163.03514 -2.4528666 0
-349.45734 -163.06055 -2.4359181 0
-348.93875 -163.03107 -2.4424865 0
-342.31339 -163.05969 -2.4800794 0
-349.76016 -162.90154 -2.4165666 0
-349.13672 -162.86624 -2.4621263 0
-349.0643 -162.87521 -2.4574869 0
-347.32797 -162.73811 -2.4401793 0
-348.95554 -162.68405 -2.4750896 0
-347.755 -162.65941 -2.47944 0
-347.44009 -162.64552 -2.4068363 0
-347.25125 -162.69499 -2.4417436 0
-340.77209 -162.57545 -2.427907 0
-341.58984 -162.48593 -2.4334731 0
-348.74338 -162.31599 -2.4051669 0
-348.96524 -162.15552 -2.4549322 0
-348.93661 -162.09428 -2.4965298 0
-346.28525 -161.78882 -2.4025688 0
-325.28989 -161.02208 -2.4071789 0
-340.59503 -160.25568 -2.4714108 0
-348.5563 -159.53941 -2.4899271 0
-348.58142 -159.31425 -2.4618576 0
-348.70734 -159.22604 -2.4786744 0
-277.9921 -159.27261 -2.4930785 0
-337.46472 -158.97156 -2.421845 0
-341.91608 -158.69244 -2.4623904 0
-341.7995 -158.63414 -2.4410849 0
-342.01373 -158.58005 -2.4810891 0
-273.19299 -158.52748 -2.4526396 0
-342.07956 -158.1465 -2.4933236 0
-349.20636 -157.81354 -2.4791338 0
-349.04965 -157.70258 -2.4591217 0
-339.59744 -157.69351 -2.4354467 0
-342.83679 -157.5722 -2.4504924 0
-270.43634 -157.36343 -2.491426 0
-348.98914 -157.1147 -2.4617133 0
-348.64929 -157.10562 -2.4708507 0
-348.66211 -157.04977 -2.4606667 0
-348.5961 -157.06583 -2.4551859 0
-348.48462 -156.90518 -2.4635038 0
-253.89801 -156.91196 -2.4927292 0
-349.76065 -156.85132 -2.4897788 0
-348.16718 -156.80499 -2.4751081 0
-347.63705 -156.38754 -2.4933496 0
-347.3851 -155.99924 -2.4354537 0
-348.26337 -155.58423 -2.4293358 0
-348.08444 -155.27852 -2.4171913 0
-341.19955 -154.47112 -2.4637315 0
-348.54123 -154.25258 -2.4410007 0
-341.14426 -154.09622 -2.4213643 0
-340.31934 -154.01721 -2.411696 0
-339.79971 -153.62941 -2.4387181 0
-339.64328 -153.5515 -2.4337325 0
-342.96899 -152.3331 -2.4317739 0
-281.18683 -152.09509 -2.4656897 0
-267.52435 -152.04636 -2.4347448 0
-343.79251 -151.9803 -2.402077 0
-343.32864 -151.91788 -2.4664841 0
-333.99924 -151.8092 -2.409795 0
-265.96219 -151.73724 -2.4637239 0
-265.92624 -151.65863 -2.4645495 0
-265.38867 -151.41284 -2.4099793 0
-343.45959 -151.38689 -2.4244928 0
-286.23123 -151.34605 -2.4033456 0
-343.59915 -151.24277 -2.4553759 0
-263.26669 -151.24358 -2.4150352 0
-343.53577 -151.04309 -2.4383323 0
-344.10751 -150.97368 -2.4349976 0
-343.62637 -150.98042 -2.4382949 0
-342.41095 -150.89293 -2.4068906 0
-341.72137 -150.81631 -2.4556847 0
-304.26346 -150.82582 -2.4864862 0
-344.10577 -150.7057 -2.48492 0
-344.09595 -150.7655 -2.4309661 0
-342.12103 -150.61171 -2.4427748 0
-282.96307 -150.69284 -2.4522223 0
-342.40439 -150.54341 -2.4266293 0
-344.50375 -150.31816 -2.4951503 0
-344.15323 -150.33389 -2.4354248 0
-344.03146 -150.33446 -2.4259641 0
-341.46533 -150.34271 -2.4302495 0
-344.36575 -150.27112 -2.4776101 0
-344.0419 -150.2565 -2.4536121 0
-343.92795 -150.09637 -2.4403896 0
-325.9924 -208.55536 -2.3461301 0
-325.83694 -208.59796 -2.316601 0
-326.17075 -205.4265 -2.318368 0
-341.13937 -201.92995 -2.3335481 0
-341.01523 -201.6329 -2.3244491 0
-332.73077 -196.19666 -2.3549452 0
-339.92828 -193.59155 -2.3035057 0
-326.17068 -193.25653 -2.3511798 0
-346.41608 -192.87576 -2.3562191 0
-346.49445 -192.74153 -2.3560822 0
-346.33594 -192.65817 -2.3265226 0
-346.19659 -192.46519 -2.333703 0
-344.42276 -191.49805 -2.3290529 0
-344.27951 -191.32637 -2.3410943 0
-344.11554 -191.20944 -2.3432939 0
-339.52835 -189.67023 -2.3587625 0
-348.71674 -189.49081 -2.3815725 0
-349.04736 -189.3567 -2.36656 0
-348.50443 -189.33299 -2.368638 0
-348.74774 -189.2314 -2.3800745 0
-348.51273 -189.21948 -2.3248174 0
-348.66458 -189.16389 -2.3722134 0
-348.82529 -189.00223 -2.3763759 0
-348.49756 -189.08635 -2.362303 0
-347.74911 -188.61319 -2.3778882 0
-349.38321 -188.53589 -2.331959 0
-348.60995 -188.349 -2.3493927 0
-348.39651 -188.3287 -2.3267303 0
-348.43961 -188.23309 -2.3462026 0
-348.49869 -188.01024 -2.3966863 0
-348.31006 -188.06088 -2.3139703 0
-348.23007 -188.08823 -2.34901 0
-337.85855 -185.35019 -2.3690984 0
-335.89966 -185.14354 -2.3148873 0
-335.7865 -184.08247 -2.3251982 0
-336.26974 -183.8875 -2.3110802 0
-335.35291 -183.23836 -2.3234353 0
-338.93134 -182.539 -2.3251727 0
-339.82919 -182.1524 -2.3879964 0
-340.04395 -182.07426 -2.3419211 0
-339.84528 -181.93347 -2.3766751 0
-339.76398 -181.85109 -2.3525405 0
-336.73758 -179.30119 -2.3063664 0
-332.81494 -179.39117 -2.3497157 0
-336.80127 -179.22311 -2.3368933 0
-327.36609 -179.10849 -2.3169241 0
-327.17151 -179.15823 -2.3037822 0
-338.1684 -175.06627 -2.3618245 0
-348.55154 -172.23042 -2.3526196 0
-349.05051 -171.95927 -2.3015835 0
-349.97498 -171.61586 -2.3349295 0
-349.46286 -171.65936 -2.3992913 0
-349.55356 -171.59019 -2.3175318 0
-349.46802 -171.3172 -2.337024 0
-349.3056 -170.7148 -2.3745091 0
-349.16843 -170.52917 -2.3525009 0
-348.97482 -170.27171 -2.3148618 0
-347.52921 -169.73895 -2.3552108 0
-337.86105 -169.68785 -2.3693573 0
-347.86261 -168.92384 -2.3259048 0
-347.77682 -168.7832 -2.3935142 0
-346.22214 -166.91273 -2.3214297 0
-349.4783 -166.39168 -2.3925915 0
-349.43378 -166.24408 -2.3454425 0
-349.53333 -166.18428 -2.3558578 0
-349.48267 -166.1812 -2.3986762 0
-349.68869 -165.98767 -2.377037 0
-346.83121 -164.30922 -2.3218026 0
-346.86105 -164.25958 -2.3780959 0
-346.30832 -164.26445 -2.3665988 0
-346.05453 -164.29228 -2.3220408 0
-349.81622 -163.79567 -2.3193285 0
-349.75296 -163.72156 -2.3145189 0
-348.87646 -163.35381 -2.3249607 0
-347.53754 -163.21423 -2.3039653 0
-348.83951 -163.16911 -2.314419 0
-347.51279 -163.10031 -2.3314359 0
-348.99524 -162.998 -2.3929214 0
-347.67892 -162.9444 -2.3525968 0
-347.59653 -162.93858 -2.3664281 0
-349.12494 -162.79626 -2.3196113 0
-349.08313 -162.6759 -2.3405175 0
-348.97925 -162.68959 -2.3924093 0
-347.68317 -162.56941 -2.3987646 0
-348.974 -162.42175 -2.3988733 0
-348.91888 -162.23369 -2.3762295 0
-341.21783 -162.22641 -2.3964388 0
-341.28369 -162.03215 -2.3961363 0
-346.29123 -161.85356 -2.3930476 0
-274.19315 -160.8383 -2.3809044 0
-340.58563 -160.74423 -2.3275583 0
-340.78268 -160.49663 -2.3685515 0
-340.66519 -160.33247 -2.3581605 0
-340.84747 -160.09157 -2.3768768 0
-340.74609 -159.91733 -2.3063915 0
-340.62793 -159.89395 -2.3227 0
-273.3988 -159.51782 -2.3412375 0
-266.18369 -159.52631 -2.3689046 0
-349.30554 -159.06734 -2.3669834 0
-349.29355 -159.03142 -2.3342619 0
-348.63379 -158.96126 -2.3961382 0
-349.31561 -158.81476 -2.3985488 0
-349.33783 -158.71967 -2.3898981 0
-348.51715 -158.73157 -2.3757961 0
-341.70584 -158.57179 -2.3857198 0
-341.15439 -158.41104 -2.3984408 0
-348.43707 -158.31682 -2.3638904 0
-275.57248 -158.39995 -2.3565559 0
-254.25601 -158.29523 -2.3042016 0
-349.83487 -157.89543 -2.3029821 0
-341.38193 -157.57713 -2.3441679 0
-342.86029 -157.48149 -2.3623171 0
-341.39334 -157.46902 -2.3647976 0
-349.26981 -157.37869 -2.3654094 0
-348.93668 -157.13591 -2.3475428 0
-348.56714 -156.95651 -2.3268411 0
-348.50604 -156.87749 -2.3596556 0
-348.48053 -156.83717 -2.3651876 0
-348.39182 -156.80537 -2.3619781 0
-349.88223 -156.74684 -2.3797817 0
-348.34442 -155.75491 -2.3410044 0
-306.87183 -155.70058 -2.342042 0
-307.14145 -155.57828 -2.3589406 0
-348.82947 -155.46129 -2.3444114 0
-269.24255 -155.4624 -2.3341522 0
-348.95004 -155.37192 -2.363404 0
-348.16269 -155.30045 -2.3810933 0
-348.08548 -155.32878 -2.3478277 0
-340.31894 -154.54295 -2.3874655 0
-340.06131 -154.59921 -2.3510222 0
-340.16458 -154.37646 -2.3925152 0
-348.98111 -154.23689 -2.3310533 0
-340.05341 -154.24858 -2.379631 0
-339.84381 -153.56555 -2.3220561 0
-339.63751 -153.49088 -2.310967 0
-343.41046 -152.26198 -2.3932936 0
-343.80887 -152.16728 -2.3779783 0
-343.78702 -152.05652 -2.3039217 0
-343.58701 -152.04573 -2.3300312 0
-343.52625 -151.83701 -2.3087938 0
-262.82059 -151.84972 -2.3313189 0
-343.61423 -151.21489 -2.3764458 0
-342.28546 -151.29829 -2.3426638 0
-342.07852 -151.28981 -2.3053136 0
-341.78403 -151.16873 -2.3286278 0
-341.29346 -151.03485 -2.3287115 0
-341.15341 -151.02695 -2.3440728 0
-264.95825 -151.03705 -2.3342962 0
-344.0726 -150.95285 -2.3720627 0
-343.75641 -150.93161 -2.3493476 0
-343.59793 -150.92686 -2.309922 0
-343.49564 -150.9352 -2.396848 0
-283.90799 -150.9966 -2.3751147 0
-264.87302 -150.9622 -2.3007014 0
-264.01306 -150.97089 -2.3105452 0
-342.09363 -150.72485 -2.359714 0
-341.88168 -150.73933 -2.3276582 0
-341.74405 -150.7373 -2.3520188 0
-342.67282 -150.68309 -2.3022807 0
-341.52878 -150.54292 -2.3108108 0
-293.27328 -150.51317 -2.3257189 0
-263.96338 -150.56686 -2.3706856 0
-342.43192 -150.46014 -2.333385 0
-341.48767 -150.48503 -2.3723752 0
-344.34778 -150.23825 -2.3858933 0
-344.16022 -150.14438 -2.3505175 0
-283.0271 -150.10802 -2.3424332 0
-344.25171 -150.04515 -2.3614018 0
-344.11893 -150.0679 -2.3501608 0
-315.40936 -150.09451 -2.3002369 0
-326.18323 -205.38155 -2.2716017 0
-325.65662 -202.71664 -2.289573 0
-337.89349 -202.20447 -2.2314012 0
-344.80704 -192.73444 -2.215256 0
-326.06534 -190.30341 -2.2417347 0
-348.59518 -189.46162 -2.2271028 0
-349.14774 -189.32037 -2.2978475 0
-342.92413 -189.11255 -2.2928784 0
-338.97794 -188.92883 -2.209574 0
-346.8652 -188.53279 -2.2609165 0
-349.53738 -188.38707 -2.2959223 0
-346.5043 -188.30769 -2.2740982 0
-349.00977 -188.22696 -2.2551031 0
-348.92337 -188.27513 -2.21977 0
-348.55878 -188.28802 -2.2226067 0
-346.15024 -188.29797 -2.248841 0
-348.16647 -188.12175 -2.295912 0
-348.07599 -188.03174 -2.2847106 0
-336.34634 -188.04051 -2.2495911 0
-336.26752 -187.96751 -2.2429452 0
-344.59247 -186.60056 -2.2060208 0
-344.70657 -186.44695 -2.2650492 0
-344.65527 -186.23782 -2.280237 0
-344.64594 -186.15869 -2.2853525 0
-344.42798 -186.0085 -2.202059 0
-344.28058 -186.00348 -2.2121553 0
-343.98853 -185.92511 -2.2552311 0
-344.67029 -185.85828 -2.225903 0
-344.44656 -185.80353 -2.2392328 0
-327.13171 -185.69695 -2.2717843 0
-337.28497 -185.22035 -2.2825906 0
-337.34067 -185.17143 -2.2751606 0
-335.50165 -184.68304 -2.29686 0
-336.72058 -184.48282 -2.2519431 0
-336.68549 -184.48663 -2.211447 0
-339.53348 -182.44748 -2.2923198 0
-338.53534 -181.67175 -2.2306347 0
-338.99539 -181.36176 -2.2168314 0
-339.41568 -174.46425 -2.2779372 0
-347.70486 -172.16054 -2.2711906 0
-349.61017 -171.49892 -2.257668 0
-322.33838 -171.11156 -2.2320201 0
-341.02588 -170.29903 -2.2446699 0
-347.37296 -169.5636 -2.2495058 0
-347.54398 -169.04659 -2.2693746 0
-345.72278 -166.96298 -2.2459793 0
-338.12637 -166.66225 -2.2168796 0
-349.54211 -166.30569 -2.2247822 0
-349.59821 -166.25398 -2.2122836 0
-349.33334 -165.5975 -2.2287571 0
-349.29678 -165.59605 -2.2791998 0
-349.78519 -163.8237 -2.2854338 0
-333.29773 -163.79903 -2.2560236 0
-348.62268 -163.41245 -2.2099819 0
-347.29172 -163.46809 -2.2855136 0
-348.13974 -163.38185 -2.231375 0
-347.5643 -163.34468 -2.2636054 0
-347.31683 -163.31441 -2.2768242 0
-348.76538 -163.27531 -2.2807026 0
-347.62042 -163.08107 -2.2750945 0
-347.44458 -162.98602 -2.2567551 0
-347.69867 -162.88708 -2.2535968 0
-346.98773 -162.78168 -2.2612674 0
-341.02411 -162.59839 -2.2552314 0
-341.62286 -162.44319 -2.2208071 0
-341.37094 -162.22829 -2.2855422 0
-341.23575 -162.03435 -2.2494519 0
-341.17847 -161.97093 -2.2539113 0
-341.80817 -161.49954 -2.2366595 0
-340.52643 -161.24391 -2.2294304 0
-341.32513 -161.00914 -2.2384007 0
-340.50787 -161.03622 -2.2319255 0
-341.20825 -160.98372 -2.2569158 0
-340.68939 -160.65065 -2.2896304 0
-340.79865 -160.45839 -2.2972903 0
-252.65353 -160.3907 -2.2125802 0
-340.53641 -160.09003 -2.2294536 0
-340.13516 -159.89372 -2.2979345 0
-348.45636 -159.52223 -2.2982633 0
-348.39615 -159.55289 -2.272423 0
-348.34293 -159.48003 -2.2110641 0
-276.75879 -159.31995 -2.2701879 0
-349.68823 -159.07031 -2.2649496 0
-349.80261 -158.20546 -2.2317758 0
-348.46143 -158.29945 -2.2771368 0
-341.04208 -158.28006 -2.2061803 0
-348.30508 -157.69968 -2.2651322 0
-342.79834 -157.51923 -2.2865829 0
-348.36969 -157.45724 -2.2401538 0
-347.95001 -157.36992 -2.2975397 0
-348.86441 -157.17572 -2.2359517 0
-348.366 -156.90688 -2.2240272 0
-270.57626 -156.92909 -2.2733626 0
-348.38586 -156.83417 -2.251791 0
-348.36356 -156.00529 -2.2342975 0
-347.39206 -156.05956 -2.2548943 0
-342.84061 -156.00296 -2.2186747 0
-348.33514 -155.94608 -2.2439847 0
-349.72849 -155.83096 -2.2537954 0
-347.66235 -155.58757 -2.2618232 0
-332.71426 -155.11406 -2.2575595 0
-340.26785 -154.37292 -2.2935829 0
-270.40698 -154.08101 -2.2466133 0
-339.68262 -153.4599 -2.239841 0
-337.54761 -153.17079 -2.2223229 0
-343.13736 -152.59596 -2.2188847 0
-343.81674 -152.46527 -2.2486949 0
-343.31989 -152.43674 -2.2704029 0
-343.66217 -152.14928 -2.2703097 0
-343.45898 -152.14304 -2.2929263 0
-343.36081 -152.1266 -2.2290401 0
-343.71072 -152.01044 -2.2278509 0
-344.21283 -151.97334 -2.2077265 0
-344.1774 -151.97287 -2.2255855 0
-343.58612 -151.92757 -2.2845778 0
-344.09464 -151.87958 -2.236053 0
-343.81149 -151.76611 -2.2560966 0
-343.81396 -151.62292 -2.208462 0
-343.60999 -151.65242 -2.2123218 0
-343.73737 -151.55357 -2.2381427 0
-342.18549 -151.55725 -2.2751658 0
-341.92416 -151.53188 -2.2284529 0
-343.75424 -151.40248 -2.213304 0
-343.67337 -151.48077 -2.2835414 0
-343.53903 -151.40326 -2.2222519 0
-342.38483 -151.44127 -2.2952371 0
-342.25366 -151.49409 -2.255106 0
-263.96481 -151.4968 -2.2075944 0
-263.88107 -151.49466 -2.2141571 0
-343.79007 -151.38521 -2.2366674 0
-342.18851 -151.35345 -2.2410586 0
-329.89209 -151.33405 -2.2907286 0
-258.52182 -151.35745 -2.253758 0
-343.57983 -151.26001 -2.2441716 0
-342.00488 -151.24825 -2.2861612 0
-263.67371 -151.21477 -2.2792027 0
-343.66382 -151.18997 -2.2676747 0
-341.16187 -151.06018 -2.2201271 0
-343.60815 -150.99197 -2.2892811 0
-343.32639 -150.80455 -2.2880335 0
-343.13431 -150.72971 -2.2404823 0
-342.53433 -150.71404 -2.2389877 0
-341.97852 -150.69998 -2.2947853 0
-341.68628 -150.64798 -2.246743 0
-341.27951 -150.46112 -2.2451944 0
-284.81772 -150.42229 -2.2679291 0
-344.28851 -150.08142 -2.2353194 0
-343.95825 -150.05493 -2.2487047 0
-348.86096 -213.96788 -2.1383753 0
-326.04684 -208.55049 -2.1983936 0
-336.29709 -200.64822 -2.1019807 0
-340.23019 -199.99471 -2.152391 0
-336.4277 -199.88788 -2.135221 0
-313.94498 -199.25517 -2.1099691 0
-337.8721 -196.36368 -2.12047 0
-333.8519 -192.96811 -2.1225092 0
-345.04343 -192.11095 -2.1675925 0
-344.34421 -191.21886 -2.130991 0
-348.62759 -189.52344 -2.1966524 0
-347.98572 -189.32698 -2.171339 0
-339.26801 -189.10124 -2.1454995 0
-346.0484 -188.36792 -2.1927528 0
-348.49472 -188.1936 -2.1943114 0
-344.48279 -186.62254 -2.1787796 0
-344.586 -186.53615 -2.1435716 0
-344.28372 -186.55754 -2.1231651 0
-344.68106 -186.23203 -2.1408792 0
-344.55893 -186.29099 -2.1230011 0
-344.33521 -186.02818 -2.1726062 0
-344.45456 -185.90018 -2.121944 0
-336.41879 -184.64682 -2.1522889 0
-336.04327 -184.65372 -2.1984267 0
-335.97083 -184.62045 -2.1746833 0
-335.47794 -184.53816 -2.1957707 0
-336.56363 -184.44238 -2.1839046 0
-339.0116 -183.66342 -2.1323557 0
-338.89175 -183.59584 -2.1114085 0
-339.42429 -182.82649 -2.1397943 0
-339.36108 -182.81613 -2.1796687 0
-338.9061 -182.69214 -2.1612058 0
-340.01611 -182.14195 -2.1796784 0
-322.40094 -177.97621 -2.1407316 0
-338.31503 -175.17186 -2.1076295 0
-335.09393 -174.74466 -2.184773 0
-348.75867 -172.2625 -2.1744478 0
-349.20862 -171.65483 -2.148103 0
-349.19913 -171.6483 -2.1253541 0
-347.52148 -169.92978 -2.1235368 0
-347.35922 -169.83498 -2.1851969 0
-347.18292 -169.75838 -2.1456437 0
-348.6192 -169.69594 -2.1684325 0
-347.19156 -169.34996 -2.1457129 0
-347.35544 -169.14445 -2.1757698 0
-345.15497 -167.41896 -2.1088784 0
-346.89929 -167.27432 -2.1439483 0
-345.56815 -166.90112 -2.1788466 0
-346.95358 -164.80048 -2.1546698 0
-346.76581 -164.82069 -2.1382482 0
-347.06122 -164.54155 -2.1515291 0
-346.74451 -164.24123 -2.1595564 0
-346.26865 -164.13503 -2.1776934 0
-346.84711 -164.09187 -2.1526682 0
-346.26401 -164.0896 -2.1537263 0
-333.20334 -163.84393 -2.1871908 0
-347.11243 -163.65228 -2.1439345 0
-340.55048 -163.62024 -2.1694822 0
-348.43866 -163.54225 -2.1160178 0
-340.2836 -163.37605 -2.1983333 0
-348.45874 -163.16031 -2.1225355 0
-348.69803 -163.08339 -2.1797206 0
-348.36053 -163.03392 -2.1392593 0
-340.16699 -162.60715 -2.1177526 0
-340.37189 -161.71945 -2.1436357 0
-341.50116 -161.51334 -2.1222904 0
-339.85657 -161.25749 -2.1453133 0
-342.42374 -161.01126 -2.1543512 0
-340.49768 -160.61617 -2.1622989 0
-274.82098 -160.59398 -2.1359825 0
-340.53311 -160.19685 -2.1468949 0
-340.55344 -159.9895 -2.1366911 0
-339.79559 -159.33331 -2.1400995 0
-277.1026 -159.32413 -2.1977355 0
-349.63123 -159.24174 -2.1693826 0
-254.21759 -159.07014 -2.184088 0
-269.46423 -158.76701 -2.1409249 0
-275.13696 -158.49306 -2.1059651 0
-348.22095 -158.036 -2.1070292 0
-339.66092 -157.84337 -2.1994705 0
-339.43445 -157.55132 -2.1125567 0
-254.04111 -157.15733 -2.1378248 0
-253.9267 -157.0509 -2.1600962 0
-348.47803 -156.94812 -2.118659 0
-348.39459 -156.91222 -2.1703763 0
-348.3681 -156.87218 -2.1163092 0
-349.52423 -156.79637 -2.1248808 0
-349.68091 -156.5088 -2.1089947 0
-347.4447 -156.21706 -2.1961808 0
-348.00293 -156.08774 -2.1789191 0
-347.54022 -155.95953 -2.1485491 0
-340.09741 -155.31871 -2.1407468 0
-339.96277 -155.24805 -2.1238418 0
-349.21167 -154.88669 -2.1125047 0
-340.04712 -154.8255 -2.1859527 0
-259.42212 -154.80147 -2.1027181 0
-340.71286 -154.26672 -2.154212 0
-270.40729 -154.04231 -2.1061966 0
-267.20319 -153.82883 -2.1102502 0
-339.68304 -153.52043 -2.1031349 0
-339.54904 -153.4436 -2.1823359 0
-337.55295 -153.30965 -2.1256883 0
-337.47971 -153.26636 -2.1190515 0
-335.57166 -152.64421 -2.1511786 0
-343.5687 -152.36647 -2.1524391 0
-343.28363 -152.38316 -2.1762655 0
-343.26361 -152.29428 -2.171705 0
-284.08322 -152.02647 -2.1031687 0
-344.02271 -151.90352 -2.1048412 0
-344.08743 -151.83659 -2.1196351 0
-343.9512 -151.84972 -2.1913567 0
-343.7366 -151.80481 -2.1167922 0
-343.62622 -151.69106 -2.1764672 0
-283.86548 -151.5099 -2.1031294 0
-260.11902 -151.50601 -2.1910131 0
-343.68164 -151.28352 -2.1940591 0
-283.89215 -151.2364 -2.1456523 0
-343.69687 -151.12685 -2.1317887 0
-282.11377 -150.88011 -2.1131017 0
-263.56616 -150.65042 -2.1383245 0
-286.76407 -150.37778 -2.1227119 0
-342.11447 -150.14943 -2.1462328 0
-343.6066 -150.07809 -2.1556573 0
-281.4856 -150.03282 -2.1463115 0
-340.741 -203.4782 -2.0008137 0
-341.77579 -201.89914 -2.0521624 0
-334.31705 -201.83261 -2.0833924 0
-342.06543 -201.53558 -2.0028691 0
-341.62604 -201.43283 -2.0005488 0
-340.22653 -200.32089 -2.0315294 0
-339.48215 -199.6606 -2.0468075 0
-337.15738 -192.71838 -2.0778799 0
-344.97333 -192.01886 -2.0640452 0
-349.16565 -189.00041 -2.044538 0
-346.37836 -188.35931 -2.0225515 0
-348.43784 -188.26573 -2.0798283 0
-346.48318 -188.29065 -2.0641227 0
-349.37469 -187.91063 -2.0255148 0
-349.06689 -187.9397 -2.0393732 0
-348.97116 -187.9064 -2.0537634 0
-348.75824 -187.95535 -2.0349822 0
-349.30447 -187.72618 -2.0790162 0
-348.7619 -187.77937 -2.0114191 0
-347.88324 -187.75891 -2.0555396 0
-349.98367 -187.44131 -2.0359993 0
-344.64923 -186.60703 -2.0105116 0
-344.69489 -186.54054 -2.0391991 0
-344.42108 -185.82106 -2.0134578 0
-335.86755 -184.91405 -2.0825613 0
-335.94269 -183.95456 -2.0832989 0
-338.76605 -183.69002 -2.071007 0
-339.42206 -182.96062 -2.0404127 0
-339.49036 -182.87389 -2.0261734 0
-332.29684 -181.62177 -2.0497057 0
-332.82401 -179.34608 -2.079957 0
-339.5585 -174.88243 -2.0221303 0
-348.54346 -172.37285 -2.0545073 0
-348.78677 -172.20291 -2.0622251 0
-348.63535 -172.25195 -2.041343 0
-348.42395 -172.10892 -2.0348492 0
-348.8056 -171.92349 -2.043154 0
-347.79846 -171.94821 -2.0430882 0
-322.38687 -171.14598 -2.0537138 0
-349.93414 -170.29587 -2.0150652 0
-349.41406 -169.92921 -2.0050044 0
-330.21964 -169.38243 -2.0176454 0
-341.11292 -168.9567 -2.0539167 0
-347.0495 -167.4881 -2.011126 0
-346.49823 -167.27325 -2.0291085 0
-345.79514 -166.90593 -2.0582867 0
-345.64203 -166.9581 -2.059309 0
-337.47113 -166.40031 -2.0174589 0
-349.64532 -166.23836 -2.0514839 0
-349.45801 -166.28795 -2.0945277 0
-337.4921 -166.27303 -2.0579879 0
-349.50446 -166.17873 -2.0244827 0
-346.35464 -164.10074 -2.0832908 0
-346.25012 -164.17618 -2.0210137 0
-348.40231 -164.09514 -2.064121 0
-348.35361 -164.01295 -2.0409427 0
-348.18808 -164.04736 -2.0402918 0
-346.78513 -164.09564 -2.0107403 0
-348.25427 -163.97691 -2.0362897 0
-348.33386 -163.83595 -2.0377681 0
-346.15417 -163.87485 -2.0314541 0
-348.43646 -163.76276 -2.021872 0
-348.21951 -163.75945 -2.0088625 0
-339.81351 -163.70578 -2.0613475 0
-347.79526 -163.65924 -2.0384758 0
-349.57349 -163.0789 -2.0348554 0
-340.44058 -163.021 -2.0517085 0
-340.22726 -162.92325 -2.0003574 0
-341.32309 -161.98169 -2.0863392 0
-341.52673 -161.68042 -2.0878637 0
-341.49258 -161.46912 -2.0800762 0
-342.3078 -161.03937 -2.0114214 0
-339.9184 -161.07262 -2.0432358 0
-342.45349 -160.51765 -2.0560508 0
-339.27216 -160.23752 -2.0672436 0
-347.66626 -159.82463 -2.0041428 0
-253.57445 -159.70067 -2.062268 0
-347.89081 -158.73909 -2.020673 0
-340.82834 -158.35738 -2.0754218 0
-340.55795 -158.39856 -2.0352118 0
-341.04095 -158.26672 -2.0542035 0
-340.63547 -158.15678 -2.0566566 0
-347.3212 -157.78104 -2.0025575 0
-339.65549 -157.5479 -2.0224695 0
-349.05121 -157.48187 -2.0248804 0
-349.04694 -157.2249 -2.0402825 0
-348.53024 -157.0128 -2.0813849 0
-348.4845 -157.06873 -2.0621793 0
-348.91003 -156.92897 -2.0117807 0
-348.58109 -156.90317 -2.0196536 0
-348.48886 -156.91374 -2.0675709 0
-270.37137 -156.9709 -2.0533679 0
-348.55078 -156.86656 -2.097744 0
-348.43732 -156.86166 -2.0537283 0
-348.38135 -156.87379 -2.0581765 0
-314.67648 -156.17978 -2.0075634 0
-294.05811 -155.87323 -2.0979078 0
-339.85144 -155.18266 -2.0970094 0
-340.12781 -155.05498 -2.0202615 0
-349.54868 -154.86877 -2.042707 0
-349.4606 -154.73955 -2.026264 0
-340.29544 -154.51512 -2.0509613 0
-330.51746 -154.10657 -2.0476406 0
-339.71146 -153.45956 -2.0911605 0
-335.84753 -152.52675 -2.0779088 0
-263.90048 -152.46741 -2.0133421 0
-344.0307 -152.0065 -2.0075741 0
-268.14603 -151.91214 -2.0569122 0
-268.08014 -151.923 -2.0496345 0
-344.03406 -151.82913 -2.0083184 0
-343.91315 -151.86163 -2.0450888 0
-343.72168 -151.79877 -2.0998883 0
-343.65924 -151.7438 -2.0685034 0
-343.56702 -151.44717 -2.059092 0
-343.12515 -151.46623 -2.0826271 0
-343.48853 -151.35867 -2.0918357 0
-341.93607 -151.10472 -2.0816345 0
-341.64398 -151.05524 -2.0197909 0
-341.87335 -150.92975 -2.0669687 0
-282.0755 -150.9101 -2.086688 0
-279.4549 -150.98209 -2.0247138 0
-342.26968 -150.86713 -2.0228128 0
-342.16724 -150.83916 -2.0818398 0
-341.67291 -150.89566 -2.0164688 0
-343.09772 -150.586 -2.067302 0
-342.30051 -150.53833 -2.0010879 0
-261.87979 -150.57639 -2.0115488 0
-343.77081 -150.3721 -2.0220044 0
-343.38904 -150.30298 -2.0128019 0
-343.73129 -150.20486 -2.0291505 0
-343.55142 -150.29616 -2.0030043 0
-343.91095 -150.13492 -2.0500522 0
-343.68906 -150.12941 -2.0553398 0
-341.55994 -150.07086 -2.0054598 0
-340.73904 -203.72966 -1.9113674 0
-334.72083 -201.50009 -1.9686409 0
-341.13004 -200.86635 -1.9059008 0
-340.23325 -200.14966 -1.9402206 0
-339.54684 -199.41667 -1.9440278 0
-339.48987 -199.47142 -1.9313021 0
-344.20999 -191.1053 -1.9667642 0
-339.70065 -190.5981 -1.984486 0
-339.26376 -189.76418 -1.9639874 0
-348.25049 -189.55902 -1.9699559 0
-348.48798 -189.45053 -1.9012316 0
-339.05136 -189.36874 -1.9173776 0
-339.08667 -189.26645 -1.9196652 0
-349.24619 -189.05647 -1.9853038 0
-349.26193 -188.99477 -1.9474181 0
-336.30768 -188.07143 -1.915427 0
-349.55435 -187.80437 -1.9135187 0
-349.13098 -187.883 -1.9253932 0
-349.66934 -187.70067 -1.9169086 0
-349.55099 -187.55171 -1.9731503 0
-349.39093 -187.59686 -1.9860964 0
-349.47681 -187.47998 -1.947661 0
-349.70712 -187.36427 -1.9068344 0
-334.47125 -187.11906 -1.920055 0
-334.4296 -187.0439 -1.934242 0
-344.59216 -186.76967 -1.9869535 0
-344.5296 -186.52324 -1.9731423 0
-344.17166 -186.58989 -1.9501424 0
-335.31732 -185.8221 -1.9719316 0
-335.3031 -185.67195 -1.9104117 0
-335.86835 -184.97687 -1.952261 0
-339.69495 -182.12459 -1.9614372 0
-339.47104 -182.11862 -1.926247 0
-339.50339 -175.68748 -1.9310392 0
-338.20593 -174.92859 -1.9042176 0
-339.56561 -174.86911 -1.9417279 0
-348.65308 -172.40082 -1.9936953 0
-348.42233 -171.99248 -1.9143302 0
-347.83203 -171.91603 -1.9315416 0
-348.09549 -171.8262 -1.9045295 0
-349.60892 -170.37366 -1.9366055 0
-349.53412 -170.28311 -1.9454976 0
-349.84033 -170.10359 -1.9789681 0
-349.61533 -170.00011 -1.9121014 0
-349.61932 -169.97243 -1.9131825 0
-349.63821 -169.82494 -1.9201216 0
-349.54016 -169.82764 -1.9505544 0
-349.41101 -169.87042 -1.9906368 0
-349.46838 -169.74568 -1.9161255 0
-347.24518 -169.49547 -1.9551469 0
-346.29068 -166.97795 -1.9410342 0
-345.8468 -166.97769 -1.939947 0
-346.24359 -166.88989 -1.9507993 0
-349.68799 -165.61827 -1.9514085 0
-347.11829 -164.69914 -1.9615264 0
-346.34711 -164.25723 -1.9747901 0
-346.33444 -164.18781 -1.9850692 0
-346.93243 -164.05013 -1.9469442 0
-346.78009 -164.03191 -1.9623923 0
-347.5686 -163.9285 -1.9333581 0
-348.06 -163.80919 -1.9958369 0
-346.1445 -163.37274 -1.9138865 0
-349.55185 -163.13394 -1.9182891 0
-340.11371 -163.19579 -1.9061142 0
-349.64041 -163.0985 -1.9550945 0
-349.58136 -163.0825 -1.9369483 0
-349.78281 -162.89275 -1.9074289 0
-349.65814 -162.8699 -1.9756998 0
-340.04858 -162.74524 -1.9685334 0
-341.34683 -162.09648 -1.9835351 0
-341.57364 -161.76704 -1.9369986 0
-341.48523 -161.64583 -1.9185135 0
-341.46335 -161.53264 -1.9793109 0
-339.71881 -161.48212 -1.968482 0
-342.1947 -161.22916 -1.9763395 0
-274.99307 -159.98476 -1.9095154 0
-273.18893 -159.67159 -1.9415474 0
-334.05295 -159.48106 -1.9023076 0
-348.92728 -159.1174 -1.9008609 0
-347.89166 -159.07394 -1.9016954 0
-339.76483 -158.8651 -1.9794655 0
-254.36966 -158.80547 -1.9635233 0
-275.4223 -158.55484 -1.961334 0
-343.10428 -158.39658 -1.9129515 0
-276.09802 -158.06438 -1.9746183 0
-349.28784 -157.334 -1.9651356 0
-349.51199 -157.24545 -1.9493383 0
-349.25186 -157.2195 -1.9642096 0
-348.69867 -157.22073 -1.9437525 0
-271.03271 -157.19905 -1.9922116 0
-348.69485 -156.99449 -1.9921393 0
-348.59073 -156.91811 -1.9102452 0
-348.52203 -156.84717 -1.9239837 0
-349.4306 -155.4207 -1.9125956 0
-348.71164 -155.24875 -1.9419539 0
-340.03049 -155.14467 -1.9866983 0
-340.05957 -155.06659 -1.9860188 0
-340.20969 -154.96443 -1.9422519 0
-349.91034 -154.84924 -1.9291173 0
-348.5499 -154.88651 -1.9473275 0
-340.4292 -154.60263 -1.9711821 0
-340.63947 -154.44186 -1.9925399 0
-330.23157 -154.13853 -1.9253699 0
-339.68597 -153.4785 -1.9958826 0
-339.58759 -153.43953 -1.9886478 0
-339.03839 -152.77966 -1.9020352 0
-335.87698 -152.69566 -1.9375739 0
-344.17917 -151.97261 -1.9638644 0
-343.90198 -151.91539 -1.9746524 0
-268.0134 -151.97351 -1.9865843 0
-344.11316 -151.84944 -1.9270893 0
-344.07245 -151.86638 -1.915115 0
-343.4353 -151.78024 -1.9918441 0
-343.98138 -151.69182 -1.9091491 0
-343.83047 -151.66824 -1.9301909 0
-333.65195 -151.6955 -1.9547312 0
-343.87881 -151.34639 -1.9648764 0
-342.17484 -150.95139 -1.902988 0
-272.54916 -150.98294 -1.9881461 0
-272.72443 -150.89053 -1.9662791 0
-265.07516 -150.71834 -1.9785957 0
-265.12601 -150.69592 -1.968528 0
-343.50336 -150.53796 -1.9458753 0
-343.46582 -150.56828 -1.9479705 0
-341.61154 -150.57187 -1.9043229 0
-343.82825 -150.41042 -1.917082 0
-343.71545 -150.42502 -1.9400839 0
-343.51175 -150.43796 -1.9315802 0
-344.09805 -150.35886 -1.9434471 0
-343.77969 -150.36508 -1.9816526 0
-342.50787 -150.36086 -1.979152 0
-342.10812 -150.32185 -1.9659983 0
-343.72244 -150.1613 -1.9373498 0
-343.64395 -150.11125 -1.9910845 0
-343.52872 -150.12895 -1.9476094 0
-341.80008 -150.17818 -1.9561235 0
-343.50287 -150.04767 -1.9327923 0
-323.61929 -215.8801 -1.8151284 0
-341.74146 -201.1337 -1.8967751 0
-341.30243 -200.93835 -1.8783065 0
-341.21082 -200.96155 -1.8944626 0
-341.14282 -200.8624 -1.8656231 0
-341.86981 -200.71542 -1.8112246 0
-341.32401 -200.62822 -1.8570929 0
-336.43237 -200.52409 -1.8962109 0
-336.55612 -200.42422 -1.8478371 0
-341.65491 -200.33563 -1.8384132 0
-336.44077 -199.92642 -1.8547187 0
-339.08167 -197.0679 -1.8789517 0
-345.34167 -194.59984 -1.8361282 0
-344.9404 -192.927 -1.8052392 0
-346.89197 -191.45242 -1.8305744 0
-344.21127 -191.45665 -1.8229667 0
-340.45557 -190.6685 -1.831773 0
-347.79337 -190.29523 -1.8821698 0
-347.9722 -189.97745 -1.8164225 0
-347.88901 -189.99405 -1.8021045 0
-347.65924 -189.94699 -1.8861976 0
-346.27164 -189.87093 -1.8854492 0
-348.22275 -189.77879 -1.8527609 0
-339.15582 -189.36983 -1.8042796 0
-347.67566 -189.22081 -1.8577704 0
-348.86469 -189.00414 -1.8476644 0
-349.19592 -188.92825 -1.8656082 0
-347.00964 -188.98975 -1.8986342 0
-338.99915 -188.91856 -1.8916868 0
-348.96609 -188.8623 -1.8305862 0
-348.95041 -188.6539 -1.8186361 0
-346.3815 -188.3367 -1.8679339 0
-348.68915 -187.99748 -1.8632567 0
-349.65378 -187.59337 -1.8281437 0
-349.95804 -186.8494 -1.8657858 0
-335.38889 -186.10155 -1.8917359 0
-344.38705 -185.78276 -1.8823154 0
-339.5209 -182.422 -1.8802631 0
-332.52429 -182.27118 -1.8134259 0
-339.26208 -181.83792 -1.8990794 0
-339.74646 -181.65268 -1.8359742 0
-339.71265 -181.51591 -1.8442135 0
-338.95596 -181.58003 -1.844999 0
-326.9736 -179.41507 -1.8403124 0
-321.55524 -179.31432 -1.8085881 0
-339.40842 -176.27515 -1.8196114 0
-339.27029 -176.16666 -1.8082989 0
-339.40604 -175.787 -1.8969809 0
-339.53671 -175.4277 -1.8826687 0
-339.55185 -175.24042 -1.8815281 0
-339.62546 -175.17184 -1.8597009 0
-348.36728 -171.96268 -1.866209 0
-348.26355 -171.81683 -1.8355858 0
-348.11401 -171.88586 -1.8794736 0
-349.29688 -170.15247 -1.8910007 0
-349.57248 -170.05406 -1.8811268 0
-348.99939 -169.55493 -1.8766063 0
-347.30383 -168.99568 -1.8974694 0
-346.28464 -167.01814 -1.8014425 0
-345.99734 -166.33432 -1.8439879 0
-346.67215 -164.44682 -1.8486878 0
-346.91983 -164.12778 -1.8310937 0
-347.27386 -163.93541 -1.8482571 0
-333.05331 -163.92349 -1.8603898 0
-347.67047 -163.75148 -1.8030623 0
-339.87192 -163.77594 -1.8086731 0
-349.54175 -163.11644 -1.8130784 0
-349.57962 -163.08058 -1.8732389 0
-349.93982 -162.85046 -1.8371378 0
-341.43558 -162.64809 -1.8085204 0
-341.28421 -161.97571 -1.8310425 0
-341.92972 -161.49283 -1.8858812 0
-339.67511 -161.3992 -1.8164204 0
-341.48743 -160.99065 -1.8358369 0
-340.04944 -159.67502 -1.8277111 0
-333.83292 -159.38164 -1.8688335 0
-348.96713 -159.13022 -1.8796248 0
-342.91403 -158.67772 -1.8910172 0
-275.0592 -158.66821 -1.8531678 0
-340.61731 -158.15564 -1.8959413 0
-253.89236 -158.16382 -1.8072374 0
-340.67642 -158.08844 -1.8463844 0
-339.8551 -157.99457 -1.8162556 0
-268.82114 -157.84421 -1.8992937 0
-339.56714 -157.60237 -1.815735 0
-348.39523 -157.58829 -1.8574514 0
-349.4231 -157.27408 -1.8528093 0
-348.72073 -156.93852 -1.8749421 0
-324.73395 -156.95314 -1.8281677 0
-348.46213 -156.89105 -1.8330616 0
-342.33386 -156.84464 -1.8016098 0
-342.48041 -156.14671 -1.8114461 0
-349.36188 -155.88417 -1.8024246 0
-349.34943 -155.76311 -1.8957947 0
-349.44577 -155.63629 -1.8414638 0
-286.79129 -155.33673 -1.8697081 0
-340.15686 -154.8363 -1.8854053 0
-340.50208 -154.51227 -1.8258579 0
-340.60593 -154.37517 -1.8036705 0
-339.49182 -154.06776 -1.8609955 0
-340.05231 -153.94307 -1.8761142 0
-339.78693 -153.62973 -1.8388957 0
-336.65833 -153.65187 -1.860595 0
-339.98172 -153.51958 -1.8846334 0
-339.57184 -153.22319 -1.8012198 0
-337.55374 -153.25616 -1.8230621 0
-339.06241 -152.99612 -1.8412747 0
-335.00735 -152.95091 -1.8225226 0
-339.04227 -152.80437 -1.8655897 0
-262.53369 -152.24551 -1.8594588 0
-344.11569 -151.85458 -1.8706623 0
-343.99927 -151.69948 -1.8998595 0
-338.15167 -151.69775 -1.8985857 0
-264.35699 -151.68063 -1.8766764 0
-262.048 -151.69464 -1.8722463 0
-338.26212 -151.52788 -1.8540357 0
-264.22653 -151.13951 -1.8763282 0
-342.12415 -151.01868 -1.8596323 0
-262.99954 -151.00989 -1.8675205 0
-342.13828 -150.87637 -1.8322127 0
-341.77463 -150.81209 -1.830163 0
-342.46387 -150.78886 -1.8977927 0
-341.79028 -150.6795 -1.8392614 0
-344.05087 -150.48666 -1.8734751 0
-343.8277 -150.47339 -1.8937389 0
-343.52737 -150.41139 -1.8938279 0
-343.82294 -150.35504 -1.8098603 0
-342.55859 -150.34454 -1.8986808 0
-342.48523 -150.37787 -1.854015 0
-342.37726 -150.34245 -1.8328799 0
-283.72861 -150.36119 -1.8190104 0
-272.22446 -150.31914 -1.8049028 0
-262.14099 -150.3035 -1.8861499 0
-343.80655 -150.26411 -1.8074061 0
-342.1907 -150.23277 -1.8608543 0
-341.60675 -150.22159 -1.8803614 0
-262.21951 -150.24036 -1.8683697 0
-341.81384 -150.1512 -1.806977 0
-341.64557 -150.19681 -1.8336821 0
-343.61966 -150.039 -1.8992082 0
-343.45416 -150.01685 -1.8856596 0
-326.02924 -208.63544 -1.7226039 0
-341.04663 -203.50101 -1.7655103 0
-342.0535 -201.60715 -1.7620971 0
-341.798 -200.72678 -1.701702 0
-341.71228 -200.20207 -1.7673708 0
-326.19467 -193.15439 -1.7777915 0
-346.55359 -191.70549 -1.7765616 0
-346.52063 -191.60298 -1.7634177 0
-343.10007 -189.85283 -1.7670149 0
-342.91251 -189.8159 -1.7620789 0
-346.53174 -189.63907 -1.7844732 0
-339.31247 -189.49208 -1.7161374 0
-339.15463 -189.35681 -1.7140319 0
-348.99411 -189.02567 -1.750229 0
-349.45312 -188.93481 -1.7684777 0
-349.03705 -188.9687 -1.7854943 0
-327.04361 -188.94817 -1.7640011 0
-349.46564 -188.75047 -1.7268906 0
-348.9209 -188.70413 -1.7074015 0
-348.80038 -188.76682 -1.7641941 0
-346.74478 -188.69228 -1.7768124 0
-346.39392 -188.41603 -1.702589 0
-346.49716 -188.33412 -1.7669308 0
-346.4184 -187.52869 -1.713744 0
-349.92099 -186.95952 -1.7962742 0
-349.7272 -186.82033 -1.7151036 0
-344.20148 -186.55489 -1.7685727 0
-338.62131 -183.24541 -1.7102616 0
-339.93539 -182.5838 -1.7348605 0
-339.81314 -182.40601 -1.726017 0
-339.74252 -181.51027 -1.7444528 0
-341.43008 -176.14198 -1.7598978 0
-339.51846 -175.58514 -1.7430363 0
-340.96637 -174.15419 -1.7056762 0
-339.46869 -173.30528 -1.7155652 0
-349.14478 -172.17342 -1.7951275 0
-348.99811 -172.19389 -1.7174782 0
-349.57858 -171.89674 -1.7779927 0
-346.56662 -171.58656 -1.7417749 0
-347.01898 -171.43405 -1.7225327 0
-348.96222 -171.04539 -1.7031981 0
-346.19943 -166.78339 -1.7112339 0
-349.86453 -166.65721 -1.7945608 0
-349.77948 -166.33458 -1.7959924 0
-349.61023 -166.35782 -1.7124891 0
-349.50998 -166.32973 -1.7305629 0
-346.2081 -166.24358 -1.7521166 0
-346.09787 -166.24944 -1.7975194 0
-346.12604 -166.15584 -1.7532821 0
-346.63287 -164.52539 -1.7202066 0
-346.5928 -164.42151 -1.7814277 0
-347.70947 -163.81943 -1.7278917 0
-349.29639 -163.64627 -1.7018825 0
-348.81747 -163.44005 -1.7072355 0
-349.18924 -163.34903 -1.7481314 0
-349.05606 -163.30676 -1.7988503 0
-349.37869 -163.21959 -1.7509211 0
-349.1156 -163.29176 -1.7769384 0
-349.03296 -163.24834 -1.7414228 0
-340.04013 -163.27339 -1.7145956 0
-349.35138 -163.1629 -1.7570672 0
-340.08844 -163.10536 -1.7048198 0
-349.61481 -162.99899 -1.7885503 0
-341.3179 -162.84067 -1.7461964 0
-341.32538 -162.61024 -1.7623312 0
-341.4903 -162.58069 -1.726336 0
-341.22308 -162.4099 -1.7813554 0
-341.32977 -162.3558 -1.7148148 0
-341.37433 -162.24957 -1.7473817 0
-341.39691 -162.04552 -1.7520859 0
-341.79858 -161.43277 -1.7438684 0
-341.65231 -161.16183 -1.7672523 0
-339.84155 -161.07988 -1.756555 0
-341.41031 -160.7699 -1.7570106 0
-347.86075 -159.85582 -1.7011878 0
-339.66144 -159.87405 -1.7868657 0
-340.05237 -159.67525 -1.7054919 0
-254.92615 -159.22496 -1.7758967 0
-348.05798 -158.82349 -1.7424781 0
-253.51212 -158.21426 -1.7666507 0
-253.60251 -158.16499 -1.7822969 0
-340.05286 -158.09131 -1.7617387 0
-348.17581 -157.98749 -1.7110857 0
-339.47559 -157.63309 -1.7102289 0
-339.45688 -157.58656 -1.7267956 0
-348.53644 -157.12317 -1.7182442 0
-324.48203 -156.95012 -1.7818203 0
-349.28622 -156.63498 -1.7942638 0
-349.39035 -156.28458 -1.7011245 0
-349.94156 -156.18384 -1.7857585 0
-349.09833 -156.14442 -1.7107143 0
-349.89093 -156.09285 -1.7131515 0
-349.0394 -155.99332 -1.7244506 0
-349.01285 -155.86708 -1.7903717 0
-268.91296 -155.57445 -1.7126268 0
-281.41373 -155.43402 -1.7858027 0
-340.31747 -154.94008 -1.7317481 0
-340.11398 -154.94908 -1.7330369 0
-265.67236 -154.89487 -1.7686105 0
-340.01028 -154.52452 -1.721521 0
-340.11719 -153.83585 -1.7343032 0
-340.08469 -153.8157 -1.767399 0
-339.78485 -153.52388 -1.7059352 0
-339.63736 -153.45404 -1.7870336 0
-339.4404 -153.19308 -1.7447588 0
-338.77396 -152.91083 -1.7338353 0
-334.98376 -152.89148 -1.7087812 0
-265.01556 -152.39804 -1.7131647 0
-285.24823 -151.96683 -1.7721113 0
-333.59216 -151.70042 -1.7965726 0
-338.28287 -151.59067 -1.7030809 0
-317.72119 -150.97968 -1.7266448 0
-262.00204 -150.88208 -1.7207427 0
-263.35678 -150.75548 -1.7087699 0
-263.25967 -150.76451 -1.7395591 0
-339.1442 -150.60823 -1.7225503 0
-261.25452 -150.64671 -1.7931031 0
-342.47952 -150.38354 -1.7228274 0
-341.90765 -150.31923 -1.7841998 0
-313.63126 -150.33788 -1.7946961 0
-313.5578 -150.34412 -1.7976354 0
-341.83536 -150.2263 -1.7391568 0
-261.17923 -150.13628 -1.7801539 0
-343.22607 -150.04353 -1.7753948 0
-340.79123 -203.5435 -1.6110522 0
-341.88428 -201.66426 -1.6393995 0
-341.8139 -200.54987 -1.6414161 0
-341.67868 -200.38635 -1.6832254 0
-339.83414 -198.57848 -1.65907 0
-344.81769 -193.84024 -1.6770781 0
-345.05475 -193.06528 -1.6362741 0
-346.8045 -192.25409 -1.6517053 0
-345.3143 -192.24965 -1.6939834 0
-345.20248 -192.10663 -1.6998565 0
-346.69138 -191.46252 -1.6992856 0
-342.7392 -189.685 -1.6465874 0
-342.67377 -189.46288 -1.6855141 0
-349.5177 -189.01501 -1.6363435 0
-349.59244 -188.94829 -1.6246958 0
-348.56808 -188.83597 -1.62139 0
-347.94778 -187.21156 -1.6457804 0
-347.87695 -187.11279 -1.6875886 0
-344.65039 -187.00462 -1.6081797 0
-349.8913 -186.94458 -1.6382962 0
-344.59738 -186.77176 -1.6156166 0
-343.99542 -186.60448 -1.6019844 0
-344.55133 -186.59961 -1.6491932 0
-344.43552 -186.5733 -1.6315682 0
-344.30014 -186.5993 -1.6866533 0
-344.49921 -186.48781 -1.6357894 0
-344.1235 -186.41612 -1.6076838 0
-343.97406 -186.46983 -1.6733495 0
-337.37582 -185.11971 -1.6640261 0
-339.22479 -182.17125 -1.6204742 0
-339.21353 -182.09152 -1.6298463 0
-339.19861 -181.87045 -1.6788932 0
-332.75977 -179.37048 -1.6576301 0
-341.42563 -176.42876 -1.6944739 0
-341.39499 -176.45338 -1.6518604 0
-341.44043 -176.38522 -1.6501118 0
-339.32605 -175.98218 -1.6303612 0
-339.17157 -175.92097 -1.6709293 0
-339.49292 -173.7558 -1.6047931 0
-321.59238 -172.23869 -1.6054176 0
-349.70184 -172.05547 -1.6075261 0
-344.97076 -170.8784 -1.6264423 0
-348.70135 -169.79333 -1.6288788 0
-346.1311 -166.3667 -1.6462746 0
-346.09149 -166.22322 -1.6817967 0
-337.49286 -166.28151 -1.6674989 0
-345.97018 -166.14133 -1.6872108 0
-347.23376 -164.54594 -1.6140144 0
-347.5802 -164.36382 -1.6347103 0
-347.72443 -164.26859 -1.693009 0
-349.21628 -163.87224 -1.6612294 0
-349.33511 -163.70354 -1.661805 0
-349.17133 -163.78252 -1.6488352 0
-348.82877 -163.41574 -1.6206831 0
-348.73416 -163.4218 -1.6460078 0
-349.25156 -163.22964 -1.6428145 0
-349.17624 -163.2959 -1.6914783 0
-341.25909 -162.78423 -1.6460663 0
-341.32254 -162.16994 -1.6749804 0
-341.4267 -162.06372 -1.6398026 0
-341.35107 -161.5247 -1.6327471 0
-339.61777 -161.25467 -1.6807228 0
-339.98792 -160.47597 -1.6394093 0
-339.16537 -160.1916 -1.689784 0
-347.76685 -159.90453 -1.6600121 0
-341.30197 -158.94664 -1.6398733 0
-339.99344 -158.91135 -1.6296538 0
-275.66196 -158.58717 -1.6905627 0
-275.34958 -158.47681 -1.635776 0
-340.37958 -158.22052 -1.6490976 0
-275.46982 -158.08167 -1.6002195 0
-268.91476 -157.89336 -1.6759605 0
-339.54828 -157.74225 -1.6764897 0
-339.6449 -157.68436 -1.690479 0
-339.44412 -157.60324 -1.6191579 0
-339.50891 -157.59035 -1.6755598 0
-348.74008 -157.44986 -1.6913096 0
-349.72137 -157.24089 -1.6079123 0
-342.91583 -157.22136 -1.6278471 0
-348.47598 -157.16931 -1.6913644 0
-343.0639 -157.1805 -1.6987678 0
-348.67307 -157.02325 -1.6903069 0
-349.78336 -156.95961 -1.6977367 0
-341.80139 -156.66982 -1.6208858 0
-347.33359 -156.49593 -1.6916183 0
-273.74915 -156.46071 -1.6331873 0
-349.2009 -156.37802 -1.6673232 0
-341.76129 -156.1535 -1.6205165 0
-341.64874 -156.1909 -1.621819 0
-348.19101 -156.09181 -1.6692683 0
-348.10764 -155.92331 -1.6783183 0
-342.1687 -155.91884 -1.6132575 0
-348.85117 -155.71561 -1.6423732 0
-340.09717 -155.78497 -1.6034422 0
-348.81839 -155.66946 -1.615239 0
-348.90866 -155.52763 -1.6920455 0
-281.36755 -155.37547 -1.6328093 0
-347.52371 -155.14418 -1.6704679 0
-340.22659 -154.79886 -1.6732763 0
-339.91806 -154.3078 -1.677889 0
-330.4892 -153.60951 -1.6499835 0
-340.02142 -153.50919 -1.6974241 0
-335.41907 -153.30753 -1.6514748 0
-336.95731 -153.13695 -1.6650354 0
-335.92471 -153.00124 -1.6509671 0
-335.17139 -152.92 -1.6904063 0
-335.35873 -152.79735 -1.6900045 0
-278.92264 -152.65063 -1.6966166 0
-264.53574 -152.51283 -1.6082896 0
-285.67874 -152.31876 -1.6138514 0
-264.63309 -152.10562 -1.6778911 0
-261.95282 -152.06654 -1.6168396 0
-266.07822 -151.90213 -1.6399144 0
-264.85571 -151.91829 -1.6965296 0
-262.7999 -151.90337 -1.6767479 0
-333.75079 -151.70158 -1.6646671 0
-268.22281 -151.79034 -1.6593297 0
-261.54578 -151.7294 -1.6773267 0
-261.37204 -151.75166 -1.6689199 0
-333.76355 -151.66988 -1.6894364 0
-333.67435 -151.62471 -1.6804882 0
-314.17383 -151.33603 -1.6758444 0
-264.25479 -151.23502 -1.6125209 0
-263.04938 -151.07001 -1.629154 0
-342.9754 -150.73396 -1.6597559 0
-339.50049 -150.78386 -1.6489859 0
-339.38855 -150.79588 -1.6775999 0
-262.12582 -150.73749 -1.6767493 0
-343.13208 -150.61073 -1.6245791 0
-343.05127 -150.50006 -1.6403879 0
-341.90561 -150.59726 -1.6318259 0
-284.08502 -150.52428 -1.6019576 0
-342.88623 -150.48108 -1.6883936 0
-342.62756 -150.39352 -1.6928055 0
-343.39511 -150.28285 -1.6642573 0
-342.41928 -150.24919 -1.6511446 0
-343.31329 -150.1205 -1.649859 0
-328.44312 -210.68053 -1.5098506 0
-341.01556 -203.26941 -1.5727504 0
-339.65854 -199.66058 -1.5454438 0
-336.46683 -195.65323 -1.5333123 0
-345.19452 -194.48586 -1.5735548 0
-344.65793 -194.2377 -1.5563912 0
-344.91788 -194.19884 -1.5950611 0
-344.60678 -194.16684 -1.5989852 0
-344.9137 -194.01405 -1.5866827 0
-344.6409 -193.9556 -1.5684022 0
-344.58826 -193.88724 -1.55547 0
-346.56793 -191.99466 -1.5837327 0
-346.27026 -190.01794 -1.5625106 0
-346.29843 -188.92366 -1.523929 0
-349.90854 -187.07495 -1.521197 0
-349.86728 -186.90132 -1.5580213 0
-344.5368 -186.89507 -1.5711827 0
-344.59692 -186.77626 -1.5650736 0
-343.96426 -186.58047 -1.5627739 0
-339.03754 -182.58488 -1.5201145 0
-332.2099 -182.15727 -1.5839361 0
-339.35086 -182.07135 -1.5591062 0
-339.00592 -181.85983 -1.5067673 0
-321.81589 -179.25632 -1.5118403 0
-341.48962 -176.04399 -1.5718085 0
-322.65814 -175.84956 -1.530352 0
-339.07034 -175.71104 -1.5771856 0
-339.32455 -175.53844 -1.5193198 0
-338.99246 -174.53514 -1.5534269 0
-339.43768 -173.68121 -1.5895234 0
-349.75311 -172.40955 -1.5199679 0
-348.5936 -172.39136 -1.5682833 0
-349.58685 -172.13863 -1.5161964 0
-349.23413 -172.15962 -1.5552937 0
-349.31665 -172.061 -1.5870469 0
-349.64813 -171.90611 -1.5206091 0
-349.33517 -171.9762 -1.5942432 0
-349.3761 -170.34598 -1.5562693 0
-348.75491 -169.86513 -1.5845649 0
-349.15735 -169.72147 -1.5249006 0
-341.17963 -168.56418 -1.513575 0
-346.241 -167.0201 -1.5494826 0
-346.21463 -166.94089 -1.5220894 0
-338.26492 -166.44897 -1.5152712 0
-349.58249 -166.30362 -1.5585722 0
-346.13452 -166.28156 -1.5092556 0
-349.96445 -165.98244 -1.5195394 0
-347.40323 -164.65475 -1.5856665 0
-346.44492 -164.01447 -1.5315911 0
-333.12534 -163.90096 -1.5057472 0
-348.23083 -163.52327 -1.5462933 0
-348.11017 -163.57846 -1.5934324 0
-339.20642 -162.72725 -1.5110039 0
-348.56561 -162.37744 -1.5156841 0
-341.50845 -161.95505 -1.5322349 0
-341.29126 -161.97736 -1.5393672 0
-341.09042 -161.72826 -1.5041487 0
-260.39362 -161.22437 -1.5979832 0
-340.02921 -160.45366 -1.5495816 0
-339.94751 -160.41357 -1.5407705 0
-347.59042 -159.75041 -1.5518553 0
-274.29156 -159.2018 -1.5259275 0
-274.18997 -159.29254 -1.5311685 0
-340.06668 -159.10124 -1.5563872 0
-271.19809 -158.18323 -1.5409956 0
-349.80692 -157.41028 -1.5132667 0
-349.79279 -157.35304 -1.5313147 0
-349.67966 -157.33455 -1.5919217 0
-349.68063 -157.27618 -1.5947852 0
-348.46982 -157.06117 -1.5199292 0
-348.35867 -156.98035 -1.5251633 0
-349.96793 -156.84587 -1.5228382 0
-348.03214 -156.6788 -1.5036999 0
-348.75903 -156.25066 -1.5628431 0
-348.88858 -156.03889 -1.571951 0
-348.75229 -155.73262 -1.5306416 0
-348.67963 -155.73849 -1.5959424 0
-349.47977 -155.58635 -1.5439696 0
-348.94461 -155.51051 -1.5984919 0
-347.63428 -155.53708 -1.5531304 0
-339.35596 -154.30051 -1.5409902 0
-339.8425 -153.33157 -1.5902539 0
-339.92847 -152.92172 -1.597096 0
-341.45276 -152.81439 -1.5922216 0
-336.63626 -152.88458 -1.5365721 0
-336.55103 -152.66685 -1.5368378 0
-335.05429 -152.61168 -1.5447935 0
-265.52823 -152.33401 -1.5918256 0
-261.7439 -152.28363 -1.5641319 0
-267.85956 -152.17183 -1.5165205 0
-265.09784 -152.0782 -1.5816282 0
-265.98257 -151.95615 -1.5693038 0
-328.81567 -151.85744 -1.5911189 0
-261.96561 -151.68196 -1.5388373 0
-262.72638 -151.47453 -1.5866349 0
-264.34924 -151.34795 -1.5862789 0
-264.15604 -151.18307 -1.5457132 0
-286.48004 -151.02583 -1.5166535 0
-342.10809 -150.96136 -1.5278115 0
-342.63354 -150.88959 -1.5854709 0
-338.9516 -150.82098 -1.5605072 0
-261.93536 -150.8694 -1.5889736 0
-342.17758 -150.7592 -1.5461512 0
-338.91718 -150.79774 -1.5534376 0
-342.7099 -150.60767 -1.5597366 0
-341.98517 -150.6555 -1.5918559 0
-338.9025 -150.69383 -1.5119557 0
-269.89389 -150.60695 -1.5448977 0
-341.73318 -150.51315 -1.528424 0
-343.58923 -150.30357 -1.5055888 0
-343.16418 -150.38385 -1.5400081 0
-338.73477 -150.36597 -1.5549114 0
-343.16916 -150.16248 -1.5007772 0
-342.50955 -150.1185 -1.5630226 0
-332.46127 -199.69756 -1.411871 0
-338.17142 -195.12402 -1.4154661 0
-345.78662 -193.9214 -1.4895532 0
-344.91083 -191.84006 -1.4257278 0
-342.33493 -190.51091 -1.4928241 0
-348.07053 -190.20326 -1.4257787 0
-348.08075 -190.11858 -1.4565641 0
-342.92139 -190.15038 -1.4369147 0
-346.53189 -188.35892 -1.411873 0
-349.99872 -187.14824 -1.44778 0
-344.55249 -187.01877 -1.4720836 0
-349.93936 -186.94843 -1.4677223 0
-349.84402 -186.91068 -1.4300954 0
-347.21378 -186.98341 -1.4443573 0
-349.93048 -186.85451 -1.4409027 0
-337.34943 -184.96019 -1.4431794 0
-339.40836 -183.13029 -1.4814128 0
-335.50638 -183.05263 -1.4670496 0
-339.57025 -182.90154 -1.4644566 0
-339.75348 -182.86293 -1.4335426 0
-339.13315 -182.34288 -1.4371806 0
-338.89923 -182.10933 -1.4993287 0
-338.62167 -181.44397 -1.4446988 0
-321.87845 -179.27852 -1.4686151 0
-322.50845 -175.95863 -1.495319 0
-326.44177 -175.51593 -1.4083495 0
-349.05951 -172.32071 -1.4520938 0
-349.49088 -171.68748 -1.4145534 0
-349.983 -171.56656 -1.4296765 0
-349.81696 -171.53271 -1.4095457 0
-349.53088 -171.558 -1.4067836 0
-346.81537 -171.44069 -1.490993 0
-346.79953 -171.38605 -1.4281046 0
-349.58762 -170.32715 -1.4028296 0
-349.46783 -170.16107 -1.4418334 0
-347.24936 -169.24663 -1.4691117 0
-337.48532 -167.02025 -1.4198465 0
-337.51401 -166.98119 -1.408825 0
-338.24017 -166.58305 -1.4808986 0
-338.13046 -166.52248 -1.4562018 0
-349.64789 -166.43297 -1.4202769 0
-349.47604 -166.34329 -1.4642507 0
-349.68973 -166.23528 -1.4402177 0
-349.97336 -165.85028 -1.4844888 0
-348.79639 -164.19318 -1.413164 0
-346.36267 -164.16841 -1.4346899 0
-345.98764 -163.86542 -1.4561871 0
-348.67911 -163.29324 -1.4615836 0
-348.50284 -162.642 -1.4067565 0
-348.54529 -162.5294 -1.4335039 0
-348.59628 -162.45969 -1.4210573 0
-341.53384 -162.12207 -1.4222516 0
-341.82382 -161.84966 -1.4971101 0
-339.6254 -161.32831 -1.4182652 0
-278.61841 -161.20035 -1.4034338 0
-339.6524 -160.75923 -1.4297609 0
-339.70938 -160.19499 -1.4405849 0
-274.1366 -159.31203 -1.4744983 0
-329.85818 -159.17404 -1.4441813 0
-337.26981 -158.96559 -1.429099 0
-271.02393 -158.63002 -1.4675435 0
-329.48315 -158.59865 -1.4573302 0
-275.77917 -158.07855 -1.4927648 0
-349.74451 -157.60825 -1.4855809 0
-348.97641 -157.50929 -1.4290742 0
-349.90173 -157.31717 -1.4637115 0
-349.77625 -157.31915 -1.4610471 0
-349.98132 -157.24704 -1.4293392 0
-341.98019 -157.02022 -1.4488068 0
-348.71033 -156.8064 -1.4959388 0
-348.52756 -156.81111 -1.4433094 0
-348.45294 -156.87849 -1.46648 0
-297.97369 -156.71169 -1.4184052 0
-270.54614 -156.62001 -1.4866579 0
-348.88068 -155.99998 -1.413939 0
-349.49173 -155.48785 -1.4922991 0
-347.59903 -155.30426 -1.4816375 0
-347.32983 -155.27324 -1.4366682 0
-347.59134 -155.12917 -1.4452239 0
-347.46436 -155.12067 -1.4845847 0
-347.02884 -154.64233 -1.4823606 0
-346.97446 -154.63358 -1.4018061 0
-340.05927 -154.67479 -1.4927887 0
-256.48715 -154.50562 -1.4104615 0
-341.31125 -153.66281 -1.4644641 0
-266.01849 -153.50914 -1.4284922 0
-339.88 -153.46455 -1.4023913 0
-339.88785 -153.34106 -1.4508857 0
-339.68777 -152.91144 -1.453248 0
-339.62262 -152.77904 -1.4116843 0
-276.60693 -152.36131 -1.4715495 0
-338.578 -152.20624 -1.443887 0
-335.60687 -152.14845 -1.4590886 0
-285.30362 -152.01509 -1.4620162 0
-263.87448 -151.99429 -1.4276062 0
-265.3909 -151.84903 -1.4742788 0
-264.45779 -151.72571 -1.4992144 0
-263.17609 -151.02296 -1.4208786 0
-341.82709 -150.96254 -1.4641927 0
-263.46844 -150.98659 -1.4242859 0
-343.34772 -150.87996 -1.4470714 0
-342.01392 -150.83046 -1.4644595 0
-338.91336 -150.73018 -1.4515512 0
-283.99051 -150.77075 -1.4894058 0
-269.69568 -150.68507 -1.471002 0
-343.4274 -150.5704 -1.4167238 0
-342.02332 -150.5472 -1.4188925 0
-343.30106 -150.36638 -1.4478408 0
-341.8371 -150.33101 -1.4496593 0
-343.69415 -150.24622 -1.4966903 0
-343.21234 -150.20981 -1.4022657 0
-343.29623 -150.09875 -1.4641052 0
-281.77243 -150.02135 -1.453809 0
-341.17249 -202.99991 -1.3142859 0
-334.88168 -201.41914 -1.3508283 0
-341.71619 -200.2617 -1.3836883 0
-336.52075 -198.32153 -1.3853662 0
-340.08484 -197.10382 -1.3806579 0
-345.38614 -193.38728 -1.3425633 0
-344.61755 -192.46309 -1.3564166 0
-344.54666 -191.82574 -1.3466418 0
-347.24756 -190.22644 -1.3568078 0
-343.22501 -189.45497 -1.35927 0
-348.83365 -188.80919 -1.3282162 0
-348.93628 -188.68788 -1.3446895 0
-349.24933 -188.11205 -1.3571559 0
-349.09558 -188.09207 -1.3942878 0
-336.32367 -188.0891 -1.3041173 0
-349.25296 -187.97491 -1.3105634 0
-336.24966 -187.99359 -1.3347511 0
-347.54556 -187.81639 -1.355521 0
-347.56906 -187.76552 -1.3600072 0
-349.99402 -186.96883 -1.344929 0
-334.37839 -186.99718 -1.3539059 0
-344.39899 -186.86241 -1.3147428 0
-344.58899 -186.51663 -1.3440537 0
-344.46027 -186.52617 -1.3076721 0
-335.41254 -184.77887 -1.3649596 0
-339.38412 -182.80542 -1.3950998 0
-339.23315 -182.44383 -1.3546774 0
-339.10898 -182.33006 -1.3562365 0
-312.12363 -182.10623 -1.3534769 0
-338.25415 -181.95392 -1.3304435 0
-339.0087 -181.49207 -1.3977891 0
-339.11499 -181.37201 -1.3740462 0
-339.02948 -181.33701 -1.3585234 0
-338.86514 -181.36368 -1.3543013 0
-339.08212 -181.20352 -1.3477312 0
-339.31631 -176.08162 -1.3424467 0
-339.40488 -175.90501 -1.3295995 0
-339.45703 -175.73811 -1.3754901 0
-339.39255 -175.73692 -1.3379562 0
-339.45984 -175.65642 -1.3744032 0
-338.9733 -175.54865 -1.316915 0
-339.18719 -174.98453 -1.3339928 0
-340.46558 -173.77702 -1.3853499 0
-348.62534 -172.36328 -1.3658394 0
-349.38165 -172.2704 -1.332302 0
-348.6731 -172.27187 -1.3356745 0
-348.58908 -172.22301 -1.3280922 0
-349.39539 -171.68413 -1.3832873 0
-322.46265 -171.13893 -1.3304032 0
-347.0546 -170.96262 -1.3532536 0
-346.53827 -170.99791 -1.3052837 0
-340.70901 -170.88058 -1.3401464 0
-349.23724 -170.40399 -1.3168138 0
-348.69354 -169.82562 -1.379671 0
-348.82199 -169.7747 -1.3589169 0
-349.29706 -169.38342 -1.3669046 0
-347.10321 -169.24088 -1.3607423 0
-338.6954 -167.53485 -1.3017945 0
-337.95148 -167.28271 -1.3436183 0
-345.55164 -167.01488 -1.3485483 0
-338.08514 -167.00677 -1.3235604 0
-337.81915 -167.00607 -1.3147628 0
-345.60233 -166.97455 -1.302487 0
-338.59903 -166.82549 -1.3591906 0
-338.41324 -166.88339 -1.3374741 0
-338.38229 -166.84003 -1.3286257 0
-337.99069 -166.83275 -1.3191011 0
-339.11987 -166.78258 -1.3450452 0
-349.62219 -166.34416 -1.302161 0
-349.59604 -166.31473 -1.3775512 0
-349.55197 -166.26108 -1.3923073 0
-349.61649 -165.93117 -1.3961473 0
-349.78134 -165.58226 -1.3187078 0
-349.78091 -165.45763 -1.3664474 0
-349.88019 -165.34662 -1.3451785 0
-332.90811 -164.01399 -1.3309298 0
-348.07098 -163.44261 -1.3788285 0
-340.3848 -163.38834 -1.3342125 0
-340.44998 -162.04408 -1.3358923 0
-341.27246 -161.75722 -1.3397471 0
-339.64383 -160.8616 -1.3777177 0
-277.33878 -159.85532 -1.3445061 0
-337.25702 -159.00198 -1.3966547 0
-253.34508 -158.72066 -1.357834 0
-276.49844 -158.49648 -1.3818445 0
-348.33224 -157.8447 -1.3984976 0
-339.79547 -157.87003 -1.3161744 0
-348.28857 -157.74405 -1.3886955 0
-339.59851 -157.75485 -1.3422848 0
-348.96066 -157.53329 -1.3838223 0
-342.0123 -157.34824 -1.3230544 0
-341.6897 -157.28398 -1.3281602 0
-341.52716 -157.23602 -1.3608307 0
-341.60623 -157.18005 -1.3552213 0
-340.47687 -157.17351 -1.3323312 0
-348.53781 -156.9099 -1.3775641 0
-348.72137 -155.42401 -1.3622146 0
-340.14355 -155.45491 -1.3384808 0
-347.37384 -155.25845 -1.3990357 0
-340.31375 -155.17645 -1.3898289 0
-340.3273 -154.81363 -1.3335361 0
-340.11584 -154.71996 -1.3613424 0
-340.29105 -153.80116 -1.3259075 0
-340.52206 -153.68849 -1.3162633 0
-340.46582 -153.56905 -1.3431479 0
-339.74332 -153.43546 -1.3391908 0
-339.67627 -152.70248 -1.3813684 0
-339.67728 -152.63242 -1.3811582 0
-338.12363 -152.42683 -1.3240478 0
-338.04272 -152.46838 -1.3714778 0
-335.729 -152.25877 -1.391042 0
-264.00406 -152.29961 -1.3780291 0
-286.57764 -151.45818 -1.3436023 0
-264.10645 -150.96574 -1.3867782 0
-343.50201 -150.89719 -1.3585173 0
-264.06168 -150.81406 -1.3231705 0
-342.48859 -150.77165 -1.3380966 0
-341.88892 -150.7085 -1.3786575 0
-330.86066 -150.73373 -1.3284951 0
-343.33145 -150.67589 -1.3316137 0
-342.42545 -150.6019 -1.3064964 0
-342.3815 -150.64211 -1.3843983 0
-342.22009 -150.64516 -1.3827585 0
-277.72806 -150.66402 -1.3527687 0
-343.67047 -150.54926 -1.3096352 0
-343.5145 -150.5043 -1.3678595 0
-343.18066 -150.56981 -1.3676131 0
-342.14706 -150.54128 -1.3458076 0
-341.84637 -150.53917 -1.3505132 0
-341.76712 -150.58846 -1.3685251 0
-343.02414 -150.43593 -1.3296207 0
-341.86472 -150.47861 -1.3971312 0
-341.76523 -150.30281 -1.378004 0
-313.56842 -150.38286 -1.3413278 0
-261.45178 -150.34242 -1.3776388 0
-343.80777 -150.23782 -1.3292927 0
-343.69031 -150.29465 -1.3326694 0
-343.42233 -150.26917 -1.3028622 0
-343.18451 -150.22412 -1.3365189 0
-341.68442 -150.25386 -1.318462 0
-343.68085 -150.12927 -1.3004904 0
-343.41724 -150.15645 -1.3715938 0
-268.48413 -150.12859 -1.3217111 0
-343.67804 -150.01213 -1.3929037 0
-343.3093 -150.03581 -1.3038802 0
-326.19382 -205.46356 -1.2883956 0
-340.43509 -201.48376 -1.2275388 0
-341.47711 -200.25496 -1.2056063 0
-340.32809 -198.08987 -1.2255896 0
-339.57599 -198.06662 -1.2891762 0
-340.48285 -197.72281 -1.2187732 0
-340.23492 -197.5424 -1.2332559 0
-343.04861 -190.16766 -1.2403932 0
-346.46991 -189.41917 -1.2430869 0
-342.6492 -189.19083 -1.208092 0
-347.35193 -188.81396 -1.2836663 0
-347.4325 -188.7412 -1.222353 0
-346.57468 -188.45872 -1.2028228 0
-336.11783 -188.0121 -1.2943324 0
-344.5228 -187.13596 -1.2043557 0
-334.44159 -187.14453 -1.2503685 0
-344.51968 -187.06113 -1.2502942 0
-344.3566 -186.58757 -1.2915144 0
-344.05029 -186.44789 -1.2401066 0
-336.64124 -185.39015 -1.2469285 0
-336.5553 -185.25557 -1.2809378 0
-336.11499 -184.96553 -1.2972611 0
-336.20901 -184.46974 -1.2245493 0
-339.16312 -182.53897 -1.2287724 0
-338.64096 -182.07027 -1.2363975 0
-338.47202 -181.90666 -1.229746 0
-340.80353 -176.42644 -1.2069163 0
-340.85858 -176.29578 -1.2126156 0
-340.77539 -176.27287 -1.2223892 0
-340.77606 -175.94981 -1.241055 0
-339.20746 -175.52631 -1.2852349 0
-338.52484 -174.60312 -1.2344217 0
-320.93622 -174.07631 -1.2236503 0
-349.42325 -172.1622 -1.2305738 0
-349.33939 -172.13678 -1.2270066 0
-349.479 -171.99913 -1.2377771 0
-349.46143 -171.81828 -1.2876148 0
-349.31161 -171.76538 -1.2144449 0
-349.00977 -171.63692 -1.2433293 0
-349.39319 -171.46956 -1.2490537 0
-322.2655 -171.0862 -1.2985084 0
-346.85425 -170.85719 -1.2810032 0
-340.54135 -170.74455 -1.2800119 0
-337.94275 -169.54286 -1.2044691 0
-338.27457 -167.73532 -1.2949171 0
-335.10931 -167.66441 -1.2228833 0
-349.556 -167.21237 -1.2243661 0
-349.53278 -167.00035 -1.2527585 0
-346.24588 -167.06763 -1.2930371 0
-338.42551 -166.69957 -1.296837 0
-349.61035 -166.26279 -1.26317 0
-349.4559 -166.20529 -1.2561913 0
-338.00348 -166.13667 -1.2848359 0
-347.06998 -164.6693 -1.2204735 0
-348.0723 -164.39043 -1.2038474 0
-346.43301 -163.93573 -1.2364426 0
-346.24915 -163.98468 -1.2828553 0
-346.42084 -163.84009 -1.2898004 0
-347.91406 -163.62323 -1.2359374 0
-339.8653 -163.67966 -1.2146797 0
-348.40408 -163.51659 -1.2070665 0
-349.80453 -163.28058 -1.2246957 0
-341.99649 -162.78351 -1.295768 0
-341.74985 -162.70808 -1.2723488 0
-348.32516 -162.60913 -1.2332124 0
-348.53537 -162.16667 -1.2029644 0
-342.09799 -162.15471 -1.2933621 0
-341.61172 -162.15871 -1.2622737 0
-348.34827 -162.04193 -1.2709198 0
-348.42526 -161.93146 -1.2817731 0
-341.48322 -161.99243 -1.2444836 0
-340.33374 -161.96588 -1.2604117 0
-340.60654 -161.79651 -1.2457677 0
-339.68811 -160.86784 -1.2465022 0
-274.5853 -160.4184 -1.2701054 0
-339.82904 -160.02678 -1.2665985 0
-253.56978 -159.7153 -1.2216362 0
-339.32404 -159.65916 -1.2395432 0
-349.49896 -159.33533 -1.2256218 0
-349.45914 -159.23679 -1.2293532 0
-339.61353 -158.9119 -1.2618366 0
-337.2717 -158.88834 -1.2929801 0
-253.06703 -158.70695 -1.2663044 0
-339.68872 -157.95303 -1.2155112 0
-349.27637 -157.73636 -1.2047994 0
-349.11932 -157.5591 -1.2867177 0
-349.04745 -157.52663 -1.2783278 0
-349.95096 -157.32179 -1.29939 0
-348.4537 -156.98897 -1.2064188 0
-348.39658 -156.88992 -1.2752883 0
-347.2619 -155.47632 -1.205207 0
-347.35373 -155.38054 -1.2924013 0
-340.26666 -155.24419 -1.2690179 0
-332.33682 -155.25725 -1.2916589 0
-340.27927 -155.15852 -1.2837228 0
-340.19226 -155.11592 -1.2605778 0
-340.0217 -155.15463 -1.2847326 0
-267.7164 -155.1376 -1.2339045 0
-339.69894 -154.1218 -1.215854 0
-339.55997 -154.07547 -1.2523793 0
-341.93079 -153.07751 -1.2771865 0
-339.51596 -152.71193 -1.2549772 0
-268.36273 -151.8788 -1.2018263 0
-263.26825 -151.784 -1.2192023 0
-341.91611 -151.56046 -1.2267786 0
-341.8049 -151.22374 -1.2463363 0
-341.6889 -151.18439 -1.2663331 0
-263.52649 -151.07108 -1.2541152 0
-341.92197 -150.92722 -1.2161739 0
-342.52176 -150.8414 -1.2760062 0
-261.89365 -150.83583 -1.2673374 0
-342.93698 -150.77646 -1.220735 0
-342.53537 -150.78484 -1.2574487 0
-342.05823 -150.7838 -1.2001907 0
-262.26398 -150.75037 -1.2131172 0
-262.07181 -150.79955 -1.2737802 0
-343.34503 -150.64958 -1.2740004 0
-343.53943 -150.50021 -1.2192374 0
-343.40427 -150.54796 -1.2771995 0
-342.81985 -150.55646 -1.2169757 0
-305.66241 -150.53258 -1.296023 0
-343.6488 -150.44608 -1.2744102 0
-343.55139 -150.4761 -1.2372421 0
-343.48233 -150.43585 -1.2003471 0
-342.15875 -150.31078 -1.2110353 0
-341.68515 -150.36632 -1.2813711 0
-341.54929 -150.33875 -1.2600762 0
-313.66309 -150.34042 -1.2591228 0
-343.78967 -150.25916 -1.2485241 0
-343.41202 -150.29526 -1.2712975 0
-343.3215 -150.22864 -1.2669193 0
-341.78568 -150.21794 -1.2217457 0
-341.69647 -150.25977 -1.261075 0
-343.81818 -150.12158 -1.2791643 0
-343.65686 -150.12811 -1.2574507 0
-343.52188 -150.14047 -1.2378571 0
-343.22067 -150.10756 -1.2877475 0
-342.49231 -150.17395 -1.2323052 0
-341.82718 -150.18143 -1.2643328 0
-343.67053 -150.09045 -1.2075099 0
-343.13861 -150.00128 -1.2477026 0
-341.80331 -150.03175 -1.2651181 0
-327.70212 -212.65453 -1.1022015 0
-341.01257 -202.69261 -1.1514913 0
-340.25229 -201.49028 -1.1425514 0
-339.5733 -199.27071 -1.1042192 0
-339.47748 -198.83635 -1.1305678 0
-340.35526 -197.91519 -1.1881379 0
-340.27383 -197.94376 -1.1971672 0
-338.71609 -197.80717 -1.1106402 0
-340.43265 -197.57948 -1.1909922 0
-345.97354 -194.14923 -1.1002257 0
-346.36942 -193.86201 -1.1388283 0
-344.70877 -193.37709 -1.1759378 0
-345.91925 -191.93298 -1.1258668 0
-347.21417 -190.36977 -1.1348031 0
-342.6116 -189.48639 -1.146648 0
-343.16943 -189.05246 -1.1890551 0
-349.36588 -188.47566 -1.1629997 0
-349.43225 -188.33066 -1.1546066 0
-346.52737 -188.31538 -1.1907564 0
-346.41458 -188.38783 -1.181568 0
-338.87762 -188.37283 -1.1359034 0
-347.3147 -187.83229 -1.1753138 0
-344.43466 -186.61121 -1.103176 0
-344.45621 -186.45703 -1.1293591 0
-344.31863 -186.42776 -1.103844 0
-344.26926 -186.47827 -1.112533 0
-344.12527 -186.47775 -1.1999145 0
-344.73865 -186.18536 -1.1971151 0
-336.0119 -185.76631 -1.1185297 0
-339.47284 -182.71106 -1.1947145 0
-332.17368 -182.22047 -1.1221681 0
-339.15436 -182.06802 -1.1262794 0
-336.67078 -179.34727 -1.1741242 0
-336.70544 -179.23871 -1.1455269 0
-341.27567 -176.40742 -1.1189802 0
-341.2999 -176.33589 -1.1330013 0
-341.25397 -176.27507 -1.1266743 0
-341.17828 -176.06793 -1.1448364 0
-340.73117 -175.95226 -1.1577954 0
-340.84299 -175.80371 -1.1895411 0
-340.79153 -175.78104 -1.1734366 0
-332.95645 -175.77312 -1.1696936 0
-339.80264 -175.59796 -1.1273476 0
-339.6853 -175.58322 -1.1284523 0
-338.55713 -175.21689 -1.1130525 0
-338.54541 -175.1524 -1.1117558 0
-338.63879 -175.04402 -1.1514076 0
-340.22382 -172.94266 -1.1760114 0
-349.20834 -172.03001 -1.1674087 0
-348.74832 -169.91087 -1.1164376 0
-348.80682 -169.82152 -1.1035899 0
-348.77734 -169.7123 -1.1233863 0
-341.63107 -169.32123 -1.1118643 0
-341.63364 -169.13939 -1.1392627 0
-339.87628 -168.3119 -1.1123322 0
-338.36108 -167.90739 -1.1820463 0
-349.60446 -167.51088 -1.1868231 0
-346.29703 -167.17992 -1.1474048 0
-339.01184 -167.10468 -1.1495311 0
-346.31912 -167.0703 -1.1740406 0
-339.04303 -166.82655 -1.1953787 0
-349.6525 -166.39423 -1.1507533 0
-349.55432 -166.25363 -1.106577 0
-349.71469 -166.15048 -1.1225591 0
-349.66504 -166.11621 -1.1027912 0
-349.78009 -165.86957 -1.1843737 0
-348.29724 -164.11288 -1.1818738 0
-348.12524 -164.08945 -1.1748136 0
-345.98636 -164.00031 -1.1046312 0
-347.73883 -163.71309 -1.1221837 0
-347.71875 -163.54834 -1.1526799 0
-348.31186 -163.49828 -1.1017712 0
-347.5975 -163.44807 -1.181266 0
-348.22363 -163.34323 -1.1698821 0
-349.86914 -163.24042 -1.1609963 0
-340.18628 -163.16351 -1.1766814 0
-341.98801 -162.74112 -1.1400855 0
-348.32483 -162.41411 -1.1104423 0
-348.09753 -162.45425 -1.166901 0
-348.38632 -162.34601 -1.1483999 0
-341.52219 -161.99637 -1.1432757 0
-341.45505 -161.96684 -1.1202521 0
-339.36237 -161.23602 -1.1922628 0
-339.23529 -161.23703 -1.1703036 0
-339.71127 -160.64595 -1.1814909 0
-254.03674 -159.70969 -1.171068 0
-255.84866 -159.49445 -1.1567564 0
-339.88635 -159.38881 -1.1654179 0
-349.56912 -159.20938 -1.1179668 0
-338.88858 -159.26753 -1.1106498 0
-254.13744 -159.16203 -1.1096078 0
-337.26086 -158.89946 -1.1230557 0
-349.08853 -158.0049 -1.1220859 0
-340.88168 -157.74471 -1.1234313 0
-339.62479 -157.73697 -1.1951913 0
-341.19489 -157.49236 -1.108307 0
-348.66257 -156.97952 -1.195228 0
-348.55136 -156.94119 -1.1453036 0
-348.46533 -156.9585 -1.1686997 0
-348.41843 -156.87228 -1.1495647 0
-312.44794 -156.30089 -1.166785 0
-347.23801 -155.82185 -1.1276647 0
-347.24582 -155.77827 -1.1708513 0
-347.17117 -155.73497 -1.1444098 0
-347.16544 -155.13672 -1.1566653 0
-340.76355 -155.13965 -1.1232882 0
-340.60742 -154.95226 -1.1106467 0
-340.38821 -154.76091 -1.1340443 0
-340.07138 -154.45183 -1.1236371 0
-270.36639 -153.87631 -1.1258421 0
-331.04636 -153.75629 -1.1984069 0
-339.93326 -153.57898 -1.1244398 0
-340.54947 -153.47823 -1.1319174 0
-330.33743 -152.92377 -1.1275243 0
-338.00284 -152.35681 -1.1683819 0
-338.1857 -152.29501 -1.1511254 0
-335.79321 -152.29817 -1.1044743 0
-263.51355 -152.02328 -1.1624582 0
-264.66379 -151.61499 -1.1181664 0
-263.29471 -151.4238 -1.1876132 0
-263.42355 -151.30585 -1.1453875 0
-264.78348 -151.25195 -1.1092963 0
-341.97717 -151.11649 -1.1341474 0
-338.90698 -151.05209 -1.1509061 0
-343.54657 -150.86087 -1.1264117 0
-343.49707 -150.70639 -1.1746048 0
-343.55798 -150.63042 -1.1840575 0
-342.92004 -150.61011 -1.1821992 0
-342.40176 -150.68988 -1.1972778 0
-343.53214 -150.59593 -1.199994 0
-343.41016 -150.52354 -1.129918 0
-343.66077 -150.45976 -1.1466244 0
-343.49368 -150.48813 -1.1580378 0
-343.72147 -150.3196 -1.1452175 0
-343.65051 -150.35609 -1.1941901 0
-343.51532 -150.32004 -1.1774548 0
-343.27249 -150.3712 -1.1895813 0
-343.8479 -150.25797 -1.1369896 0
-343.71158 -150.22507 -1.1232506 0
-343.64828 -150.29391 -1.1074243 0
-342.83109 -150.28746 -1.1327076 0
-343.68546 -150.15471 -1.1262234 0
-343.54312 -150.08899 -1.1479094 0
-341.96695 -150.05144 -1.1944309 0
-331.15063 -209.81235 -1.0486362 0
-331.18579 -208.33391 -1.087754 0
-340.45862 -202.24638 -1.0214562 0
-340.48874 -201.32294 -1.0398067 0
-340.21445 -200.54489 -1.0302817 0
-339.64908 -198.51978 -1.0237867 0
-340.39886 -198.09509 -1.0462998 0
-320.9556 -198.00992 -1.0265718 0
-344.91364 -193.26204 -1.0801144 0
-346.05035 -192.07715 -1.0374717 0
-345.89401 -191.81332 -1.0321789 0
-347.57495 -190.17412 -1.0350032 0
-342.73679 -190.00667 -1.0000764 0
-339.4418 -189.98552 -1.063385 0
-347.5531 -189.88983 -1.0539293 0
-347.37491 -189.75673 -1.0697159 0
-343.19543 -189.34906 -1.0153221 0
-348.35361 -188.76978 -1.0741059 0
-348.95667 -188.49356 -1.0433022 0
-348.75003 -188.45197 -1.0100513 0
-346.85721 -188.4268 -1.0566219 0
-349.15125 -188.34085 -1.0807794 0
-348.68671 -188.31079 -1.0884076 0
-346.48975 -188.36794 -1.0989376 0
-348.90405 -188.29749 -1.0728846 0
-336.20792 -188.05594 -1.0092014 0
-347.52945 -187.82613 -1.0013163 0
-347.59 -187.57895 -1.0127943 0
-344.603 -187.17068 -1.0645638 0
-343.85083 -186.70645 -1.0199684 0
-344.33206 -186.69794 -1.0669317 0
-344.23865 -186.6754 -1.0949916 0
-344.34485 -185.89703 -1.0728097 0
-336.05978 -184.47069 -1.0887463 0
-335.78384 -184.02026 -1.0931885 0
-339.4772 -182.06569 -1.0009043 0
-326.47403 -180.10915 -1.0013617 0
-341.33762 -176.38945 -1.0494134 0
-341.04861 -175.93755 -1.0296839 0
-341.05463 -175.70039 -1.0632268 0
-340.10867 -174.08275 -1.083663 0
-340.1344 -172.90358 -1.0653443 0
-340.1843 -172.83109 -1.0874481 0
-336.23093 -171.47958 -1.0442117 0
-322.4223 -171.32678 -1.0917566 0
-349.96579 -170.16281 -1.0236363 0
-346.41162 -170.07791 -1.0962086 0
-348.80179 -169.91769 -1.0607708 0
-348.79498 -169.8855 -1.0640918 0
-348.69955 -169.74252 -1.0031565 0
-337.99973 -169.50887 -1.0027387 0
-347.44867 -169.06346 -1.0990068 0
-339.00784 -168.04605 -1.0435385 0
-345.65448 -167.09218 -1.0904928 0
-338.77496 -166.97 -1.0039928 0
-349.677 -166.38315 -1.0543014 0
-347.27582 -164.37004 -1.0548087 0
-339.56943 -164.29973 -1.0959702 0
-346.22394 -164.04111 -1.0619366 0
-347.94037 -163.99544 -1.0936035 0
-346.09991 -163.9798 -1.0900058 0
-348.1745 -163.65385 -1.0475644 0
-348.45346 -163.31795 -1.0709521 0
-348.04868 -162.929 -1.0818504 0
-340.18903 -162.97038 -1.0808465 0
-341.72144 -162.85318 -1.0726629 0
-341.04425 -162.84763 -1.049895 0
-348.31464 -162.47249 -1.0925305 0
-270.62085 -162.14246 -1.0303085 0
-341.74915 -161.8378 -1.0690771 0
-340.37729 -161.75829 -1.0598339 0
-339.34253 -161.37987 -1.0616808 0
-339.37042 -160.80641 -1.0670171 0
-339.6586 -160.59561 -1.0392221 0
-256.24573 -160.24438 -1.041555 0
-339.23059 -159.93869 -1.0009784 0
-339.63489 -159.8754 -1.0853267 0
-348.50629 -159.24997 -1.0088462 0
-338.85538 -158.7679 -1.0958736 0
-275.44107 -158.38863 -1.0706772 0
-268.87439 -157.83792 -1.0650634 0
-349.21573 -157.71744 -1.0828664 0
-349.17624 -157.63457 -1.0784703 0
-340.9317 -157.63297 -1.0478275 0
-339.67435 -157.6517 -1.071965 0
-348.48007 -157.16389 -1.0603943 0
-347.94058 -157.12097 -1.0816376 0
-348.45013 -157.03934 -1.0872326 0
-348.5209 -156.9127 -1.0295433 0
-346.68396 -156.92633 -1.0497071 0
-346.59619 -156.98657 -1.0593971 0
-345.98248 -156.94885 -1.0523247 0
-348.46692 -156.85583 -1.0336343 0
-348.31711 -156.854 -1.0787946 0
-342.15051 -156.85852 -1.0505608 0
-287.25031 -155.87103 -1.0190223 0
-347.29407 -155.78366 -1.032468 0
-347.30823 -155.55083 -1.0762702 0
-347.28723 -155.53905 -1.0982693 0
-347.3035 -155.45065 -1.037195 0
-347.22189 -155.34132 -1.0678544 0
-340.73318 -155.24554 -1.0744398 0
-340.75586 -155.0282 -1.0034806 0
-340.4155 -154.99261 -1.0316501 0
-340.24326 -154.91612 -1.0486517 0
-341.87372 -153.62836 -1.0753912 0
-341.71701 -153.60567 -1.0289062 0
-274.39847 -152.87711 -1.0974795 0
-299.68564 -152.48457 -1.0460846 0
-261.44778 -151.79008 -1.010867 0
-277.20255 -151.61267 -1.0547208 0
-341.43832 -150.88484 -1.0508157 0
-342.69159 -150.77625 -1.0911295 0
-343.74863 -150.4437 -1.0134264 0
-343.508 -150.43887 -1.0971994 0
-343.79947 -150.35068 -1.0118037 0
-343.5173 -150.37758 -1.0421395 0
-343.87756 -150.20053 -1.0892363 0
-343.759 -150.27002 -1.0161246 0
-343.60895 -150.23221 -1.0358499 0
-313.75528 -150.29294 -1.0363036 0
-343.89139 -150.12625 -1.0061251 0
-281.25159 -150.15273 -1.0167472 0
-343.76312 -150.08884 -1.0416083 0
-343.6369 -150.07536 -1.0525877 0
-342.66864 -150.03073 -1.0312394 0
-331.16129 -208.07234 -0.99127525 0
-340.84396 -201.27075 -0.98317546 0
-340.14944 -200.30548 -0.9433291 0
-339.50565 -198.99738 -0.95286316 0
-340.4162 -197.9975 -0.98940784 0
-340.62964 -197.83376 -0.98613161 0
-340.58072 -197.85939 -0.94504994 0
-332.79437 -197.6256 -0.91243446 0
-346.02029 -194.11127 -0.94052535 0
-345.27942 -193.57283 -0.90063614 0
-334.04715 -192.99591 -0.9037925 0
-345.20175 -192.45439 -0.90252644 0
-344.63782 -192.22932 -0.90350634 0
-347.63605 -190.43852 -0.90195709 0
-347.61877 -190.37947 -0.98496765 0
-347.24185 -190.23306 -0.98489541 0
-347.45499 -190.16821 -0.94317275 0
-343.03717 -189.21376 -0.95875764 0
-349.11563 -188.88181 -0.98061758 0
-347.97305 -188.60619 -0.91098452 0
-349.35275 -188.42844 -0.94638842 0
-336.2645 -188.21342 -0.91163367 0
-347.57611 -187.45009 -0.98973918 0
-344.35977 -187.24449 -0.9008621 0
-344.59705 -186.74097 -0.94231302 0
-344.40472 -186.42395 -0.90009761 0
-344.51492 -186.29013 -0.90263253 0
-344.25497 -186.12053 -0.90686983 0
-339.16077 -182.13881 -0.95036119 0
-339.36765 -182.05287 -0.94481307 0
-339.52155 -181.92754 -0.91298741 0
-339.2851 -181.91554 -0.94622582 0
-337.04788 -179.40865 -0.94368404 0
-340.67929 -176.65663 -0.91824925 0
-339.95917 -174.48978 -0.92145771 0
-340.13947 -174.06238 -0.92640907 0
-340.15045 -173.1998 -0.98146558 0
-339.77786 -173.18047 -0.92040497 0
-340.12009 -172.84851 -0.9868027 0
-347.90399 -171.89075 -0.95469558 0
-349.08957 -170.92723 -0.97823262 0
-349.16394 -170.88826 -0.96498555 0
-349.03827 -170.56375 -0.90177077 0
-349.50079 -170.10634 -0.97672617 0
-348.37189 -170.01845 -0.92783803 0
-348.88922 -169.84991 -0.97753799 0
-341.49771 -169.8812 -0.9925313 0
-348.90063 -169.78078 -0.95805371 0
-348.86963 -169.72884 -0.95735329 0
-349.133 -169.64978 -0.92587709 0
-349.02927 -169.66566 -0.94911093 0
-349.19672 -169.57445 -0.9107638 0
-349.0423 -169.4752 -0.935471 0
-348.87607 -169.46219 -0.93290734 0
-347.37808 -169.42734 -0.94914275 0
-349.88852 -169.20155 -0.9686268 0
-347.1152 -169.26483 -0.97583133 0
-339.13892 -167.9393 -0.94516236 0
-338.48349 -167.83423 -0.9106741 0
-346.09189 -167.63049 -0.98878253 0
-346.19971 -167.46088 -0.94805944 0
-349.61578 -166.29547 -0.96487588 0
-337.49417 -166.07941 -0.9714238 0
-349.74976 -165.27689 -0.94199926 0
-339.69595 -164.40788 -0.91342789 0
-345.98541 -164.2267 -0.92915887 0
-340.229 -164.19281 -0.98887378 0
-340.28473 -164.08073 -0.97004485 0
-339.80899 -164.03027 -0.9090879 0
-340.19955 -163.92725 -0.98701471 0
-348.29626 -163.62616 -0.99607819 0
-333.18542 -163.69405 -0.96817839 0
-348.41599 -163.51601 -0.99512333 0
-348.29474 -162.89536 -0.924106 0
-341.07614 -162.28809 -0.99321783 0
-341.81036 -162.14456 -0.92794323 0
-340.86908 -162.05222 -0.9878732 0
-337.32568 -161.85928 -0.93192095 0
-340.2005 -160.07858 -0.99548554 0
-347.73633 -159.60493 -0.99536532 0
-347.78711 -159.58125 -0.96488637 0
-339.39984 -159.25737 -0.91961282 0
-254.25481 -159.07008 -0.93293691 0
-276.91251 -158.71123 -0.90291119 0
-340.76962 -158.46457 -0.93615228 0
-349.94708 -158.09406 -0.91169119 0
-347.75937 -157.73651 -0.92341155 0
-339.61273 -157.77122 -0.99896038 0
-339.5654 -157.75117 -0.93178755 0
-349.18576 -157.66393 -0.94845283 0
-339.61475 -157.6172 -0.97120041 0
-347.95541 -157.33607 -0.97337461 0
-348.99203 -157.01726 -0.93844879 0
-348.53418 -157.05534 -0.94196194 0
-348.45471 -157.06723 -0.91394621 0
-342.36075 -157.00339 -0.97751766 0
-348.5311 -156.95531 -0.99215305 0
-348.45374 -156.85342 -0.94754201 0
-348.39664 -156.8575 -0.97834289 0
-348.26868 -156.81456 -0.96469617 0
-348.46109 -156.78838 -0.98497629 0
-342.35376 -156.42406 -0.90406841 0
-348.05804 -156.3909 -0.95855916 0
-347.33249 -155.56192 -0.96501583 0
-264.49881 -154.27678 -0.90572762 0
-340.00192 -154.09492 -0.99610656 0
-341.5408 -153.64464 -0.98011738 0
-341.64706 -153.54715 -0.95389414 0
-341.68027 -153.43973 -0.94086742 0
-339.63443 -153.30862 -0.93783057 0
-336.07639 -153.3054 -0.92599803 0
-288.54724 -153.35191 -0.93744904 0
-340.02072 -153.2675 -0.93559176 0
-335.96933 -152.99525 -0.96631849 0
-335.67953 -152.6705 -0.96366733 0
-300.07336 -152.30557 -0.94099742 0
-286.03848 -152.37584 -0.93297917 0
-264.9646 -152.30817 -0.97227895 0
-262.60504 -152.01894 -0.99792272 0
-286.80469 -151.72192 -0.96462119 0
-342.14526 -150.92714 -0.91472894 0
-343.75595 -150.7541 -0.93584245 0
-262.10373 -150.76988 -0.99663043 0
-283.06198 -150.65991 -0.9985218 0
-343.67944 -150.52531 -0.93882203 0
-343.50095 -150.41486 -0.94141054 0
-342.71436 -150.47385 -0.9130097 0
-343.78922 -150.36002 -0.90748638 0
-343.67169 -150.34349 -0.98083663 0
-343.00912 -150.30023 -0.99947864 0
-342.85226 -150.39848 -0.92840135 0
-343.91443 -150.24774 -0.98711658 0
-343.84662 -150.26491 -0.92304879 0
-342.7724 -150.20952 -0.92302924 0
-342.63007 -150.26631 -0.92544627 0
-342.35016 -150.21324 -0.9325425 0
-343.78076 -150.18561 -0.94550675 0
-343.68262 -150.06148 -0.95127344 0
-320.45886 -211.37024 -0.83069181 0
-339.82098 -200.89769 -0.81873137 0
-345.99829 -194.16797 -0.82558393 0
-345.79108 -193.76222 -0.83542663 0
-340.96402 -193.58359 -0.84000415 0
-345.23221 -192.90897 -0.88352954 0
-344.64337 -192.76778 -0.81189919 0
-345.09311 -192.38683 -0.87386084 0
-347.64917 -190.54344 -0.83759683 0
-347.46643 -190.54231 -0.80906951 0
-346.51746 -188.43748 -0.86933941 0
-344.45425 -187.31761 -0.84987694 0
-344.83704 -186.97668 -0.84045571 0
-344.43567 -186.99129 -0.89398319 0
-344.86078 -186.88376 -0.83947635 0
-344.66193 -186.76709 -0.85796183 0
-344.56653 -186.71967 -0.87951952 0
-344.72363 -186.64162 -0.82187557 0
-344.53186 -186.68938 -0.86593622 0
-344.33441 -186.58925 -0.81317073 0
-344.4332 -186.48677 -0.84040755 0
-344.64267 -186.241 -0.81629634 0
-344.53287 -186.12936 -0.84644485 0
-344.43469 -185.93787 -0.84666127 0
-344.37323 -185.98618 -0.84259367 0
-337.44962 -185.06413 -0.82047206 0
-339.20654 -181.97939 -0.88330585 0
-326.50729 -175.5394 -0.86089402 0
-340.02774 -174.71169 -0.84312201 0
-340.13647 -174.53424 -0.81390792 0
-348.37598 -172.06676 -0.8447116 0
-347.62308 -171.66325 -0.86883801 0
-322.21594 -171.1228 -0.82504171 0
-348.9978 -170.61841 -0.87843412 0
-349.03351 -170.55472 -0.8642894 0
-348.7793 -169.92827 -0.89384407 0
-348.7186 -169.82059 -0.80740589 0
-349.17453 -169.51274 -0.89893258 0
-349.17242 -169.45905 -0.89617854 0
-349.0661 -169.45503 -0.85120207 0
-341.59814 -169.28542 -0.83794153 0
-338.54926 -168.00772 -0.89420265 0
-346.27621 -167.15974 -0.85391599 0
-349.75259 -167.00635 -0.89060313 0
-345.50134 -167.04774 -0.84394127 0
-349.72534 -166.55226 -0.82397997 0
-349.67816 -166.26282 -0.82305866 0
-346.61856 -164.34915 -0.81507897 0
-341.70175 -163.54674 -0.8039903 0
-347.94583 -163.28407 -0.80404454 0
-348.24344 -163.12538 -0.87669235 0
-348.05865 -163.14587 -0.8419708 0
-341.689 -161.5564 -0.82205236 0
-339.63309 -160.32359 -0.82490033 0
-339.46893 -160.34657 -0.82122517 0
-268.57565 -159.18341 -0.89005202 0
-349.02411 -159.08591 -0.87198532 0
-282.76822 -159.05759 -0.8932001 0
-343.09839 -158.9612 -0.82432359 0
-337.21585 -158.97577 -0.82710397 0
-349.422 -158.80052 -0.89597678 0
-349.29898 -158.83044 -0.85512251 0
-343.06149 -158.83853 -0.892133 0
-343.17526 -158.51801 -0.88990813 0
-265.71588 -158.51617 -0.84141225 0
-349.70386 -157.91835 -0.81525671 0
-339.64752 -157.82391 -0.87928253 0
-349.52216 -157.79736 -0.87167633 0
-347.95795 -157.59084 -0.80338514 0
-348.5246 -157.21982 -0.84467918 0
-347.38004 -157.29018 -0.89444733 0
-267.23703 -157.21535 -0.83226645 0
-348.6557 -157.11456 -0.83227116 0
-348.5368 -157.17863 -0.8020978 0
-348.48193 -156.9393 -0.8730818 0
-346.79596 -156.98816 -0.88844281 0
-346.40707 -156.91603 -0.84688884 0
-348.61276 -156.87564 -0.88238287 0
-348.57959 -156.8748 -0.83162254 0
-349.1629 -156.72235 -0.86288363 0
-348.66232 -156.70947 -0.80458093 0
-348.54675 -156.74863 -0.84791195 0
-348.08496 -156.54303 -0.82060444 0
-347.76135 -156.2459 -0.84864724 0
-337.25049 -155.34096 -0.81566906 0
-339.91324 -154.60316 -0.82074922 0
-340.10861 -154.0916 -0.86651039 0
-339.69 -153.38004 -0.87370163 0
-265.20496 -152.53491 -0.88985956 0
-264.98834 -152.43187 -0.89456999 0
-264.23325 -152.22325 -0.8612107 0
-335.4425 -152.10716 -0.89274961 0
-338.66592 -152.08386 -0.87956804 0
-335.34641 -152.00938 -0.88510692 0
-267.5506 -151.99065 -0.82253706 0
-338.67093 -151.88695 -0.81429118 0
-268.53442 -151.86156 -0.86481351 0
-333.78067 -151.72905 -0.83910656 0
-262.58084 -151.79027 -0.85952854 0
-328.31696 -151.51247 -0.80369294 0
-264.30151 -151.56531 -0.84685159 0
-262.31699 -151.56256 -0.85301745 0
-286.65652 -151.38753 -0.80295616 0
-281.92639 -150.97591 -0.80526358 0
-342.5127 -150.70222 -0.80789697 0
-342.64545 -150.55157 -0.8277998 0
-343.60342 -150.34062 -0.89405859 0
-342.61539 -150.20088 -0.85973686 0
-343.78354 -150.1132 -0.86183572 0
-342.59534 -150.12973 -0.8614676 0
-343.20477 -150.05252 -0.86534882 0
-343.05899 -150.08548 -0.89647031 0
-333.64902 -210.34297 -0.77524543 0
-334.93893 -201.39034 -0.72592539 0
-340.73096 -200.9651 -0.76733875 0
-340.07367 -200.1537 -0.79805845 0
-340.66858 -196.91832 -0.77022219 0
-339.34445 -196.22081 -0.72059 0
-339.50195 -196.0387 -0.73520488 0
-338.99338 -195.34323 -0.70897132 0
-346.0369 -194.07388 -0.79383594 0
-345.95392 -194.03442 -0.7016356 0
-345.83243 -194.02115 -0.71208459 0
-345.95529 -193.94539 -0.71472359 0
-344.72748 -192.46228 -0.78157073 0
-344.45193 -191.74466 -0.73920095 0
-344.5704 -191.49696 -0.74643701 0
-347.37744 -190.23448 -0.74502939 0
-349.25375 -188.59952 -0.78442264 0
-348.42694 -188.16516 -0.75992137 0
-348.18817 -188.1256 -0.78431714 0
-348.05853 -188.18379 -0.79930127 0
-348.4487 -187.96356 -0.74130869 0
-336.14175 -187.99174 -0.70303231 0
-344.8858 -187.10631 -0.79246253 0
-344.79074 -186.57945 -0.76142812 0
-344.75336 -186.44395 -0.77564275 0
-344.64169 -186.49297 -0.78518456 0
-344.52048 -186.44185 -0.78852671 0
-344.47 -186.3045 -0.79232591 0
-344.50806 -186.2616 -0.73829484 0
-344.49164 -186.25874 -0.78152812 0
-337.40588 -185.06258 -0.75963277 0
-337.33145 -185.03934 -0.75276196 0
-334.6312 -182.65891 -0.74697125 0
-336.64514 -179.25758 -0.78478676 0
-340.46835 -176.74614 -0.72074223 0
-339.93262 -176.72281 -0.76719767 0
-340.30695 -176.42485 -0.71236044 0
-339.83978 -175.07202 -0.75097966 0
-339.15863 -174.78149 -0.7767784 0
-338.69629 -174.55533 -0.71118164 0
-338.8689 -174.49222 -0.72489309 0
-339.93491 -174.28427 -0.75633138 0
-339.68491 -174.22591 -0.75349945 0
-348.5365 -171.71442 -0.77845949 0
-344.99887 -170.40297 -0.72630447 0
-341.3909 -170.26965 -0.7249772 0
-349.64362 -166.76546 -0.74532533 0
-349.86816 -166.66722 -0.78283632 0
-349.77454 -166.65916 -0.7885384 0
-349.78088 -166.58611 -0.75960755 0
-349.81177 -166.36002 -0.71159798 0
-349.69662 -166.29202 -0.71584558 0
-349.79089 -166.19588 -0.75189346 0
-349.68445 -166.12564 -0.70647216 0
-346.0614 -166.12439 -0.73870766 0
-349.87384 -166.07581 -0.75608748 0
-339.50513 -164.38126 -0.70482481 0
-346.97009 -164.05402 -0.74834722 0
-339.89996 -163.84125 -0.71840549 0
-340.84088 -162.66182 -0.75815654 0
-342.00381 -162.50999 -0.70742255 0
-341.50415 -162.28442 -0.78321737 0
-341.67151 -162.02243 -0.75057304 0
-342.00583 -161.95869 -0.75376809 0
-254.36971 -160.60938 -0.75052851 0
-274.37338 -160.35478 -0.7557686 0
-339.43939 -160.02405 -0.74756891 0
-276.68582 -159.61925 -0.78612894 0
-342.73117 -158.98415 -0.75265706 0
-349.16653 -158.38368 -0.72320771 0
-340.24112 -158.22719 -0.72227603 0
-349.3533 -157.75903 -0.7501018 0
-339.50681 -157.65199 -0.70047081 0
-348.42059 -156.8376 -0.79441613 0
-298.69983 -156.84682 -0.72981 0
-348.79431 -156.75316 -0.79339033 0
-349.93063 -154.93463 -0.79023677 0
-349.87842 -154.93816 -0.74923396 0
-340.34906 -154.88193 -0.7873233 0
-349.89798 -154.78223 -0.74514383 0
-340.4838 -154.64296 -0.70762479 0
-340.07489 -154.65469 -0.71685219 0
-338.8063 -154.32327 -0.7082243 0
-270.85718 -154.2597 -0.78596228 0
-317.25357 -153.91574 -0.70020413 0
-342.21347 -153.66411 -0.74016798 0
-331.41681 -153.40233 -0.71418625 0
-339.91989 -153.30978 -0.74515408 0
-341.35172 -153.29781 -0.73717397 0
-286.11697 -152.83942 -0.73908228 0
-264.06226 -152.12488 -0.70962471 0
-338.84964 -152.00075 -0.7773214 0
-338.77875 -151.98189 -0.70603979 0
-335.18842 -151.89757 -0.74564284 0
-283.64667 -151.8261 -0.72827798 0
-287.71213 -151.78488 -0.72142506 0
-283.33438 -151.65306 -0.78187293 0
-264.71759 -151.69194 -0.79258353 0
-306.2948 -150.99223 -0.77360332 0
-264.63281 -150.85416 -0.70299327 0
-343.21103 -150.52731 -0.72717625 0
-342.61011 -150.49043 -0.79452574 0
-342.38477 -150.32092 -0.75062507 0
-343.24423 -150.28047 -0.705639 0
-343.57181 -150.13185 -0.78425831 0
-343.02777 -150.1581 -0.71614224 0
-343.85901 -150.09666 -0.78507966 0
-343.09039 -150.0853 -0.71148902 0
-342.97833 -150.01216 -0.75238818 0
-340.73575 -200.86658 -0.69572556 0
-340.70306 -200.71841 -0.68373972 0
-340.50586 -200.60745 -0.64058989 0
-340.20328 -200.68567 -0.6329686 0
-340.39005 -200.20486 -0.66808367 0
-339.79956 -198.79909 -0.62425494 0
-332.93027 -197.07816 -0.68249059 0
-339.77429 -196.65009 -0.67490661 0
-340.9805 -193.77478 -0.6945942 0
-337.94531 -193.31888 -0.65531725 0
-345.21793 -192.88318 -0.63929558 0
-344.30023 -191.62247 -0.66063505 0
-337.06064 -190.46936 -0.68790752 0
-343.15369 -190.09972 -0.60065538 0
-342.73621 -190.06818 -0.68764657 0
-349.23798 -188.31042 -0.62001753 0
-348.82126 -187.32553 -0.62676352 0
-347.7002 -187.26695 -0.69786215 0
-347.19019 -187.12474 -0.60672629 0
-344.66629 -187.12714 -0.63179117 0
-344.62366 -186.6443 -0.6524182 0
-344.9902 -186.30782 -0.68724549 0
-333.36429 -183.5499 -0.65548187 0
-339.08038 -181.50191 -0.62741917 0
-326.86487 -179.02707 -0.649351 0
-339.80817 -175.30267 -0.69779187 0
-339.89758 -175.2971 -0.68371212 0
-338.25504 -174.83893 -0.64977634 0
-349.89792 -171.83437 -0.64690953 0
-348.51978 -171.85097 -0.63406616 0
-348.68518 -171.73473 -0.6428861 0
-349.95001 -171.58783 -0.60151005 0
-349.88156 -167.28859 -0.66574037 0
-339.16504 -167.2085 -0.65020108 0
-349.87656 -166.48222 -0.69494814 0
-349.66351 -166.19882 -0.69410902 0
-346.13226 -166.18896 -0.66882747 0
-349.32312 -165.74213 -0.62612259 0
-349.17227 -165.54221 -0.65805328 0
-347.44421 -164.16879 -0.65372658 0
-332.89502 -164.04922 -0.68049192 0
-346.98224 -163.93793 -0.63717091 0
-338.98862 -163.4883 -0.63249594 0
-283.957 -162.60669 -0.60324019 0
-346.4642 -162.53574 -0.67074513 0
-342.28339 -162.59831 -0.61652762 0
-341.84711 -162.55626 -0.66185039 0
-342.22824 -162.44653 -0.62013423 0
-341.88977 -162.14587 -0.69584793 0
-341.66449 -162.02359 -0.69319463 0
-341.77747 -161.97318 -0.63027757 0
-341.58582 -161.95848 -0.67634135 0
-254.42297 -160.64619 -0.60812664 0
-339.81277 -160.23148 -0.64028847 0
-277.17947 -159.41594 -0.6362437 0
-278.28821 -159.3708 -0.67714185 0
-342.57303 -158.83492 -0.63773364 0
-340.82892 -158.72684 -0.67665249 0
-342.99448 -158.56133 -0.60392499 0
-275.66553 -158.3114 -0.61551988 0
-349.87405 -158.03682 -0.66987467 0
-347.16318 -157.91698 -0.62604111 0
-349.62683 -157.83255 -0.60210115 0
-349.3497 -157.72273 -0.66708809 0
-339.56848 -157.63647 -0.67745042 0
-348.48517 -157.53145 -0.65670353 0
-342.5141 -157.26807 -0.69997877 0
-298.86844 -156.95154 -0.69853383 0
-348.54913 -156.8716 -0.63792711 0
-348.46912 -156.89432 -0.61905664 0
-349.12329 -156.64726 -0.632635 0
-349.24271 -156.50099 -0.62876475 0
-298.84207 -156.31996 -0.69433403 0
-264.62973 -155.95044 -0.68733323 0
-339.84558 -155.2635 -0.6049543 0
-339.91174 -155.13321 -0.61435926 0
-349.99228 -155.01466 -0.60375637 0
-349.99789 -154.91394 -0.61334813 0
-342.21133 -154.95631 -0.67460793 0
-349.64612 -154.81282 -0.60468072 0
-340.64804 -154.79784 -0.69661027 0
-340.35504 -154.50893 -0.67973834 0
-339.47269 -154.44263 -0.62727207 0
-342.33652 -153.85744 -0.61823559 0
-340.30521 -153.64162 -0.64941138 0
-340.21741 -153.61617 -0.65407759 0
-342.24088 -153.56798 -0.62642884 0
-331.62198 -153.42374 -0.66450441 0
-331.88348 -153.2959 -0.63904101 0
-299.62717 -153.1703 -0.61699706 0
-264.10049 -152.65738 -0.60218948 0
-335.52777 -152.21741 -0.66491449 0
-286.12628 -152.27924 -0.61768025 0
-299.78961 -151.9785 -0.66056174 0
-261.43881 -151.99431 -0.63569289 0
-283.36908 -151.75038 -0.6022498 0
-268.63513 -151.79097 -0.60622346 0
-328.15698 -151.45764 -0.66206878 0
-306.327 -151.31934 -0.60619831 0
-262.72623 -151.33667 -0.66472608 0
-282.11896 -151.01021 -0.66875422 0
-282.09119 -151.04196 -0.60855514 0
-343.04156 -150.62834 -0.64833921 0
-343.42938 -150.55183 -0.65361196 0
-343.17029 -150.56839 -0.62869805 0
-342.9845 -150.41283 -0.67932892 0
-342.94028 -150.2406 -0.67384571 0
-283.26544 -150.24054 -0.65244454 0
-261.28702 -150.03151 -0.60938549 0
-339.85968 -199.00125 -0.58130485 0
-339.83383 -198.28755 -0.50461298 0
-340.4216 -195.50319 -0.51901501 0
-346.01306 -193.90649 -0.53782231 0
-346.00742 -193.77971 -0.54286528 0
-345.94891 -193.61479 -0.50790435 0
-345.67065 -193.67471 -0.59305865 0
-345.34845 -193.61765 -0.54093403 0
-345.71643 -193.56757 -0.53021502 0
-345.64374 -193.35452 -0.55442399 0
-320.41537 -192.87175 -0.52774763 0
-343.20248 -189.93977 -0.58778387 0
-343.02234 -189.90471 -0.59626913 0
-348.71939 -189.09825 -0.54494679 0
-347.43088 -188.36737 -0.56885886 0
-336.12534 -188.08078 -0.58862358 0
-344.57523 -186.97249 -0.5742588 0
-345.1041 -186.40593 -0.59703571 0
-344.48404 -186.27063 -0.53136694 0
-344.35699 -186.06754 -0.50519884 0
-340.42804 -184.53656 -0.56134117 0
-338.84445 -182.39746 -0.51281363 0
-338.77579 -182.28568 -0.50603509 0
-338.83261 -182.17192 -0.58527124 0
-338.86603 -182.09508 -0.57933307 0
-339.10797 -181.80284 -0.55885637 0
-340.61169 -176.22589 -0.51930082 0
-340.49628 -176.21333 -0.54619724 0
-340.5639 -176.16022 -0.52850997 0
-340.52567 -176.09802 -0.51964349 0
-340.74606 -175.85712 -0.58527851 0
-341.05872 -175.63445 -0.58680236 0
-338.20892 -175.01851 -0.50525045 0
-338.21747 -174.94148 -0.52125353 0
-335.08649 -174.51837 -0.59745806 0
-348.58908 -172.0076 -0.50744188 0
-349.9296 -171.87996 -0.53582996 0
-348.62192 -171.64455 -0.55399311 0
-349.84796 -171.45221 -0.52855653 0
-348.58792 -171.41554 -0.58933407 0
-349.88632 -171.30023 -0.5963009 0
-348.49387 -171.35722 -0.55922925 0
-322.43024 -171.33144 -0.52903879 0
-345.02893 -170.43633 -0.53782648 0
-346.20297 -167.01428 -0.58544993 0
-349.80411 -166.6692 -0.5306316 0
-349.62137 -166.26089 -0.59164637 0
-349.68884 -166.13972 -0.52208608 0
-337.38907 -166.18742 -0.56981188 0
-341.76404 -162.11194 -0.56887478 0
-341.96356 -162.02443 -0.58288878 0
-341.81152 -161.97285 -0.58090627 0
-339.71695 -160.91776 -0.5461427 0
-346.91415 -159.69504 -0.50164616 0
-347.47623 -159.55542 -0.51044345 0
-347.81189 -159.43568 -0.51082295 0
-278.53482 -159.26219 -0.53392708 0
-343.03391 -158.63474 -0.55933964 0
-349.18579 -158.54668 -0.54691136 0
-336.70178 -158.56483 -0.58623463 0
-342.48032 -158.46283 -0.51500684 0
-342.1377 -158.49861 -0.57183182 0
-349.60147 -157.95386 -0.52234316 0
-349.47549 -157.65547 -0.51643121 0
-349.39236 -157.69588 -0.51963413 0
-348.69067 -157.60344 -0.53311259 0
-339.56329 -157.65265 -0.54659152 0
-339.43323 -157.61821 -0.58766472 0
-341.36148 -157.47554 -0.52693534 0
-341.56485 -157.26591 -0.55491322 0
-348.52197 -157.04695 -0.5869621 0
-348.53958 -156.90321 -0.56390095 0
-348.45102 -156.84225 -0.5364657 0
-348.34952 -156.77553 -0.59576643 0
-349.34039 -156.60356 -0.58932912 0
-264.63177 -155.9726 -0.59659451 0
-264.5574 -155.93109 -0.58054388 0
-342.112 -154.97734 -0.52571893 0
-342.16544 -154.76656 -0.53055227 0
-341.92319 -154.76289 -0.50011533 0
-340.62399 -154.78264 -0.5524084 0
-282.55756 -154.66985 -0.57392007 0
-341.94199 -154.14751 -0.59579152 0
-264.44046 -154.05957 -0.51554817 0
-342.37695 -153.90179 -0.53509635 0
-342.18793 -153.97145 -0.55275893 0
-264.11581 -152.12685 -0.53227049 0
-264.34055 -152.00781 -0.58102059 0
-288.85767 -151.91814 -0.5507946 0
-289.07516 -151.85876 -0.5912953 0
-333.66632 -151.7122 -0.59795779 0
-283.76236 -151.77272 -0.52151918 0
-283.61362 -151.73135 -0.51115745 0
-268.66864 -151.67587 -0.59849423 0
-286.72049 -151.31226 -0.50610018 0
-306.16324 -150.95415 -0.5585115 0
-343.12555 -150.72107 -0.57307345 0
-343.31296 -150.50247 -0.53310609 0
-343.29846 -150.5099 -0.53573024 0
-305.42126 -150.5668 -0.55639976 0
-274.81915 -150.57137 -0.50839168 0
-343.6207 -150.30353 -0.54007792 0
-278.89575 -150.2236 -0.51272434 0
-343.12994 -150.1125 -0.54489261 0
-342.83563 -150.13507 -0.54662752 0
-343.29211 -150.01952 -0.56198269 0
-343.02371 -150.05986 -0.55405545 0
-342.25784 -150.09093 -0.51390171 0
-340.2171 -200.56969 -0.42811623 0
-340.32269 -200.46475 -0.4898901 0
-339.61734 -200.11182 -0.43392602 0
-340.06714 -197.53279 -0.47212803 0
-340.60748 -196.36853 -0.47240567 0
-345.95621 -194.02007 -0.48877934 0
-345.89835 -194.07526 -0.49555281 0
-342.40109 -189.95012 -0.45241469 0
-342.40323 -189.8732 -0.4382835 0
-348.12036 -189.71587 -0.47328547 0
-342.41827 -189.75476 -0.4211221 0
-342.40601 -189.57318 -0.47290924 0
-347.61392 -188.5435 -0.43481737 0
-347.40747 -188.55602 -0.41709182 0
-348.5416 -187.33411 -0.42138869 0
-344.6008 -186.98758 -0.49398476 0
-344.77396 -186.87074 -0.42119101 0
-340.51352 -186.8667 -0.44733974 0
-340.47363 -186.70119 -0.43769282 0
-335.64972 -185.02359 -0.44230226 0
-340.43854 -184.59564 -0.48535207 0
-340.32242 -184.52808 -0.46499875 0
-340.41904 -184.49792 -0.49180207 0
-340.46072 -184.36787 -0.42479035 0
-338.8024 -182.16255 -0.46097341 0
-338.62604 -182.15701 -0.47514164 0
-331.98447 -182.00484 -0.4888376 0
-349.76431 -172.22156 -0.44188839 0
-349.83777 -172.15073 -0.46895173 0
-339.93872 -172.04974 -0.44894332 0
-349.81848 -171.96901 -0.46605751 0
-349.91129 -171.87251 -0.41961926 0
-349.8952 -171.52824 -0.47580102 0
-348.7001 -171.51962 -0.47838426 0
-349.87222 -171.32986 -0.41799712 0
-345.7291 -170.8463 -0.45475855 0
-344.88458 -170.18045 -0.43323627 0
-348.76248 -169.96323 -0.42408574 0
-330.33298 -169.78761 -0.46412081 0
-347.69598 -164.03273 -0.4202278 0
-346.3981 -163.95688 -0.4708001 0
-347.75351 -163.78746 -0.43646199 0
-339.04636 -163.51149 -0.46196145 0
-338.99069 -163.2543 -0.46936682 0
-341.61566 -162.64691 -0.4262754 0
-341.28311 -162.6929 -0.41377488 0
-341.73987 -162.22878 -0.48009136 0
-341.17877 -162.11125 -0.41737729 0
-340.65344 -162.13657 -0.41634345 0
-341.60925 -161.95361 -0.42646772 0
-339.7034 -161.2186 -0.47106186 0
-344.06824 -160.42464 -0.44152659 0
-339.98206 -160.41383 -0.45039675 0
-346.30127 -159.73044 -0.41374406 0
-346.35931 -159.68277 -0.42818403 0
-339.84225 -159.47377 -0.49029803 0
-272.02066 -159.32457 -0.45414001 0
-339.64001 -159.22942 -0.41607904 0
-282.42712 -159.2084 -0.419047 0
-346.64246 -159.08315 -0.40202433 0
-347.83237 -158.9109 -0.48709947 0
-271.91858 -158.88841 -0.46387079 0
-276.77637 -158.49466 -0.48075625 0
-339.59113 -157.62921 -0.48749891 0
-348.60971 -157.57742 -0.4712334 0
-339.57199 -157.54922 -0.47786543 0
-342.23621 -157.3252 -0.47274864 0
-342.3006 -157.17715 -0.43534872 0
-348.72116 -156.97678 -0.40439886 0
-348.52762 -156.91122 -0.44862148 0
-348.48398 -156.90317 -0.41294363 0
-348.38614 -156.97083 -0.49103862 0
-348.61652 -156.81967 -0.45907825 0
-349.5578 -156.43237 -0.44088662 0
-347.04437 -156.41483 -0.41821823 0
-312.21057 -156.46434 -0.46726793 0
-349.80362 -156.30428 -0.43479633 0
-349.47198 -156.38921 -0.44837412 0
-349.74594 -156.26999 -0.42305619 0
-349.67361 -156.29936 -0.40822214 0
-349.81851 -155.22942 -0.43902099 0
-340.51971 -155.06673 -0.44213575 0
-340.24985 -155.00635 -0.41909617 0
-340.51385 -154.91792 -0.45131639 0
-342.20361 -154.851 -0.48004204 0
-342.08218 -154.67245 -0.47836229 0
-340.45392 -154.63972 -0.4421266 0
-340.48761 -154.53209 -0.43083647 0
-340.53387 -154.26819 -0.49574557 0
-342.36667 -153.9614 -0.4933567 0
-341.75867 -153.89143 -0.4987618 0
-342.13052 -153.75179 -0.47459537 0
-341.54492 -153.74744 -0.49385861 0
-339.17712 -153.54665 -0.41885385 0
-339.68869 -153.37897 -0.49462068 0
-341.95303 -153.20685 -0.47519985 0
-340.48688 -153.08522 -0.43844679 0
-341.99741 -152.87964 -0.44172528 0
-340.54095 -152.70702 -0.44416559 0
-265.19482 -151.81064 -0.45652926 0
-267.1246 -151.76724 -0.42618987 0
-265.05606 -151.75261 -0.46156019 0
-264.82675 -151.76183 -0.45398444 0
-264.53326 -151.53047 -0.44325262 0
-327.5152 -151.04596 -0.46210015 0
-327.42932 -151.04747 -0.4641262 0
-262.08121 -150.74391 -0.48954964 0
-261.73697 -150.77118 -0.48601392 0
-261.83398 -150.59129 -0.43986362 0
-343.24738 -150.47112 -0.4831081 0
-342.974 -150.48674 -0.4073166 0
-343.07669 -150.31688 -0.4336682 0
-342.96768 -150.30867 -0.44685018 0
-342.52048 -150.29349 -0.40245947 0
-280.70956 -150.27711 -0.43454543 0
-343.08621 -150.15955 -0.41961285 0
-343.30338 -150.00177 -0.4027898 0
-342.82687 -150.02559 -0.41243646 0
-340.07471 -202.21605 -0.33322152 0
-339.75247 -199.99855 -0.35633478 0
-339.98242 -197.98663 -0.31605029 0
-340.22122 -197.6689 -0.33622554 0
-345.24738 -193.28336 -0.37493029 0
-346.70236 -192.94183 -0.33308223 0
-339.96899 -192.31998 -0.34773925 0
-337.13083 -190.36401 -0.34906089 0
-342.45239 -190.01942 -0.37832826 0
-347.51657 -188.33215 -0.3923873 0
-347.42691 -188.33397 -0.35930744 0
-348.83481 -188.29297 -0.37005726 0
-336.14465 -188.0777 -0.38568136 0
-347.63342 -187.82933 -0.37007076 0
-348.55612 -187.6412 -0.31680438 0
-340.75388 -187.03105 -0.32214507 0
-344.60776 -186.94377 -0.37819964 0
-340.71033 -186.99214 -0.37102661 0
-340.44562 -186.73293 -0.38176364 0
-340.38776 -186.54512 -0.3279196 0
-340.98651 -186.46066 -0.30441901 0
-340.33093 -186.46121 -0.37303433 0
-344.59027 -186.27162 -0.35720646 0
-344.46976 -186.21306 -0.32289574 0
-344.49615 -186.1889 -0.33829778 0
-340.86008 -186.15434 -0.30080944 0
-344.39001 -186.09732 -0.32893404 0
-337.34021 -185.15355 -0.35211301 0
-337.30698 -185.08118 -0.35741234 0
-337.17221 -184.87927 -0.34556749 0
-340.55347 -184.51826 -0.33583388 0
-340.95926 -182.26779 -0.33021781 0
-339.08661 -181.83257 -0.35792083 0
-340.56479 -175.55887 -0.32529032 0
-338.20929 -175.15288 -0.39717841 0
-338.23782 -175.0959 -0.39017084 0
-338.19202 -174.92819 -0.35445586 0
-349.96371 -171.92998 -0.31461316 0
-349.68668 -171.82237 -0.36551532 0
-340.35257 -171.8362 -0.32788011 0
-349.83759 -171.29547 -0.34248728 0
-346.16144 -171.06174 -0.30341989 0
-346.63434 -170.81102 -0.38487291 0
-347.15829 -169.4173 -0.30082038 0
-347.17059 -169.20471 -0.34572169 0
-347.20261 -169.11128 -0.35956767 0
-345.53622 -167.13518 -0.30280444 0
-347.19131 -164.23422 -0.32128304 0
-346.82104 -164.09024 -0.38352954 0
-346.9469 -163.96872 -0.37962687 0
-338.87955 -163.68983 -0.39493248 0
-277.20212 -162.30322 -0.31739083 0
-275.46198 -162.07504 -0.3922376 0
-341.78397 -161.96515 -0.37666708 0
-341.66754 -161.92447 -0.34797385 0
-341.70624 -161.88101 -0.38608542 0
-340.50415 -161.80965 -0.33407319 0
-339.203 -161.75693 -0.31270903 0
-339.21185 -161.51027 -0.31003055 0
-339.87802 -160.56796 -0.39854038 0
-274.15479 -160.14474 -0.35045674 0
-346.69708 -159.67572 -0.37597024 0
-346.4411 -159.66138 -0.38288581 0
-347.1441 -159.33867 -0.35160694 0
-341.08377 -158.71519 -0.32879451 0
-347.69693 -158.62749 -0.37206399 0
-275.59207 -158.41869 -0.36076716 0
-348.70227 -157.68901 -0.3530286 0
-339.71024 -157.67987 -0.38582003 0
-348.67999 -157.56525 -0.37961689 0
-349.57697 -157.29855 -0.3764374 0
-348.51627 -157.06877 -0.32129079 0
-348.26697 -157.0625 -0.30827951 0
-348.39005 -156.86292 -0.38175517 0
-342.43246 -156.73077 -0.33414167 0
-347.42639 -156.61713 -0.32577839 0
-348.46777 -156.52515 -0.33099383 0
-349.66162 -156.23312 -0.3553918 0
-349.82446 -155.38705 -0.36036858 0
-340.27701 -155.32994 -0.30223662 0
-340.1882 -155.2054 -0.3209545 0
-340.1915 -155.14499 -0.33190674 0
-340.96335 -155.0159 -0.38052651 0
-340.18631 -155.05266 -0.31287554 0
-340.26169 -154.76292 -0.38522863 0
-340.59686 -154.47046 -0.30542111 0
-271.04791 -153.8266 -0.33740267 0
-340.89255 -153.53526 -0.3474977 0
-342.05185 -152.9547 -0.35970229 0
-319.62006 -152.78038 -0.32355413 0
-339.04187 -152.55089 -0.30265713 0
-335.76752 -152.24281 -0.35107085 0
-331.98764 -152.13727 -0.36341074 0
-339.43237 -152.0741 -0.39016342 0
-331.9675 -152.05389 -0.30845624 0
-299.7348 -151.82138 -0.36727917 0
-265.01578 -151.82704 -0.33050209 0
-327.58954 -151.04843 -0.30892009 0
-281.96805 -151.01161 -0.3983345 0
-343.21771 -150.32689 -0.37420219 0
-343.18958 -150.34108 -0.39766085 0
-280.65381 -150.30281 -0.35996231 0
-342.40948 -150.299 -0.39127925 0
-343.35327 -150.1228 -0.3965832 0
-343.29742 -150.17734 -0.39088443 0
-342.42694 -150.11716 -0.34061965 0
-339.89548 -200.39676 -0.27232963 0
-339.93533 -197.3222 -0.21060333 0
-345.00519 -193.16022 -0.23570299 0
-345.55692 -193.07292 -0.20062442 0
-345.38046 -193.04396 -0.21307439 0
-346.84213 -192.92805 -0.22935979 0
-346.77036 -192.8434 -0.23831475 0
-346.74866 -192.63232 -0.23749344 0
-344.20486 -191.77843 -0.22174399 0
-348.18738 -189.81441 -0.28556666 0
-342.41879 -189.69498 -0.26909748 0
-348.37094 -189.20781 -0.29086018 0
-346.92892 -188.90953 -0.26373008 0
-348.97476 -188.65796 -0.22398527 0
-348.14737 -188.64507 -0.23004034 0
-348.84702 -188.43495 -0.25653252 0
-346.74121 -188.41936 -0.27310097 0
-347.12939 -188.18719 -0.20598006 0
-336.18738 -188.04016 -0.27507442 0
-347.6637 -187.96947 -0.28461763 0
-344.73636 -186.90746 -0.22347479 0
-344.32922 -186.9149 -0.22217399 0
-344.27658 -186.85226 -0.22332618 0
-344.02005 -186.57617 -0.23327577 0
-340.95792 -186.55461 -0.27276179 0
-343.74667 -186.36224 -0.20641223 0
-336.15482 -185.92542 -0.21672954 0
-335.79877 -184.61601 -0.24506611 0
-339.93546 -184.28117 -0.2542676 0
-341.32541 -183.0202 -0.27621669 0
-341.44482 -182.83939 -0.26073667 0
-340.45309 -182.84775 -0.25760436 0
-340.13208 -182.49857 -0.20813915 0
-339.0058 -182.13489 -0.28703323 0
-340.97519 -176.44266 -0.20584916 0
-341.16263 -176.21335 -0.25568479 0
-341.13666 -176.14273 -0.24937323 0
-346.52454 -170.16339 -0.20781429 0
-348.81082 -169.87842 -0.22354622 0
-345.27652 -169.85666 -0.20061697 0
-347.05142 -169.79016 -0.25249329 0
-345.26471 -169.70203 -0.230204 0
-345.15305 -169.69121 -0.22411206 0
-337.59348 -166.32231 -0.29038933 0
-349.76532 -166.22417 -0.25410286 0
-337.54999 -166.17036 -0.27989987 0
-346.82556 -164.73323 -0.23947944 0
-347.12473 -164.59557 -0.26566961 0
-339.52023 -164.1114 -0.2138965 0
-347.27933 -163.8103 -0.20821929 0
-346.11923 -163.88223 -0.28684554 0
-349.74527 -163.31824 -0.22908102 0
-349.50165 -162.84454 -0.21706325 0
-340.70953 -162.11176 -0.29317757 0
-341.91534 -162.03778 -0.20701569 0
-341.86719 -162.04292 -0.24165438 0
-341.74673 -162.01151 -0.29782718 0
-342.27228 -161.78114 -0.29606098 0
-339.59402 -161.57722 -0.20338894 0
-342.59595 -161.43938 -0.21364264 0
-339.53064 -161.43819 -0.27782458 0
-339.79074 -160.95573 -0.29764792 0
-273.30566 -160.81497 -0.25890133 0
-271.83966 -160.57927 -0.22098765 0
-278.49179 -159.3343 -0.2118821 0
-269.58969 -159.36888 -0.27512699 0
-347.68591 -158.94801 -0.29677477 0
-341.06171 -158.89552 -0.21550389 0
-342.94583 -158.282 -0.27390838 0
-341.60172 -158.28514 -0.26856855 0
-349.71008 -157.90384 -0.28380135 0
-339.66943 -157.72867 -0.29137197 0
-340.8125 -157.6772 -0.28062794 0
-339.70578 -157.64468 -0.20383562 0
-276.18976 -157.57709 -0.23452282 0
-268.83334 -157.57108 -0.23422125 0
-348.9935 -157.15459 -0.2589393 0
-348.3374 -156.87057 -0.25096798 0
-340.75842 -156.87115 -0.24104123 0
-348.52856 -156.44507 -0.29370856 0
-348.41898 -156.3428 -0.20493297 0
-340.12076 -155.35063 -0.21539538 0
-340.27057 -155.16341 -0.25695986 0
-337.15396 -155.18755 -0.22355504 0
-349.3501 -155.00554 -0.28386825 0
-341.80426 -155.01813 -0.24470006 0
-340.3782 -154.65131 -0.25333297 0
-340.13016 -154.68446 -0.24654596 0
-340.32162 -154.51418 -0.25439352 0
-341.68134 -154.35023 -0.2303925 0
-340.41025 -154.39348 -0.21490419 0
-264.07883 -154.16966 -0.23749892 0
-339.69757 -153.1837 -0.25740975 0
-332.39767 -152.6656 -0.21731551 0
-263.82407 -152.5791 -0.20067906 0
-264.81464 -152.43387 -0.24425729 0
-300.22208 -152.30293 -0.29681039 0
-286.34341 -152.17618 -0.26176581 0
-264.85175 -152.04843 -0.26028156 0
-328.95853 -151.87152 -0.21127392 0
-266.94238 -151.64957 -0.28494549 0
-264.72174 -151.57085 -0.24244016 0
-264.64502 -151.57657 -0.20200159 0
-338.36447 -151.4391 -0.23987639 0
-281.8071 -150.92636 -0.2634998 0
-343.02161 -150.41406 -0.28866953 0
-343.06009 -150.34119 -0.2059073 0
-343.06177 -150.28337 -0.25976473 0
-343.14478 -150.11247 -0.25063831 0
-343.33255 -150.04582 -0.2114539 0
-342.9169 -150.02966 -0.21630257 0
-342.51517 -150.06697 -0.26623029 0
-342.43533 -150.06219 -0.21268599 0
-333.28607 -209.64355 -0.19955565 0
-340.00894 -198.17371 -0.19842498 0
-339.9856 -197.89143 -0.1993151 0
-345.20132 -193.15921 -0.18135564 0
-345.04337 -193.13107 -0.1762588 0
-345.48236 -193.04755 -0.19687316 0
-346.28961 -192.53168 -0.11693226 0
-348.21103 -189.91875 -0.18745579 0
-342.50748 -189.79916 -0.16959195 0
-338.42264 -189.63602 -0.12284588 0
-348.97928 -188.2641 -0.12382187 0
-339.66849 -187.33937 -0.11951528 0
-344.67548 -186.71896 -0.15361086 0
-340.9346 -186.5999 -0.15877397 0
-344.6749 -186.49194 -0.1876092 0
-344.35172 -186.36125 -0.10204554 0
-344.69574 -185.86427 -0.16800492 0
-335.28494 -185.84888 -0.15274362 0
-335.71472 -185.0838 -0.15322243 0
-336.08139 -184.96135 -0.1699129 0
-340.52896 -184.81424 -0.14469934 0
-335.96179 -184.89993 -0.14122905 0
-335.75372 -184.61702 -0.10753185 0
-340.33856 -184.52046 -0.15516815 0
-340.15643 -182.66458 -0.16120622 0
-340.8588 -182.59377 -0.13473374 0
-338.75302 -182.40778 -0.16280232 0
-338.73538 -182.17191 -0.15266962 0
-340.99411 -176.50337 -0.16474842 0
-341.00507 -176.36569 -0.17917296 0
-326.5571 -175.66782 -0.13224038 0
-348.48526 -172.12875 -0.13837221 0
-348.6759 -172.09338 -0.19027317 0
-321.39917 -170.71515 -0.11835626 0
-348.63342 -170.24097 -0.13068675 0
-346.4776 -170.11566 -0.19556376 0
-349.23026 -170.09097 -0.11311385 0
-348.83664 -169.75374 -0.18416072 0
-346.91193 -163.92439 -0.10681216 0
-345.84903 -163.94263 -0.14034404 0
-346.01935 -163.78923 -0.13607067 0
-349.84723 -163.12535 -0.10000449 0
-349.68365 -162.92284 -0.15833817 0
-349.71378 -162.85475 -0.14197157 0
-341.86124 -162.17482 -0.17503844 0
-341.79193 -161.9239 -0.13110194 0
-342.68048 -161.45033 -0.19833268 0
-339.53122 -161.30602 -0.11125644 0
-339.44479 -161.15926 -0.1685586 0
-342.01602 -161.02383 -0.10349 0
-343.45972 -160.77608 -0.12547995 0
-343.52179 -160.46884 -0.12311856 0
-343.10229 -160.1675 -0.10196113 0
-339.38507 -160.0584 -0.19170348 0
-276.93536 -159.35513 -0.13647069 0
-273.73312 -159.23183 -0.1205148 0
-274.30334 -159.17761 -0.1182382 0
-274.18121 -159.16476 -0.13812581 0
-273.97983 -159.06425 -0.1469149 0
-275.46783 -158.33864 -0.10334908 0
-341.96271 -157.25798 -0.19601738 0
-280.47369 -157.22849 -0.13544056 0
-348.56412 -156.99789 -0.19528073 0
-348.50522 -156.88983 -0.12316415 0
-348.31418 -156.81993 -0.11213315 0
-340.80432 -156.54092 -0.12445662 0
-312.28165 -156.49287 -0.12660302 0
-349.61826 -155.99471 -0.17187005 0
-349.836 -155.47174 -0.11666838 0
-349.97946 -155.24821 -0.13165185 0
-341.94583 -154.90321 -0.12624034 0
-341.8385 -154.87762 -0.13319039 0
-340.30957 -154.72833 -0.19529922 0
-341.11679 -154.23833 -0.1679779 0
-340.50922 -153.9319 -0.17928149 0
-340.49487 -153.98557 -0.17821079 0
-337.59961 -153.30562 -0.15669827 0
-337.32199 -153.38966 -0.14604962 0
-267.76736 -153.37268 -0.17285211 0
-341.78165 -153.11726 -0.11165942 0
-341.74463 -152.9903 -0.14224908 0
-264.56393 -152.43327 -0.14950281 0
-277.59799 -151.91866 -0.19539362 0
-340.38 -151.63104 -0.13914798 0
-287.02509 -151.56728 -0.12342577 0
-306.43958 -151.48817 -0.11545614 0
-282.05502 -151.05167 -0.13904007 0
-261.75903 -150.68613 -0.15452868 0
-343.12585 -150.18024 -0.1297558 0
-342.93976 -150.12102 -0.1038433 0
-342.52631 -150.16016 -0.17665815 0
-342.3168 -150.16856 -0.15424602 0
-343.05048 -150.04405 -0.11418087 0
-342.32623 -150.0983 -0.17955446 0
-274.25626 -150.04654 -0.18604219 0
-339.27057 -197.60339 -0.042004507 0
-345.93048 -193.47438 -0.091820821 0
-326.03827 -193.32744 -0.093252555 0
-344.82739 -193.04202 -0.097237848 0
-344.64508 -193.02603 -0.024891144 0
-346.28641 -192.52823 -0.012827312 0
-346.17996 -192.52502 -0.083426744 0
-344.93314 -191.76694 -0.080536999 0
-342.63815 -190.06039 -0.012766865 0
-348.43039 -189.92139 -0.072377257 0
-338.48083 -189.96501 -0.073472619 0
-348.37482 -189.86165 -0.074489027 0
-348.8175 -188.24049 -0.043948606 0
-344.74277 -186.92421 -0.092738383 0
-344.12521 -186.52965 -0.09802971 0
-344.57092 -186.32935 -0.044876698 0
-344.63245 -186.26041 -0.096423313 0
-343.81635 -186.19679 -0.064979248 0
-344.73853 -186.08788 -0.072309941 0
-335.15564 -186.02374 -0.085507564 0
-340.634 -184.76006 -0.073809557 0
-340.27689 -182.74251 -0.059845719 0
-340.97272 -182.61099 -0.093347132 0
-340.40042 -182.32072 -0.081502587 0
-340.17081 -182.09021 -0.056653246 0
-349.6387 -171.78159 -0.020668533 0
-349.71085 -171.59016 -0.017667329 0
-349.74011 -171.48358 -0.031649657 0
-322.38785 -171.20297 -0.095741466 0
-346.93613 -171.04117 -0.07707347 0
-347.33133 -170.71585 -0.0060911393 0
-348.90317 -170.17661 -0.073207378 0
-348.88297 -170.12675 -0.098466329 0
-349.87573 -169.98744 -0.018957477 0
-346.60703 -169.83656 -0.063243061 0
-347.27917 -169.14658 -0.03925807 0
-345.99741 -166.22401 -0.037766088 0
-349.66187 -166.19887 -0.037185229 0
-345.92841 -166.15175 -0.052314926 0
-347.04645 -164.66997 -0.047356371 0
-346.91113 -164.44637 -0.018644419 0
-347.02026 -163.96869 -0.084365524 0
-345.8472 -163.89595 -0.034719236 0
-340.06631 -163.84602 -0.094086766 0
-339.37897 -163.87277 -0.097558171 0
-349.37769 -163.36447 -0.06307666 0
-349.78574 -162.98665 -0.078026764 0
-341.19394 -162.42476 -0.056400474 0
-341.85223 -162.35356 -0.058201291 0
-272.147 -161.50293 -0.042424612 0
-254.94151 -161.51437 -0.082505785 0
-342.56302 -161.43045 -0.00073342799 0
-339.31616 -160.91284 -0.072486252 0
-342.55939 -160.7596 -0.083104923 0
-343.90146 -160.35956 -0.020158844 0
-343.79486 -160.30637 -0.028579224 0
-343.80362 -160.25513 -0.050270379 0
-306.75937 -160.07257 -0.052083787 0
-274.24847 -159.416 -0.084471472 0
-278.70718 -159.31441 -0.076369084 0
-268.50989 -159.29855 -0.06398093 0
-266.22321 -159.21793 -0.099095784 0
-341.87863 -158.92081 -0.0065155677 0
-269.71643 -158.67052 -0.09639626 0
-339.603 -157.80257 -0.011688531 0
-348.89594 -157.78799 -0.057500537 0
-348.72299 -157.75652 -0.02258249 0
-339.49536 -157.65794 -0.073492378 0
-348.55057 -157.17914 -0.051421948 0
-265.31879 -157.11375 -0.02485639 0
-348.61761 -156.97838 -0.066759989 0
-348.58524 -156.94786 -0.086832717 0
-348.53549 -156.84952 -0.048142679 0
-349.73001 -156.45436 -0.015167535 0
-349.36102 -156.42456 -0.083408639 0
-340.10818 -155.37619 -0.048140332 0
-337.49579 -155.27699 -0.09575469 0
-341.65289 -154.86966 -0.041907568 0
-341.43301 -154.82069 -0.0078880209 0
-340.2717 -154.80698 -0.007260331 0
-349.73813 -154.7818 -0.097952582 0
-349.66019 -154.74312 -0.09082894 0
-341.75073 -154.74336 -0.080289535 0
-341.04321 -154.78842 -0.065751694 0
-341.70282 -154.61458 -0.06656649 0
-264.33734 -154.04608 -0.018665301 0
-340.08713 -153.57872 -0.037191566 0
-341.85843 -153.35976 -0.092522994 0
-341.74118 -153.14838 -0.040659346 0
-340.7558 -152.34842 -0.076515593 0
-264.44 -152.27214 -0.048487779 0
-336.1936 -152.13609 -0.083195403 0
-276.31436 -152.11066 -0.0964026 0
-299.61346 -151.72353 -0.066626005 0
-268.83517 -151.75826 -0.012109863 0
-334.1622 -151.61385 -0.020969285 0
-299.5332 -151.6949 -0.079555281 0
-306.89346 -151.3315 -0.032876179 0
-281.69568 -151.1413 -0.066147469 0
-337.37106 -150.68492 -0.066242993 0
-342.35428 -150.22176 -0.040004123 0
-280.45895 -150.18529 -0.061891574 0
-342.7048 -150.0799 -0.097747825 0
-342.26843 -150.01596 -0.083453059 0
-340.23999 -202.08604 0.053253166 0
-340.00085 -201.78935 0.028634515 0
-345.34949 -193.96449 0.012858002 0
-345.78281 -192.65727 0.09137024 0
-346.61603 -192.185 0.082575463 0
-346.64621 -191.99461 0.068531722 0
-348.55786 -189.94936 0.076939143 0
-348.16956 -189.34381 0.019332033 0
-339.33286 -189.34435 0.081703648 0
-347.48413 -189.22778 0.022146389 0
-348.76633 -188.2883 0.061128233 0
-348.67349 -187.80687 0.098073117 0
-343.79767 -186.39101 0.0022087735 0
-340.67896 -186.38834 0.09499304 0
-340.69684 -186.21771 0.063313827 0
-344.7403 -186.1265 0.011650941 0
-344.59637 -185.90404 0.004988729 0
-340.51004 -185.88042 0.039873924 0
-339.89172 -185.74844 0.045956619 0
-339.91638 -185.11259 0.01523719 0
-339.5473 -185.1657 0.014940893 0
-336.12933 -185.09973 0.068196848 0
-338.8595 -182.91518 0.031658895 0
-338.17715 -179.57779 0.028890876 0
-332.48492 -179.53734 0.09989582 0
-320.47403 -177.50253 0.0048334142 0
-349.55035 -171.8893 0.068400152 0
-349.12189 -171.7495 0.032487597 0
-349.40741 -171.47086 0.068410836 0
-348.71198 -169.90495 0.033588037 0
-347.14655 -169.24498 0.028960567 0
-347.17096 -169.18861 0.02022244 0
-337.50311 -166.34166 0.031797115 0
-349.7356 -165.94118 0.076765634 0
-349.95602 -165.7728 0.063637093 0
-347.0098 -164.71706 0.038762271 0
-347.3508 -164.07533 0.099827819 0
-347.0563 -164.00298 0.09606491 0
-339.95325 -163.81514 0.05626234 0
-349.23776 -163.1496 0.099005319 0
-349.68213 -163.04697 0.066151492 0
-349.54724 -163.06653 0.097513713 0
-339.42603 -161.02428 0.094287351 0
-339.47266 -160.92203 0.085659213 0
-343.23685 -160.7709 0.042393953 0
-267.62234 -160.28664 0.0062423195 0
-274.54443 -159.57208 0.061953276 0
-277.47171 -159.43159 0.050508562 0
-276.63586 -159.27737 0.088782273 0
-269.46106 -158.662 0.084732302 0
-348.67429 -156.91779 0.051916629 0
-348.62842 -156.87851 0.065280721 0
-348.539 -156.85585 0.0089318519 0
-348.52161 -156.02576 0.0054599792 0
-349.71783 -154.87425 0.082025968 0
-341.65717 -154.82298 0.00099102675 0
-341.41992 -154.89644 0.0057205977 0
-300.00229 -154.03284 0.04410997 0
-340.80359 -153.25218 0.074795462 0
-341.44199 -153.18401 0.056404136 0
-341.7356 -153.0118 0.030464798 0
-341.67371 -153.09532 0.076920152 0
-299.18399 -152.89842 0.063423291 0
-299.28363 -152.65338 0.042305421 0
-299.34988 -152.56374 0.021341041 0
-340.92743 -152.46817 0.017334314 0
-341.50702 -152.26945 0.012688569 0
-340.60669 -152.22278 0.030014759 0
-277.62167 -152.14711 0.076932922 0
-299.98145 -152.04768 0.035658024 0
-340.4227 -151.93027 0.012554418 0
-283.88477 -151.97073 0.081456348 0
-261.97211 -150.44804 0.095301099 0
-342.94952 -150.21167 0.054992642 0
-342.73627 -150.24237 0.085980408 0
-280.27347 -150.25232 0.016315397 0
-342.83447 -150.16167 0.087733358 0
-342.85132 -150.06416 0.082892954 0
-342.75467 -150.05016 0.059550472 0
-342.64005 -150.01147 0.026635744 0
-342.46127 -150.01463 0.095299721 0
-340.30362 -202.18195 0.16253577 0
-345.28061 -193.84964 0.10012311 0
-344.47659 -192.83806 0.1843649 0
-337.39874 -192.7717 0.12383385 0
-320.23718 -192.44232 0.16474175 0
-346.59219 -192.20654 0.1042401 0
-345.94931 -192.2724 0.12037412 0
-346.56546 -192.05624 0.11403049 0
-346.5062 -191.53647 0.11182428 0
-344.02386 -191.57111 0.13775648 0
-346.54675 -191.45998 0.10642738 0
-346.48541 -191.3871 0.11755 0
-339.99133 -190.26045 0.14964637 0
-330.4025 -189.51608 0.19045305 0
-342.72778 -189.38455 0.12816148 0
-342.53345 -189.15118 0.13972427 0
-346.93149 -188.51106 0.18413208 0
-346.82571 -188.59854 0.17218703 0
-348.59128 -188.39445 0.12238503 0
-347.57672 -187.06519 0.1930497 0
-340.75867 -186.1657 0.19743104 0
-336.00113 -185.73627 0.12590729 0
-338.401 -182.00597 0.11662968 0
-331.17145 -181.83607 0.18169208 0
-338.14484 -179.4187 0.13851351 0
-338.16199 -179.39507 0.17098436 0
-338.46722 -178.83211 0.15859273 0
-329.35114 -178.48163 0.15820867 0
-339.02255 -178.02087 0.1677108 0
-329.55292 -177.63626 0.17078342 0
-329.70511 -177.42162 0.14532137 0
-337.50916 -176.17473 0.16056132 0
-340.92795 -175.24405 0.14269446 0
-340.84467 -175.12 0.17378169 0
-338.24023 -175.00603 0.1000486 0
-338.33374 -174.83112 0.11376951 0
-338.21942 -174.74124 0.10608742 0
-347.63535 -171.23904 0.16888352 0
-341.12634 -169.18465 0.10804881 0
-346.24857 -167.15005 0.10353174 0
-349.70139 -166.3432 0.14263307 0
-345.59967 -166.28877 0.11784355 0
-346.96902 -164.34392 0.15419848 0
-347.11099 -164.26906 0.13444626 0
-346.93896 -164.26273 0.10556296 0
-347.14316 -163.94608 0.14278534 0
-348.06537 -163.76201 0.14376047 0
-349.67542 -163.25601 0.12243348 0
-349.55646 -163.03062 0.10151009 0
-347.11853 -162.7901 0.11519543 0
-342.34558 -162.64375 0.11472658 0
-342.10245 -162.62772 0.10508355 0
-341.86694 -161.91118 0.1287868 0
-318.22855 -161.46878 0.12465532 0
-254.87617 -161.48135 0.11114028 0
-343.31274 -161.2645 0.19495435 0
-343.52859 -160.96255 0.11132074 0
-271.71127 -160.95465 0.10697506 0
-277.43155 -159.46797 0.19217804 0
-278.68637 -159.37492 0.16915551 0
-276.80554 -159.24806 0.14083725 0
-342.41745 -159.05098 0.17649156 0
-349.95651 -158.04204 0.10581381 0
-336.6853 -157.86304 0.13257585 0
-339.65433 -157.75769 0.11199011 0
-348.76266 -157.33069 0.18150878 0
-340.11087 -157.09216 0.16086999 0
-348.64191 -156.94887 0.12175243 0
-348.56262 -156.94876 0.197154 0
-348.68039 -155.81564 0.12856556 0
-348.51578 -155.82608 0.10428106 0
-347.97104 -155.72867 0.13765652 0
-340.5145 -155.20657 0.10945489 0
-339.97049 -154.72905 0.12302224 0
-340.00296 -154.67276 0.1138855 0
-349.00613 -154.33534 0.14848869 0
-348.78122 -154.06767 0.18812008 0
-264.29544 -154.04651 0.16366537 0
-263.95056 -154.06198 0.18504775 0
-264.0087 -153.97594 0.15998748 0
-339.7926 -153.54568 0.17522173 0
-340.49756 -153.43365 0.16586147 0
-340.35339 -153.4234 0.18208818 0
-341.79022 -153.34363 0.15168616 0
-341.73193 -153.24121 0.12323075 0
-341.48727 -153.23988 0.1416821 0
-339.81274 -153.23579 0.12739626 0
-341.92923 -153.04803 0.16342627 0
-341.63773 -153.08966 0.11340085 0
-341.7449 -152.96553 0.14367229 0
-341.91943 -152.82944 0.14715728 0
-341.83038 -152.88499 0.17561771 0
-341.79968 -152.85027 0.16364188 0
-341.77313 -152.7644 0.14522259 0
-300.20331 -152.50508 0.13679358 0
-300.32001 -152.3307 0.18168104 0
-284.03339 -152.04816 0.12771478 0
-340.3927 -151.94456 0.13318023 0
-340.29214 -151.86823 0.14334674 0
-283.90979 -151.84534 0.18897407 0
-268.94058 -151.71373 0.11111773 0
-282.03958 -151.17059 0.12690042 0
-262.09198 -150.61984 0.18404458 0
-342.79605 -150.04088 0.16401415 0
-326.18365 -205.41917 0.23403987 0
-335.07571 -203.80109 0.24463449 0
-339.99554 -202.2639 0.28289199 0
-340.24765 -193.98828 0.24084961 0
-346.7262 -192.75092 0.27221248 0
-344.72617 -192.73413 0.26073101 0
-346.08969 -191.82607 0.29950982 0
-346.27921 -191.44173 0.26241547 0
-342.55042 -189.63245 0.26662177 0
-342.5079 -189.40607 0.21412911 0
-348.1702 -189.33679 0.26394343 0
-342.46689 -189.17195 0.29539388 0
-342.6803 -189.00813 0.29974526 0
-347.2139 -188.35164 0.29765216 0
-347.6933 -188.28799 0.28697214 0
-344.3671 -187.49422 0.29944652 0
-347.65036 -187.25429 0.20531076 0
-344.30832 -187.19742 0.28462711 0
-344.30939 -186.97725 0.2337608 0
-344.26157 -186.70119 0.27089435 0
-344.16367 -186.70479 0.23025118 0
-344.64026 -185.98355 0.25599581 0
-340.65259 -185.74289 0.29315794 0
-344.50827 -185.62686 0.26509064 0
-344.38614 -185.60048 0.27633041 0
-337.27957 -184.90234 0.2013739 0
-322.25317 -184.60963 0.29991648 0
-338.85995 -177.74744 0.21196172 0
-340.51886 -175.51352 0.28417531 0
-338.42181 -174.85324 0.24769478 0
-338.34781 -174.87579 0.2901997 0
-338.28168 -174.7191 0.22065663 0
-338.23584 -174.64856 0.23431417 0
-349.89172 -171.40781 0.2281715 0
-349.79224 -171.35732 0.22557253 0
-348.22598 -171.38206 0.26134902 0
-347.86389 -171.3947 0.23191319 0
-348.77295 -169.71304 0.24522278 0
-347.09845 -169.39987 0.22905947 0
-346.58624 -167.15607 0.21152875 0
-346.24573 -167.05936 0.29006305 0
-349.75293 -166.29285 0.26678249 0
-346.23959 -166.27216 0.25115818 0
-346.01932 -166.22267 0.25387147 0
-346.35739 -163.80795 0.221706 0
-349.56488 -163.67613 0.26050001 0
-349.15424 -163.61922 0.25530171 0
-348.89072 -163.60907 0.25142124 0
-349.3782 -163.59663 0.20393471 0
-346.45728 -163.55551 0.26835948 0
-349.72107 -163.25227 0.24011666 0
-349.60718 -163.27525 0.27132583 0
-349.34796 -163.26068 0.25740802 0
-349.12567 -163.24382 0.22096434 0
-349.40372 -163.12459 0.28303707 0
-349.38849 -163.12393 0.25853905 0
-349.14139 -163.14789 0.2064269 0
-349.16672 -163.09715 0.21088347 0
-346.13431 -163.0939 0.28864792 0
-349.15723 -162.97183 0.28556415 0
-347.86844 -162.55534 0.28966817 0
-347.05923 -162.02547 0.28367239 0
-341.78818 -161.88803 0.29552239 0
-343.57086 -161.39786 0.23768644 0
-339.36981 -160.98094 0.2044808 0
-273.83438 -159.7043 0.22333357 0
-339.70129 -159.60774 0.25194955 0
-342.57172 -158.56853 0.20553263 0
-340.93607 -158.33012 0.28161791 0
-341.9256 -157.94934 0.26331279 0
-348.99866 -157.65149 0.23668931 0
-268.85489 -157.44975 0.23046607 0
-348.56613 -157.23782 0.25613174 0
-348.8501 -156.91911 0.21791503 0
-348.5495 -156.92438 0.28032339 0
-285.60355 -156.27255 0.2410365 0
-348.51239 -155.69281 0.21202378 0
-337.20267 -155.17567 0.25755602 0
-349.0752 -154.76363 0.24799244 0
-264.28989 -153.96031 0.24480455 0
-319.48367 -153.44269 0.29764512 0
-339.97183 -153.32219 0.28042382 0
-341.77875 -153.23402 0.25364801 0
-339.85632 -153.19992 0.27427763 0
-341.67947 -152.80006 0.23319386 0
-341.58224 -152.80231 0.23062423 0
-340.07306 -152.87782 0.21358323 0
-341.55142 -152.65619 0.26466727 0
-337.89316 -152.65317 0.27019536 0
-340.08859 -152.19531 0.27931365 0
-335.77866 -152.17545 0.22437716 0
-333.76776 -151.68961 0.2796323 0
-287.64307 -151.39619 0.29870117 0
-278.35474 -151.18916 0.27454132 0
-280.12817 -150.22073 0.24824652 0
-342.77686 -150.07101 0.25497136 0
-332.25229 -199.69321 0.35917559 0
-346.87079 -192.93222 0.39763311 0
-346.63504 -192.64728 0.30430502 0
-345.81876 -192.30463 0.33819386 0
-344.26605 -191.84671 0.3218745 0
-346.53601 -191.73898 0.30511928 0
-344.11832 -191.63635 0.32876682 0
-339.08313 -190.25932 0.38514709 0
-339.7186 -189.61473 0.34889156 0
-348.45593 -189.10919 0.33744749 0
-348.40518 -189.03932 0.38717136 0
-342.57819 -189.0634 0.31946692 0
-339.61304 -189.06609 0.38400862 0
-336.181 -188.19254 0.31899023 0
-344.51236 -187.74133 0.32336119 0
-344.38864 -187.53944 0.33292919 0
-348.65781 -187.40599 0.32567573 0
-344.53018 -187.43396 0.39234042 0
-348.60507 -187.31355 0.36429441 0
-347.15378 -187.03453 0.39505675 0
-340.17578 -186.98428 0.37357244 0
-344.06097 -186.75998 0.30311197 0
-340.05231 -186.68851 0.36798972 0
-338.3884 -186.55151 0.30361408 0
-338.20868 -186.54462 0.36109018 0
-338.75958 -186.20206 0.31642359 0
-340.6521 -186.07077 0.37160629 0
-338.81137 -181.92946 0.36016154 0
-330.03406 -177.65233 0.39290613 0
-340.62695 -175.92206 0.36483392 0
-340.55795 -175.81148 0.35310721 0
-340.48459 -175.73401 0.32550117 0
-340.44672 -175.43382 0.3666684 0
-322.41275 -171.53191 0.33528492 0
-346.41864 -170.15161 0.39995867 0
-348.87177 -169.81151 0.37047583 0
-348.84933 -169.75797 0.37076682 0
-348.79333 -169.716 0.37232304 0
-347.2486 -169.3624 0.30342075 0
-346.35513 -167.27016 0.36273909 0
-346.35205 -167.16187 0.38882056 0
-347.12241 -164.33272 0.31747276 0
-348.38043 -163.69539 0.35481426 0
-348.62183 -163.57005 0.32899004 0
-347.82385 -163.53987 0.38894811 0
-340.04282 -163.21948 0.3372778 0
-342.33914 -162.83134 0.39189002 0
-348.8634 -162.67792 0.38895625 0
-342.439 -162.15106 0.30911374 0
-347.12296 -161.82162 0.30225191 0
-347.08084 -161.81595 0.35471219 0
-346.90244 -161.84964 0.3276369 0
-348.41553 -161.7204 0.30998459 0
-347.34555 -161.677 0.35829926 0
-343.22183 -161.03528 0.38903934 0
-337.32153 -159.14323 0.38594502 0
-342.43985 -159.0067 0.30263522 0
-349.1622 -158.21484 0.34404707 0
-268.35519 -157.62096 0.36386427 0
-268.87119 -157.44989 0.33370844 0
-348.63721 -157.3156 0.37090048 0
-348.75128 -157.22104 0.32219094 0
-264.69455 -157.19504 0.37738201 0
-347.96252 -156.90349 0.35562181 0
-348.47787 -155.66234 0.33050427 0
-340.28577 -154.97899 0.39529127 0
-340.40536 -154.57912 0.30301628 0
-339.99811 -154.53325 0.34173352 0
-349.43393 -154.22212 0.38651043 0
-339.95547 -153.06012 0.34557897 0
-339.90201 -152.99896 0.33245975 0
-338.97452 -152.81122 0.39692491 0
-341.6232 -152.65637 0.34197572 0
-300.29208 -152.41901 0.35751906 0
-268.96817 -151.80836 0.33046052 0
-339.02536 -151.69431 0.38946205 0
-306.60629 -151.63821 0.31749722 0
-298.84207 -151.51312 0.36064753 0
-298.49393 -151.48566 0.39833462 0
-281.9603 -151.0914 0.38922229 0
-273.75018 -150.15364 0.35404071 0
-342.69824 -150.07454 0.35895491 0
-325.35751 -202.64218 0.48552766 0
-340.02881 -195.78665 0.43246794 0
-337.40634 -192.6877 0.41951025 0
-338.35007 -190.22169 0.48549703 0
-348.40839 -189.32219 0.47551554 0
-347.43497 -188.06584 0.42438832 0
-345.18701 -188.02417 0.48354033 0
-336.13544 -188.07675 0.4984071 0
-346.86884 -187.17891 0.40231952 0
-339.20724 -186.83281 0.41800731 0
-344.28149 -186.4381 0.44642493 0
-343.65173 -185.65408 0.44230115 0
-337.25159 -184.89763 0.4744727 0
-335.17053 -183.13821 0.43906862 0
-338.36807 -179.71068 0.42511407 0
-338.42007 -179.45679 0.49081552 0
-338.51016 -178.81264 0.40582728 0
-338.49677 -178.74203 0.43933344 0
-329.46396 -178.07623 0.432702 0
-337.93457 -176.68777 0.46377975 0
-338.82364 -175.51888 0.41867915 0
-340.67416 -175.2861 0.49715599 0
-338.47223 -175.02383 0.40801221 0
-334.96432 -174.34795 0.42133695 0
-339.12973 -174.28427 0.43311796 0
-349.87103 -171.4877 0.43042344 0
-340.09769 -171.40929 0.40084758 0
-349.04208 -170.41418 0.48329297 0
-345.35721 -167.19972 0.48231369 0
-349.77078 -166.2486 0.44392362 0
-348.30103 -163.82483 0.4165538 0
-348.24112 -163.8168 0.42146832 0
-349.13983 -163.15755 0.4225305 0
-348.77139 -162.88202 0.42791975 0
-284.75504 -162.8521 0.40796328 0
-348.7569 -162.31702 0.41915107 0
-342.64349 -162.28287 0.43506148 0
-342.24292 -162.03072 0.49802372 0
-341.97849 -162.07755 0.40016729 0
-342.46677 -161.97362 0.46614259 0
-347.25174 -161.71922 0.46539244 0
-346.69342 -161.64932 0.4530105 0
-347.47223 -161.50458 0.41960856 0
-278.49753 -159.41933 0.42428598 0
-269.59915 -158.63376 0.41501606 0
-342.43103 -158.51196 0.49738854 0
-342.29233 -158.47972 0.44899637 0
-340.48627 -158.13733 0.44377172 0
-339.56882 -157.73123 0.44759655 0
-268.74475 -157.62477 0.49644583 0
-340.08554 -157.07437 0.42431453 0
-348.68396 -156.74554 0.43507883 0
-348.96457 -156.52466 0.49364483 0
-348.3613 -156.57207 0.41364026 0
-348.31485 -156.40331 0.40205848 0
-349.23041 -155.03682 0.44523183 0
-342.47324 -154.76445 0.45368558 0
-340.29031 -154.75647 0.48356003 0
-342.39572 -154.64583 0.48801455 0
-318.61108 -154.37708 0.4909018 0
-264.16968 -153.90836 0.4199132 0
-264.17386 -153.88771 0.41895324 0
-339.73352 -153.31143 0.43315837 0
-339.73788 -153.23952 0.41802916 0
-298.68881 -153.13344 0.42356116 0
-298.76346 -153.09344 0.41043437 0
-340.14154 -152.70906 0.44784835 0
-340.14236 -152.62653 0.42543077 0
-300.40942 -152.33167 0.40911102 0
-300.13531 -152.15315 0.42168659 0
-338.5928 -151.61804 0.45404446 0
-306.26666 -151.0127 0.49772376 0
-306.35245 -150.97485 0.46136791 0
-262.26331 -150.33224 0.46576631 0
-333.26379 -210.59908 0.52552181 0
-326.27939 -205.3837 0.53756976 0
-339.35385 -203.16402 0.58219582 0
-339.62698 -196.42047 0.59280735 0
-344.70245 -193.15976 0.50798208 0
-344.20657 -192.64264 0.55204809 0
-344.32327 -192.5024 0.58672655 0
-344.39343 -192.37071 0.53538555 0
-344.39551 -192.02097 0.56016624 0
-344.3757 -191.82045 0.5560267 0
-348.52121 -189.51004 0.57374686 0
-342.31757 -189.57465 0.56819981 0
-342.29016 -189.56712 0.53313893 0
-348.67847 -188.14111 0.55903107 0
-348.56747 -187.94753 0.53435123 0
-343.63571 -185.74954 0.53523731 0
-343.64584 -185.6862 0.56846434 0
-334.68585 -183.34991 0.58550054 0
-334.67078 -183.13388 0.53864306 0
-338.46127 -179.67877 0.53839743 0
-332.39594 -179.5285 0.55255437 0
-338.09891 -178.51375 0.56065208 0
-321.76514 -178.30138 0.53515053 0
-338.73746 -177.79649 0.56382442 0
-338.6203 -177.04564 0.52356791 0
-339.81931 -176.17262 0.51264864 0
-339.40549 -175.9539 0.5989452 0
-340.71704 -175.80716 0.51278889 0
-340.61545 -175.84132 0.56831384 0
-340.49701 -175.51286 0.57920206 0
-322.46207 -171.28896 0.56162959 0
-348.84619 -170.09161 0.54817957 0
-348.78351 -169.93394 0.59905213 0
-338.03967 -167.8316 0.52795976 0
-334.96899 -167.63541 0.59156621 0
-345.35922 -167.4024 0.56767583 0
-346.27838 -167.01872 0.53649223 0
-346.15204 -166.92673 0.57596874 0
-346.34238 -166.80176 0.58413917 0
-349.87332 -166.17218 0.57362413 0
-348.42966 -163.92516 0.51851296 0
-347.80634 -163.50693 0.59748393 0
-347.75131 -163.58797 0.50847167 0
-342.63782 -162.13641 0.50636041 0
-268.69922 -161.96997 0.52553004 0
-343.14331 -161.34534 0.54726022 0
-343.29651 -161.20427 0.5022974 0
-343.47864 -161.03642 0.52657551 0
-320.29379 -160.71304 0.5702827 0
-275.12991 -160.74207 0.50760585 0
-267.40079 -160.26631 0.51470602 0
-341.66101 -157.99977 0.58263314 0
-349.67941 -157.87697 0.57562542 0
-265.18506 -157.48701 0.57744384 0
-348.78299 -157.14694 0.52632713 0
-348.69345 -157.19305 0.54061401 0
-305.92722 -157.03728 0.53452343 0
-341.72266 -156.89444 0.58059621 0
-348.56726 -156.57404 0.58741599 0
-281.73688 -155.77489 0.52071577 0
-304.07303 -155.68466 0.58355528 0
-341.35461 -155.45712 0.56310618 0
-342.17453 -154.93353 0.56420541 0
-340.04221 -154.94182 0.5630461 0
-342.1452 -154.86241 0.5074628 0
-342.09113 -154.85399 0.56682873 0
-342.3746 -154.71451 0.59982473 0
-342.05707 -154.77072 0.52990758 0
-340.12497 -154.71365 0.57047892 0
-342.48099 -154.67116 0.52470326 0
-340.07632 -154.67494 0.59556502 0
-340.02423 -154.56184 0.5737499 0
-339.88046 -153.61034 0.55138779 0
-337.04276 -152.93883 0.50126666 0
-319.49298 -152.60664 0.56827694 0
-300.46347 -152.37132 0.50057411 0
-284.15253 -152.0694 0.57622182 0
-283.96475 -151.98352 0.51127917 0
-296.97318 -151.50929 0.57696873 0
-287.90002 -151.39192 0.53548503 0
-297.79953 -151.29172 0.51357818 0
-297.4332 -151.07504 0.54629487 0
-287.25528 -151.09033 0.57354337 0
-281.73569 -151.04378 0.54715014 0
-261.74536 -150.6756 0.59252119 0
-262.22284 -150.20503 0.59481138 0
-279.67905 -150.14206 0.54659212 0
-339.42188 -203.25343 0.60105926 0
-339.46506 -203.12515 0.63485533 0
-339.88657 -202.77473 0.69325739 0
-339.63983 -202.72882 0.63196731 0
-346.32007 -192.76945 0.61816728 0
-344.3212 -192.59477 0.61694098 0
-346.66876 -192.33749 0.67272067 0
-344.23529 -192.2076 0.61329645 0
-348.54672 -189.51454 0.60288739 0
-348.46713 -189.54236 0.6824013 0
-348.5058 -189.48605 0.67256588 0
-345.30365 -188.73962 0.65915567 0
-345.53818 -188.5312 0.68263566 0
-336.16718 -188.10059 0.65444469 0
-336.05109 -188.07448 0.68715942 0
-348.9585 -187.88786 0.67302835 0
-348.86264 -187.85727 0.68220139 0
-348.91824 -187.71208 0.62998998 0
-348.95367 -187.62996 0.67632556 0
-334.09613 -187.33241 0.6606009 0
-343.95551 -186.64488 0.69917059 0
-340.02045 -186.36786 0.65159059 0
-331.84818 -182.78246 0.65836549 0
-338.55081 -178.80602 0.65611875 0
-339.52979 -176.58331 0.62662685 0
-339.58624 -176.31967 0.65863246 0
-339.58743 -176.22893 0.66053343 0
-338.86826 -176.10831 0.65076131 0
-340.55786 -175.91101 0.63987875 0
-338.95947 -175.83997 0.62367123 0
-340.85345 -175.36987 0.68393046 0
-340.18796 -170.9131 0.61339974 0
-349.64392 -170.44676 0.63885123 0
-343.13516 -169.17336 0.608913 0
-340.86829 -169.11354 0.68106681 0
-340.85449 -169.04424 0.671152 0
-342.42035 -167.91753 0.61766231 0
-345.34848 -167.27826 0.63334614 0
-345.92154 -166.90764 0.68860155 0
-332.93286 -166.67061 0.6719197 0
-349.94827 -165.11269 0.64956075 0
-339.8255 -163.87335 0.66320431 0
-348.73898 -162.40991 0.66949403 0
-348.76877 -162.26299 0.65590042 0
-342.9696 -161.61523 0.65025514 0
-342.86996 -161.09525 0.68478423 0
-343.47894 -160.82452 0.67371458 0
-272.60416 -160.8269 0.61538243 0
-267.50348 -160.26065 0.67452526 0
-256.12381 -159.95287 0.62613273 0
-276.59589 -159.35759 0.605829 0
-337.20905 -159.01636 0.68434513 0
-269.68967 -158.48882 0.65070182 0
-341.51187 -158.17706 0.65904599 0
-349.96399 -158.07338 0.62844074 0
-341.25729 -157.72153 0.64933389 0
-276.67569 -157.73177 0.6233111 0
-341.09598 -157.62352 0.68551254 0
-340.32523 -157.68301 0.63375902 0
-339.55054 -157.64619 0.67845565 0
-339.66376 -157.44612 0.61687833 0
-348.62738 -156.53525 0.66680783 0
-342.31601 -154.8447 0.69679952 0
-342.19174 -154.8904 0.64658046 0
-340.08643 -154.72823 0.60280657 0
-337.02902 -152.49966 0.69285893 0
-300.55161 -152.30737 0.62785637 0
-300.47906 -152.32875 0.63414937 0
-269.09451 -151.88641 0.63845801 0
-333.84241 -151.67877 0.68150389 0
-333.43475 -151.69545 0.60429627 0
-328.46783 -151.32152 0.69387871 0
-288.10196 -151.29636 0.62290835 0
-281.95474 -151.12094 0.62979633 0
-281.96396 -151.07103 0.61979306 0
-281.8382 -151.05559 0.63503504 0
-306.34656 -150.96704 0.65135604 0
-333.27985 -210.64648 0.72516841 0
-333.06552 -210.11147 0.74246889 0
-339.60028 -202.44983 0.73162794 0
-346.45456 -193.11118 0.73891044 0
-346.11371 -192.80971 0.78061491 0
-345.375 -191.94269 0.79809618 0
-344.31277 -191.94574 0.76343071 0
-345.36285 -191.86931 0.77836585 0
-345.15659 -188.56148 0.77745306 0
-348.93274 -187.98703 0.71742976 0
-348.93958 -187.74237 0.71942884 0
-345.02515 -186.5759 0.79297495 0
-340.01782 -186.45985 0.75289488 0
-345.11081 -186.35924 0.78919584 0
-345.04044 -186.31195 0.77067065 0
-344.95874 -186.38321 0.78321999 0
-339.97299 -186.10388 0.79682541 0
-344.68002 -185.79271 0.79867536 0
-344.56934 -185.61348 0.79200441 0
-344.58517 -185.58171 0.78421789 0
-337.22125 -184.99417 0.76823986 0
-337.28162 -184.85834 0.76618904 0
-339.62857 -183.61487 0.70860231 0
-338.70947 -182.32242 0.76445788 0
-338.7478 -182.18701 0.74390155 0
-336.56195 -179.33437 0.70930558 0
-338.67184 -179.11865 0.74589574 0
-337.59302 -178.51947 0.72442997 0
-340.89581 -175.5703 0.73367804 0
-340.78961 -175.53569 0.77631187 0
-340.66901 -175.5632 0.74338484 0
-340.72971 -175.45311 0.73601604 0
-340.86215 -175.3358 0.70659822 0
-340.88293 -175.23738 0.7058 0
-339.52551 -174.92085 0.74775964 0
-348.32004 -171.70123 0.78731829 0
-348.66824 -171.37947 0.70268387 0
-345.90906 -166.92537 0.78761643 0
-349.76221 -166.1506 0.71826935 0
-346.07373 -166.14671 0.73716342 0
-346.37277 -163.77527 0.70876849 0
-346.68524 -163.69188 0.72826058 0
-339.33505 -163.57965 0.79349315 0
-349.92426 -163.44244 0.72791451 0
-346.84433 -163.43146 0.71221089 0
-349.91095 -163.3765 0.72154957 0
-346.72028 -163.30263 0.74108458 0
-346.82565 -163.2957 0.72932506 0
-348.92535 -162.87102 0.74305207 0
-274.45282 -162.82784 0.70204002 0
-274.57416 -162.61519 0.7142536 0
-348.80365 -162.48575 0.7156409 0
-348.70279 -162.42413 0.73249692 0
-348.63138 -162.41608 0.76220065 0
-348.59027 -162.30481 0.73900402 0
-348.74265 -162.22775 0.77958536 0
-341.9498 -162.12309 0.7570197 0
-341.85834 -161.93867 0.7245146 0
-348.28201 -161.8455 0.7149713 0
-348.12335 -161.66478 0.78565311 0
-339.54996 -160.95291 0.77938282 0
-339.52917 -160.77928 0.73739749 0
-339.29724 -160.64537 0.77347934 0
-348.85266 -159.35103 0.78764158 0
-339.34961 -159.05159 0.7204926 0
-258.39084 -158.54193 0.70668042 0
-342.85272 -158.3718 0.76376581 0
-342.28897 -157.59245 0.74308103 0
-339.54529 -157.51157 0.72133905 0
-348.80789 -156.68073 0.76686162 0
-342.00928 -155.12991 0.73935831 0
-340.48898 -155.02423 0.73370463 0
-341.93649 -154.91371 0.71422517 0
-340.22266 -154.74448 0.79372489 0
-342.09253 -154.67024 0.78014463 0
-340.47919 -154.69415 0.73454827 0
-340.47311 -154.55508 0.72568119 0
-263.92932 -154.06429 0.75066078 0
-339.72455 -153.40752 0.74857295 0
-339.86398 -153.23456 0.74391997 0
-336.44388 -152.4538 0.76332003 0
-299.83185 -152.31798 0.74908304 0
-300.46768 -152.29643 0.75025791 0
-300.31946 -152.20416 0.78541738 0
-300.1265 -152.22284 0.77839148 0
-299.98117 -152.21736 0.72723007 0
-299.98831 -152.15564 0.72801238 0
-313.48746 -152.03354 0.73771632 0
-269.04532 -151.92062 0.72520763 0
-333.45853 -151.70128 0.75180721 0
-288.68793 -151.42987 0.71361989 0
-287.33014 -150.87326 0.72314435 0
-278.96936 -150.71811 0.78457034 0
-262.36816 -150.09593 0.7664631 0
-345.79657 -194.02586 0.88669121 0
-345.91174 -193.13722 0.86403078 0
-346.95547 -192.81952 0.89464146 0
-346.69247 -192.46713 0.85605919 0
-344.30426 -192.12947 0.81619215 0
-344.3212 -192.00285 0.86054933 0
-346.87021 -188.58466 0.81968433 0
-346.33087 -187.24905 0.81816822 0
-345.33575 -186.57581 0.87214601 0
-345.21646 -186.46217 0.88380194 0
-340.25079 -186.40866 0.87244886 0
-339.80066 -186.37823 0.8078804 0
-344.69968 -185.9761 0.80204803 0
-344.60669 -185.79865 0.80179363 0
-340.24173 -185.73206 0.87108976 0
-344.5809 -185.66219 0.80185127 0
-344.40768 -185.69864 0.8805874 0
-339.98981 -183.70259 0.8333329 0
-338.54498 -179.51015 0.88777512 0
-338.65778 -179.39635 0.81071472 0
-338.20563 -178.71455 0.85784042 0
-340.75049 -175.45648 0.81370389 0
-340.39664 -174.9362 0.86902785 0
-340.10977 -174.51782 0.88578987 0
-339.52823 -174.23322 0.83014721 0
-322.36716 -172.03951 0.85733217 0
-339.58374 -170.93202 0.82590294 0
-347.02637 -169.33681 0.86747587 0
-349.81985 -166.20773 0.80593312 0
-349.76355 -166.21786 0.85107327 0
-349.71277 -166.17166 0.80377287 0
-347.13144 -163.81232 0.84311402 0
-349.76495 -163.50049 0.88529342 0
-348.46078 -162.60915 0.88714045 0
-348.7164 -162.26497 0.84790784 0
-348.64676 -162.07811 0.82299638 0
-278.12909 -162.03319 0.85773897 0
-271.04269 -162.02951 0.81659985 0
-253.99533 -160.5461 0.87171644 0
-268.64099 -159.52507 0.85352999 0
-277.46738 -159.49368 0.89671361 0
-337.24347 -158.96028 0.80346572 0
-280.83044 -157.31647 0.81496119 0
-348.69321 -157.1136 0.80100024 0
-348.57458 -156.86378 0.84087515 0
-340.90576 -156.89265 0.84210515 0
-348.52771 -156.74071 0.83258253 0
-340.74319 -156.72786 0.88900536 0
-340.98788 -156.44289 0.85727209 0
-348.68979 -154.66922 0.84881896 0
-340.30615 -154.50722 0.85859483 0
-340.21878 -154.5219 0.87186527 0
-341.94064 -154.4341 0.89970922 0
-349.08209 -154.25642 0.80735058 0
-348.45871 -154.19211 0.89853817 0
-264.34756 -153.83369 0.85251558 0
-264.22626 -153.84425 0.80866522 0
-264.18475 -153.80098 0.80292553 0
-339.99219 -153.60954 0.82451057 0
-342.0719 -153.55089 0.84342432 0
-339.81213 -153.3479 0.81693256 0
-300.091 -152.90257 0.89974105 0
-336.5661 -152.56889 0.86283988 0
-300.47012 -152.23363 0.81684279 0
-287.07642 -152.06471 0.82721829 0
-281.52432 -151.12772 0.86496973 0
-306.25821 -151.05237 0.83644348 0
-261.85071 -150.60152 0.81379312 0
-279.12338 -150.22385 0.87046653 0
-279.34808 -150.19054 0.81200105 0
-340.0072 -202.6373 0.95626867 0
-346.59833 -192.38121 0.91669029 0
-346.85373 -192.27892 0.92697507 0
-346.72003 -192.02243 0.993478 0
-348.4827 -188.27942 0.97674102 0
-345.37866 -188.10484 0.98349285 0
-345.88974 -187.99329 0.98326081 0
-344.90884 -187.02831 0.92853379 0
-345.9928 -186.82961 0.91905141 0
-345.35245 -186.8663 0.95233905 0
-344.81891 -186.84442 0.92839682 0
-343.97162 -186.62517 0.92779434 0
-340.24243 -186.57405 0.9189074 0
-340.34454 -186.05994 0.9543075 0
-340.32043 -185.91042 0.95129263 0
-339.39258 -185.92268 0.94048566 0
-338.78436 -182.39952 0.90814459 0
-338.74637 -182.2272 0.97462887 0
-339.73624 -175.4675 0.90868008 0
-339.78207 -175.32028 0.9729479 0
-339.67957 -175.22316 0.98979944 0
-348.06717 -171.18275 0.97566026 0
-347.02219 -169.967 0.97921979 0
-349.73343 -166.82077 0.92390907 0
-349.8526 -166.20956 0.91030049 0
-332.85773 -163.78305 0.97272664 0
-349.53229 -163.44089 0.93920141 0
-349.51483 -163.28072 0.98115516 0
-349.31537 -163.23967 0.94608116 0
-346.44949 -162.89857 0.90057892 0
-348.50497 -162.53928 0.98041868 0
-348.73407 -162.08479 0.91045886 0
-348.08295 -161.58061 0.91196573 0
-270.92899 -161.04102 0.95899093 0
-349.095 -158.63448 0.99167114 0
-341.97748 -158.04552 0.91283453 0
-259.98328 -157.81407 0.90219778 0
-342.01346 -157.77655 0.92788416 0
-339.52295 -157.64696 0.93882418 0
-339.38708 -157.65286 0.99619317 0
-342.04379 -157.36221 0.96751285 0
-339.65759 -157.37921 0.93623799 0
-265.23923 -157.3878 0.92840892 0
-340.94925 -156.56027 0.94126195 0
-340.93359 -156.48575 0.93557483 0
-348.72559 -156.2672 0.95154411 0
-348.50336 -155.06548 0.95811218 0
-340.35983 -155.01212 0.97178942 0
-340.2045 -155.04724 0.9409259 0
-341.88696 -154.91037 0.90768725 0
-340.1481 -154.8586 0.93128723 0
-341.84 -154.00415 0.91350484 0
-341.75922 -154.02788 0.99565011 0
-264.16159 -153.81395 0.90107214 0
-342.03906 -153.60622 0.96035028 0
-340.05988 -153.55313 0.93963605 0
-341.93942 -153.49342 0.97343755 0
-300.06827 -152.30724 0.95550835 0
-287.52655 -152.35994 0.94571656 0
-300.12936 -152.26955 0.96387464 0
-284.21225 -152.20866 0.94507974 0
-284.25729 -152.16306 0.93475473 0
-338.21558 -152.00171 0.96788239 0
-339.14471 -151.98555 0.97362864 0
-303.39368 -151.93489 0.99843913 0
-333.48453 -151.70796 0.9586733 0
-281.97519 -151.10664 0.90429467 0
-281.66489 -151.06631 0.98234117 0
-281.7738 -150.98593 0.98153538 0
-288.13437 -150.86865 0.90081793 0
-261.67239 -150.63112 0.94936979 0
-277.01578 -150.22144 0.98208255 0
-276.8963 -150.11467 0.98649663 0
-262.24521 -150.18925 0.91572863 0
-346.25012 -192.63162 1.006045 0
-339.6774 -190.27977 1.036459 0
-347.02661 -189.86548 1.0891542 0
-339.87268 -189.74916 1.0640724 0
-339.85712 -189.50038 1.006981 0
-348.35828 -188.45694 1.0131592 0
-333.20465 -188.24225 1.0696241 0
-345.64496 -188.1445 1.0870614 0
-346.03552 -187.89793 1.0476685 0
-347.9093 -187.29958 1.0395232 0
-345.87753 -187.20418 1.0986375 0
-345.0824 -187.29892 1.0125378 0
-345.91611 -187.18654 1.0804096 0
-344.20483 -186.91673 1.0440693 0
-345.83878 -186.78308 1.023952 0
-344.98474 -186.28299 1.0986612 0
-344.92526 -185.95409 1.0369548 0
-340.15604 -185.92996 1.0126513 0
-339.77261 -185.80144 1.0789373 0
-340.06281 -185.73291 1.0938953 0
-339.1662 -185.62276 1.0109391 0
-339.14252 -185.53578 1.0134661 0
-344.45929 -185.47311 1.0049952 0
-344.43402 -185.25374 1.0258373 0
-335.02872 -184.72951 1.0374812 0
-340.09784 -181.38432 1.0247594 0
-339.97717 -181.39125 1.0319238 0
-332.44058 -179.66344 1.026612 0
-338.42706 -177.95219 1.0180104 0
-338.37064 -177.84656 1.0756363 0
-338.31863 -177.76837 1.0627651 0
-339.62653 -175.63474 1.0810661 0
-339.64352 -175.5493 1.0602733 0
-340.02399 -174.53844 1.0202427 0
-348.01999 -171.95963 1.0387002 0
-348.3949 -171.66272 1.0647351 0
-348.1033 -171.66808 1.0396056 0
-346.87268 -169.87195 1.0273994 0
-346.85754 -169.79997 1.0498265 0
-281.49255 -169.00392 1.0031078 0
-281.83823 -168.24295 1.0640271 0
-349.22809 -163.91814 1.0322651 0
-349.82864 -163.75894 1.0302755 0
-339.74783 -163.53978 1.0424997 0
-349.57663 -163.32787 1.0539343 0
-348.6933 -162.63025 1.0745194 0
-270.95596 -162.49701 1.0720265 0
-348.54489 -162.33694 1.0724033 0
-342.18515 -162.27412 1.0860982 0
-342.08066 -162.17906 1.0957724 0
-341.94547 -162.08141 1.0893438 0
-348.17239 -161.95659 1.0477974 0
-283.15186 -161.0954 1.0919806 0
-267.57779 -160.33292 1.0825115 0
-339.32751 -160.26193 1.0466906 0
-334.37927 -160.11171 1.0485893 0
-253.76607 -160.12802 1.0937438 0
-349.62408 -159.75273 1.0299529 0
-341.91028 -158.2601 1.0803603 0
-341.83511 -158.21698 1.0356381 0
-348.84332 -157.12784 1.0534869 0
-348.70599 -156.76082 1.0516105 0
-348.58456 -156.57043 1.060837 0
-281.42957 -155.58023 1.0325639 0
-348.39133 -155.27217 1.0406711 0
-341.66565 -154.57079 1.0450593 0
-340.28262 -154.59009 1.0957788 0
-349.16797 -154.21153 1.016924 0
-341.85239 -153.86356 1.0667737 0
-339.96152 -153.58739 1.0074826 0
-340.30954 -153.48007 1.0440205 0
-339.71854 -153.29355 1.0077677 0
-318.08661 -153.18637 1.0337298 0
-284.06888 -152.40511 1.0590333 0
-287.7045 -152.38849 1.031135 0
-284.41541 -152.10893 1.0875802 0
-338.78888 -151.94547 1.0059876 0
-338.97061 -151.86748 1.0779555 0
-281.97815 -151.1185 1.0927382 0
-281.72998 -150.98831 1.0321541 0
-289.7507 -150.67836 1.0316489 0
-305.03339 -150.50682 1.0086988 0
-337.47162 -150.19864 1.0379411 0
-277.37976 -150.14812 1.0718648 0
-276.88937 -150.13712 1.0703416 0
-278.93524 -150.0428 1.0815768 0
-330.78717 -206.67596 1.1250137 0
-339.54254 -202.11548 1.1285111 0
-338.91452 -201.30055 1.1646492 0
-346.76822 -190.49078 1.1598344 0
-339.90506 -189.45784 1.1321776 0
-348.02081 -189.25105 1.193884 0
-345.18436 -187.28076 1.170555 0
-344.05554 -186.65431 1.1688175 0
-344.99896 -186.34306 1.1142856 0
-345.11145 -186.13474 1.1347609 0
-345.28156 -186.05649 1.1690022 0
-345.0614 -186.03909 1.1045878 0
-344.97998 -186.08235 1.1591651 0
-344.80927 -186.0871 1.1180507 0
-344.68542 -186.04196 1.1361343 0
-345.23294 -185.9812 1.165279 0
-345.10968 -185.9527 1.1638297 0
-344.94867 -185.94501 1.1399887 0
-340.26559 -185.89003 1.1933199 0
-339.49103 -185.50366 1.1294335 0
-338.62665 -185.52368 1.1868746 0
-339.7207 -185.46278 1.1367177 0
-335.20724 -185.09538 1.1519507 0
-338.71857 -182.20099 1.1556758 0
-338.69739 -182.29396 1.109428 0
-339.38794 -182.17874 1.1253324 0
-338.59711 -182.18373 1.1618251 0
-340.16071 -181.63957 1.1386204 0
-338.74405 -178.42889 1.1409838 0
-338.52811 -177.8512 1.1628697 0
-338.27789 -177.79704 1.100464 0
-339.81104 -175.849 1.1735272 0
-339.56946 -175.48041 1.1393843 0
-338.24408 -174.58687 1.1427233 0
-346.29138 -167.25015 1.1505693 0
-346.96057 -164.14204 1.1677907 0
-349.80237 -163.95117 1.1437744 0
-349.68808 -163.75479 1.1188233 0
-349.60165 -163.67133 1.1217355 0
-349.5419 -163.47397 1.1906387 0
-349.7648 -163.38782 1.1765679 0
-348.5162 -162.72202 1.1574711 0
-348.28152 -162.68221 1.1652163 0
-342.30069 -162.28023 1.1721356 0
-347.24167 -161.53287 1.1215371 0
-339.04651 -161.32806 1.1608833 0
-339.01978 -160.52649 1.1626595 0
-253.69099 -160.14731 1.1053803 0
-278.71439 -159.41397 1.1122499 0
-269.6698 -158.81255 1.1238638 0
-340.2164 -158.62381 1.1247981 0
-276.59363 -157.54077 1.1246095 0
-348.52252 -156.87013 1.1495236 0
-339.379 -156.80551 1.1073014 0
-339.22974 -156.78741 1.108941 0
-342.34988 -155.53748 1.1288095 0
-337.24796 -155.18719 1.1085259 0
-341.14795 -154.81357 1.1803856 0
-341.38873 -153.89267 1.1176078 0
-264.01874 -153.86613 1.1283137 0
-263.98505 -153.85223 1.1482359 0
-264.23474 -153.78792 1.117848 0
-264.03787 -153.7999 1.1384016 0
-286.07465 -153.67915 1.1827896 0
-339.87155 -153.55763 1.1585325 0
-339.81769 -153.45734 1.1303149 0
-339.78467 -153.43275 1.1935599 0
-339.78473 -153.38438 1.124369 0
-265.7345 -153.26227 1.1452423 0
-341.62759 -152.43338 1.1831857 0
-338.55124 -152.24135 1.1430123 0
-336.14484 -152.10025 1.1875044 0
-299.83939 -152.18587 1.1397957 0
-284.33215 -152.08746 1.1102799 0
-306.17484 -151.16202 1.1005691 0
-260.60834 -150.6989 1.1461987 0
-279.62469 -150.55646 1.1662475 0
-279.52383 -150.27583 1.1138192 0
-278.77972 -150.23372 1.1602811 0
-278.36206 -150.24922 1.1464864 0
-278.09064 -150.23291 1.1515107 0
-277.3595 -150.22726 1.1209866 0
-278.93628 -150.13585 1.1898917 0
-277.06256 -150.14871 1.1676061 0
-339.45767 -202.70618 1.2527723 0
-338.89197 -201.08163 1.2981259 0
-338.53104 -199.86488 1.2447624 0
-338.52902 -199.65894 1.2561074 0
-346.66293 -192.13107 1.2643646 0
-348.01782 -189.46115 1.2007412 0
-346.95547 -189.06429 1.2589114 0
-346.97202 -188.56651 1.2380271 0
-346.96445 -188.46423 1.2609941 0
-336.13007 -188.10757 1.2094433 0
-345.81583 -187.39548 1.2255448 0
-345.0542 -187.2365 1.2693782 0
-344.2084 -187.15021 1.2731082 0
-345.0556 -186.79987 1.2917004 0
-344.06641 -186.60458 1.2043959 0
-344.29364 -185.79391 1.2985399 0
-337.29935 -184.97537 1.2541846 0
-343.65805 -184.75943 1.2952181 0
-338.78809 -182.41241 1.2025908 0
-338.30402 -179.42567 1.2727815 0
-321.99158 -178.28091 1.2763262 0
-338.35178 -174.43718 1.2037545 0
-340.06073 -174.21918 1.2479169 0
-338.43585 -174.27644 1.2181472 0
-340.19745 -173.91817 1.2534527 0
-349.24011 -171.61555 1.2913861 0
-346.88028 -171.63957 1.2018597 0
-346.66455 -171.56276 1.2095389 0
-322.44034 -171.40573 1.2981036 0
-349.51779 -171.24396 1.210398 0
-347.05295 -169.44531 1.2244051 0
-347.06482 -169.35654 1.228942 0
-345.20306 -167.36655 1.2903126 0
-341.79718 -166.52277 1.2692136 0
-349.78537 -166.16803 1.2552403 0
-346.08505 -166.13687 1.2655051 0
-345.54749 -165.77242 1.2178723 0
-347.76645 -164.1308 1.2782134 0
-348.6593 -164.03833 1.2115474 0
-349.73196 -163.97144 1.2628617 0
-347.70749 -163.73094 1.2295537 0
-349.32208 -163.68265 1.2085292 0
-349.62665 -163.4584 1.2254542 0
-346.30151 -163.43071 1.257763 0
-252.79079 -163.31248 1.2677746 0
-348.79239 -162.87387 1.2826375 0
-342.30435 -162.24226 1.2464758 0
-342.23096 -162.12135 1.2769241 0
-342.47662 -162.09111 1.2929188 0
-346.40845 -161.80334 1.2849327 0
-346.46054 -161.73474 1.2735245 0
-346.2724 -161.73329 1.2766871 0
-347.00018 -161.59143 1.2343699 0
-253.81042 -160.60004 1.2788824 0
-273.8967 -160.17599 1.2711477 0
-273.97482 -160.07553 1.2450615 0
-341.19043 -159.54407 1.2929436 0
-337.0965 -158.93549 1.2441555 0
-340.54675 -157.95944 1.294063 0
-276.40497 -157.42064 1.2909042 0
-348.91226 -156.57716 1.2675638 0
-341.98981 -155.63976 1.2952346 0
-342.62146 -155.35606 1.2672442 0
-340.17081 -154.99493 1.2999961 0
-340.22736 -154.71777 1.2387642 0
-341.55627 -154.59074 1.2038597 0
-340.42221 -154.52191 1.2942882 0
-283.5759 -153.927 1.236245 0
-340.04486 -153.42773 1.200729 0
-339.91843 -153.45029 1.2545884 0
-339.75308 -153.42087 1.2026699 0
-339.63751 -153.42378 1.2074922 0
-340.12964 -153.34738 1.2027063 0
-265.82925 -153.17191 1.219371 0
-339.21149 -151.52576 1.2897165 0
-339.53159 -151.4651 1.2367129 0
-282.59085 -151.40796 1.2641032 0
-281.53867 -151.34373 1.2182832 0
-281.86627 -151.23604 1.2719874 0
-281.52771 -151.27887 1.252936 0
-281.89539 -151.14056 1.2987543 0
-281.76456 -151.00943 1.2109571 0
-281.69321 -150.99174 1.2187362 0
-261.69186 -150.75967 1.2699047 0
-261.71594 -150.58844 1.2255996 0
-278.01666 -150.2872 1.2210926 0
-338.50317 -200.0184 1.3638682 0
-338.52533 -199.09131 1.3770078 0
-339.659 -196.78493 1.3961498 0
-346.582 -192.41104 1.3146875 0
-346.20624 -192.17453 1.3304839 0
-340.10312 -189.54802 1.3802525 0
-348.29929 -189.08775 1.342316 0
-348.30099 -188.94313 1.3847382 0
-348.49924 -188.23911 1.3213484 0
-348.77649 -188.08653 1.3606381 0
-340.4375 -185.96246 1.3705446 0
-340.29797 -185.80286 1.3586725 0
-343.99268 -185.33308 1.3357383 0
-335.39407 -185.2963 1.3476211 0
-337.2977 -184.91234 1.3656499 0
-335.2049 -184.78967 1.3201317 0
-335.12766 -183.76149 1.3282168 0
-338.30829 -179.62511 1.3070791 0
-329.24533 -179.19469 1.3832681 0
-338.32281 -177.40115 1.3151911 0
-330.30795 -176.2809 1.3173783 0
-338.79889 -174.87645 1.3030994 0
-340.23187 -174.58415 1.3598498 0
-348.94186 -169.94426 1.3971804 0
-348.91605 -169.87971 1.3903956 0
-348.80505 -169.86707 1.3927952 0
-348.42081 -164.11726 1.3460948 0
-347.99847 -164.19017 1.3850503 0
-348.28311 -163.98698 1.3625158 0
-346.2984 -163.81268 1.3184124 0
-347.52005 -163.78802 1.3339211 0
-347.83881 -163.69054 1.3452245 0
-349.65417 -163.56444 1.3523563 0
-347.89932 -163.5699 1.3732004 0
-349.63718 -163.49734 1.3253794 0
-349.72012 -163.27434 1.3810357 0
-349.69681 -163.28751 1.3209051 0
-348.31946 -163.09171 1.3064706 0
-348.20822 -163.01448 1.3110018 0
-342.10355 -162.133 1.3243872 0
-341.93817 -162.06264 1.3363808 0
-346.92804 -161.61902 1.3215554 0
-275.05267 -160.74588 1.3875515 0
-274.04132 -160.2164 1.3034539 0
-273.97577 -160.22531 1.3597049 0
-305.4726 -158.27751 1.3689983 0
-340.00583 -157.89653 1.3577255 0
-339.41882 -157.74571 1.3764716 0
-348.86234 -157.52641 1.3717462 0
-348.83011 -157.05197 1.3099396 0
-348.61121 -156.82263 1.3574561 0
-348.58804 -156.70068 1.3882899 0
-341.89981 -155.60184 1.3896875 0
-342.26074 -155.55563 1.3070456 0
-342.07117 -155.51007 1.3290281 0
-303.88705 -155.59256 1.3633103 0
-341.77652 -155.25468 1.3387764 0
-341.67776 -155.02579 1.3457974 0
-340.18716 -154.94783 1.3900263 0
-341.30658 -154.84367 1.3167284 0
-340.18481 -154.78607 1.3157207 0
-340.18686 -154.60542 1.3698686 0
-341.43948 -154.57626 1.3947803 0
-339.44861 -154.44351 1.3598537 0
-341.11151 -154.38338 1.3095859 0
-340.23862 -154.35652 1.3683501 0
-264.33936 -153.85292 1.3338277 0
-339.82974 -153.41977 1.325098 0
-319.37976 -152.63396 1.364242 0
-300.03946 -152.26291 1.3370219 0
-339.00906 -151.86186 1.3497505 0
-339.36859 -151.48396 1.3700855 0
-282.91077 -151.41176 1.3590332 0
-282.73965 -151.39941 1.348749 0
-281.82248 -151.16795 1.3519521 0
-281.59958 -151.03119 1.3055166 0
-338.95245 -150.97501 1.3085992 0
-338.88043 -150.99852 1.3544658 0
-306.39539 -150.96361 1.3063854 0
-338.45908 -198.64926 1.4416429 0
-339.57227 -197.05859 1.4270408 0
-340.17508 -196.07785 1.4452652 0
-345.711 -192.54306 1.444509 0
-344.44849 -192.2141 1.4523619 0
-346.49893 -192.0345 1.4769285 0
-346.14771 -191.86914 1.4902815 0
-346.61072 -191.75264 1.4177603 0
-346.03824 -191.23331 1.4983225 0
-348.36743 -189.37056 1.4076675 0
-348.50879 -189.29898 1.4936272 0
-348.28516 -189.20638 1.4663227 0
-348.52206 -188.58017 1.4820778 0
-348.62177 -188.13951 1.4729671 0
-347.77039 -187.88348 1.4925075 0
-347.19629 -187.15041 1.4873183 0
-344.66989 -185.84532 1.4966719 0
-343.91141 -185.56058 1.4953035 0
-343.91556 -185.41156 1.4530948 0
-344.07184 -185.28429 1.4577806 0
-335.46518 -183.95753 1.4582641 0
-334.65228 -183.47856 1.4430786 0
-334.64078 -183.06171 1.4583702 0
-340.91348 -182.0199 1.4657683 0
-340.69537 -182.07315 1.487391 0
-327.9549 -179.56119 1.4615785 0
-329.40186 -179.47466 1.4844936 0
-329.33755 -179.18697 1.4824923 0
-340.34357 -174.52005 1.4055029 0
-334.97272 -174.59323 1.4314834 0
-338.14658 -174.37003 1.4958563 0
-338.91782 -171.79961 1.4961315 0
-348.40317 -171.17702 1.4892527 0
-349.98608 -166.84117 1.4893122 0
-337.39899 -166.14131 1.4232491 0
-261.41104 -165.82121 1.4242364 0
-348.13062 -164.08597 1.4819746 0
-339.98077 -163.89801 1.4179585 0
-347.96826 -163.70938 1.4676906 0
-349.11646 -163.18634 1.4950944 0
-349.0195 -163.10638 1.4579167 0
-347.78864 -163.1562 1.4610593 0
-348.97424 -163.08549 1.4888163 0
-348.80243 -162.83321 1.4877241 0
-348.71451 -162.72426 1.4919457 0
-342.20389 -162.23636 1.4173702 0
-342.233 -162.19658 1.4712479 0
-342.12103 -162.01936 1.4016436 0
-341.3255 -161.90883 1.4001511 0
-347.79578 -161.88069 1.4556568 0
-347.66516 -161.57681 1.4986864 0
-346.45493 -161.57886 1.4555547 0
-253.73891 -160.70778 1.4867952 0
-267.32172 -160.33122 1.4139081 0
-253.61119 -159.90445 1.4995632 0
-261.33521 -159.36719 1.4556392 0
-278.52795 -158.64449 1.4190269 0
-332.66141 -158.04128 1.4282434 0
-268.92371 -157.36142 1.4795399 0
-348.84909 -156.68414 1.4584846 0
-348.67773 -156.66183 1.4862945 0
-341.31409 -155.37827 1.448728 0
-342.03955 -155.29645 1.4268478 0
-341.26053 -154.75026 1.4700179 0
-341.31305 -154.66951 1.4169655 0
-340.24911 -154.63182 1.4269102 0
-341.2215 -154.33929 1.4807193 0
-339.99323 -154.33165 1.4351135 0
-348.65457 -154.26831 1.4611362 0
-340.09692 -153.46294 1.4997677 0
-341.33392 -152.94789 1.4909427 0
-341.40906 -152.73 1.4460008 0
-269.3046 -152.13998 1.4182 0
-339.18079 -151.54115 1.4809326 0
-337.64322 -151.58568 1.4933351 0
-339.24548 -151.45657 1.4122421 0
-261.384 -150.69644 1.4239703 0
-274.65662 -150.52055 1.4568977 0
-261.71774 -150.58192 1.4704114 0
-279.74384 -150.04568 1.4017329 0
-338.66586 -203.62038 1.5800735 0
-338.29733 -201.87788 1.5889721 0
-336.30685 -199.79315 1.5360603 0
-339.50037 -197.42686 1.5378052 0
-339.72275 -197.13623 1.5073979 0
-344.31467 -193.40396 1.5848724 0
-345.77054 -192.40469 1.5568695 0
-344.47034 -192.27605 1.5588866 0
-339.59329 -191.39345 1.5954186 0
-346.60867 -191.26393 1.5132604 0
-348.4762 -189.53259 1.5706295 0
-348.44418 -189.3835 1.5165739 0
-348.18018 -188.78093 1.5143344 0
-347.07593 -188.57954 1.5991141 0
-348.37637 -188.18961 1.5907485 0
-347.74606 -187.53554 1.5548652 0
-347.04514 -187.06366 1.523436 0
-344.30606 -185.68518 1.5214463 0
-344.05325 -185.55861 1.535621 0
-338.7128 -178.78444 1.568874 0
-341.90579 -174.27872 1.5240103 0
-341.93509 -174.02184 1.5991861 0
-349.45929 -171.20618 1.5072513 0
-349.87061 -166.15269 1.5015333 0
-349.86438 -164.24121 1.515123 0
-347.54227 -163.80498 1.5323569 0
-349.1604 -163.68437 1.5582815 0
-348.97791 -163.41739 1.5701077 0
-349.14746 -163.32056 1.5181432 0
-349.07187 -163.16345 1.5410831 0
-349.00253 -162.93085 1.576497 0
-348.8602 -162.74265 1.579873 0
-342.15607 -162.32187 1.581412 0
-346.40759 -162.10605 1.5860978 0
-342.14627 -161.6825 1.5254276 0
-265.23843 -158.1738 1.538615 0
-348.83444 -157.54887 1.5688232 0
-333.94272 -157.56113 1.528217 0
-348.88107 -157.32555 1.5350381 0
-348.91534 -157.10866 1.5168988 0
-342.4176 -156.62062 1.5959687 0
-298.58902 -156.67139 1.5456103 0
-348.98114 -156.35275 1.5927851 0
-342.14355 -155.36026 1.5132322 0
-347.8877 -155.13539 1.5305206 0
-341.42508 -155.1445 1.508649 0
-339.0368 -154.39792 1.5752498 0
-342.64459 -153.92191 1.5989399 0
-264.26471 -153.87584 1.5660985 0
-319.34894 -153.71857 1.5996001 0
-339.96429 -153.46753 1.5886116 0
-339.93024 -153.31946 1.5427046 0
-339.73209 -153.35577 1.5515485 0
-341.77274 -152.95607 1.5987817 0
-341.57181 -152.78868 1.505301 0
-341.33472 -152.74014 1.5071502 0
-284.59756 -152.19501 1.5223522 0
-284.44565 -152.14928 1.5446051 0
-269.30997 -152.14293 1.5500568 0
-284.71918 -152.06775 1.5727886 0
-269.23114 -152.0641 1.5300905 0
-333.34006 -151.60677 1.5360173 0
-339.49677 -151.46301 1.5125473 0
-283.34976 -151.35599 1.556054 0
-281.84973 -151.08253 1.5501939 0
-287.66977 -150.45793 1.5785283 0
-326.30939 -205.47256 1.6176913 0
-343.65375 -194.96269 1.655134 0
-333.87115 -193.48151 1.6071746 0
-347.6051 -192.59134 1.6527233 0
-344.3905 -192.21939 1.6190475 0
-346.14957 -191.53574 1.657851 0
-346.07944 -191.4894 1.6644194 0
-347.49326 -190.1067 1.6066129 0
-347.14346 -189.84369 1.6312407 0
-342.25555 -189.62471 1.6891029 0
-348.25119 -188.81404 1.6189921 0
-342.41199 -186.50241 1.6872455 0
-341.26819 -176.98874 1.6711904 0
-339.98611 -175.45979 1.6889565 0
-340.75641 -175.30511 1.6167613 0
-341.8078 -173.84904 1.6866143 0
-340.01282 -170.96184 1.6329083 0
-349.78186 -164.18993 1.6407416 0
-339.90475 -164.0193 1.6257727 0
-349.18521 -163.73514 1.6993885 0
-346.45184 -163.63843 1.618467 0
-349.1528 -163.23735 1.6471698 0
-341.56909 -162.26506 1.635671 0
-342.10516 -162.12993 1.6342665 0
-343.15482 -161.56071 1.6498629 0
-342.30231 -161.5047 1.6217068 0
-253.7303 -160.59045 1.6542641 0
-268.53763 -159.63831 1.6292881 0
-269.59689 -158.75221 1.6162046 0
-265.67157 -158.54271 1.697302 0
-257.97235 -158.47971 1.6724094 0
-267.56741 -158.19508 1.689622 0
-276.36563 -157.33818 1.6099293 0
-348.55527 -156.50688 1.6314386 0
-348.60144 -155.79355 1.6571977 0
-340.96036 -155.08652 1.6987115 0
-340.28598 -154.7471 1.6406502 0
-340.10989 -154.64233 1.6572498 0
-282.64758 -154.14436 1.6046073 0
-342.45361 -153.80882 1.6593839 0
-342.37335 -153.86794 1.6427251 0
-339.5015 -153.88135 1.6354852 0
-263.93051 -153.81297 1.6620156 0
-342.25394 -153.76334 1.663291 0
-286.12494 -153.71121 1.6706052 0
-263.85886 -153.49078 1.6263187 0
-341.46082 -153.31577 1.6730423 0
-339.8269 -153.36829 1.6190746 0
-339.73428 -153.27052 1.6725574 0
-338.94687 -153.13728 1.6033708 0
-341.18375 -152.965 1.6018699 0
-338.45618 -152.38661 1.6679446 0
-284.56372 -152.12341 1.6093802 0
-283.78445 -151.35652 1.6384851 0
-281.68295 -151.01556 1.6449708 0
-276.88477 -150.81142 1.6104244 0
-261.02209 -150.85767 1.6050864 0
-276.79553 -150.79297 1.6178653 0
-261.52139 -150.57759 1.631074 0
-338.35172 -201.81245 1.7785276 0
-345.94775 -192.68504 1.7313068 0
-344.41916 -192.16003 1.7773892 0
-348.53445 -188.47208 1.7448081 0
-348.50482 -188.16289 1.7352263 0
-342.35733 -186.42982 1.7103586 0
-342.40512 -186.33829 1.7296995 0
-337.22287 -184.86095 1.7416743 0
-338.73001 -182.17534 1.776979 0
-329.63681 -180.56664 1.7466257 0
-336.46777 -179.45663 1.7517838 0
-340.14899 -177.04645 1.7964485 0
-341.1391 -176.88661 1.7044078 0
-342.07608 -174.31897 1.7233911 0
-339.16086 -172.84628 1.7844917 0
-339.61368 -172.36162 1.7364732 0
-339.70789 -172.28886 1.7722558 0
-270.10526 -166.21501 1.7805215 0
-349.78989 -164.31775 1.7719628 0
-340.01617 -163.98282 1.7673659 0
-346.35855 -163.672 1.7401187 0
-281.22186 -163.16054 1.77167 0
-349.146 -163.07899 1.7265111 0
-349.06787 -163.00821 1.7294917 0
-348.5686 -163.01494 1.7196966 0
-349.13934 -162.91913 1.7561016 0
-349.1799 -162.80429 1.7071323 0
-349.04944 -162.84714 1.7260617 0
-343.46713 -160.3349 1.7558262 0
-267.44775 -160.32283 1.7115463 0
-343.9877 -159.91519 1.7178905 0
-278.84601 -159.58734 1.7663219 0
-342.69452 -157.67766 1.7181813 0
-268.79214 -157.33888 1.7420111 0
-342.50885 -156.40903 1.7813963 0
-342.20679 -156.34499 1.7320889 0
-349.96417 -155.74777 1.7854512 0
-340.83871 -155.04329 1.7951863 0
-341.14923 -154.89896 1.7046117 0
-340.18869 -154.72688 1.7803051 0
-340.43973 -154.69223 1.7026775 0
-339.03168 -154.25081 1.7343327 0
-335.53461 -154.03278 1.7113297 0
-339.51663 -153.86169 1.7532465 0
-264.14023 -153.68524 1.7682172 0
-339.75555 -153.31659 1.7728953 0
-339.62344 -153.22357 1.7123849 0
-339.71588 -153.14742 1.70801 0
-283.62234 -152.97467 1.7238427 0
-338.76544 -152.87448 1.717932 0
-300.03088 -152.25293 1.7333791 0
-339.59232 -152.11769 1.7664067 0
-269.30066 -152.03522 1.7523831 0
-337.6561 -151.84616 1.7435416 0
-281.54025 -151.23367 1.7562385 0
-337.75925 -150.54022 1.7546766 0
-337.65057 -150.5818 1.7234015 0
-261.62311 -150.58278 1.7549566 0
-287.63681 -150.3105 1.7246206 0
-278.04184 -150.29614 1.7865534 0
-253.06085 -150.1927 1.7778305 0
-339.19708 -202.02492 1.8750212 0
-340.12784 -194.67137 1.8098823 0
-346.16211 -191.9875 1.8206714 0
-347.29428 -189.46756 1.8872321 0
-348.47839 -189.06618 1.8227484 0
-348.37442 -188.91418 1.8015944 0
-347.67593 -187.40483 1.8187071 0
-347.51205 -187.32698 1.8683788 0
-333.90244 -187.37328 1.8498654 0
-344.48499 -186.75752 1.8142236 0
-343.9194 -186.66226 1.8036386 0
-343.11603 -186.65649 1.8177794 0
-342.82996 -186.39793 1.8709428 0
-338.86902 -182.55283 1.8319654 0
-338.77289 -182.51402 1.8429183 0
-340.54816 -176.72484 1.8566397 0
-340.5748 -176.69083 1.8583599 0
-339.70642 -175.54863 1.8877702 0
-339.1149 -174.90201 1.847095 0
-349.54553 -171.31854 1.8320767 0
-349.75879 -170.97038 1.8303251 0
-345.3653 -167.56853 1.8196855 0
-345.38037 -167.31702 1.8655293 0
-349.02386 -163.87091 1.8125468 0
-347.59937 -163.84114 1.8663388 0
-347.24991 -163.87288 1.8978422 0
-346.33145 -163.71916 1.8624952 0
-346.26025 -163.74907 1.830227 0
-348.82565 -162.60892 1.8006533 0
-348.90842 -162.59566 1.8120151 0
-342.32251 -162.31902 1.8788545 0
-348.30853 -162.17531 1.8590161 0
-348.17645 -162.01514 1.8313059 0
-254.4317 -161.24608 1.884674 0
-254.38306 -161.23988 1.8931204 0
-343.37103 -160.68213 1.8283631 0
-343.27267 -160.61615 1.8027703 0
-338.91135 -160.60081 1.8717138 0
-339.13525 -160.52426 1.8533037 0
-334.7579 -159.75591 1.8617275 0
-277.53461 -159.51079 1.8723638 0
-269.79568 -158.76816 1.867088 0
-349.02087 -158.16747 1.8613238 0
-262.74237 -157.82649 1.8698993 0
-342.44934 -157.73299 1.8994832 0
-348.76678 -157.57346 1.8107976 0
-276.28915 -157.23822 1.8612256 0
-348.47809 -156.82968 1.8570951 0
-348.91943 -156.7986 1.8083178 0
-348.47574 -156.74756 1.8367882 0
-342.48315 -156.48756 1.8062096 0
-281.57022 -156.1554 1.8796684 0
-340.77182 -154.90036 1.8299049 0
-340.1933 -154.9892 1.8047997 0
-340.2471 -154.70425 1.8281579 0
-340.15198 -154.48308 1.8058087 0
-341.61282 -154.09785 1.8999852 0
-341.85818 -153.84233 1.8636932 0
-264.14215 -153.6597 1.8457962 0
-264.0715 -153.64705 1.8381727 0
-300.52997 -152.52945 1.8213652 0
-337.13589 -152.13795 1.8885716 0
-269.42676 -152.10843 1.8202006 0
-269.36768 -152.10542 1.8806025 0
-269.34625 -152.04594 1.8198253 0
-300.19727 -151.98009 1.8571159 0
-339.02606 -151.5945 1.8574357 0
-275.59711 -151.39415 1.8803163 0
-313.35162 -150.62802 1.8311286 0
-337.77982 -150.45567 1.8348479 0
-261.63019 -150.49345 1.8539348 0
-337.7327 -150.32054 1.8123447 0
-338.33939 -201.7374 1.9672143 0
-338.28348 -201.60663 1.9971074 0
-338.15125 -199.05692 1.939324 0
-348.44333 -189.07491 1.963032 0
-348.31003 -188.32622 1.9380015 0
-347.83533 -188.02907 1.9846076 0
-347.84555 -187.91859 1.9824131 0
-347.78516 -187.85382 1.9949007 0
-344.14755 -187.56891 1.983515 0
-344.13699 -187.49757 1.9852424 0
-344.56467 -186.76073 1.9086571 0
-335.07669 -184.91432 1.9767041 0
-337.26514 -184.69516 1.9543526 0
-336.94672 -178.90234 1.9830892 0
-340.06989 -177.1514 1.9421751 0
-340.51666 -176.42783 1.9416924 0
-349.92664 -171.34679 1.9270719 0
-349.69128 -171.3736 1.9154652 0
-334.92331 -167.92999 1.9702036 0
-339.93701 -164.06094 1.9883943 0
-347.19131 -163.97559 1.9467318 0
-347.18201 -163.84348 1.9660777 0
-282.43872 -162.23132 1.940318 0
-282.2605 -162.267 1.9235135 0
-267.25928 -160.34151 1.9423189 0
-276.26401 -159.15193 1.9130247 0
-276.29718 -159.07423 1.9603466 0
-257.85367 -158.4252 1.9789735 0
-278.18619 -158.27698 1.9420744 0
-339.95737 -157.6804 1.9245054 0
-268.84375 -157.4019 1.9354328 0
-349.17267 -157.36266 1.9479761 0
-342.15457 -157.08095 1.9068712 0
-342.40051 -156.99219 1.9126176 0
-341.88184 -154.04164 1.9963447 0
-341.69165 -153.96854 1.924328 0
-282.7865 -153.74582 1.9130183 0
-339.80753 -153.46759 1.9462618 0
-338.21799 -152.71004 1.9741993 0
-341.29861 -152.59146 1.9390469 0
-339.47223 -152.34628 1.9673752 0
-339.41937 -152.05792 1.964797 0
-284.64014 -152.08156 1.9422959 0
-339.60861 -151.75557 1.9467779 0
-283.72098 -151.56738 1.9973558 0
-275.47461 -151.38174 1.9341308 0
-337.5993 -151.131 1.9536288 0
-281.78818 -151.12694 1.9437386 0
-337.63055 -151.05081 1.9529067 0
-282.03815 -151.09047 1.929412 0
-281.94608 -151.05589 1.904864 0
-281.62213 -151.07727 1.9588186 0
-338.48898 -150.85066 1.9291749 0
-337.63867 -150.78857 1.9139041 0
-337.84564 -150.65419 1.9361995 0
-258.28925 -150.50053 1.9257897 0
-333.05832 -209.46109 2.0159757 0
-332.99878 -209.33244 2.0252059 0
-345.32858 -193.80511 2.0008509 0
-344.51041 -192.952 2.0798593 0
-343.84515 -192.61946 2.0820391 0
-348.05145 -188.52829 2.0306888 0
-347.80167 -188.04442 2.0009503 0
-344.37509 -187.78333 2.0176661 0
-344.35834 -186.70528 2.0825415 0
-344.19824 -186.45972 2.0505242 0
-343.94571 -186.09698 2.0526311 0
-344.21268 -185.99023 2.0317736 0
-338.59152 -181.89717 2.0027118 0
-339.11591 -178.83734 2.0113041 0
-339.07693 -178.77687 2.0070951 0
-341.25665 -175.17732 2.0432532 0
-341.19495 -175.17905 2.0862432 0
-334.86578 -174.37686 2.0042465 0
-339.64139 -173.35612 2.0928378 0
-339.53375 -172.51607 2.0845983 0
-349.69543 -170.47876 2.0050426 0
-268.83221 -167.19402 2.0340674 0
-349.63638 -164.40884 2.0648961 0
-347.22964 -163.88364 2.0702577 0
-347.59726 -163.7095 2.024832 0
-347.48889 -163.66364 2.047905 0
-342.17773 -162.2103 2.0729358 0
-342.20447 -162.13045 2.0135431 0
-348.22842 -162.05769 2.0419514 0
-347.92542 -162.01208 2.0046244 0
-342.46469 -161.99374 2.0854213 0
-347.17685 -161.55354 2.034339 0
-342.81281 -160.123 2.0281086 0
-343.86505 -159.64262 2.0253356 0
-276.32538 -159.59753 2.0725129 0
-337.05679 -158.7765 2.098079 0
-342.53461 -157.86806 2.0314307 0
-339.56168 -157.71617 2.0204327 0
-339.6803 -157.61571 2.0579853 0
-348.66895 -157.56091 2.0480595 0
-280.10446 -157.23607 2.0697744 0
-349.17944 -156.76242 2.0782516 0
-348.93417 -156.46184 2.0611157 0
-349.22971 -156.28877 2.059036 0
-340.30127 -154.7955 2.0845165 0
-340.24118 -154.75244 2.0208476 0
-340.19754 -154.63126 2.0832646 0
-341.8728 -154.21733 2.0372787 0
-341.82452 -153.55879 2.0250306 0
-341.63361 -153.48795 2.0749204 0
-337.57715 -153.30341 2.0510528 0
-284.82504 -151.98598 2.0716007 0
-284.71582 -151.93384 2.0632167 0
-337.52109 -151.87715 2.0088966 0
-339.7565 -151.72684 2.0869038 0
-339.49835 -151.78049 2.0844901 0
-338.87482 -151.67934 2.0156868 0
-300.26904 -151.66261 2.0392861 0
-338.88141 -151.59407 2.0060041 0
-282.11279 -150.99677 2.0941036 0
-338.82022 -150.75755 2.0606711 0
-287.6329 -150.44424 2.0371969 0
-261.61044 -150.47081 2.025177 0
-261.55554 -150.48576 2.0318322 0
-330.1095 -207.31166 2.1855459 0
-345.87759 -193.7619 2.1598163 0
-344.80182 -193.28256 2.1971986 0
-344.92041 -192.18509 2.1063085 0
-345.24323 -189.20352 2.115819 0
-345.1907 -189.14088 2.1096554 0
-345.13889 -188.82927 2.1406755 0
-348.10574 -188.08354 2.1520848 0
-347.92551 -188.05984 2.1205182 0
-348.02274 -187.99622 2.1938822 0
-345.82803 -187.52527 2.1829667 0
-345.66733 -187.39441 2.1724586 0
-344.42377 -186.42921 2.1461763 0
-344.52823 -186.16541 2.1478295 0
-339.91763 -183.20107 2.1521089 0
-338.91925 -179.05066 2.1220713 0
-340.59592 -176.12207 2.1863427 0
-340.52136 -175.69881 2.197717 0
-340.92126 -175.45538 2.1777897 0
-341.42447 -174.73395 2.1653848 0
-339.73505 -173.2469 2.1072769 0
-341.32571 -172.68272 2.1375563 0
-341.23291 -169.01314 2.183975 0
-349.32687 -167.79092 2.1011887 0
-349.8381 -167.05698 2.1098673 0
-349.70398 -164.79044 2.1795714 0
-347.56329 -163.80455 2.152689 0
-347.45526 -163.5769 2.15676 0
-342.35211 -162.50859 2.1769776 0
-347.7952 -161.90424 2.1308217 0
-342.89246 -161.83023 2.1696475 0
-347.48419 -161.67241 2.1185863 0
-347.44293 -161.47778 2.1097016 0
-342.80692 -160.9277 2.1577153 0
-253.23489 -159.7088 2.1012208 0
-343.47174 -159.27298 2.1682289 0
-343.3425 -159.17537 2.1701941 0
-349.83136 -157.48589 2.1055417 0
-278.7565 -157.44452 2.1918848 0
-276.29755 -157.00418 2.1370389 0
-341.82468 -155.99147 2.1326444 0
-282.87097 -154.63351 2.1486154 0
-341.40668 -154.40298 2.1503305 0
-341.76358 -154.33397 2.1045113 0
-341.73395 -153.71794 2.1129675 0
-339.84348 -153.38367 2.1732628 0
-337.42288 -152.97685 2.1050441 0
-341.35611 -152.69185 2.1022944 0
-341.29886 -152.61571 2.177376 0
-341.05753 -152.43787 2.1264856 0
-340.95795 -152.41739 2.1384706 0
-284.56055 -152.49007 2.1116021 0
-340.33328 -152.33783 2.1391029 0
-269.54797 -152.09346 2.180964 0
-339.54816 -151.74165 2.1727629 0
-333.3959 -151.6496 2.1092288 0
-333.33289 -151.56334 2.1000311 0
-306.23666 -151.29485 2.1174202 0
-281.5802 -151.061 2.1979313 0
-282.19168 -150.94926 2.1776514 0
-283.28281 -150.85202 2.1459229 0
-277.17914 -150.81863 2.1550074 0
-340.08963 -150.30046 2.1863618 0
-338.73624 -197.65933 2.2104592 0
-339.16049 -196.84341 2.2708678 0
-345.78925 -193.73631 2.2741754 0
-344.82697 -193.4346 2.2034893 0
-325.84753 -193.40025 2.2597177 0
-346.18387 -192.75266 2.230442 0
-346.37463 -192.42046 2.2273188 0
-348.03745 -188.89378 2.2362289 0
-344.80237 -188.33588 2.2706578 0
-339.76242 -186.71687 2.2038515 0
-344.83817 -185.64882 2.2922654 0
-336.73306 -183.90302 2.2968054 0
-339.58066 -183.19749 2.2457573 0
-338.62128 -179.73441 2.2420013 0
-338.58176 -179.63739 2.2357213 0
-340.99658 -175.26248 2.2673421 0
-340.83627 -175.2951 2.2335083 0
-339.35654 -175.01585 2.2026372 0
-341.53738 -174.90271 2.2057042 0
-339.71967 -172.73125 2.2496045 0
-341.37119 -172.12769 2.2301919 0
-341.08655 -168.93687 2.2558937 0
-346.16342 -167.21443 2.2498071 0
-349.92773 -166.19034 2.2780392 0
-348.84024 -164.05615 2.2555089 0
-342.41516 -162.19624 2.2587988 0
-342.95248 -161.53761 2.2172222 0
-344.16855 -160.36674 2.2939601 0
-255.71196 -159.98474 2.2921708 0
-343.48007 -159.17204 2.2942991 0
-265.6994 -158.67725 2.2779131 0
-257.72543 -158.30647 2.2676578 0
-349.18146 -156.77223 2.2237525 0
-335.80081 -156.30415 2.2745986 0
-348.4501 -156.17572 2.275703 0
-349.96887 -156.06654 2.2027805 0
-341.64279 -155.40901 2.2589374 0
-341.59564 -155.23093 2.2350793 0
-340.21198 -154.77888 2.2708447 0
-340.10736 -154.65649 2.2986248 0
-340.03329 -154.61513 2.2795634 0
-263.97568 -153.6196 2.2431533 0
-264.23416 -153.57986 2.2957208 0
-264.15994 -153.59898 2.2222619 0
-340.93869 -152.79953 2.2661405 0
-341.13605 -152.43951 2.2548268 0
-340.9115 -152.35606 2.2597723 0
-338.17343 -152.39592 2.2597749 0
-340.1535 -152.2662 2.2916844 0
-300.05139 -152.0442 2.237551 0
-299.22531 -152.07729 2.2366064 0
-269.52042 -152.04128 2.2802994 0
-284.74631 -151.95258 2.2079039 0
-282.31503 -150.85878 2.2912264 0
-261.61963 -150.49452 2.2693903 0
-261.41025 -150.31909 2.2179961 0
-313.77603 -150.22763 2.276094 0
-342.85062 -193.67085 2.3955307 0
-342.62277 -193.33392 2.3452563 0
-346.3894 -192.12541 2.3374751 0
-346.24136 -191.93199 2.3847218 0
-346.32687 -191.74098 2.3649187 0
-345.05188 -188.76752 2.3511169 0
-344.98486 -188.76189 2.3333557 0
-344.89908 -188.73196 2.3463454 0
-344.86838 -188.46271 2.3403728 0
-347.81958 -188.35899 2.3990946 0
-344.83807 -188.16512 2.317096 0
-344.58939 -188.04523 2.3146179 0
-345.7265 -187.332 2.3848398 0
-344.20932 -187.07368 2.3710959 0
-344.9686 -186.90794 2.3977268 0
-344.28534 -186.63431 2.3821442 0
-344.82553 -185.61508 2.3995829 0
-344.85794 -185.54181 2.3823748 0
-337.21097 -184.80856 2.3056879 0
-339.97018 -180.90981 2.3886847 0
-338.75177 -179.8382 2.3772321 0
-339.84995 -178.78041 2.3978894 0
-340.39545 -176.71803 2.3343847 0
-340.51208 -176.48607 2.3229413 0
-340.54239 -175.51122 2.3586106 0
-340.81314 -171.45299 2.3487792 0
-349.90158 -166.12724 2.3382225 0
-250.78064 -165.41068 2.3072715 0
-349.1626 -164.65919 2.3791332 0
-339.95163 -164.20293 2.3881254 0
-342.63394 -162.58009 2.3444686 0
-341.63113 -161.66318 2.3342476 0
-343.5191 -159.25577 2.3015685 0
-343.46179 -159.20851 2.3110685 0
-257.65717 -158.32355 2.3004177 0
-348.75735 -157.60974 2.368329 0
-268.73642 -157.4541 2.3833795 0
-348.37833 -156.76367 2.3465538 0
-341.65878 -156.31308 2.362545 0
-341.05444 -155.50104 2.3745379 0
-341.13553 -155.20116 2.399092 0
-341.26468 -155.1757 2.3818839 0
-340.34613 -154.75845 2.3209574 0
-340.46359 -154.59676 2.3219304 0
-339.98315 -154.54973 2.3309948 0
-340.67554 -154.4222 2.3514397 0
-340.383 -154.4659 2.3920662 0
-319.31259 -153.66225 2.3555741 0
-340.96384 -153.20993 2.3211021 0
-341.0629 -152.76068 2.3166502 0
-300.68253 -152.59195 2.3432264 0
-341.258 -151.91264 2.3335977 0
-300.0647 -151.99817 2.3438656 0
-285.03601 -151.90247 2.3193498 0
-341.24243 -151.70229 2.311085 0
-341.2601 -151.58717 2.3781166 0
-341.14627 -151.22287 2.3979352 0
-341.07291 -151.22635 2.3672361 0
-341.04285 -151.13237 2.3955681 0
-281.32211 -151.17825 2.376724 0
-281.56506 -151.07849 2.3593609 0
-282.24536 -150.81383 2.3392668 0
-282.46649 -150.79872 2.3926072 0
-338.21136 -201.53906 2.4961841 0
-338.72769 -198.57071 2.4480774 0
-338.78955 -198.30586 2.4973419 0
-345.98578 -194.7337 2.4859831 0
-346.0011 -194.09596 2.4172671 0
-345.92984 -192.27071 2.4891534 0
-346.31732 -188.33873 2.4443448 0
-346.74698 -188.28151 2.4887347 0
-347.83386 -188.1889 2.4510963 0
-344.1586 -187.71074 2.4054804 0
-345.19427 -187.61053 2.464339 0
-345.22473 -187.41302 2.4759092 0
-344.25476 -187.33148 2.4726765 0
-345.4335 -187.21391 2.4486308 0
-344.2453 -186.65942 2.4018471 0
-343.69553 -186.57669 2.4747972 0
-345.01608 -185.40315 2.4747498 0
-344.96204 -185.44145 2.4380262 0
-344.88208 -185.44884 2.4547482 0
-337.45328 -185.01807 2.4396327 0
-337.25342 -184.85143 2.4468594 0
-340.59064 -180.72089 2.4379306 0
-339.66098 -178.09866 2.4849327 0
-339.9877 -175.69724 2.4400997 0
-343.76535 -167.85416 2.4981723 0
-349.68845 -164.64066 2.4686918 0
-349.53342 -164.54012 2.4985447 0
-349.65503 -164.48909 2.4855959 0
-348.81927 -163.61829 2.4870286 0
-348.98938 -163.46417 2.4794455 0
-349.10452 -163.23373 2.4278576 0
-349.05609 -163.22606 2.4153078 0
-348.88629 -163.10732 2.4313745 0
-348.2131 -162.62756 2.4329751 0
-348.37796 -162.47188 2.4727988 0
-348.2424 -162.466 2.4531825 0
-348.19052 -162.42731 2.476263 0
-348.18964 -162.38739 2.4301438 0
-342.69025 -162.16193 2.4867837 0
-271.2916 -162.15927 2.472887 0
-342.37573 -161.95111 2.4796145 0
-344.59235 -161.34961 2.4804537 0
-254.20183 -161.05533 2.4789994 0
-344.77933 -160.81802 2.4209673 0
-343.14404 -160.80865 2.4488697 0
-344.51065 -160.74786 2.4266481 0
-312.01453 -156.80373 2.43644 0
-268.49789 -156.42517 2.4989052 0
-341.30795 -156.38557 2.405884 0
-341.55484 -155.90959 2.4066246 0
-275.21036 -155.81456 2.4850767 0
-276.63361 -155.65294 2.4131095 0
-341.50397 -155.48514 2.4341104 0
-341.47952 -155.41341 2.4291158 0
-341.37149 -155.38916 2.4610062 0
-341.05481 -155.33963 2.4540715 0
-335.07941 -155.38182 2.4776056 0
-341.44464 -155.26198 2.4096458 0
-341.89243 -154.42113 2.4768472 0
-342.27884 -153.51811 2.4503775 0
-341.11118 -152.48073 2.4608715 0
-341.04233 -152.19489 2.4101183 0
-340.93112 -151.76294 2.4976876 0
-341.19104 -151.09698 2.4721167 0
-340.96729 -151.01338 2.4059885 0
-281.50122 -151.00642 2.4612486 0
-313.69855 -150.28154 2.4047732 0
-261.09909 -150.05013 2.4951699 0
-338.10684 -201.49878 2.5021482 0
-345.58875 -194.5231 2.5635822 0
-346.09409 -194.30132 2.5893986 0
-345.99521 -194.10481 2.5007715 0
-345.90347 -194.05734 2.549382 0
-345.98611 -193.6255 2.5865867 0
-345.97467 -193.53087 2.5966115 0
-344.34818 -192.22992 2.54672 0
-347.55759 -189.34923 2.5828826 0
-348.25601 -188.2908 2.5431316 0
-345.80475 -187.71115 2.5221434 0
-345.70871 -187.72461 2.5693927 0
-345.65887 -187.56418 2.5459936 0
-345.18219 -187.44005 2.5420465 0
-345.83499 -187.33812 2.5919843 0
-345.11557 -186.03085 2.5039177 0
-345.05255 -186.05081 2.5568261 0
-339.85056 -185.82367 2.5398009 0
-338.62317 -181.95323 2.5108821 0
-340.79764 -181.02136 2.5548825 0
-337.30307 -179.6022 2.5783205 0
-337.22012 -179.45264 2.5946274 0
-339.36523 -177.81653 2.5536304 0
-340.1441 -175.8871 2.5301139 0
-340.05536 -175.76077 2.5330157 0
-322.686 -172.03221 2.5975037 0
-344.28592 -169.16211 2.5461361 0
-346.30972 -167.27377 2.581017 0
-341.15125 -165.83365 2.5045657 0
-336.96704 -165.5526 2.5260773 0
-349.23154 -163.61594 2.5917258 0
-349.25397 -163.51505 2.5521941 0
-349.15549 -163.42288 2.5549846 0
-349.20099 -163.32436 2.5570092 0
-349.12442 -163.29858 2.5107582 0
-349.10538 -163.05461 2.5153403 0
-348.68549 -162.87021 2.5932202 0
-347.65836 -162.36369 2.5482278 0
-348.08603 -162.21274 2.5711706 0
-348.22171 -162.06381 2.5880499 0
-345.05075 -161.2027 2.5234468 0
-267.15164 -160.44116 2.5025887 0
-343.19247 -159.632 2.5158939 0
-342.8493 -159.65364 2.5979428 0
-348.54593 -158.64656 2.5665314 0
-339.61429 -157.66818 2.5193682 0
-348.77646 -157.56595 2.5036912 0
-340.25076 -156.08313 2.5981693 0
-275.49078 -156.07356 2.5561149 0
-275.21564 -155.66035 2.5784528 0
-264.08667 -153.44431 2.5922334 0
-339.89386 -153.2897 2.5682182 0
-340.97018 -152.65454 2.5637121 0
-333.38126 -151.66518 2.566514 0
-281.45612 -151.08101 2.5506587 0
-282.57516 -150.78223 2.5639462 0
-346.09042 -194.54126 2.6384544 0
-346.12375 -194.49188 2.6437652 0
-346.2012 -194.27138 2.6075118 0
-341.88464 -189.79819 2.6336551 0
-347.40231 -188.12302 2.6277959 0
-344.21228 -187.31982 2.6336918 0
-344.94818 -186.93901 2.6998425 0
-344.99283 -186.68336 2.6220491 0
-340.24503 -186.59322 2.6401331 0
-344.98688 -186.36075 2.6367221 0
-339.83063 -186.22301 2.6620505 0
-345.06802 -186.16798 2.6110222 0
-339.83896 -185.85036 2.6597114 0
-342.19092 -185.62625 2.6562235 0
-342.75 -185.20424 2.6197751 0
-338.46863 -182.2946 2.6234207 0
-338.67386 -182.13695 2.6398292 0
-337.05847 -182.17943 2.6329355 0
-335.32687 -182.16565 2.6680598 0
-340.13434 -181.9437 2.6764762 0
-336.58997 -179.56271 2.6677468 0
-339.70154 -179.02019 2.6939499 0
-339.93964 -178.6239 2.6576245 0
-340.18988 -175.1637 2.6486723 0
-338.35312 -174.3611 2.6128471 0
-334.80704 -173.2453 2.6544936 0
-345.93961 -170.04282 2.6459699 0
-349.21655 -163.49792 2.608182 0
-348.98911 -163.16661 2.6706979 0
-348.7757 -162.96777 2.6230955 0
-347.81747 -162.48462 2.6151738 0
-347.66663 -161.99939 2.6910245 0
-346.5769 -161.63582 2.6858559 0
-345.48709 -161.46687 2.6233718 0
-344.92685 -161.46275 2.6255925 0
-253.24724 -160.70183 2.6332631 0
-343.74084 -160.67047 2.6183517 0
-343.2525 -160.41646 2.6299508 0
-277.70779 -159.57742 2.6631358 0
-253.23766 -159.51033 2.661427 0
-261.22528 -159.47398 2.6916764 0
-252.91714 -159.3858 2.6657934 0
-340.07361 -158.27335 2.6691413 0
-339.74402 -158.07431 2.6260278 0
-268.79523 -157.29016 2.6752627 0
-341.66672 -156.03844 2.692616 0
-340.14102 -154.68413 2.6497469 0
-341.90915 -154.31412 2.6043742 0
-341.87433 -154.30647 2.6525545 0
-341.92938 -153.89888 2.6246033 0
-319.56772 -153.6844 2.632175 0
-341.50497 -153.36652 2.6959457 0
-339.9212 -153.28815 2.673068 0
-341.16644 -153.08398 2.6575992 0
-341.04538 -153.03946 2.6765709 0
-284.72974 -152.79787 2.6196568 0
-340.86215 -152.54691 2.6933422 0
-340.64935 -152.28401 2.6865861 0
-285.13068 -151.84744 2.6550879 0
-281.50537 -151.19756 2.694175 0
-277.43478 -151.19733 2.6097753 0
-281.61615 -151.09546 2.6078339 0
-338.37219 -150.63541 2.603353 0
-282.76773 -150.66959 2.6824586 0
-338.41949 -150.15681 2.6107042 0
-338.89932 -150.03093 2.6740716 0
-345.51184 -194.05803 2.7447093 0
-345.48621 -193.98077 2.7241824 0
-345.28961 -193.59138 2.7780821 0
-345.99469 -193.42213 2.7870018 0
-345.62869 -193.48486 2.7746737 0
-333.84329 -193.39972 2.7624092 0
-346.22354 -193.22906 2.7983701 0
-346.45923 -193.10799 2.7891464 0
-336.02139 -188.34892 2.7943408 0
-347.27521 -188.08969 2.7747145 0
-344.74805 -186.81082 2.73123 0
-343.8912 -186.72314 2.7435513 0
-340.32001 -186.42169 2.705739 0
-340.36481 -186.35548 2.7437932 0
-340.20303 -186.38669 2.7298422 0
-339.77438 -186.33223 2.7285733 0
-340.30304 -186.29245 2.7484541 0
-339.77057 -186.21811 2.7629092 0
-344.72903 -185.99805 2.7663808 0
-342.63623 -185.83102 2.7686901 0
-344.71146 -185.75967 2.7799263 0
-339.48004 -185.52409 2.7505872 0
-342.37979 -185.44525 2.7502201 0
-340.2514 -182.61183 2.7580101 0
-339.8952 -178.88728 2.7460439 0
-339.78433 -178.51234 2.721041 0
-339.43707 -178.07628 2.7525649 0
-342.08832 -174.76857 2.7327628 0
-342.05325 -174.62656 2.7613115 0
-342.1377 -174.29869 2.7174439 0
-338.96024 -173.8064 2.720999 0
-346.63983 -166.25308 2.7219262 0
-340.43845 -164.18001 2.7442951 0
-349.21277 -163.07648 2.7756248 0
-349.33856 -162.95757 2.780601 0
-349.11719 -162.90924 2.7527263 0
-349.04129 -162.97072 2.7570584 0
-344.55493 -162.28578 2.7498565 0
-342.47598 -162.13525 2.706208 0
-342.33987 -162.11472 2.7081614 0
-347.09164 -162.01842 2.7312074 0
-346.59598 -161.685 2.7670622 0
-344.65378 -161.45259 2.7537916 0
-342.59128 -161.1891 2.7865839 0
-254.18663 -160.84372 2.7907417 0
-338.91312 -160.72893 2.710896 0
-340.75977 -158.94923 2.7987976 0
-348.81354 -157.52377 2.7329919 0
-349.9418 -157.11668 2.7360904 0
-341.01151 -157.17107 2.7442145 0
-348.52264 -156.78503 2.7008994 0
-341.63589 -154.29494 2.7367744 0
-340.32303 -153.96854 2.7623067 0
-341.02158 -153.35779 2.7630656 0
-340.7735 -153.20586 2.7111187 0
-340.80511 -153.03818 2.7974374 0
-339.84406 -153.08249 2.7707989 0
-284.83286 -152.88135 2.7530539 0
-332.41003 -152.64832 2.708174 0
-269.65585 -152.11475 2.7625473 0
-269.74579 -152.09172 2.7435305 0
-285.1178 -151.81853 2.716727 0
-281.26147 -151.23552 2.7854991 0
-261.61255 -150.41298 2.7397127 0
-287.82904 -150.2039 2.722693 0
-336.21375 -200.81039 2.8208818 0
-343.64825 -194.71889 2.8216798 0
-345.87408 -192.91893 2.8930798 0
-344.53278 -192.64003 2.8684776 0
-344.48685 -192.58076 2.8606348 0
-344.43088 -192.43451 2.8350382 0
-346.42859 -191.6669 2.8512373 0
-345.82657 -191.45105 2.8580558 0
-347.17252 -189.17331 2.8756075 0
-347.44495 -188.27673 2.8868155 0
-347.2749 -187.84676 2.8421125 0
-344.05814 -187.09564 2.8324645 0
-343.83795 -186.80885 2.8309762 0
-344.62256 -185.85858 2.8334177 0
-344.41248 -185.67149 2.8782156 0
-339.89355 -181.79929 2.8045549 0
-341.88885 -175.71846 2.8808296 0
-340.02292 -175.74464 2.8592291 0
-339.95374 -175.67865 2.81003 0
-341.97952 -174.52612 2.80165 0
-348.47354 -171.57381 2.8669879 0
-349.90222 -171.13951 2.8548934 0
-335.57239 -168.98967 2.8897455 0
-348.88428 -163.34818 2.8540902 0
-349.13004 -163.20917 2.8126886 0
-349.03482 -163.15665 2.810504 0
-349.40097 -162.83983 2.8441267 0
-349.27133 -162.81146 2.8368702 0
-342.47559 -162.18799 2.8859701 0
-342.39783 -162.11812 2.8111548 0
-342.53241 -161.38783 2.8156514 0
-277.75732 -159.62849 2.8135562 0
-268.14209 -157.44388 2.8892171 0
-267.74646 -157.45381 2.8462236 0
-340.76208 -157.08337 2.8773246 0
-349.06387 -156.12271 2.845499 0
-348.45551 -155.88429 2.8615839 0
-340.22818 -154.74063 2.8951354 0
-341.64398 -154.3447 2.8099568 0
-341.35181 -154.15134 2.8660274 0
-341.58267 -154.01709 2.8035841 0
-341.25989 -153.82898 2.8879819 0
-341.03448 -153.83389 2.8628626 0
-341.64172 -153.69208 2.880929 0
-340.20367 -153.31216 2.8103445 0
-264.14352 -153.36787 2.8767717 0
-338.43228 -153.17151 2.8644526 0
-264.05191 -153.19681 2.8987515 0
-300.68854 -152.6911 2.8595307 0
-319.25668 -152.31244 2.8890646 0
-319.37207 -152.18211 2.8732312 0
-336.32272 -152.06258 2.8258719 0
-340.48895 -151.96805 2.8867273 0
-285.14285 -151.79678 2.810184 0
-277.55127 -151.36168 2.8244579 0
-281.47461 -151.08594 2.8340092 0
-282.78183 -150.62842 2.8080795 0
-343.99707 -194.11444 2.921026 0
-343.83719 -193.89888 2.9151888 0
-346.54688 -192.93973 2.9011555 0
-345.67102 -192.99873 2.9012241 0
-345.80966 -192.87762 2.9725511 0
-346.16315 -192.38814 2.9051602 0
-345.81531 -192.09142 2.936655 0
-345.72458 -191.91635 2.927958 0
-345.76877 -191.09143 2.9010737 0
-344.03311 -188.51257 2.9520109 0
-344.02661 -187.15207 2.9339724 0
-344.54965 -186.9534 2.9144287 0
-344.64801 -186.7139 2.9383383 0
-343.026 -186.29082 2.918272 0
-344.78162 -186.11638 2.9039645 0
-344.34924 -185.56834 2.9649048 0
-335.62036 -181.91275 2.9653313 0
-341.78098 -175.9946 2.9764342 0
-337.57889 -174.845 2.9027672 0
-349.97458 -170.72672 2.9511187 0
-348.69781 -163.2756 2.9377627 0
-347.27808 -161.88486 2.960839 0
-338.83899 -161.006 2.9790885 0
-278.94922 -159.60291 2.978934 0
-279.1701 -159.5672 2.978585 0
-276.12485 -159.50209 2.9186041 0
-267.79645 -158.63809 2.9186094 0
-265.76227 -158.21703 2.9136736 0
-256.70499 -157.98071 2.9928818 0
-349.78683 -157.6246 2.9789288 0
-339.67801 -157.64777 2.9748542 0
-339.46579 -157.30544 2.9181306 0
-348.69653 -156.79314 2.9950783 0
-276.28693 -156.27107 2.912312 0
-348.4939 -155.89467 2.9273167 0
-340.7699 -154.95673 2.9793298 0
-341.31625 -154.76172 2.9144878 0
-340.22095 -154.66208 2.9359834 0
-341.52396 -154.39993 2.978271 0
-264.24988 -153.61188 2.9595454 0
-264.07709 -153.19719 2.964061 0
-331.09952 -152.63043 2.9515498 0
-340.63217 -152.48586 2.9848716 0
-340.5564 -152.03406 2.9429884 0
-340.45801 -152.08954 2.9966938 0
-340.56564 -151.96333 2.9171753 0
-285.30826 -151.73755 2.901099 0
-339.97949 -151.19598 2.9293303 0
-281.54648 -151.1169 2.9820259 0
-281.54086 -151.09798 2.9731081 0
-276.34042 -150.85933 2.9713583 0
-283.06577 -150.647 2.9926107 0
-282.94437 -150.67804 2.9485402 0
-282.8252 -150.64523 2.9482851 0
-336.23843 -200.8582 3.0566289 0
-336.08905 -200.37022 3.0455883 0
-345.71466 -192.72081 3.0238822 0
-346.64767 -192.56195 3.0538607 0
-346.70938 -192.41872 3.0112278 0
-344.32584 -192.1498 3.0667408 0
-345.50107 -191.93198 3.0445211 0
-347.43817 -188.20039 3.0802543 0
-347.42944 -188.13611 3.0144966 0
-344.53867 -186.43234 3.0714195 0
-340.92133 -175.34506 3.097296 0
-341.02139 -175.18684 3.0957637 0
-340.30798 -172.96718 3.0624566 0
-340.09741 -172.64912 3.0767751 0
-349.98151 -170.99168 3.0557237 0
-345.77249 -166.03638 3.0057909 0
-348.86386 -163.00919 3.079946 0
-348.95941 -162.83438 3.0132568 0
-349.05634 -162.76555 3.0527308 0
-346.68256 -162.54692 3.0478189 0
-347.53717 -162.23085 3.0605319 0
-342.40997 -162.17009 3.0168967 0
-279.23993 -159.48479 3.0499613 0
-276.03238 -158.70471 3.0430989 0
-340.75201 -157.01709 3.0612686 0
-348.66965 -156.80495 3.0437069 0
-267.45285 -156.69174 3.0168357 0
-348.43649 -156.23265 3.0310743 0
-341.08475 -154.83846 3.0782185 0
-341.75211 -154.47032 3.0899765 0
-341.67575 -154.28955 3.0757523 0
-338.34213 -153.62971 3.0396698 0
-264.16898 -153.55504 3.0027609 0
-339.80502 -153.21677 3.0583165 0
-340.63409 -152.83797 3.0600665 0
-340.41812 -152.3024 3.0798349 0
-340.38123 -152.0141 3.0684147 0
-299.81946 -151.97803 3.07971 0
-299.97275 -151.87798 3.0775862 0
-281.32846 -151.17874 3.0085995 0
-261.61356 -150.37202 3.010469 0
-336.01724 -200.74231 3.1156292 0
-339.2782 -196.7068 3.1619594 0
-345.35764 -192.12651 3.113549 0
-345.3985 -191.94757 3.1581206 0
-341.7919 -189.84512 3.1785021 0
-347.39102 -188.55856 3.157346 0
-345.48483 -188.468 3.1133289 0
-343.90103 -188.22766 3.1620975 0
-345.0542 -188.04936 3.1566315 0
-345.3801 -187.6104 3.1275492 0
-343.27899 -185.48369 3.1592889 0
-339.56564 -184.80428 3.1149099 0
-339.09219 -184.82034 3.1987081 0
-338.548 -182.04544 3.1831157 0
-341.09103 -175.46233 3.1507442 0
-341.1283 -175.37306 3.1087673 0
-341.0434 -175.33328 3.1317637 0
-342.05673 -173.67911 3.1325903 0
-341.98038 -173.59932 3.1378815 0
-322.73758 -172.73405 3.1068151 0
-346.85907 -171.26657 3.102463 0
-346.74438 -171.16783 3.1845467 0
-349.24722 -164.2706 3.1518216 0
-337.72202 -163.36395 3.1761763 0
-348.67804 -162.85374 3.1235244 0
-348.66214 -162.78264 3.1199646 0
-273.97641 -161.53156 3.1171565 0
-346.2605 -161.40219 3.1993442 0
-338.63171 -161.25784 3.1509924 0
-263.17978 -160.22685 3.1358953 0
-279.60837 -160.00385 3.1190076 0
-252.832 -159.17107 3.1300201 0
-252.76083 -159.18198 3.1582463 0
-331.46466 -158.47 3.1782296 0
-330.93094 -158.49544 3.1822 0
-331.85873 -158.3105 3.1407025 0
-267.76047 -158.15587 3.1854842 0
-348.42004 -156.8271 3.1416996 0
-265.13959 -156.77795 3.1575711 0
-336.48361 -154.974 3.1377604 0
-260.9859 -154.85504 3.1948264 0
-341.76752 -154.72966 3.1259146 0
-341.0683 -154.29372 3.1642787 0
-338.18564 -153.5955 3.1893749 0
-263.97189 -153.57814 3.1510968 0
-339.86945 -153.14113 3.1808636 0
-338.09235 -153.03928 3.149065 0
-284.87094 -153.04156 3.1125746 0
-300.71323 -152.81349 3.1848218 0
-340.33234 -152.2637 3.1727922 0
-340.36456 -152.00676 3.1115897 0
-299.96506 -151.99922 3.1318414 0
-269.5582 -151.96841 3.1051438 0
-261.52353 -150.28291 3.1244903 0
-336.29559 -200.74678 3.2464395 0
-339.46173 -196.44298 3.2716422 0
-346.00003 -191.95091 3.2820601 0
-344.07401 -189.26436 3.2795556 0
-347.67233 -188.81801 3.2377932 0
-347.49814 -188.8674 3.2872336 0
-347.32791 -188.78264 3.2481878 0
-347.33914 -188.68999 3.2654455 0
-341.11658 -175.67656 3.206404 0
-341.00293 -175.56723 3.2191281 0
-342.08667 -173.92221 3.2203758 0
-342.11404 -173.77298 3.2712736 0
-342.04266 -173.35477 3.2279854 0
-341.88803 -173.35423 3.2215478 0
-341.97314 -173.28127 3.2351129 0
-341.96564 -173.09349 3.2511818 0
-320.6264 -170.79167 3.2964323 0
-349.29468 -167.34259 3.2666185 0
-346.07422 -166.09966 3.2735538 0
-341.63211 -165.46468 3.2707696 0
-343.38788 -164.21049 3.2133613 0
-348.04318 -162.83998 3.2913129 0
-348.7485 -162.73465 3.2922885 0
-267.03992 -160.56487 3.2834821 0
-268.47479 -159.83311 3.2436099 0
-342.97208 -159.65327 3.2048426 0
-252.71509 -159.21019 3.262419 0
-270.52325 -159.17715 3.2117217 0
-267.90863 -157.10242 3.2293959 0
-341.06906 -155.08353 3.2185001 0
-341.32169 -154.67265 3.2455206 0
-340.68411 -154.41075 3.2199535 0
-341.16364 -154.35033 3.2724569 0
-340.8577 -154.34071 3.2411263 0
-264.14792 -153.54588 3.2236798 0
-289.9183 -153.46893 3.2768164 0
-285.00543 -153.18024 3.293586 0
-284.96307 -153.15286 3.2934713 0
-340.31656 -152.85855 3.2796011 0
-340.2876 -152.7084 3.244719 0
-298.19632 -152.35406 3.2429528 0
-338.73105 -151.83907 3.2228117 0
-300.02957 -151.83694 3.2185421 0
-338.42346 -151.69188 3.2901077 0
-338.35983 -151.32889 3.2918916 0
-281.32935 -151.12984 3.2416251 0
-339.22021 -150.41425 3.2758749 0
-339.23621 -150.32864 3.2554126 0
-336.86237 -203.57283 3.3221991 0
-339.17645 -196.98407 3.3716867 0
-345.78598 -192.32855 3.3880684 0
-326.97293 -191.50688 3.3164196 0
-346.14456 -191.48689 3.3931322 0
-347.50613 -188.81012 3.3435423 0
-347.55472 -188.62769 3.309747 0
-347.49915 -188.63 3.3793688 0
-347.44879 -188.46927 3.3485518 0
-338.8624 -187.52362 3.3348372 0
-344.05026 -187.16183 3.3051624 0
-344.77332 -186.80647 3.3387859 0
-344.702 -186.75284 3.3556144 0
-338.48431 -186.32143 3.3586111 0
-339.84854 -184.66794 3.3740618 0
-340.60919 -176.8909 3.3857567 0
-340.57626 -174.94113 3.3667467 0
-341.5834 -174.38763 3.3920763 0
-341.9411 -173.9785 3.3274348 0
-349.89035 -168.73001 3.3466213 0
-349.99271 -168.65314 3.3569319 0
-345.03247 -167.52481 3.38114 0
-348.68848 -162.70926 3.3019192 0
-348.84595 -162.65408 3.3572001 0
-339.24399 -160.95518 3.3376586 0
-253.0078 -160.72263 3.3818569 0
-342.9082 -159.50987 3.3863871 0
-339.50424 -157.59413 3.3371789 0
-255.69562 -157.49594 3.3319123 0
-267.84845 -157.04846 3.3076539 0
-264.25763 -153.51393 3.3811224 0
-285.07895 -153.25885 3.3712394 0
-340.50677 -153.04329 3.3930423 0
-340.38049 -152.92494 3.3338349 0
-340.39078 -152.87744 3.3399312 0
-269.50897 -151.92632 3.3561156 0
-338.44681 -151.70724 3.3249707 0
-314.52301 -151.69894 3.3699591 0
-281.21881 -151.11172 3.3932884 0
-283.37411 -150.48332 3.3080285 0
-340.40421 -150.00494 3.3084388 0
-288.34409 -150.08385 3.3794885 0
-343.20682 -194.1443 3.4829609 0
-346.25146 -192.0451 3.4752266 0
-345.4808 -192.07069 3.4539304 0
-345.5687 -191.99718 3.4725251 0
-346.19873 -191.86531 3.4193947 0
-346.15997 -191.77559 3.4246573 0
-345.57635 -191.51921 3.4421887 0
-346.02353 -191.48746 3.4206722 0
-345.90939 -191.05481 3.4225707 0
-338.9017 -187.78479 3.4366248 0
-344.2002 -187.26558 3.4214277 0
-339.43274 -178.91919 3.472965 0
-339.71771 -178.67776 3.4551086 0
-339.69739 -178.61455 3.4126899 0
-339.54501 -178.41206 3.4426157 0
-340.0325 -177.2912 3.4667156 0
-340.3114 -176.7823 3.4696317 0
-340.84546 -175.50951 3.455308 0
-340.73361 -175.37079 3.4100614 0
-341.69415 -174.08003 3.4238889 0
-340.65341 -173.85771 3.4780433 0
-341.93866 -173.06595 3.4259791 0
-339.69867 -170.63649 3.4684322 0
-349.75281 -169.36787 3.4117022 0
-349.93423 -168.76059 3.4759967 0
-348.78223 -164.34831 3.4415255 0
-346.26892 -163.5649 3.4498358 0
-348.76831 -163.15173 3.4916224 0
-346.73816 -162.41656 3.401531 0
-346.72421 -162.03468 3.4120815 0
-339.27573 -160.93842 3.4004157 0
-275.97244 -159.68703 3.4647276 0
-279.15228 -159.42618 3.4288645 0
-260.96704 -159.05229 3.4393826 0
-260.84985 -158.96832 3.4597111 0
-269.77332 -158.84196 3.4453135 0
-339.74078 -157.79892 3.4502392 0
-264.21402 -157.60464 3.4124098 0
-341.02884 -154.48471 3.487474 0
-340.64478 -154.04912 3.4722397 0
-340.22 -153.41345 3.4439397 0
-290.23007 -152.83554 3.4719775 0
-263.79996 -152.83022 3.4348686 0
-337.27847 -152.54332 3.4043596 0
-269.50092 -151.91449 3.4291255 0
-285.56519 -151.66209 3.421056 0
-281.38885 -151.10374 3.4481862 0
-339.40543 -151.04634 3.4855139 0
-339.31406 -151.09862 3.4429078 0
-283.56705 -150.45865 3.4508717 0
-339.19757 -150.17096 3.4800124 0
-345.9061 -189.09645 3.5378206 0
-345.84244 -188.77911 3.5067341 0
-345.38962 -187.91042 3.596417 0
-339.34653 -179.96675 3.5028143 0
-340.79779 -175.42653 3.5377076 0
-340.76938 -175.29266 3.53528 0
-342.34933 -174.58141 3.5739098 0
-341.17538 -174.08844 3.5776322 0
-341.9061 -172.96988 3.5061088 0
-347.74814 -170.79083 3.5126436 0
-349.94705 -170.51611 3.5174119 0
-339.62897 -170.42845 3.5265298 0
-347.0119 -169.52036 3.5283868 0
-349.94818 -168.67061 3.5040989 0
-349.82458 -168.63277 3.5614014 0
-349.84381 -168.60001 3.5542898 0
-346.34302 -167.30081 3.5735652 0
-348.99277 -164.6926 3.5093939 0
-348.95343 -164.09935 3.5361667 0
-347.24847 -163.89116 3.5840402 0
-347.98413 -162.47083 3.5082614 0
-343.11578 -161.09744 3.5650547 0
-343.0834 -160.93787 3.5259736 0
-251.81799 -158.7571 3.585161 0
-271.14081 -158.28825 3.5195165 0
-267.79889 -157.90729 3.5450141 0
-268.75381 -157.26453 3.514303 0
-340.32388 -154.57465 3.5248861 0
-264.70432 -153.18965 3.5866623 0
-340.20044 -152.9935 3.5541906 0
-263.80472 -152.79521 3.5654354 0
-337.61066 -152.61353 3.5387642 0
-263.7608 -152.67967 3.5887113 0
-263.69199 -152.69122 3.5815144 0
-340.20322 -152.46089 3.5449994 0
-337.53812 -152.46515 3.5310531 0
-285.61752 -151.66513 3.5458312 0
-281.33609 -151.20322 3.5237756 0
-339.77634 -150.54231 3.5374169 0
-339.85272 -150.49806 3.587672 0
-339.72775 -150.48178 3.5037637 0
-261.56992 -150.18271 3.549859 0
-343.62308 -193.61604 3.6272626 0
-346.29276 -193.19174 3.6968534 0
-344.68799 -188.24727 3.6906977 0
-345.47214 -187.84972 3.6299572 0
-345.30887 -187.86082 3.6335692 0
-339.62067 -186.29999 3.6063361 0
-344.42709 -185.95558 3.698107 0
-338.63635 -182.03603 3.6792471 0
-338.76276 -181.9297 3.6026373 0
-338.51608 -181.99751 3.6527536 0
-339.33029 -179.36055 3.6874511 0
-289.02133 -179.39893 3.6328864 0
-340.51257 -175.22336 3.6136515 0
-341.22382 -175.13432 3.6062422 0
-341.25504 -175.07816 3.6919267 0
-341.20514 -174.84222 3.6255691 0
-342.59286 -174.72929 3.6585512 0
-342.19058 -174.79305 3.6728253 0
-347.09009 -169.57646 3.6141059 0
-266.57278 -168.6122 3.6600437 0
-266.49713 -168.52393 3.654165 0
-278.88419 -165.3647 3.645498 0
-349.14783 -164.26068 3.6780205 0
-349.02658 -164.14514 3.6728313 0
-349.12781 -164.03127 3.6829362 0
-348.64828 -163.90698 3.6037145 0
-348.84656 -163.35808 3.6531494 0
-348.92139 -163.26654 3.686867 0
-348.92419 -163.12531 3.673419 0
-342.49118 -162.1884 3.6456525 0
-342.82608 -161.16281 3.6629999 0
-343.09177 -160.93613 3.6259317 0
-343.64337 -160.62151 3.6155975 0
-275.96347 -159.90636 3.6548564 0
-276.03723 -159.80365 3.6342168 0
-262.35046 -154.86507 3.6823635 0
-340.85501 -154.59535 3.6442454 0
-264.16721 -153.57825 3.6881387 0
-264.04132 -153.50438 3.6618283 0
-285.24023 -153.43147 3.6918352 0
-264.67419 -153.22194 3.6122384 0
-340.09058 -153.18425 3.6237402 0
-289.31021 -152.89989 3.6032963 0
-340.07358 -152.38257 3.6704819 0
-340.11008 -152.29121 3.6571424 0
-297.96609 -151.90688 3.6456506 0
-285.46405 -151.68718 3.6333745 0
-281.12091 -151.10677 3.6697297 0
-339.94446 -150.85223 3.6947062 0
-340.02792 -150.75404 3.6482 0
-339.97 -150.70454 3.6828377 0
-339.94781 -150.68724 3.6071727 0
-339.50928 -150.35492 3.6503766 0
-341.67279 -190.18056 3.7610776 0
-341.68259 -189.85364 3.716974 0
-344.76752 -188.48029 3.7652292 0
-344.70584 -188.3338 3.7233334 0
-344.77588 -188.13776 3.789288 0
-345.67432 -187.8508 3.7320173 0
-343.86731 -187.895 3.766335 0
-344.4939 -187.77902 3.7810786 0
-343.88538 -187.77643 3.7148237 0
-345.15024 -187.62508 3.7185395 0
-344.36703 -187.6869 3.7816048 0
-343.94257 -187.07112 3.7817609 0
-343.4617 -186.40811 3.7244627 0
-343.46747 -186.34 3.7050447 0
-344.35373 -185.91357 3.7960167 0
-344.60037 -185.81183 3.797796 0
-339.91287 -184.49554 3.7735214 0
-338.42099 -182.43129 3.753866 0
-339.57037 -178.91615 3.7847748 0
-339.57779 -178.48839 3.7817013 0
-340.46329 -176.07434 3.7129939 0
-342.07361 -175.73837 3.7949104 0
-341.01108 -175.50432 3.7653317 0
-340.92194 -174.94182 3.7644894 0
-340.27466 -172.69551 3.778105 0
-346.80603 -171.29993 3.759872 0
-349.91006 -170.64737 3.7405529 0
-347.60748 -165.89851 3.751282 0
-349.22546 -164.43326 3.7767181 0
-349.16403 -164.32881 3.7838604 0
-349.20609 -164.26585 3.7838702 0
-348.63327 -163.7621 3.7488146 0
-348.69031 -163.64175 3.7385585 0
-349.00931 -163.41928 3.7365606 0
-348.50269 -163.42459 3.742414 0
-348.95547 -163.38058 3.7356648 0
-349.0759 -163.20947 3.7587383 0
-348.86456 -163.15273 3.7368309 0
-348.67804 -163.11781 3.7579682 0
-255.19016 -162.94691 3.7751553 0
-343.08331 -162.40881 3.7766428 0
-344.74976 -160.73077 3.7744417 0
-277.98651 -159.64226 3.7793243 0
-269.82507 -158.94308 3.717272 0
-268.62198 -157.22475 3.7618833 0
-275.38312 -155.04993 3.796818 0
-340.83063 -154.09288 3.7210271 0
-285.20944 -153.39151 3.7196114 0
-265.06726 -153.05116 3.7338681 0
-340.04715 -152.26337 3.7655621 0
-339.81091 -152.10797 3.7495611 0
-339.94907 -152.07246 3.7392511 0
-339.40302 -151.21974 3.7181928 0
-281.05057 -151.11778 3.7062538 0
-339.43011 -150.94792 3.7303526 0
-339.45938 -150.87306 3.7097588 0
-339.53882 -150.58435 3.7214048 0
-283.7482 -150.39583 3.7560089 0
-261.47043 -150.14058 3.7134979 0
-261.55151 -150.06184 3.7964318 0
-345.77197 -193.91048 3.8407207 0
-343.77927 -186.95784 3.8217652 0
-344.61255 -186.04623 3.8290458 0
-344.55692 -185.97505 3.8291898 0
-344.32367 -185.93048 3.8651028 0
-344.5639 -185.71539 3.8948905 0
-344.53146 -185.63156 3.8876398 0
-344.26306 -185.69162 3.8781381 0
-344.54279 -185.56195 3.8814082 0
-339.87338 -184.61406 3.8033996 0
-339.68536 -179.00012 3.8532681 0
-339.32803 -179.07161 3.8945923 0
-339.61575 -178.95695 3.8659856 0
-339.42157 -178.99503 3.8504963 0
-329.37479 -178.41248 3.8448026 0
-341.03094 -175.32498 3.8079531 0
-338.65082 -174.13618 3.8534584 0
-339.94574 -172.09468 3.8873265 0
-348.95142 -164.84242 3.8362274 0
-348.52563 -163.68271 3.8236251 0
-348.76511 -163.51668 3.8259332 0
-255.01961 -161.82846 3.828932 0
-267.07626 -160.52917 3.8179362 0
-344.6644 -160.2198 3.841414 0
-275.84552 -159.84442 3.8805575 0
-275.89465 -158.78929 3.8253505 0
-266.82382 -157.44933 3.8480625 0
-341.39954 -156.49019 3.8690312 0
-348.56424 -155.81502 3.8345449 0
-275.96744 -155.15547 3.8388443 0
-340.51767 -154.1067 3.8834672 0
-339.95874 -153.35883 3.8912256 0
-285.09415 -153.2382 3.8239343 0
-331.27533 -152.18475 3.8922358 0
-339.56519 -151.36678 3.8086636 0
-281.37589 -151.16702 3.8166647 0
-281.00781 -151.18829 3.8583987 0
-339.62253 -151.09341 3.8904679 0
-281.13254 -151.07332 3.8884878 0
-339.8801 -150.86307 3.8007762 0
-283.75775 -150.35777 3.8415184 0
-339.54547 -150.29556 3.8580387 0
-345.62534 -194.21062 3.9823372 0
-345.8035 -193.96548 3.9938788 0
-346.34283 -193.72313 3.9391704 0
-346.47031 -193.6223 3.9214821 0
-346.30646 -193.31895 3.9321399 0
-345.69629 -191.75218 3.9629395 0
-344.98224 -187.19121 3.9186008 0
-343.8331 -186.93759 3.9482536 0
-341.97937 -186.30385 3.9635289 0
-339.34723 -186.2597 3.9631004 0
-343.36566 -185.40445 3.9438255 0
-338.9881 -184.81781 3.9898894 0
-341.3808 -176.00642 3.9088964 0
-339.71497 -173.97935 3.9034059 0
-339.59485 -172.64008 3.9080734 0
-340.89618 -171.55588 3.9116254 0
-349.54236 -171.21556 3.9620793 0
-349.90976 -170.80336 3.9247394 0
-349.02856 -162.97327 3.9799654 0
-347.56027 -162.87457 3.9893444 0
-347.40015 -162.39313 3.9928458 0
-266.39929 -159.25696 3.935288 0
-266.11035 -158.72923 3.941186 0
-257.06787 -158.24512 3.944098 0
-339.24887 -157.56262 3.9158113 0
-339.41296 -156.45383 3.9699421 0
-276.39764 -155.92824 3.9540176 0
-340.62283 -154.78587 3.9632854 0
-340.36148 -154.26242 3.9886923 0
-340.51346 -154.1972 3.9721169 0
-260.46048 -153.939 3.9721773 0
-339.49088 -152.99896 3.9741201 0
-339.37921 -152.60463 3.9716249 0
-285.74225 -151.50093 3.9374576 0
-281.45309 -151.24982 3.9012065 0
-281.34259 -151.20795 3.9031024 0
-261.25009 -150.18977 3.9729037 0
-345.68051 -194.38789 4.0304909 0
-344.44476 -194.39622 4.0987573 0
-346.70355 -193.55031 4.0844173 0
-346.67065 -193.53397 4.0458965 0
-346.5899 -193.49754 4.0832396 0
-345.82346 -191.61584 4.0254226 0
-344.63757 -186.64876 4.0676069 0
-343.93954 -186.68326 4.037281 0
-343.95496 -186.54965 4.0705385 0
-343.76544 -186.25075 4.0681982 0
-343.37097 -185.55757 4.0804777 0
-343.27682 -185.44008 4.0653882 0
-339.1489 -172.52209 4.0425062 0
-339.15793 -172.40105 4.0818138 0
-349.57822 -171.20076 4.0040312 0
-348.1698 -166.19774 4.0619025 0
-348.45981 -164.28955 4.0491323 0
-343.81509 -162.44888 4.0386577 0
-347.45468 -162.31128 4.0943394 0
-330.33664 -162.27142 4.0352468 0
-338.96149 -161.00026 4.0051279 0
-275.74466 -158.62802 4.0181575 0
-275.64688 -158.6181 4.0311384 0
-339.47446 -156.33296 4.0018339 0
-340.82739 -154.77391 4.0740223 0
-340.42084 -154.16739 4.0938387 0
-340.26437 -154.1404 4.0193987 0
-263.72803 -153.33699 4.0387883 0
-336.85257 -152.72867 4.0615482 0
-339.99551 -152.67407 4.0473318 0
-339.69577 -152.43457 4.0452604 0
-280.98889 -151.12915 4.0470195 0
-283.2774 -150.38948 4.0845108 0
-313.89038 -150.21126 4.0465503 0
-337.53326 -198.98969 4.1683359 0
-336.05701 -198.79227 4.1027837 0
-344.42868 -194.49654 4.1140356 0
-344.62009 -194.26367 4.1443267 0
-346.76129 -193.87402 4.1712108 0
-346.76392 -193.64786 4.1621485 0
-345.608 -191.37982 4.1385827 0
-344.89462 -187.03038 4.1462526 0
-345.21707 -186.92656 4.1593719 0
-344.6506 -186.93111 4.1779432 0
-344.12668 -186.56445 4.1767497 0
-343.74307 -186.46127 4.1290674 0
-343.18045 -185.41258 4.1041722 0
-343.43076 -185.11517 4.1342311 0
-343.41635 -185.04306 4.1220622 0
-339.35687 -185.09418 4.1041393 0
-339.34503 -184.89731 4.107707 0
-342.14966 -176.13593 4.1882625 0
-339.44803 -175.29102 4.11656 0
-340.57748 -171.11472 4.1364193 0
-281.85632 -169.03058 4.1447172 0
-348.17941 -166.32281 4.1013527 0
-348.48029 -164.68173 4.1899085 0
-347.27621 -163.84311 4.1718516 0
-348.84872 -163.489 4.1096826 0
-347.4798 -162.32259 4.1960144 0
-342.57422 -162.15181 4.1033235 0
-253.65259 -160.52899 4.1788239 0
-277.16342 -160.25475 4.1267905 0
-339.4845 -157.69757 4.1674695 0
-274.95825 -157.00562 4.1965313 0
-348.65573 -156.17958 4.1347466 0
-349.34946 -155.98915 4.1792359 0
-276.02557 -155.64227 4.1625042 0
-340.80624 -154.67451 4.1478915 0
-340.76093 -154.62465 4.1322079 0
-340.71017 -154.56833 4.1042953 0
-340.68802 -154.49654 4.1074677 0
-340.6192 -154.37498 4.1714773 0
-340.36536 -154.21068 4.1128006 0
-340.25433 -154.13591 4.1845417 0
-318.87015 -152.39238 4.1351056 0
-299.97601 -151.8466 4.1376729 0
-286.19208 -151.83595 4.1311555 0
-281.44498 -151.22026 4.1183567 0
-284.1535 -150.22906 4.1354194 0
-337.44904 -202.82291 4.2002983 0
-344.62527 -186.93539 4.2184095 0
-345.25848 -186.79358 4.2939787 0
-344.39615 -186.79576 4.2229786 0
-344.03848 -186.51549 4.2182636 0
-343.98087 -186.39993 4.2616143 0
-339.44687 -184.97287 4.2607961 0
-339.40948 -184.7836 4.2255616 0
-342.00525 -176.02477 4.2468553 0
-342.12305 -175.81931 4.2623072 0
-342.25555 -175.74409 4.218575 0
-348.14023 -166.07512 4.284565 0
-348.90057 -163.56865 4.2682538 0
-348.8754 -163.41679 4.2453871 0
-344.22104 -163.27676 4.2909083 0
-342.91104 -162.85332 4.2242413 0
-256.07492 -162.80855 4.2416353 0
-342.62708 -162.08658 4.256711 0
-266.94708 -160.47061 4.2116284 0
-275.78149 -158.71205 4.2564363 0
-339.55692 -157.57666 4.2766147 0
-265.24341 -156.85068 4.230763 0
-285.05936 -153.21861 4.2056708 0
-340.03955 -153.17505 4.2895613 0
-340.21423 -152.76505 4.2168903 0
-263.56616 -152.2876 4.2439756 0
-281.56757 -151.2448 4.2189674 0
-281.42511 -151.21043 4.2038555 0
-280.8804 -151.03877 4.2144589 0
-280.94672 -150.96248 4.2846632 0
-284.48535 -150.16338 4.2988567 0
-284.3548 -150.17438 4.2952547 0
-343.64014 -193.90265 4.3619385 0
-346.53879 -193.00513 4.3308249 0
-346.43411 -192.92197 4.3199229 0
-345.84723 -191.42387 4.3074102 0
-345.84796 -191.36415 4.3138852 0
-345.80853 -191.11156 4.36167 0
-338.51834 -181.89859 4.3156495 0
-340.66968 -176.70442 4.3716984 0
-339.6026 -176.57491 4.3901339 0
-342.59555 -175.50558 4.3882842 0
-342.39948 -174.73041 4.3627977 0
-347.974 -165.94077 4.3356071 0
-344.82535 -164.28293 4.3152437 0
-339.08005 -161.27657 4.3349118 0
-277.97131 -159.53084 4.3253293 0
-279.25458 -159.36182 4.3817649 0
-339.54828 -157.57956 4.3863878 0
-275.0163 -157.38109 4.347981 0
-340.26752 -153.36845 4.3892817 0
-338.63135 -152.74387 4.3084226 0
-287.97659 -152.45857 4.3795137 0
-286.49857 -151.99083 4.3493614 0
-284.36136 -150.19518 4.3308268 0
-284.59012 -150.02013 4.378881 0
-337.59122 -199.96942 4.4323325 0
-343.31354 -194.01904 4.4937396 0
-346.12115 -193.35725 4.4595265 0
-346.64658 -192.98973 4.4067078 0
-346.38977 -192.73103 4.4110198 0
-343.65219 -186.95082 4.4738746 0
-337.29773 -184.80159 4.4833889 0
-338.45282 -181.8522 4.4277864 0
-342.65875 -175.58655 4.4508786 0
-342.76291 -174.17062 4.4889059 0
-348.15506 -164.53899 4.4210477 0
-348.43622 -163.34769 4.4745378 0
-348.32285 -163.0043 4.4976597 0
-254.80418 -162.04825 4.4633818 0
-254.88969 -161.79321 4.4882579 0
-256.89157 -158.18129 4.44344 0
-349.41895 -156.51733 4.4183965 0
-260.54449 -154.91327 4.45119 0
-340.52518 -154.70757 4.4898505 0
-290.009 -152.91356 4.4475656 0
-287.71112 -152.38893 4.4008331 0
-287.19693 -152.27274 4.4536881 0
-286.97617 -152.19727 4.4734182 0
-263.6102 -152.10493 4.4928951 0
-281.65735 -151.10765 4.4875832 0
-281.58658 -151.15875 4.4224815 0
-281.01559 -150.95981 4.4066472 0
-280.83722 -150.86554 4.4752026 0
-344.76776 -194.84789 4.5918331 0
-344.82162 -194.73221 4.5745192 0
-346.70618 -192.82614 4.5347142 0
-345.22766 -191.15979 4.5603743 0
-345.21387 -191.02544 4.5225043 0
-344.88867 -188.16876 4.5523748 0
-344.44843 -187.63261 4.5727396 0
-339.71579 -185.00958 4.5690546 0
-337.21057 -184.7204 4.5091629 0
-337.08823 -184.72266 4.5185833 0
-337.22006 -184.67596 4.5885768 0
-339.49039 -184.50711 4.5439057 0
-340.48703 -177.57851 4.5849795 0
-339.43317 -177.12537 4.5678749 0
-339.55365 -176.58397 4.5540123 0
-342.71701 -174.77928 4.5311813 0
-338.80453 -174.49832 4.576942 0
-342.73071 -174.38011 4.5437608 0
-342.49774 -173.70699 4.5499835 0
-319.82175 -171.01237 4.5274596 0
-348.51208 -169.34402 4.5115619 0
-266.68903 -167.7972 4.5864267 0
-267.67569 -167.24263 4.5206046 0
-267.58411 -167.13544 4.5165043 0
-344.2637 -166.15811 4.5544152 0
-349.8736 -165.57637 4.5379267 0
-348.48871 -163.30145 4.5067444 0
-345.20709 -161.15514 4.5028353 0
-269.8396 -158.83276 4.5163369 0
-275.81589 -157.83078 4.5599098 0
-340.47571 -156.42641 4.56215 0
-340.60406 -154.63786 4.5091147 0
-264.09656 -153.62047 4.5189767 0
-340.43597 -153.32063 4.5567441 0
-339.94229 -153.35277 4.5677185 0
-340.22705 -152.98361 4.5660191 0
-338.2699 -152.4043 4.5124593 0
-263.64203 -152.03625 4.5357404 0
-281.71738 -151.06517 4.5499525 0
-281.66583 -151.0882 4.566072 0
-280.8725 -150.88643 4.561233 0
-280.8367 -150.75839 4.570086 0
-344.96875 -193.87495 4.631073 0
-346.12234 -193.54567 4.6735411 0
-346.45255 -193.37656 4.6509113 0
-345.24594 -191.94872 4.6697955 0
-345.79245 -191.79312 4.6818724 0
-344.58099 -188.6028 4.607769 0
-344.81946 -188.2036 4.6567307 0
-344.87866 -188.14551 4.6577096 0
-344.49542 -187.46428 4.6615372 0
-337.39435 -183.64828 4.6151671 0
-337.22781 -183.63309 4.6323495 0
-339.92441 -177.3096 4.6387377 0
-339.56918 -177.32985 4.6686411 0
-339.3725 -177.19714 4.6095767 0
-342.74866 -175.47496 4.6414504 0
-347.08136 -170.84587 4.6799068 0
-348.21649 -162.85284 4.6310501 0
-277.254 -160.46213 4.6415663 0
-343.42944 -159.99342 4.6101036 0
-275.60925 -159.9691 4.6701512 0
-275.57617 -159.98151 4.6470056 0
-279.50967 -159.26816 4.6227612 0
-279.31952 -159.25092 4.6742501 0
-279.45844 -159.18924 4.6600642 0
-339.02509 -153.77097 4.6733723 0
-338.98367 -153.70467 4.6886506 0
-340.25192 -153.34576 4.668426 0
-300.98749 -152.89169 4.6969581 0
-300.89658 -152.88261 4.6967425 0
-285.18863 -152.83571 4.6639485 0
-338.34747 -152.26317 4.6220474 0
-299.7847 -151.77429 4.6652918 0
-281.22794 -151.59203 4.6130958 0
-286.15695 -151.22441 4.6976142 0
-280.91788 -150.91217 4.6205673 0
-280.79388 -150.8477 4.6707363 0
-335.06552 -208.91879 4.7995625 0
-345.05286 -194.92455 4.7575364 0
-346.69016 -193.44722 4.7732768 0
-346.63834 -193.36705 4.7426395 0
-346.56354 -193.17596 4.7332592 0
-344.50812 -192.90785 4.7310576 0
-346.37268 -192.60043 4.78652 0
-346.12378 -192.20457 4.7030034 0
-345.88959 -191.59653 4.7447333 0
-345.91025 -191.47331 4.7631426 0
-345.745 -191.42706 4.7382865 0
-343.78238 -188.87764 4.7800703 0
-344.73853 -188.63612 4.7967935 0
-344.75253 -188.46233 4.7823534 0
-344.7121 -188.16785 4.7713852 0
-344.73767 -188.00845 4.7437134 0
-344.62732 -187.95665 4.7981348 0
-344.46075 -187.38971 4.7269139 0
-343.79877 -187.08586 4.7493434 0
-343.35309 -186.52766 4.7041583 0
-345.0694 -186.28069 4.7924843 0
-343.60031 -185.80064 4.7164106 0
-344.8226 -185.76511 4.7930326 0
-343.59695 -185.77853 4.7713051 0
-339.3605 -178.91136 4.7294178 0
-342.21964 -175.90552 4.7254128 0
-340.1539 -172.01642 4.7764068 0
-349.88943 -170.70946 4.70052 0
-349.89102 -169.39575 4.7633615 0
-348.56244 -162.90152 4.7460179 0
-348.45413 -162.94246 4.7246509 0
-347.10471 -162.3002 4.7865715 0
-277.28198 -160.6051 4.7844353 0
-276.75772 -160.02623 4.7253957 0
-269.21045 -156.92406 4.7811298 0
-276.52789 -155.60629 4.7862248 0
-339.67322 -155.24284 4.7400336 0
-340.4588 -153.11736 4.7625484 0
-338.65134 -153.10324 4.7949147 0
-285.27777 -152.80952 4.7863441 0
-281.87778 -150.9646 4.7111244 0
-335.97449 -198.96332 4.8554716 0
-345.33392 -188.27176 4.8239155 0
-344.86075 -187.71606 4.872745 0
-342.69989 -186.74931 4.8160872 0
-345.01761 -186.11639 4.8465838 0
-343.45679 -185.68379 4.8248763 0
-347.87863 -165.40955 4.8951693 0
-348.35532 -164.15529 4.8627458 0
-347.12268 -162.57742 4.8040037 0
-342.99854 -162.41698 4.885684 0
-347.22745 -162.33397 4.8756561 0
-342.64142 -162.35233 4.8644643 0
-260.82275 -159.71516 4.867064 0
-278.00757 -159.48909 4.8518152 0
-251.90862 -158.3551 4.8402138 0
-334.46857 -156.99609 4.8338466 0
-339.56134 -155.56316 4.8391156 0
-338.66946 -154.12172 4.8679395 0
-338.86627 -153.29367 4.8921428 0
-338.77731 -153.03795 4.832602 0
-340.30386 -152.96928 4.8143029 0
-340.16467 -152.9586 4.8469019 0
-340.1423 -152.84044 4.8808417 0
-338.88516 -152.87474 4.8311405 0
-319.63083 -151.64833 4.8418946 0
-281.06494 -151.64423 4.8809566 0
-306.09772 -151.53119 4.8044024 0
-280.64444 -150.88564 4.818861 0
-337.17511 -199.43771 4.9918623 0
-344.54767 -193.02701 4.9531775 0
-341.24261 -188.74899 4.9357033 0
-339.95227 -182.23038 4.9066739 0
-338.61957 -182.04881 4.9164996 0
-339.00037 -179.92397 4.952136 0
-339.28421 -178.74649 4.9841194 0
-321.76385 -170.94687 4.9707007 0
-349.08957 -168.58942 4.9192486 0
-349.42606 -165.87042 4.9851284 0
-344.01987 -163.37431 4.9801478 0
-341.46793 -162.61888 4.9707704 0
-347.26099 -162.39195 4.9765821 0
-254.91112 -162.00639 4.9595175 0
-269.8822 -158.74239 4.9857292 0
-252.61302 -156.05255 4.9426069 0
-252.06091 -155.71046 4.9523401 0
-340.66028 -154.9355 4.9526472 0
-340.56851 -154.5816 4.9374018 0
-338.99991 -153.14769 4.9602785 0
-340.20349 -152.97945 4.971621 0
-263.63156 -151.69917 4.9836459 0
-282.04355 -150.96632 4.9359488 0
-281.98355 -150.97037 4.9310608 0
-346.64951 -193.24098 5.059536 0
-346.56696 -193.05498 5.0295897 0
-346.6131 -192.95241 5.0069132 0
-329.76144 -191.54448 5.0962586 0
-343.42838 -186.4706 5.0950804 0
-343.21964 -186.16098 5.0766821 0
-344.61896 -185.93222 5.0180054 0
-344.78067 -185.8625 5.0731211 0
-339.8692 -185.88554 5.0226865 0
-339.83267 -185.72148 5.0560498 0
-344.67859 -185.58954 5.0239224 0
-339.93036 -182.70256 5.0156384 0
-338.79242 -180.12926 5.0207391 0
-339.24579 -178.81952 5.0276623 0
-339.14868 -178.71072 5.0464969 0
-339.08148 -178.5537 5.0038233 0
-339.81445 -177.81221 5.0815153 0
-339.78015 -177.62909 5.0418425 0
-340.8056 -171.50281 5.0909691 0
-348.13214 -169.0481 5.0010004 0
-348.17715 -164.60344 5.0770359 0
-348.29114 -164.32623 5.032867 0
-348.26971 -163.97318 5.0319219 0
-348.28647 -163.83607 5.0991745 0
-348.13034 -163.7959 5.0689983 0
-348.23184 -163.6601 5.0468669 0
-348.15378 -163.62152 5.0039806 0
-346.52536 -162.65363 5.0112643 0
-277.21738 -160.72519 5.0536513 0
-277.9635 -159.29761 5.0424109 0
-251.88228 -158.21127 5.0485659 0
-251.75169 -158.19138 5.0527387 0
-339.50424 -157.57664 5.0594034 0
-252.51205 -155.99263 5.0557513 0
-340.74982 -154.83646 5.0859571 0
-340.58081 -154.71593 5.0741754 0
-339.29581 -154.53548 5.0365033 0
-339.03717 -152.92644 5.066812 0
-262.88239 -151.73042 5.0064902 0
-263.61847 -151.6179 5.0720305 0
-262.7493 -151.39223 5.0925503 0
-286.37708 -151.09987 5.0662851 0
-282.10394 -150.90463 5.0888443 0
-281.90411 -150.97316 5.0016394 0
-280.59253 -150.81662 5.0577717 0
-344.21402 -194.09311 5.1663599 0
-344.13855 -194.05257 5.1798959 0
-343.51102 -193.8194 5.1537523 0
-345.36273 -191.54498 5.1719332 0
-345.5303 -188.24745 5.1766548 0
-345.61264 -187.73772 5.1250205 0
-345.47562 -187.6339 5.1522317 0
-345.66306 -187.1703 5.1603427 0
-345.53622 -186.76155 5.1476851 0
-344.24506 -186.26204 5.1376348 0
-343.23071 -186.25903 5.1053538 0
-344.84119 -185.86005 5.1571784 0
-338.84921 -179.74852 5.186111 0
-338.76059 -179.65709 5.1267657 0
-339.2012 -178.53558 5.1610208 0
-341.99133 -174.94852 5.1804695 0
-338.76447 -169.87015 5.1220245 0
-347.68564 -168.92891 5.1596956 0
-348.38107 -163.60127 5.1182728 0
-348.2518 -163.51822 5.1466098 0
-346.6116 -162.58775 5.1724629 0
-266.83286 -160.49225 5.1358557 0
-260.7482 -159.75429 5.160943 0
-256.20233 -158.20639 5.19138 0
-269.1116 -156.95462 5.1013541 0
-269.17627 -156.80109 5.1527371 0
-264.03894 -153.88075 5.1906266 0
-285.51041 -152.76666 5.1411424 0
-338.12988 -152.4473 5.1787534 0
-337.84891 -152.28284 5.1628323 0
-263.54272 -151.61952 5.1450958 0
-286.47803 -151.13387 5.1470628 0
-286.49051 -151.08693 5.1624999 0
-282.0683 -150.88518 5.1585827 0
-337.84467 -150.49045 5.1757483 0
-333.80783 -208.63257 5.2194934 0
-346.09479 -191.92844 5.2518106 0
-345.1073 -191.39476 5.2630548 0
-343.85742 -187.33131 5.2154818 0
-340.03278 -186.28038 5.2909451 0
-343.35748 -185.89124 5.2219682 0
-341.69147 -175.87248 5.2665911 0
-342.22217 -174.73398 5.249949 0
-346.03772 -164.21532 5.2026711 0
-348.1788 -163.50356 5.2660112 0
-347.93958 -163.5647 5.2617278 0
-348.35907 -163.4183 5.278316 0
-347.9707 -163.38974 5.2256823 0
-269.82162 -158.6796 5.2124996 0
-255.63332 -157.98827 5.288167 0
-275.65649 -157.43326 5.2800965 0
-339.31815 -153.96297 5.2874289 0
-337.75204 -152.21689 5.2077203 0
-263.71735 -151.42731 5.2872634 0
-286.90665 -151.17628 5.2694311 0
-286.6275 -151.10014 5.2084651 0
-342.58066 -189.43315 5.3233581 0
-342.41943 -189.48534 5.3852463 0
-344.79495 -186.69528 5.3317261 0
-345.19116 -186.412 5.3683076 0
-343.83569 -186.40262 5.3092675 0
-343.79443 -186.42123 5.3074999 0
-342.66437 -185.84267 5.3692217 0
-337.39972 -184.2016 5.3560233 0
-339.51468 -183.46581 5.3697534 0
-349.53314 -165.89027 5.3495135 0
-347.77005 -165.87341 5.3810444 0
-348.38531 -163.54834 5.3845682 0
-348.05499 -163.56288 5.3779368 0
-348.31299 -163.42999 5.392045 0
-344.96674 -163.09277 5.3792233 0
-279.54486 -159.04263 5.3291512 0
-269.95343 -158.71997 5.3706322 0
-269.92737 -158.68643 5.3552217 0
-340.77991 -157.11662 5.3309803 0
-338.59418 -156.11253 5.3796706 0
-341.50635 -154.94614 5.3478875 0
-285.86658 -154.35062 5.3544183 0
-276.16162 -152.63838 5.3967676 0
-263.75192 -151.49667 5.313653 0
-282.31479 -150.7291 5.3497548 0
-280.58743 -150.74203 5.3447242 0
-280.48166 -150.7979 5.3269653 0
-335.61285 -204.11804 5.4270568 0
-345.85104 -194.52261 5.4729509 0
-345.63248 -194.57668 5.4795089 0
-342.76996 -192.87471 5.4629998 0
-338.12982 -191.25792 5.4517436 0
-344.87872 -186.61247 5.4217572 0
-345.34711 -186.52824 5.4540238 0
-345.28448 -186.59656 5.4142394 0
-340.37247 -181.26099 5.4149251 0
-335.64957 -177.08492 5.4215016 0
-342.10971 -173.88947 5.4004865 0
-340.45718 -171.28021 5.4185605 0
-348.04272 -163.46535 5.4448452 0
-346.85547 -163.22804 5.4422979 0
-265.28342 -156.91592 5.455091 0
-269.11139 -156.819 5.4590359 0
-268.97375 -156.83681 5.4245758 0
-341.11212 -154.46973 5.4655709 0
-286.02838 -154.31924 5.4543614 0
-341.26166 -153.03117 5.4173498 0
-318.94073 -152.07765 5.4012313 0
-287.04007 -151.16196 5.4529595 0
-280.32846 -150.81009 5.4568186 0
-280.30972 -150.74458 5.488174 0
-282.31284 -150.61636 5.4515247 0
-337.10962 -198.07715 5.5651178 0
-345.86636 -194.52693 5.5691199 0
-344.43484 -192.94487 5.5702686 0
-344.14215 -187.74174 5.5175762 0
-345.43411 -187.50621 5.5814919 0
-345.44446 -187.4304 5.5682244 0
-345.52979 -187.10577 5.5021853 0
-344.84854 -186.93089 5.5424485 0
-345.26758 -186.73605 5.5464292 0
-345.62411 -186.65392 5.5367913 0
-345.04688 -186.68213 5.5254917 0
-343.3699 -186.6338 5.5491099 0
-340.25815 -181.40167 5.513042 0
-341.86221 -175.37201 5.5717282 0
-340.90692 -164.74789 5.552052 0
-347.94162 -163.48871 5.5117192 0
-348.31223 -163.35907 5.5614018 0
-345.78525 -162.88995 5.5837884 0
-343.30542 -160.44345 5.5348787 0
-275.47464 -158.5074 5.5522776 0
-341.29077 -154.72986 5.5625329 0
-286.02551 -154.3351 5.5448179 0
-340.76474 -154.26198 5.5922217 0
-339.2655 -153.88739 5.5643854 0
-340.64651 -152.70204 5.5352683 0
-340.42633 -152.72401 5.5556588 0
-280.69281 -152.0741 5.5861969 0
-280.34164 -150.59253 5.5980191 0
-277.04559 -150.30928 5.5933204 0
-276.82657 -150.19859 5.5600395 0
-342.38559 -191.64284 5.6425114 0
-342.52676 -191.52274 5.6667919 0
-337.79593 -190.65488 5.6488285 0
-345.08102 -186.22981 5.642313 0
-280.69974 -161.39801 5.6684456 0
-280.66135 -161.17767 5.6620488 0
-268.39749 -160.35858 5.6057701 0
-277.85345 -159.65971 5.6852403 0
-270.54822 -158.79411 5.6385584 0
-255.07503 -157.97607 5.6894631 0
-251.52058 -157.88873 5.6423774 0
-269.08685 -156.77861 5.6292429 0
-269.47025 -156.44678 5.6021137 0
-340.72192 -154.74434 5.6573081 0
-263.19589 -152.76756 5.6778507 0
-340.9021 -152.50742 5.6525621 0
-280.66138 -152.03946 5.6916356 0
-263.60767 -151.36246 5.6405501 0
-263.53635 -151.34178 5.6142335 0
-263.56024 -151.25798 5.6635132 0
-280.29736 -150.65761 5.6399212 0
-282.50677 -150.49684 5.6860437 0
-345.74588 -194.02859 5.7804394 0
-345.49713 -194.02461 5.755372 0
-345.49542 -193.9225 5.7592344 0
-345.38327 -193.83224 5.7824903 0
-345.49719 -187.08194 5.717051 0
-340.67792 -175.44666 5.7424693 0
-347.70224 -163.35983 5.7977657 0
-345.84332 -163.18167 5.7512112 0
-345.28314 -162.60664 5.782455 0
-344.01309 -160.72865 5.7773347 0
-343.78781 -160.70757 5.7199793 0
-275.42502 -158.48056 5.7911177 0
-254.84596 -157.85587 5.7353621 0
-337.8522 -153.37161 5.7103019 0
-262.11606 -152.75307 5.7167268 0
-339.24957 -152.62871 5.777997 0
-340.00894 -152.19299 5.7062287 0
-263.64548 -151.36095 5.7659998 0
-263.5506 -151.30568 5.7216539 0
-263.53967 -151.25174 5.7430334 0
-287.20236 -151.13454 5.7728157 0
-335.65475 -202.09444 5.8782473 0
-345.58536 -193.76337 5.8616939 0
-345.33493 -193.76808 5.8808403 0
-344.65375 -192.56229 5.8257284 0
-345.20248 -191.83008 5.8371 0
-345.51355 -186.94162 5.8122067 0
-338.42288 -176.79826 5.8516035 0
-347.62991 -163.48416 5.8819876 0
-346.68787 -163.3031 5.8729529 0
-345.29355 -162.7058 5.8428268 0
-340.48969 -161.06712 5.8119626 0
-279.60516 -159.09705 5.8713312 0
-286.81461 -154.83586 5.8674641 0
-341.33746 -154.56813 5.838562 0
-286.54251 -154.34653 5.8471842 0
-262.00226 -152.73605 5.8202052 0
-263.56992 -151.21255 5.8780656 0
-287.44693 -151.15009 5.8758655 0
-338.02603 -150.69247 5.8535771 0
-345.43405 -194.03311 5.9159207 0
-345.68597 -193.43059 5.9448752 0
-345.2067 -191.88889 5.906806 0
-342.85547 -190.3553 5.9459176 0
-345.08951 -187.93361 5.9424515 0
-339.76031 -182.18794 5.9964485 0
-342.00571 -173.2943 5.9769268 0
-340.43365 -172.04286 5.9310465 0
-347.64383 -163.6684 5.9291959 0
-343.67007 -163.47391 5.9027987 0
-342.97766 -162.25319 5.9004931 0
-340.75412 -157.73064 5.9314299 0
-335.86002 -156.46764 5.9673862 0
-338.84427 -155.44901 5.9130926 0
-340.98444 -154.47466 5.9789152 0
-263.91415 -153.75305 5.9276824 0
-280.61993 -152.1671 5.9153633 0
-282.08533 -151.37921 5.9622021 0
-287.46765 -151.21617 5.9421024 0
-263.52704 -151.07114 5.9913669 0
-280.16156 -150.46255 5.9873977 0
-345.61624 -192.82256 6.082747 0
-345.46445 -191.75842 6.0931602 0
-345.32477 -191.75624 6.0560513 0
-339.79739 -182.06511 6.0628009 0
-339.46973 -181.0816 6.0992441 0
-339.59921 -176.58511 6.0277524 0
-340.89938 -172.82947 6.023838 0
-340.3436 -163.99763 6.0834937 0
-346.7283 -163.81133 6.0487337 0
-347.43936 -163.63301 6.0360775 0
-250.91267 -163.41632 6.0901394 0
-344.91635 -162.63956 6.0724549 0
-344.0733 -160.99432 6.0504441 0
-344.12897 -160.74742 6.0668125 0
-343.40302 -160.16655 6.0439186 0
-341.38586 -159.66663 6.0350647 0
-341.66119 -156.38373 6.0960078 0
-341.35312 -154.61665 6.081028 0
-341.15439 -154.5665 6.0567636 0
-340.48215 -154.12729 6.0507302 0
-340.44998 -153.30994 6.080554 0
-337.75668 -153.13658 6.0124269 0
-261.70184 -152.61974 6.0862274 0
-263.5372 -151.08195 6.091733 0
-345.31644 -193.74582 6.1388316 0
-345.04929 -192.18893 6.1034513 0
-345.16959 -191.77586 6.1566386 0
-343.1004 -190.65552 6.1055903 0
-344.37787 -188.48155 6.1422729 0
-344.55035 -187.416 6.166223 0
-347.04031 -169.17024 6.1101398 0
-344.33685 -161.21419 6.1490269 0
-343.72144 -160.71069 6.1685429 0
-343.59906 -160.78822 6.1675172 0
-341.59134 -160.78445 6.1834221 0
-254.93698 -157.86424 6.1220808 0
-254.71574 -157.84212 6.1929064 0
-265.77692 -157.33044 6.1611681 0
-341.0582 -154.83112 6.1243172 0
-340.95056 -154.43932 6.1242738 0
-340.4505 -153.30168 6.108923 0
-340.38272 -153.24005 6.1949201 0
-276.75986 -153.08626 6.104897 0
-340.19601 -152.9523 6.1958656 0
-339.97031 -152.69673 6.115984 0
-263.4949 -151.05911 6.122436 0
-282.76285 -150.49554 6.1856847 0
-282.64844 -150.25066 6.120451 0
-345.57654 -192.47101 6.2561893 0
-343.3685 -190.70282 6.2583771 0
-344.00928 -188.67986 6.2968855 0
-344.43286 -188.58525 6.2645717 0
-344.4856 -187.52606 6.2359247 0
-340.31699 -182.75626 6.208252 0
-340.2648 -182.67455 6.2418361 0
-344.8436 -162.91127 6.2354989 0
-339.8642 -162.35966 6.2353754 0
-279.55865 -158.92 6.2230191 0
-340.88614 -154.83437 6.2105317 0
-341.00485 -154.60413 6.2362742 0
-340.70093 -154.63 6.2296801 0
-263.95331 -153.77505 6.2977061 0
-340.4368 -153.47165 6.2345595 0
-340.39355 -153.38748 6.209897 0
-337.24152 -152.75395 6.2782416 0
-280.51813 -152.25925 6.2429614 0
-285.08005 -150.87761 6.2772489 0
-279.92014 -150.19962 6.2511468 0
-344.6102 -188.01328 6.300983 0
-338.49295 -178.57709 6.3352652 0
-339.53571 -176.15863 6.3597364 0
-340.76358 -172.57953 6.3405232 0
-343.75446 -160.62164 6.3911438 0
-343.62009 -160.47752 6.3899641 0
-260.37222 -159.8304 6.3029914 0
-340.81046 -154.57613 6.3924298 0
-265.21524 -154.30956 6.3780088 0
-280.048 -150.35574 6.3277507 0
-279.97476 -150.31334 6.3076072 0
-344.17932 -192.27315 6.4288392 0
-344.75372 -187.5592 6.4943628 0
-343.84445 -187.48106 6.4445252 0
-339.87531 -182.35078 6.4673433 0
-349.51913 -169.55611 6.4657645 0
-255.0901 -161.91101 6.4273419 0
-251.10526 -157.14635 6.4852862 0
-268.89362 -156.54073 6.4998407 0
-265.3252 -154.30434 6.4485006 0
-336.84036 -152.52464 6.4496603 0
-287.35028 -150.55907 6.4586244 0
-280.01263 -150.27213 6.418251 0
-342.22742 -191.04568 6.5658975 0
-344.54089 -187.80582 6.5207586 0
-344.74884 -187.41071 6.5524569 0
-344.08151 -187.46252 6.5283976 0
-339.66852 -182.53114 6.5586495 0
-338.53342 -175.94943 6.586894 0
-344.46481 -162.60178 6.5854511 0
-341.85242 -161.31494 6.5435233 0
-274.87772 -160.00381 6.591455 0
-275.82971 -159.87354 6.5304441 0
-270.03711 -158.6225 6.5654974 0
-340.47586 -154.46404 6.532146 0
-280.70767 -152.53986 6.5400991 0
-338.18817 -150.58499 6.5197439 0
-345.67969 -193.46313 6.6618056 0
-345.49216 -193.23941 6.6240029 0
-344.57956 -187.7025 6.6046066 0
-340.74643 -176.54265 6.6421967 0
-343.5134 -160.97089 6.6651816 0
-332.13187 -159.95917 6.6455636 0
-252.85074 -159.75185 6.6323543 0
-341.38776 -159.42706 6.6687751 0
-340.29819 -154.66924 6.6782355 0
-345.58096 -193.45433 6.7225084 0
-345.59409 -193.31648 6.7452431 0
-345.38129 -192.41682 6.7851353 0
-344.20941 -192.12051 6.7059455 0
-344.01782 -187.4817 6.7353139 0
-338.84415 -186.18587 6.7582526 0
-338.60873 -185.93344 6.7333322 0
-338.77167 -185.73387 6.7962523 0
-338.4855 -185.33208 6.7535052 0
-341.29709 -174.01712 6.7030721 0
-347.56042 -169.4301 6.7432852 0
-281.88779 -162.70027 6.760159 0
-344.28293 -162.01677 6.7704492 0
-341.40805 -161.90782 6.7114949 0
-280.85089 -161.52095 6.7562952 0
-343.21451 -160.93724 6.7378416 0
-343.48474 -160.84018 6.714149 0
-265.48264 -154.34004 6.7614803 0
-280.27591 -152.58163 6.7281332 0
-260.87848 -152.55397 6.748517 0
-263.44421 -150.65634 6.7145977 0
-344.8125 -192.27449 6.8058267 0
-344.08176 -192.2144 6.8118334 0
-345.15253 -192.07756 6.8908801 0
-344.44812 -187.37595 6.8035169 0
-338.70325 -185.47588 6.8252535 0
-339.11929 -182.76114 6.8911328 0
-341.08466 -174.24426 6.8384237 0
-349.38815 -169.6846 6.8129144 0
-344.49948 -162.31117 6.8106775 0
-267.66318 -160.5231 6.8270397 0
-277.72531 -159.47133 6.8226552 0
-273.91302 -156.4577 6.8719115 0
-337.11331 -153.19989 6.8361058 0
-264.52246 -150.76318 6.8831058 0
-263.37701 -150.57349 6.8244596 0
-279.71872 -150.43159 6.8087187 0
-345.40979 -192.57745 6.9086156 0
-345.28983 -192.34164 6.9715099 0
-339.06207 -186.32123 6.9693232 0
-337.27423 -178.30824 6.9604502 0
-340.62961 -175.34163 6.9910297 0
-341.17389 -174.22821 6.9682474 0
-338.35748 -171.25478 6.9594903 0
-281.70456 -162.32362 6.9543452 0
-339.26669 -162.10001 6.9747 0
-254.07686 -157.57571 6.9799085 0
-273.72729 -156.45341 6.9421806 0
-270.15387 -155.54077 6.9620829 0
-263.92099 -153.75125 6.9711838 0
-344.83051 -192.06003 7.0969491 0
-342.08835 -189.34012 7.0376959 0
-340.87506 -188.715 7.0045004 0
-338.13779 -185.01784 7.0167356 0
-338.05661 -184.13783 7.0305834 0
-337.57602 -179.72404 7.0895491 0
-337.62775 -178.61147 7.0012331 0
-340.76593 -175.26712 7.0698638 0
-334.65112 -172.94168 7.014986 0
-347.15469 -169.7681 7.0814285 0
-347.00809 -169.65434 7.0615768 0
-250.71359 -156.76759 7.072506 0
-337.40247 -153.9028 7.0509791 0
-281.24832 -152.9733 7.0441337 0
-281.17471 -152.98901 7.0957127 0
-337.64777 -150.30273 7.0132561 0
-279.79639 -150.06416 7.0554886 0
-341.57321 -191.28835 7.1641889 0
-338.11285 -185.45242 7.1550221 0
-339.90363 -183.33211 7.1201959 0
-339.86929 -183.24852 7.1345816 0
-349.09607 -170.14908 7.1662602 0
-341.39166 -158.22037 7.1763024 0
-337.83667 -154.18886 7.1026006 0
-341.18512 -190.95242 7.2080069 0
-342.05588 -190.04384 7.2373176 0
-338.53827 -182.39722 7.2971435 0
-339.64865 -181.92235 7.296 0
-339.59695 -181.91084 7.216908 0
-338.62247 -171.47772 7.2778769 0
-349.31985 -169.88077 7.2535625 0
-347.11404 -169.57419 7.2721062 0
-344.31207 -162.26321 7.2503114 0
-252.69617 -159.3526 7.2557139 0
-341.14383 -158.05653 7.2787004 0
-265.70987 -154.40977 7.2800622 0
-338.03656 -154.26184 7.2686648 0
-279.99585 -152.64497 7.2167888 0
-344.58548 -193.59335 7.3562832 0
-339.6254 -181.83519 7.3084478 0
-347.20184 -169.69255 7.3017802 0
-250.71254 -156.51878 7.3833809 0
-340.14697 -173.38669 7.436017 0
-340.87076 -156.26738 7.4105101 0
-341.80432 -189.73958 7.5603023 0
-339.16013 -182.71376 7.5320845 0
-344.20288 -162.21214 7.597631 0
-339.68933 -161.13818 7.5922046 0
-341.39383 -159.05919 7.5093827 0
-337.03174 -155.96895 7.5100284 0
-253.70784 -157.14754 7.6248417 0
-250.72453 -156.19397 7.6913018 0
-288.6181 -151.21129 7.6979194 0
-338.48624 -185.40509 7.7217569 0
-337.70877 -180.13478 7.7726884 0
-340.8587 -175.05872 7.7185936 0
-343.72437 -162.09987 7.7638254 0
-274.61176 -161.10364 7.7962427 0
-341.57111 -157.85609 7.7488556 0
-341.46521 -157.33311 7.7986574 0
-341.30215 -157.30229 7.7970629 0
-275.75507 -155.79468 7.7161417 0
-338.02322 -154.34151 7.735949 0
-263.38947 -150.19551 7.7457185 0
-339.9241 -172.34 7.8650408 0
-339.92819 -172.16974 7.8883743 0
-343.6915 -162.40517 7.8483424 0
-343.80576 -162.00711 7.8429132 0
-341.57156 -157.28436 7.8482447 0
-253.53123 -157.03011 7.8548298 0
-282.35724 -151.99155 7.8844123 0
-338.58026 -185.1963 7.9331551 0
-348.86172 -169.75603 7.9045033 0
-343.35327 -161.96214 7.9621367 0
-338.03986 -155.66222 7.965879 0
-337.90085 -154.37964 7.9126663 0
-338.70825 -185.77821 8.035985 0
-341.29309 -158.10655 8.0107517 0
-276.57889 -156.78429 8.0692806 0
-250.62895 -156.04849 8.011054 0
-342.89005 -161.27917 8.1137667 0
-250.52905 -156.06282 8.1226826 0
-339.21265 -181.30513 8.242342 0
-255.62419 -161.82693 8.202199 0
-343.08167 -161.74385 8.2646627 0
-253.18724 -156.8103 8.2159996 0
-250.90538 -156.84691 8.2356606 0
-340.33063 -174.07237 8.3748827 0
-342.9632 -161.54921 8.3878298 0
-252.05785 -158.83348 8.3208351 0
-270.2536 -157.84261 8.3954744 0
-250.94492 -156.83823 8.3409863 0
-263.87549 -153.87244 8.3139315 0
-337.53882 -154.92963 8.4489174 0
-282.6532 -152.14766 8.4277458 0
-339.66336 -172.75056 8.5643587 0
-341.06049 -157.09032 8.5637417 0
-340.57587 -156.86076 8.5772476 0
-340.35413 -156.56122 8.5516491 0
-340.20352 -156.47937 8.5069799 0
-340.28174 -174.52776 8.6055336 0
-251.49339 -160.00073 8.6029739 0
-339.80679 -156.21774 8.6213369 0
-338.98877 -182.16771 8.764966 0
-340.95825 -157.60692 8.713624 0
-340.0975 -156.54951 8.771616 0
-250.15274 -155.57141 8.7552328 0
-279.94241 -152.71248 8.7958765 0
-267.09848 -161.46826 8.8805265 0
-338.63922 -176.26797 8.9359465 0
-279.34515 -159.60057 9.0015812 0
-340.7717 -157.64738 9.023591 0
-338.0376 -176.74142 9.2617674 0
-338.15512 -176.57326 9.2003546 0
-251.57941 -159.67508 9.3926153 0
-250.28197 -159.54723 9.4104261 0
-250.06154 -160.39555 9.6707573 0
-277.27097 -156.5399 9.627965 0
-340.7475 -157.57161 9.7059383 0
-339.53821 -156.85503 9.7442846 0
-263.89276 -153.5723 9.867301 0
-282.62393 -152.19257 9.8928528 0
-339.85046 -157.28593 10.063427 0
-339.98184 -157.7211 10.195528 0
-339.88715 -157.59615 10.23369 0
-250.32878 -160.32202 10.483716 0
-340.33762 -158.23071 10.404961 0
-340.04105 -157.40851 10.616277 0
-274.72437 -161.55948 11.350992 0
