# .PCD v0.7 - Point Cloud Data file format
VERSION 0.7
FIELDS x y z intensity
SIZE 4 4 4 4
TYPE F F F F
COUNT 1 1 1 1
WIDTH 8589
HEIGHT 1
VIEWPOINT 0 0 0 1 0 0 0
POINTS 8589
DATA ascii
-413.67419 50.19381 -4.7347813 0
-447.15494 50.344196 -4.6833358 0
-395.49698 50.444271 -4.6004729 0
-447.48016 50.525417 -4.6479468 0
-448.58691 50.715347 -4.6140919 0
-447.25348 50.933598 -4.6169853 0
-397.17032 51.001003 -4.6049681 0
-400.49649 50.092823 -4.5018282 0
-448.02612 50.130913 -4.5654154 0
-416.94934 50.197502 -4.5274043 0
-411.5462 50.160728 -4.5052733 0
-412.67465 50.098549 -4.4334764 0
-423.49951 50.110386 -4.4208002 0
-420.15753 50.190105 -4.4078808 0
-412.83463 50.161781 -4.4812474 0
-412.16479 50.186451 -4.4496231 0
-411.69666 50.106621 -4.4010878 0
-423.66949 50.250854 -4.4210701 0
-420.83661 50.350372 -4.4795938 0
-412.72766 50.355984 -4.4418597 0
-403.6803 50.318027 -4.4431963 0
-418.51624 50.499249 -4.4033408 0
-414.10727 50.407505 -4.4394403 0
-420.95712 50.534519 -4.4700427 0
-420.76492 50.564514 -4.41184 0
-411.10657 50.691696 -4.4005647 0
-395.89371 50.630753 -4.4478645 0
-416.97852 50.747711 -4.4201741 0
-407.50946 50.705811 -4.426446 0
-399.40204 50.72155 -4.488801 0
-420.75433 50.823017 -4.4097266 0
-396.15924 50.881451 -4.466073 0
-422.11679 50.920609 -4.4495506 0
-417.30295 50.961021 -4.4186563 0
-395.57748 50.963795 -4.4230266 0
-422.15112 51.002563 -4.4063277 0
-423.13062 51.292114 -4.404532 0
-422.72717 51.41872 -4.4165769 0
-422.17041 51.484814 -4.4351935 0
-394.93054 51.691124 -4.4285212 0
-416.77585 51.78791 -4.416225 0
-403.70673 51.824093 -4.4127202 0
-411.56155 50.096649 -4.3652754 0
-404.52728 50.371082 -4.3128052 0
-413.94772 50.539288 -4.3624268 0
-412.62152 50.559185 -4.3844013 0
-423.66208 50.715981 -4.3356433 0
-423.58939 50.743603 -4.3396869 0
-424.10263 50.804356 -4.37923 0
-417.7692 50.813728 -4.3314848 0
-417.37216 50.817814 -4.3479328 0
-408.23434 50.815113 -4.3107381 0
-422.87677 50.910744 -4.37181 0
-418.91626 50.909927 -4.3053527 0
-420.31805 51.065617 -4.3183022 0
-419.24078 51.033489 -4.3039613 0
-419.15744 51.013947 -4.306046 0
-415.87289 51.011761 -4.3793259 0
-411.97 51.055885 -4.3615732 0
-406.79529 51.048191 -4.3314829 0
-420.52304 51.199886 -4.375638 0
-393.01599 51.12846 -4.3817406 0
-392.68259 51.120945 -4.3116531 0
-423.74731 51.218349 -4.3839836 0
-413.61234 51.241135 -4.3500924 0
-410.44907 51.282902 -4.3589067 0
-422.19357 51.386166 -4.3445754 0
-420.75513 51.314316 -4.3277221 0
-417.37573 51.361137 -4.3985338 0
-416.07755 51.360596 -4.3587952 0
-422.20322 51.404083 -4.3594174 0
-418.88293 51.403625 -4.3127961 0
-416.72562 51.499004 -4.3772135 0
-422.76666 51.521374 -4.3433614 0
-422.60867 51.594055 -4.3526549 0
-422.0137 51.538597 -4.3454852 0
-417.06149 51.52076 -4.3260164 0
-421.67261 51.645153 -4.3388062 0
-396.89963 51.698067 -4.3073916 0
-421.88272 51.760963 -4.3122654 0
-421.31433 51.816181 -4.3564548 0
-421.10056 51.884193 -4.3232713 0
-416.36212 51.851494 -4.3293061 0
-414.24368 52.556076 -4.322742 0
-447.51923 53.143955 -4.3285246 0
-418.02277 50.154079 -4.2934556 0
-353.67697 50.177658 -4.2542849 0
-417.84726 50.256741 -4.2044635 0
-425.09851 50.314434 -4.2062078 0
-353.62488 50.370304 -4.2074919 0
-353.4494 50.693661 -4.2525334 0
-448.53812 50.731953 -4.2444596 0
-424.48648 50.783707 -4.2020836 0
-392.45535 50.736019 -4.2857203 0
-424.31766 50.942196 -4.2523866 0
-418.32272 50.995163 -4.2726245 0
-353.43506 50.92709 -4.2320762 0
-424.26343 51.054279 -4.2104545 0
-419.14252 51.022198 -4.2847714 0
-418.34912 51.029396 -4.2855725 0
-408.39432 51.061539 -4.2662201 0
-419.56476 51.163441 -4.2251267 0
-419.45969 51.158943 -4.2305684 0
-419.68661 51.204594 -4.2203493 0
-419.20291 51.276203 -4.2492819 0
-417.68298 51.296913 -4.2299933 0
-423.57391 51.385872 -4.2322688 0
-418.95889 51.333401 -4.2832327 0
-418.25613 51.337761 -4.2857447 0
-409.94925 51.335007 -4.2996106 0
-407.52606 51.384159 -4.2476921 0
-405.94516 51.323086 -4.2912221 0
-405.20728 51.336678 -4.2909575 0
-423.31375 51.43578 -4.2137556 0
-420.14417 51.442139 -4.2965817 0
-418.73315 51.460312 -4.2585626 0
-409.55121 51.406967 -4.2852278 0
-407.02832 51.415466 -4.2871776 0
-393.54675 51.464073 -4.2607665 0
-422.57321 51.585281 -4.2059512 0
-419.005 51.519257 -4.2701993 0
-418.6265 51.531872 -4.2629056 0
-418.54434 51.503311 -4.2680955 0
-407.38367 51.523087 -4.2429008 0
-421.86902 51.649616 -4.2276592 0
-410.04486 51.649021 -4.2538223 0
-407.40515 51.759583 -4.2271814 0
-404.60681 51.767395 -4.2630363 0
-404.49197 51.75787 -4.2887774 0
-417.09695 51.88641 -4.2512503 0
-411.12827 51.890343 -4.2166252 0
-396.12466 51.828663 -4.2364459 0
-447.71552 51.949921 -4.2338376 0
-415.78085 51.926029 -4.2903967 0
-406.10501 51.989731 -4.2002087 0
-397.00089 51.998753 -4.2396789 0
-395.3461 51.985535 -4.2263141 0
-393.01367 51.972446 -4.2001324 0
-420.43631 52.057175 -4.2120404 0
-414.65167 52.068382 -4.2169061 0
-398.62579 52.190567 -4.2327213 0
-412.20728 52.317574 -4.2197914 0
-413.49667 52.521793 -4.2935686 0
-413.4502 52.865623 -4.2045021 0
-418.73962 52.991463 -4.2111425 0
-412.37753 53.569252 -4.2084069 0
-356.76797 50.026184 -4.1372485 0
-356.6904 50.082195 -4.137198 0
-425.06082 50.188015 -4.1968703 0
-417.82672 50.238617 -4.1566644 0
-356.55826 50.252476 -4.1354322 0
-350.87302 50.293087 -4.1334276 0
-425.491 50.453548 -4.1421738 0
-417.87625 50.423824 -4.1882095 0
-350.3063 50.480324 -4.1263309 0
-417.88724 50.546757 -4.1472168 0
-354.94376 50.526661 -4.1427298 0
-425.09534 50.699314 -4.1215978 0
-448.63846 50.762016 -4.1852417 0
-448.58389 50.796093 -4.1160502 0
-424.92392 50.749313 -4.1377249 0
-356.27542 50.782242 -4.1279411 0
-353.65009 50.711899 -4.193459 0
-356.2034 50.833904 -4.1279025 0
-350.33643 50.861862 -4.1477737 0
-412.13013 50.966652 -4.1070838 0
-356.15445 50.984116 -4.125288 0
-353.44116 51.063503 -4.1298671 0
-352.31519 51.040428 -4.1495776 0
-352.23215 51.009315 -4.1494322 0
-419.73798 51.135475 -4.1795983 0
-419.53665 51.102463 -4.1675596 0
-419.43515 51.147285 -4.1458364 0
-412.23361 51.113052 -4.1924706 0
-404.54535 51.177643 -4.1375809 0
-424.20398 51.215019 -4.1263089 0
-419.79922 51.269291 -4.1596031 0
-352.4939 51.273979 -4.1464772 0
-424.24878 51.303268 -4.1545882 0
-423.97131 51.351208 -4.1147981 0
-423.63016 51.364552 -4.1711655 0
-423.49759 51.370098 -4.1819844 0
-423.39099 51.380394 -4.1385694 0
-352.6593 51.307938 -4.1746426 0
-423.24698 51.463772 -4.1848211 0
-419.03189 51.481354 -4.1079745 0
-422.87357 51.534382 -4.1962819 0
-417.44611 51.551975 -4.1373487 0
-352.95389 51.54472 -4.1519132 0
-421.67465 51.659248 -4.1882644 0
-420.38065 51.671295 -4.1163759 0
-420.05276 51.626228 -4.1802564 0
-418.94852 51.663612 -4.1578054 0
-406.00757 51.613861 -4.190763 0
-420.14719 51.724903 -4.1110797 0
-420.07578 51.704887 -4.119113 0
-353.01721 51.720551 -4.1403065 0
-420.11551 51.818718 -4.1036024 0
-420.00015 51.840122 -4.1311069 0
-405.96738 51.888504 -4.1905246 0
-406.88892 51.96476 -4.1361823 0
-406.05569 51.925266 -4.1940556 0
-405.99249 51.95713 -4.1679907 0
-405.86035 51.968048 -4.1324072 0
-416.80383 52.18927 -4.1134973 0
-410.36957 52.163628 -4.1712823 0
-352.86139 52.152443 -4.149869 0
-352.54843 52.137676 -4.1534953 0
-406.49924 52.267475 -4.1203094 0
-406.39224 52.272873 -4.1154699 0
-352.60748 52.287537 -4.1507306 0
-352.46832 52.251484 -4.158083 0
-422.80774 52.79855 -4.1334596 0
-404.15924 52.757992 -4.1424055 0
-398.65231 52.846188 -4.1593823 0
-422.57495 52.920826 -4.1184711 0
-421.77307 52.904552 -4.1285429 0
-415.0658 52.929131 -4.1666679 0
-412.50909 52.940857 -4.1540432 0
-399.29324 52.984573 -4.128334 0
-395.4295 52.968842 -4.1180534 0
-350.2345 52.906998 -4.1356206 0
-422.23862 53.05019 -4.1384611 0
-422.14935 53.024719 -4.1353455 0
-416.00256 53.073238 -4.1278763 0
-414.90884 53.019321 -4.1514964 0
-413.25824 53.035709 -4.1880126 0
-399.55023 53.080826 -4.1242557 0
-415.85172 53.104263 -4.1314754 0
-415.14017 53.160477 -4.1476541 0
-350.32364 53.14175 -4.1291065 0
-449.46762 53.240459 -4.106441 0
-449.45007 53.336868 -4.1288285 0
-412.49371 53.595139 -4.101099 0
-403.08578 53.919117 -4.114121 0
-350.70731 54.485947 -4.1109195 0
-351.03198 54.672409 -4.1063066 0
-442.34009 50.110138 -4.0037847 0
-425.68915 50.170635 -4.0573874 0
-425.54523 50.406677 -4.0562291 0
-387.21912 50.516903 -4.0212216 0
-449.64325 50.774853 -4.066503 0
-448.62747 50.73045 -4.0385132 0
-417.99615 50.767696 -4.0006084 0
-424.33197 50.908207 -4.0812216 0
-424.61609 51.138897 -4.0947108 0
-424.29303 51.197521 -4.0255213 0
-424.93234 51.237499 -4.0257459 0
-424.54999 51.240807 -4.032342 0
-423.94211 51.299858 -4.0637817 0
-417.53308 51.271427 -4.076139 0
-423.81494 51.375717 -4.0342464 0
-423.77863 51.351227 -4.03335 0
-419.61374 51.389465 -4.0245271 0
-417.99939 51.382988 -4.0707283 0
-423.78128 51.417728 -4.0260196 0
-423.62491 51.450733 -4.0314965 0
-423.32257 51.45882 -4.078454 0
-419.51624 51.490143 -4.0003119 0
-418.08188 51.687885 -4.0706816 0
-418.14127 51.762619 -4.0750279 0
-353.22095 51.755363 -4.0645971 0
-409.3129 51.817741 -4.0941205 0
-407.96805 51.898838 -4.0283141 0
-420.08215 51.951096 -4.0136719 0
-419.93323 51.995377 -4.0057416 0
-419.8833 51.908802 -4.0266376 0
-352.84824 52.152222 -4.0541401 0
-352.71954 52.139278 -4.0689507 0
-418.76572 52.201916 -4.0826712 0
-408.21066 52.201317 -4.0104032 0
-418.62183 52.358212 -4.014071 0
-406.06808 52.328411 -4.0771079 0
-394.95798 52.332767 -4.0103769 0
-352.93521 52.381462 -4.0589814 0
-352.86105 52.389103 -4.0032296 0
-352.71957 52.382866 -4.0156879 0
-352.38303 52.474346 -4.0513163 0
-418.24734 52.640598 -4.0772424 0
-423.23029 52.715 -4.0855479 0
-409.89401 52.849964 -4.0277362 0
-422.37445 52.998917 -4.0965695 0
-422.703 53.096066 -4.0463424 0
-421.73767 53.024246 -4.0644326 0
-411.12656 53.0406 -4.0734057 0
-410.05197 53.088665 -4.0464401 0
-422.50403 53.117516 -4.0471115 0
-415.71164 53.111443 -4.0865602 0
-410.7738 53.13821 -4.0636988 0
-422.98581 53.262646 -4.0051131 0
-421.78494 53.221874 -4.0632071 0
-421.34369 53.249195 -4.0794506 0
-411.13589 53.200031 -4.0148129 0
-352.22339 53.256557 -4.0478082 0
-421.62201 53.382652 -4.0508389 0
-415.08453 53.310108 -4.0779848 0
-415.98053 53.567337 -4.0063453 0
-412.23712 53.576305 -4.0310163 0
-420.51337 53.63932 -4.0058007 0
-417.00998 53.698498 -4.0077853 0
-416.39883 53.603336 -4.002296 0
-412.38205 53.642933 -4.0278091 0
-403.45679 53.634624 -4.0825086 0
-420.77844 53.721077 -4.0194106 0
-417.09821 53.709835 -4.0122819 0
-413.17743 53.790245 -4.0361414 0
-414.67221 53.818249 -4.0170126 0
-412.46704 53.825283 -4.0146728 0
-411.61325 53.808399 -4.0032234 0
-420.03033 53.965145 -4.0174456 0
-411.61264 53.970779 -4.0136771 0
-414.14334 54.013523 -4.0053759 0
-413.24329 54.097279 -4.0359044 0
-413.1391 54.089157 -4.0416174 0
-399.16284 54.031479 -4.0363474 0
-402.90234 54.243866 -4.0195484 0
-413.50406 55.18261 -4.0139289 0
-413.1366 55.197311 -4.0341277 0
-413.03723 55.168285 -4.0361376 0
-412.94589 55.189537 -4.0410199 0
-439.23642 50.031124 -3.9309266 0
-447.95706 50.178677 -3.9927242 0
-442.37906 50.118904 -3.9126797 0
-426.63678 50.125027 -3.9176888 0
-447.94214 50.231613 -3.995841 0
-426.85306 50.357601 -3.9002333 0
-426.34985 50.393898 -3.9469218 0
-425.84348 50.461819 -3.9552002 0
-440.82321 50.667667 -3.9878836 0
-425.92404 50.612576 -3.9530394 0
-425.66916 50.60638 -3.9869363 0
-440.25409 50.776821 -3.9333189 0
-426.5918 50.737232 -3.9090023 0
-418.82159 50.774578 -3.9410338 0
-448.55243 50.803982 -3.9939749 0
-448.47986 50.849495 -3.9920077 0
-424.29999 50.849228 -3.9240849 0
-425.54236 50.928726 -3.960233 0
-424.20807 50.991653 -3.9565635 0
-425.43796 51.085918 -3.9536483 0
-424.30038 51.012974 -3.9523962 0
-425.13214 51.153839 -3.9834538 0
-424.84949 51.157074 -3.9664228 0
-424.02942 51.376316 -3.9588063 0
-423.80386 51.365391 -3.9733822 0
-409.26782 51.711521 -3.9140363 0
-355.63773 51.790913 -3.9787941 0
-356.87433 51.837044 -3.9041696 0
-414.48697 52.167049 -3.9749515 0
-418.082 52.223305 -3.9641879 0
-353.15829 52.242558 -3.9928453 0
-408.26761 52.335846 -3.9834616 0
-418.13297 52.715652 -3.9895902 0
-390.71674 52.779873 -3.9571564 0
-389.73581 52.73447 -3.9980581 0
-423.20114 52.903992 -3.9638202 0
-423.0813 52.917652 -3.9730296 0
-418.21097 52.980751 -3.9381387 0
-421.44928 53.070545 -3.9830065 0
-415.93152 53.061352 -3.9116244 0
-403.38712 53.022079 -3.9517629 0
-403.1868 53.002373 -3.9987018 0
-352.47607 53.017731 -3.9911199 0
-409.97064 53.113762 -3.9905615 0
-422.84845 53.319164 -3.9970415 0
-403.17789 53.379314 -3.9915612 0
-416.37268 53.476398 -3.9847896 0
-409.40244 53.426548 -3.93418 0
-407.89413 53.434376 -3.9279394 0
-395.75049 53.430035 -3.9888914 0
-352.41486 53.42297 -3.9074306 0
-352.2988 53.481586 -3.9198358 0
-398.16925 53.553593 -3.9760087 0
-352.68698 53.535225 -3.9172585 0
-352.25061 53.552746 -3.9611049 0
-420.52481 53.694149 -3.999398 0
-416.75748 53.606743 -3.9986632 0
-398.08136 53.696865 -3.9691629 0
-422.42511 53.778316 -3.9802842 0
-422.10129 53.735546 -3.947942 0
-420.57291 53.725819 -3.99593 0
-404.05325 53.706043 -3.9027362 0
-421.94037 53.838387 -3.9612226 0
-396.3902 53.834221 -3.9854994 0
-420.42728 53.948883 -3.9634488 0
-420.22348 53.947144 -3.9961841 0
-352.07172 53.993835 -3.9388921 0
-420.24377 54.012894 -3.9746349 0
-420.07382 54.061146 -3.9716005 0
-418.18167 54.093742 -3.9235761 0
-415.10547 54.062004 -3.9716742 0
-397.06845 54.031548 -3.9345229 0
-396.81064 54.055069 -3.9792371 0
-395.46008 54.030945 -3.9788482 0
-415.84738 54.169472 -3.9014754 0
-412.44559 54.146763 -3.9763403 0
-411.858 54.131279 -3.9830661 0
-403.01483 54.154171 -3.9886279 0
-421.16299 54.284924 -3.9327946 0
-420.15515 54.274086 -3.9453156 0
-417.08533 54.271976 -3.9209857 0
-414.81955 54.212105 -3.9351633 0
-414.72852 54.243729 -3.9137967 0
-413.8985 54.268291 -3.9347539 0
-413.63608 54.235565 -3.9487 0
-412.09558 54.200775 -3.979141 0
-394.14157 54.210571 -3.9846261 0
-421.37546 54.323513 -3.9123259 0
-421.06442 54.319218 -3.9273062 0
-420.41943 54.308689 -3.9695194 0
-414.26208 54.312855 -3.9237978 0
-413.98605 54.369526 -3.9983478 0
-412.89359 54.306625 -3.9188764 0
-411.38153 54.316071 -3.9846923 0
-400.13 54.33046 -3.9157622 0
-420.78424 54.447861 -3.9176359 0
-414.33191 54.457623 -3.9142823 0
-351.86188 54.464352 -3.9173527 0
-413.74518 54.572151 -3.9003317 0
-398.70142 54.515198 -3.9275568 0
-351.68246 54.510727 -3.943167 0
-397.26624 54.877121 -3.9396439 0
-396.33731 54.83997 -3.9533575 0
-402.25919 54.90007 -3.9217956 0
-397.92749 54.90694 -3.9301152 0
-414.53229 55.234848 -3.9673345 0
-407.01843 55.28912 -3.9046657 0
-350.22983 55.385914 -3.9436572 0
-415.25668 55.691113 -3.9279644 0
-448.2388 55.740597 -3.9668515 0
-404.15448 55.719128 -3.995049 0
-398.33923 55.91721 -3.9907222 0
-350.30081 56.351112 -3.929183 0
-402.1662 56.677822 -3.9000394 0
-427.86267 50.059589 -3.8662341 0
-360.84164 50.030029 -3.849952 0
-438.2135 50.151756 -3.8625154 0
-427.2655 50.114712 -3.8731575 0
-427.61063 50.294949 -3.8322639 0
-438.59659 50.361786 -3.8631873 0
-427.98328 50.372543 -3.8104208 0
-430.08112 50.448307 -3.8072398 0
-426.29514 50.570351 -3.8772378 0
-439.75003 50.638744 -3.8930082 0
-426.7594 50.619335 -3.8694329 0
-426.45853 50.616333 -3.8742087 0
-426.14124 50.640526 -3.8460858 0
-426.52856 50.720387 -3.8288884 0
-426.36057 50.763103 -3.8261282 0
-426.44696 50.836262 -3.8602221 0
-426.05545 50.857445 -3.8493614 0
-388.10385 50.846626 -3.8432622 0
-426.10126 50.93832 -3.8293829 0
-425.6792 50.991322 -3.875921 0
-425.61456 51.050152 -3.8374407 0
-425.48315 51.070644 -3.8754604 0
-425.15027 51.099728 -3.8741317 0
-425.46906 51.129623 -3.8384297 0
-425.30612 51.107773 -3.8537874 0
-425.21875 51.15591 -3.8235927 0
-425.10635 51.150974 -3.8307605 0
-425.03244 51.141293 -3.8410485 0
-417.26709 51.20932 -3.8459508 0
-442.40756 51.391895 -3.8664031 0
-417.37982 51.348557 -3.8661888 0
-358.94867 51.355774 -3.834794 0
-442.90701 52.009174 -3.8106613 0
-390.75421 52.022102 -3.8769157 0
-414.62268 52.206425 -3.8511486 0
-394.07281 52.312569 -3.8137577 0
-383.92389 52.451107 -3.8220768 0
-390.0733 52.655266 -3.8449619 0
-390.85031 52.7076 -3.8681467 0
-423.4884 52.850609 -3.8704741 0
-390.66769 52.855774 -3.8606536 0
-418.20749 52.9963 -3.806453 0
-390.75244 52.964745 -3.8065491 0
-418.12067 53.097839 -3.8315065 0
-391.01236 53.011303 -3.8541172 0
-418.23093 53.303452 -3.8339884 0
-411.10834 53.302219 -3.8488774 0
-410.89041 53.343616 -3.8028927 0
-395.09808 53.911716 -3.8795705 0
-394.36377 53.938278 -3.8570993 0
-423.20432 54.093594 -3.8428781 0
-393.32217 54.054943 -3.8117244 0
-421.95023 54.16148 -3.8811479 0
-423.37054 54.276466 -3.8432975 0
-417.60596 54.288124 -3.8932047 0
-415.69931 54.241154 -3.8878736 0
-418.26266 54.349541 -3.8072064 0
-415.23776 54.309219 -3.8975317 0
-422.74927 54.438774 -3.8798025 0
-414.96265 54.48806 -3.8940539 0
-414.85419 54.471375 -3.878639 0
-400.43021 54.457703 -3.8890214 0
-421.35596 54.588459 -3.8988624 0
-419.04288 54.562969 -3.8853643 0
-423.24158 54.61079 -3.8030775 0
-420.3436 54.693764 -3.8374252 0
-419.96954 54.667873 -3.8849297 0
-412.91852 54.659439 -3.8752859 0
-399.55539 54.685417 -3.8570802 0
-422.66656 54.757935 -3.8427992 0
-420.13007 54.754692 -3.8509119 0
-418.33878 54.791576 -3.8216484 0
-400.79681 54.715359 -3.8314807 0
-393.50394 54.789639 -3.816705 0
-419.47482 54.838272 -3.8674083 0
-414.5889 54.871807 -3.8042433 0
-412.15054 54.897259 -3.8524013 0
-399.67343 54.888824 -3.8631153 0
-419.7041 54.93269 -3.8346257 0
-419.52237 54.909676 -3.8792822 0
-419.04416 54.917744 -3.8086767 0
-412.74194 54.952953 -3.8659794 0
-420.74054 55.019699 -3.8272178 0
-419.84262 55.013149 -3.8434281 0
-416.80029 55.041096 -3.8338089 0
-444.27255 55.171402 -3.8330824 0
-411.61243 55.192249 -3.8304808 0
-395.81015 55.18446 -3.8033309 0
-412.57828 55.25209 -3.8277881 0
-401.1908 55.39603 -3.8614054 0
-398.53519 55.364796 -3.809242 0
-411.03595 55.556904 -3.8128579 0
-396.71655 55.510124 -3.8786018 0
-405.29736 55.829792 -3.8481035 0
-409.94138 56.908493 -3.825479 0
-351.14441 57.303036 -3.8814566 0
-350.25751 57.758167 -3.8406415 0
-442.30392 50.018341 -3.7041392 0
-442.26801 50.046688 -3.7151849 0
-430.28162 50.082565 -3.7981641 0
-361.60364 50.101532 -3.7414484 0
-361.98886 50.221561 -3.7158496 0
-430.16171 50.372078 -3.7367134 0
-427.95074 50.485619 -3.7770646 0
-429.9454 50.507343 -3.7793579 0
-427.8046 50.540321 -3.7155621 0
-427.76431 50.545769 -3.708627 0
-427.66208 50.55962 -3.764564 0
-427.57941 50.51107 -3.7133315 0
-427.2121 50.559429 -3.7220776 0
-448.65237 50.687607 -3.7191391 0
-427.03204 50.654732 -3.7276449 0
-411.9386 50.691486 -3.717721 0
-448.5719 50.763889 -3.7016091 0
-426.94849 50.739555 -3.7327814 0
-426.2489 50.763447 -3.7081079 0
-426.98013 50.895412 -3.7178202 0
-440.04413 50.964306 -3.7192218 0
-426.18958 50.950294 -3.7004361 0
-425.69281 50.983673 -3.7630591 0
-426.03601 51.026566 -3.7118845 0
-425.87387 51.037235 -3.7145581 0
-425.77927 51.045895 -3.7402782 0
-425.62097 51.065788 -3.7353406 0
-425.57678 51.096111 -3.7380326 0
-425.46347 51.074551 -3.7446485 0
-425.62982 51.118217 -3.7014086 0
-417.24414 51.181435 -3.7161129 0
-417.58133 51.244442 -3.7557876 0
-360.1861 51.548187 -3.7005687 0
-425.19806 51.697147 -3.700953 0
-408.69974 51.892479 -3.7029948 0
-414.6283 52.209541 -3.7450852 0
-441.46146 52.930504 -3.731298 0
-441.37289 52.901646 -3.7436171 0
-410.96173 53.254463 -3.7717857 0
-418.15878 53.584702 -3.7542365 0
-404.1181 53.609734 -3.7876575 0
-404.08453 53.678032 -3.7545972 0
-418.27988 53.845901 -3.7436604 0
-418.17822 53.868134 -3.7337561 0
-355.16071 53.847565 -3.7812228 0
-442.97705 54.130985 -3.7086165 0
-399.44525 54.227188 -3.7389386 0
-354.32651 54.546082 -3.7919807 0
-407.44025 54.691387 -3.7116961 0
-407.59137 54.712208 -3.7734978 0
-413.9205 54.856606 -3.7780194 0
-424.46057 54.930565 -3.7182932 0
-420.72778 54.961967 -3.7871387 0
-419.2854 54.962547 -3.7700164 0
-418.89105 55.090931 -3.7645707 0
-403.15579 55.074509 -3.7741909 0
-418.44626 55.165344 -3.7785006 0
-418.35971 55.130043 -3.7810247 0
-417.68024 55.113361 -3.746206 0
-417.4183 55.197704 -3.7363977 0
-400.65219 55.238949 -3.7510931 0
-354.03647 55.230602 -3.7544444 0
-420.77679 55.37487 -3.7739344 0
-415.06613 55.333317 -3.7025719 0
-398.28375 55.396938 -3.7435875 0
-422.61298 55.40519 -3.7332013 0
-421.27441 55.469315 -3.7415247 0
-420.72101 55.497074 -3.7718134 0
-419.47336 55.489243 -3.7452612 0
-413.14148 55.440418 -3.7713315 0
-413.04941 55.403847 -3.7702274 0
-412.4487 55.455807 -3.759445 0
-398.19592 55.419521 -3.7930155 0
-420.28104 55.519657 -3.732306 0
-413.36856 55.531967 -3.7292418 0
-412.46649 55.544888 -3.7352252 0
-412.3833 55.532688 -3.7362063 0
-411.80164 55.561539 -3.745327 0
-421.57382 55.642204 -3.7386262 0
-414.3035 55.617718 -3.7027063 0
-414.09055 55.690376 -3.7076666 0
-413.22473 55.660881 -3.7232051 0
-413.12045 55.61718 -3.7342319 0
-412.77759 55.676464 -3.7043486 0
-408.3804 55.690083 -3.7673864 0
-396.80167 55.608498 -3.7055089 0
-421.78915 55.736546 -3.7339585 0
-421.19504 55.732956 -3.7078085 0
-412.01495 55.758469 -3.7220197 0
-421.99484 55.863274 -3.7264082 0
-419.87006 55.884712 -3.7206972 0
-403.06235 55.898651 -3.7572634 0
-420.89462 55.975815 -3.7010257 0
-419.39273 55.958683 -3.7137296 0
-391.28275 56.18626 -3.7397475 0
-355.11859 56.66951 -3.7285411 0
-410.33572 56.895214 -3.7968812 0
-410.55557 57.000343 -3.7807724 0
-391.30835 57.021381 -3.7207017 0
-448.05951 50.006138 -3.6435273 0
-441.20462 50.131638 -3.6016371 0
-441.24988 50.256104 -3.6144044 0
-435.3519 50.209526 -3.6174948 0
-431.44498 50.337399 -3.6447809 0
-427.32349 50.365238 -3.6906748 0
-435.12308 50.407192 -3.6196532 0
-434.83517 50.520447 -3.64715 0
-427.81784 50.523972 -3.6425259 0
-427.60425 50.545612 -3.6670439 0
-427.55975 50.519073 -3.6496723 0
-427.44955 50.505981 -3.6310725 0
-427.24738 50.586121 -3.6473455 0
-363.11923 50.592236 -3.674263 0
-434.59534 50.605648 -3.6608789 0
-427.92813 50.65723 -3.6692264 0
-427.06711 50.659981 -3.6372998 0
-427.16177 50.755669 -3.6183383 0
-427.07639 50.76358 -3.6185842 0
-431.11768 50.888306 -3.674931 0
-427.16428 50.893459 -3.6204627 0
-440.03882 50.99789 -3.605468 0
-430.10889 50.99498 -3.6279273 0
-426.73999 50.992611 -3.6478183 0
-426.2699 50.980896 -3.632998 0
-426.19168 50.976513 -3.6210382 0
-426.73639 51.068794 -3.6711597 0
-426.64767 51.089481 -3.6911552 0
-426.53763 51.070049 -3.6359057 0
-426.21246 51.014019 -3.6472716 0
-425.82565 51.079025 -3.6534152 0
-426.61163 51.126904 -3.6978576 0
-417.45499 51.159344 -3.6108603 0
-417.50348 51.256149 -3.6700745 0
-431.36365 51.417782 -3.6164405 0
-439.15164 51.504745 -3.6015291 0
-431.50867 51.534157 -3.6069865 0
-430.85211 51.573456 -3.6457903 0
-430.67755 51.647743 -3.6524301 0
-430.50876 51.772121 -3.6469944 0
-425.07996 51.712959 -3.6472368 0
-430.54825 51.854942 -3.6050429 0
-414.57196 52.152309 -3.6694026 0
-414.61249 52.228924 -3.6852391 0
-394.06104 52.251419 -3.6051943 0
-430.41187 52.455151 -3.6236584 0
-390.33499 52.566185 -3.6243699 0
-390.42947 52.685661 -3.6103899 0
-444.54257 52.733437 -3.6185422 0
-390.5531 52.706097 -3.6282623 0
-359.56839 52.772144 -3.6556923 0
-390.70712 52.850868 -3.6743617 0
-390.65536 52.804379 -3.6213169 0
-390.9014 52.904846 -3.6282377 0
-391.12735 53.038921 -3.6396277 0
-390.92404 53.076862 -3.6231875 0
-443.14575 53.110199 -3.6435235 0
-391.07211 53.163639 -3.6026161 0
-390.80902 53.115017 -3.6281843 0
-410.93683 53.265053 -3.6504455 0
-403.85577 53.386974 -3.6039259 0
-359.55832 53.561028 -3.6328671 0
-404.19449 53.640224 -3.6984966 0
-416.91467 53.717636 -3.6044378 0
-418.30841 53.915592 -3.6910722 0
-417.02478 53.98875 -3.6578405 0
-444.50299 54.079422 -3.6839988 0
-404.90668 54.053551 -3.6596026 0
-424.44421 54.196423 -3.6497798 0
-444.71982 54.225231 -3.6415484 0
-424.46112 54.288788 -3.6124151 0
-444.82895 54.398655 -3.6978943 0
-410.86353 54.45816 -3.6622121 0
-410.71155 54.444836 -3.6294551 0
-410.63544 54.479813 -3.6091938 0
-414.04285 54.778812 -3.6168504 0
-395.2059 55.074512 -3.6182189 0
-424.12427 55.126648 -3.6548634 0
-395.14255 55.116615 -3.680213 0
-403.36008 55.231987 -3.6167381 0
-358.18408 55.265587 -3.6360612 0
-356.46921 55.395386 -3.6949868 0
-423.49438 55.491497 -3.6276627 0
-421.47745 55.541393 -3.6522055 0
-420.95035 55.590397 -3.6546905 0
-420.32565 55.599464 -3.6851976 0
-412.31296 55.561455 -3.6915507 0
-408.34973 55.573364 -3.6758573 0
-423.91226 55.69294 -3.6453903 0
-398.31393 55.675018 -3.6559289 0
-397.26663 55.689003 -3.676739 0
-421.04236 55.710854 -3.6251414 0
-420.21216 55.752636 -3.6575239 0
-419.39716 55.787632 -3.6612105 0
-416.57477 55.747749 -3.6829777 0
-412.66382 55.713772 -3.696285 0
-398.64786 55.708988 -3.6637881 0
-421.71689 55.862484 -3.6211767 0
-421.19928 55.83231 -3.6181242 0
-420.18582 55.886341 -3.6769676 0
-419.47647 55.8438 -3.6590679 0
-419.21625 55.877064 -3.6622186 0
-419.1991 55.85482 -3.6799366 0
-412.59943 55.884136 -3.6792598 0
-395.45172 55.876537 -3.6696799 0
-422.31412 55.92725 -3.6304321 0
-422.10291 55.992359 -3.610944 0
-420.12418 55.902393 -3.6279159 0
-415.01987 55.973991 -3.6487594 0
-413.4628 55.912766 -3.6453936 0
-412.5903 55.952564 -3.690309 0
-391.38733 55.915066 -3.6994698 0
-411.41028 56.060677 -3.6722286 0
-395.97397 56.006062 -3.6695523 0
-390.28952 56.019577 -3.6601989 0
-414.5007 56.104759 -3.6386001 0
-414.40005 56.122387 -3.6377409 0
-414.30783 56.104637 -3.6385524 0
-412.83954 56.132359 -3.6239235 0
-398.80304 56.123241 -3.6145101 0
-422.89978 56.242989 -3.6188033 0
-413.58377 56.398655 -3.6014411 0
-406.68723 56.365665 -3.6686788 0
-394.53934 56.362362 -3.6141224 0
-394.40701 56.464516 -3.6084728 0
-412.50464 56.770477 -3.6216583 0
-410.3201 56.75539 -3.6105378 0
-405.54489 56.760773 -3.6178918 0
-411.44666 56.941807 -3.6077545 0
-409.82486 57.056427 -3.6351309 0
-394.63495 57.466591 -3.6410959 0
-394.42133 57.597485 -3.6482115 0
-448.20831 50.06205 -3.556371 0
-435.21738 50.037029 -3.5202835 0
-363.51407 50.064434 -3.5434361 0
-407.48151 50.343979 -3.5567262 0
-434.71234 50.498535 -3.5745959 0
-427.68494 50.586052 -3.5287945 0
-427.50543 50.544983 -3.5825 0
-427.46231 50.564453 -3.5155678 0
-427.39276 50.557636 -3.527431 0
-386.59424 50.596649 -3.5218964 0
-427.62411 50.655071 -3.5151932 0
-427.14597 50.667965 -3.5429473 0
-424.23038 50.672268 -3.5530527 0
-411.8233 50.628181 -3.5599184 0
-427.15616 50.773811 -3.5085897 0
-424.23837 50.734047 -3.5918884 0
-363.08252 50.728161 -3.5026221 0
-432.31537 50.813271 -3.5789821 0
-427.13348 50.846405 -3.5106077 0
-436.43976 50.920074 -3.5935469 0
-426.42636 50.975521 -3.5652056 0
-363.22891 50.919727 -3.5280287 0
-426.82941 51.077347 -3.5959628 0
-426.36148 51.010017 -3.5766068 0
-431.52927 51.188206 -3.5896056 0
-417.61646 51.298241 -3.5972311 0
-417.58875 51.255871 -3.5003114 0
-436.51547 51.384201 -3.5080259 0
-362.76602 51.349735 -3.5541432 0
-438.84494 51.484631 -3.5178187 0
-431.23508 51.441525 -3.5618556 0
-438.99243 51.515892 -3.5673018 0
-438.73572 51.554077 -3.5073586 0
-433.44485 51.50106 -3.539856 0
-433.17923 51.543915 -3.5520685 0
-362.966 51.746933 -3.5367601 0
-447.66492 51.897678 -3.5491946 0
-425.08673 51.819885 -3.5678694 0
-431.15262 52.064182 -3.5230649 0
-430.75787 52.122124 -3.5378118 0
-414.66287 52.202854 -3.5349755 0
-430.35861 52.703533 -3.5493832 0
-430.28259 52.952656 -3.5119188 0
-403.0592 52.932697 -3.5442703 0
-390.77444 52.974873 -3.5944688 0
-390.75507 53.130753 -3.50789 0
-410.87473 53.294788 -3.5821867 0
-410.97729 53.339458 -3.5159261 0
-428.97 53.517761 -3.5772276 0
-429.32449 53.61969 -3.5487461 0
-403.5694 53.687557 -3.5816178 0
-441.39233 53.977264 -3.540179 0
-424.41812 54.09827 -3.5186672 0
-426.09421 54.118988 -3.5929518 0
-444.81125 54.569942 -3.5671747 0
-426.6409 54.51395 -3.5253966 0
-426.52539 54.569767 -3.534236 0
-426.4126 54.550278 -3.5238552 0
-407.65054 54.649132 -3.5892768 0
-413.99118 54.783993 -3.5519845 0
-414.03189 54.815311 -3.5431955 0
-442.60089 54.921814 -3.5644588 0
-425.58691 54.939957 -3.5545669 0
-442.01904 55.045162 -3.5678048 0
-424.26767 55.007103 -3.5084374 0
-413.73239 55.050449 -3.5412755 0
-418.4646 55.112041 -3.5761714 0
-445.81686 55.267815 -3.5963755 0
-417.89438 55.276119 -3.5841169 0
-418.67505 55.364674 -3.5046346 0
-359.8114 55.382378 -3.5844429 0
-359.48218 55.394524 -3.5923374 0
-424.78009 55.402 -3.518194 0
-424.62921 55.418579 -3.5121481 0
-446.2251 55.735943 -3.5024431 0
-420.96841 55.771816 -3.5733011 0
-424.61346 55.805012 -3.5265651 0
-421.13577 55.862778 -3.5822256 0
-412.34586 55.828194 -3.5304427 0
-421.42209 55.99527 -3.5798073 0
-421.23315 55.952236 -3.5221364 0
-420.66043 55.993088 -3.5203815 0
-420.16995 55.968063 -3.5687237 0
-412.59641 55.956459 -3.5180173 0
-392.0473 55.901054 -3.5857813 0
-420.95486 56.023884 -3.5011606 0
-420.75037 56.061577 -3.5144188 0
-419.9281 56.075275 -3.5825186 0
-412.39706 56.009377 -3.5958915 0
-412.23349 56.048054 -3.5280926 0
-389.00568 56.000942 -3.5847359 0
-446.78806 56.192539 -3.5903525 0
-420.12711 56.115746 -3.5127699 0
-419.85385 56.107658 -3.5866065 0
-422.70218 56.297501 -3.5988081 0
-414.60181 56.221401 -3.5968351 0
-398.92267 56.285046 -3.5420632 0
-422.67853 56.389912 -3.5899308 0
-421.84607 56.433769 -3.5130873 0
-416.0679 56.414413 -3.5857921 0
-415.97739 56.428844 -3.5897858 0
-413.79358 56.439079 -3.5897088 0
-413.03458 56.433014 -3.5855374 0
-397.09253 56.484016 -3.5515883 0
-422.49652 56.589844 -3.5918403 0
-396.63751 56.557594 -3.5441723 0
-419.75909 56.641132 -3.5788891 0
-416.92795 56.69627 -3.5405645 0
-402.99417 56.681522 -3.5656285 0
-402.6142 56.658291 -3.5686076 0
-402.49008 56.669056 -3.5804503 0
-396.51685 56.617012 -3.5448833 0
-417.03189 56.726181 -3.5294971 0
-403.36661 56.716839 -3.5412159 0
-358.66687 56.795757 -3.5334427 0
-410.38953 56.864117 -3.5951595 0
-394.74637 56.804897 -3.5286889 0
-411.90155 56.9697 -3.5076735 0
-411.78363 56.995979 -3.5011816 0
-411.32922 56.95269 -3.5563574 0
-410.82629 56.906536 -3.5683243 0
-403.0191 56.965366 -3.5380924 0
-422.48749 57.06105 -3.5515325 0
-402.46277 57.024399 -3.5436409 0
-392.06036 57.069416 -3.5673461 0
-411.47534 57.118752 -3.5401375 0
-445.59732 57.231312 -3.5215502 0
-410.10336 57.210594 -3.5922534 0
-410.06183 57.267475 -3.5827441 0
-392.07178 57.313332 -3.5537102 0
-391.48911 57.39695 -3.5376239 0
-415.83218 57.435146 -3.5082312 0
-411.02975 57.423733 -3.5093961 0
-408.88693 57.480797 -3.5487571 0
-408.77853 57.491272 -3.5417137 0
-395.61902 57.594063 -3.5934107 0
-391.168 57.542507 -3.5263276 0
-402.30634 57.674484 -3.5639827 0
-401.99692 57.744877 -3.5394475 0
-350.57632 57.948025 -3.546149 0
-357.14539 58.192036 -3.5574043 0
-441.25842 50.226662 -3.4504814 0
-362.62341 50.293427 -3.4952064 0
-362.56674 50.304573 -3.4352465 0
-427.65488 50.473473 -3.4004884 0
-427.65509 50.529129 -3.4755933 0
-427.26624 50.604973 -3.487453 0
-427.18314 50.653088 -3.4502978 0
-424.35992 50.689617 -3.4897912 0
-427.2023 50.791153 -3.4577222 0
-413.29568 50.776913 -3.4104218 0
-427.08426 51.093082 -3.4858057 0
-438.77036 51.525562 -3.4992299 0
-438.62891 51.578175 -3.462889 0
-436.78729 51.520313 -3.4670103 0
-436.39279 51.577538 -3.4502509 0
-438.67093 51.668056 -3.4734848 0
-417.7142 51.634884 -3.489872 0
-438.52777 51.751125 -3.4725337 0
-437.28381 52.029659 -3.4968653 0
-414.55722 52.19733 -3.4122937 0
-414.89429 52.348194 -3.4157741 0
-434.5462 52.615555 -3.4435365 0
-390.47662 52.667591 -3.4301112 0
-390.38705 52.683945 -3.4229126 0
-439.58087 52.738743 -3.4972477 0
-390.66849 52.770329 -3.4980116 0
-390.55237 52.716591 -3.4279695 0
-430.53482 52.8689 -3.4814827 0
-390.97537 52.991539 -3.470726 0
-390.66727 52.999588 -3.4754913 0
-442.92371 53.059483 -3.4568875 0
-390.60315 53.089512 -3.4588895 0
-443.59326 53.178925 -3.4131033 0
-410.93823 53.278637 -3.479609 0
-432.10443 53.456814 -3.4001384 0
-430.1308 53.463383 -3.4571006 0
-449.93085 53.515549 -3.4019363 0
-425.40182 53.594566 -3.4847341 0
-415.7793 53.713596 -3.4612246 0
-389.84454 53.729759 -3.4762917 0
-399.38806 53.972496 -3.4360127 0
-412.42987 54.070583 -3.460094 0
-444.68686 54.473026 -3.4924154 0
-410.73428 54.46674 -3.4501765 0
-410.89227 54.514278 -3.4283202 0
-360.6051 54.911743 -3.4333212 0
-360.59995 54.992058 -3.43451 0
-395.17291 55.048401 -3.4791341 0
-360.90466 55.09166 -3.4568129 0
-425.10355 55.496929 -3.4952242 0
-412.42072 55.653793 -3.4742622 0
-445.27194 55.811031 -3.4159811 0
-425.54254 55.865601 -3.4869957 0
-421.35791 55.979744 -3.4321384 0
-421.18716 55.935295 -3.4998515 0
-420.93887 55.955261 -3.4385271 0
-360.3418 55.922356 -3.4434187 0
-425.46112 56.006969 -3.4867508 0
-420.65878 56.07159 -3.491138 0
-420.44333 56.095573 -3.4591415 0
-412.26678 56.07785 -3.4600272 0
-441.70682 56.196819 -3.4496648 0
-421.00116 56.198959 -3.4577959 0
-420.51392 56.184898 -3.4631276 0
-420.18848 56.151726 -3.4572916 0
-360.06863 56.121773 -3.4552138 0
-420.58542 56.206722 -3.4169149 0
-360.0289 56.278324 -3.4555652 0
-422.28287 56.314747 -3.430021 0
-401.3382 56.376675 -3.4856451 0
-424.54001 56.448196 -3.47648 0
-443.74023 56.680229 -3.4750271 0
-424.02591 56.699455 -3.4501543 0
-418.63242 56.660156 -3.4693265 0
-415.96307 56.614201 -3.4945638 0
-397.61609 56.762115 -3.451896 0
-396.96829 56.72385 -3.4167981 0
-445.25134 56.805672 -3.4265177 0
-414.56604 56.848183 -3.4806311 0
-415.82208 56.921566 -3.4390051 0
-401.5773 56.995411 -3.4879982 0
-416.51175 57.104076 -3.4811623 0
-443.54538 57.279778 -3.43084 0
-410.55612 57.226463 -3.4537673 0
-443.97397 57.376923 -3.4238231 0
-444.27704 57.418922 -3.4467461 0
-423.24451 57.446068 -3.4320655 0
-416.50171 57.482998 -3.4004543 0
-412.24194 57.517109 -3.4135561 0
-401.44696 57.615376 -3.4298882 0
-380.26007 57.649738 -3.4709005 0
-412.27032 57.791561 -3.4167743 0
-422.1705 57.8764 -3.4232526 0
-408.1983 57.859776 -3.4731629 0
-419.11234 57.972813 -3.4343457 0
-409.4631 58.096436 -3.4821944 0
-402.13638 58.036411 -3.4874911 0
-392.00613 58.027344 -3.4157112 0
-391.45291 58.071243 -3.4127204 0
-412.6727 58.190395 -3.4861658 0
-407.79092 58.199059 -3.4899666 0
-358.5148 58.127438 -3.4260983 0
-407.74515 58.246571 -3.4463501 0
-405.68689 58.583958 -3.4803193 0
-405.94046 58.651363 -3.4176004 0
-398.87704 58.769825 -3.4021816 0
-405.29926 59.45377 -3.410496 0
-448.51382 59.555752 -3.4274263 0
-449.7309 60.149361 -3.4487896 0
-447.9816 50.077335 -3.3121607 0
-363.78064 50.172932 -3.3147361 0
-427.74908 50.55442 -3.3804338 0
-427.56601 50.526928 -3.3349209 0
-427.44113 50.537567 -3.3923798 0
-427.21524 50.750427 -3.3607473 0
-427.19977 50.754421 -3.324559 0
-363.81592 51.127728 -3.3678777 0
-442.07419 51.295147 -3.3008151 0
-417.59717 51.225548 -3.3722339 0
-442.1918 51.314285 -3.3251023 0
-438.86996 51.538002 -3.3647599 0
-425.11679 51.702759 -3.3937221 0
-434.93552 51.838406 -3.3598526 0
-372.76294 52.142109 -3.3845329 0
-416.11404 52.792015 -3.3579373 0
-408.17538 52.77293 -3.3091178 0
-390.60391 52.709011 -3.3788955 0
-390.23804 52.787708 -3.3277745 0
-374.49234 52.985939 -3.3303852 0
-434.70734 53.005188 -3.3880906 0
-391.02692 53.090343 -3.3069766 0
-443.51675 53.142654 -3.396111 0
-410.92667 53.269394 -3.340574 0
-410.89767 53.286205 -3.3992369 0
-435.77011 53.566162 -3.3004925 0
-374.58615 53.592293 -3.3862617 0
-417.33328 53.702793 -3.3582513 0
-389.78638 53.717247 -3.3125772 0
-431.24402 53.881111 -3.3725533 0
-404.97171 53.905407 -3.3651302 0
-430.37247 54.036015 -3.3453326 0
-429.70578 54.171822 -3.3953853 0
-417.25833 54.213417 -3.3488095 0
-417.47318 54.446182 -3.3307741 0
-410.8118 54.452454 -3.3183727 0
-413.87488 54.959438 -3.3354013 0
-395.18488 55.033054 -3.3044631 0
-408.47461 55.489574 -3.3426783 0
-423.35782 55.572895 -3.38293 0
-408.49539 55.509499 -3.3632543 0
-384.35233 55.761822 -3.3595939 0
-420.96225 56.021858 -3.336823 0
-441.08319 56.307522 -3.3965247 0
-422.24551 56.308872 -3.3862028 0
-448.84656 56.469273 -3.3861799 0
-389.04507 56.42403 -3.3318777 0
-440.67587 56.680183 -3.3250761 0
-423.97226 56.67868 -3.3339505 0
-425.66116 56.892651 -3.3877912 0
-425.58218 56.913826 -3.3882647 0
-444.4191 57.597416 -3.3947871 0
-424.16367 57.791756 -3.3101296 0
-416.26633 57.700466 -3.3617213 0
-413.53073 57.788559 -3.3705533 0
-410.63034 57.71273 -3.3634396 0
-393.80862 57.792942 -3.3771327 0
-413.4335 57.811825 -3.3731654 0
-423.99457 57.976402 -3.3150516 0
-413.09991 57.950329 -3.3493962 0
-412.6326 58.043476 -3.3460732 0
-401.22348 58.01857 -3.3073792 0
-398.3725 58.005001 -3.3660343 0
-417.99371 58.130859 -3.3367805 0
-409.85873 58.164196 -3.393044 0
-409.75385 58.196144 -3.3871517 0
-397.59924 58.192883 -3.340472 0
-391.22656 58.136356 -3.3964982 0
-422.88126 58.216991 -3.3669913 0
-413.52484 58.261189 -3.3730342 0
-403.03442 58.237 -3.3436189 0
-409.5614 58.387005 -3.378 0
-403.64545 58.325413 -3.3229616 0
-392.97803 58.317471 -3.3726747 0
-416.76062 58.441574 -3.3601582 0
-409.43704 58.410587 -3.3711774 0
-405.42923 58.436386 -3.3911076 0
-392.2352 58.494812 -3.3370297 0
-413.83145 58.562672 -3.3427536 0
-391.69849 58.556374 -3.3275254 0
-423.15213 58.631382 -3.3050582 0
-421.09882 58.61829 -3.3531396 0
-419.10114 58.698792 -3.3247929 0
-404.22473 58.729855 -3.3887706 0
-407.92587 58.893623 -3.3044891 0
-405.97678 58.840778 -3.3826606 0
-405.89169 58.891335 -3.3827314 0
-408.90158 58.918243 -3.3001032 0
-399.4632 59.057716 -3.3356898 0
-414.54889 59.335213 -3.3635998 0
-449.41324 59.542068 -3.3928521 0
-350.09448 59.770702 -3.3955276 0
-435.07028 50.599072 -3.2832766 0
-427.65942 50.54689 -3.2521033 0
-427.4628 50.547504 -3.2247391 0
-424.30432 50.597771 -3.2409918 0
-434.48007 50.602383 -3.2549338 0
-427.26422 50.658062 -3.2426677 0
-424.2822 50.654839 -3.2714286 0
-364.05981 50.675167 -3.2627859 0
-448.54401 50.717896 -3.2532668 0
-363.2453 50.831512 -3.2946842 0
-417.48181 51.149971 -3.2495365 0
-442.17599 51.267155 -3.2923572 0
-417.56451 51.206692 -3.2239828 0
-442.02109 51.344337 -3.2714176 0
-438.9101 51.56514 -3.2464564 0
-438.80945 51.532028 -3.2325449 0
-438.74255 51.570457 -3.2862546 0
-378.58368 51.617966 -3.2984962 0
-438.52512 51.736324 -3.2110476 0
-416.68994 51.818092 -3.2600048 0
-417.01318 52.136082 -3.230999 0
-416.93216 52.150639 -3.235554 0
-374.31198 52.546581 -3.2642446 0
-390.56442 52.766678 -3.2009351 0
-390.2149 52.787086 -3.2379789 0
-390.9389 52.877308 -3.2726903 0
-390.78171 53.062923 -3.2997961 0
-390.6073 53.099812 -3.2903061 0
-390.53079 53.176659 -3.2018046 0
-364.27631 53.190285 -3.2477651 0
-410.85303 53.317684 -3.2879145 0
-364.33282 53.464706 -3.283879 0
-434.56604 53.538662 -3.2886641 0
-432.41925 53.742847 -3.2462504 0
-432.1355 53.987431 -3.295265 0
-416.5838 53.971344 -3.2937837 0
-404.88742 53.992802 -3.2510664 0
-432.45029 54.015747 -3.2973387 0
-430.84674 54.028812 -3.2593012 0
-430.75012 54.054707 -3.2583773 0
-441.46442 54.183231 -3.2830448 0
-441.33875 54.157757 -3.2077241 0
-431.60483 54.262741 -3.2400486 0
-442.4566 54.469749 -3.2639122 0
-442.43536 54.513618 -3.2575896 0
-441.08841 54.590912 -3.2971947 0
-432.69672 54.531582 -3.2381222 0
-431.47815 54.537415 -3.2123497 0
-411.07953 54.580631 -3.2870629 0
-441.15518 54.605965 -3.2797947 0
-414.09149 54.768459 -3.28614 0
-428.77713 54.824673 -3.2781999 0
-418.11212 55.293159 -3.2746904 0
-363.55508 55.207787 -3.2684844 0
-429.05182 55.557007 -3.2484434 0
-408.45331 55.64542 -3.2463145 0
-446.20169 55.722832 -3.2421918 0
-449.94742 55.923687 -3.288507 0
-428.79904 55.987198 -3.2376807 0
-421.2244 55.986156 -3.2765627 0
-421.09991 56.014442 -3.2608454 0
-421.26755 56.138996 -3.2529886 0
-420.77225 56.164093 -3.239109 0
-422.19873 56.260899 -3.2588129 0
-422.16907 56.341331 -3.2411258 0
-388.99023 56.30051 -3.2752879 0
-388.57962 56.391178 -3.2193317 0
-415.9884 56.499649 -3.2359633 0
-397.20322 56.4203 -3.2981706 0
-389.07031 56.436054 -3.2754743 0
-384.38635 56.462879 -3.2055652 0
-428.53375 56.517818 -3.206532 0
-427.3652 56.624115 -3.2174933 0
-362.95712 57.072239 -3.2560987 0
-445.97955 57.970905 -3.2312083 0
-390.80963 58.099251 -3.2398748 0
-444.48004 58.178932 -3.2196279 0
-444.23117 58.164391 -3.2076545 0
-399.93289 58.252331 -3.2595029 0
-399.1554 58.233315 -3.249459 0
-399.16486 58.400768 -3.2125952 0
-423.7074 58.551529 -3.2884021 0
-411.50461 58.666775 -3.2224996 0
-427.6333 58.76622 -3.2056477 0
-408.60995 58.895538 -3.288825 0
-422.23276 58.939762 -3.2982781 0
-408.75458 58.957958 -3.277652 0
-408.46133 58.924446 -3.2761595 0
-403.41284 58.977383 -3.2114196 0
-408.92294 59.031612 -3.2781734 0
-403.1611 59.073174 -3.2043538 0
-402.85526 59.024578 -3.2242785 0
-423.11154 59.206593 -3.2877073 0
-404.04376 59.239998 -3.2084203 0
-401.76654 59.296131 -3.2679904 0
-409.11841 59.329269 -3.2493541 0
-408.84772 59.332832 -3.2374613 0
-405.86044 59.385155 -3.2540419 0
-407.0564 59.442196 -3.2209949 0
-409.93427 59.559238 -3.2130201 0
-406.5022 59.684929 -3.2379413 0
-394.09961 59.952076 -3.2882316 0
-353.14453 64.607758 -3.2014339 0
-363.67154 50.142128 -3.16977 0
-407.88751 50.238396 -3.1385784 0
-427.76584 50.568745 -3.1355 0
-427.60864 50.505798 -3.1793985 0
-427.5816 50.539505 -3.1548104 0
-424.34555 50.543648 -3.1721632 0
-435.00519 50.617691 -3.1771698 0
-427.85818 50.612579 -3.180758 0
-427.22702 50.655048 -3.1478903 0
-424.30969 50.636276 -3.1644173 0
-424.25369 50.678104 -3.1985385 0
-413.43079 50.772156 -3.1187041 0
-363.18362 50.932072 -3.178617 0
-442.0936 51.187656 -3.1044168 0
-442.03351 51.28051 -3.1103616 0
-417.47208 51.20216 -3.1455064 0
-438.69836 51.566044 -3.1980996 0
-378.50705 51.54475 -3.1883049 0
-438.60199 51.677101 -3.189327 0
-425.04868 51.69202 -3.1439061 0
-378.52972 51.621029 -3.1906374 0
-374.04688 52.537426 -3.1442361 0
-390.38715 52.645466 -3.1823359 0
-390.48306 52.73811 -3.1078827 0
-390.25229 52.819126 -3.1520336 0
-391.07129 52.942211 -3.1507552 0
-390.96173 53.052628 -3.1542125 0
-391.02585 53.172054 -3.1566389 0
-410.92975 53.255161 -3.1879873 0
-410.86853 53.239735 -3.1255639 0
-436.4462 53.435337 -3.1727641 0
-398.53769 53.536659 -3.1116354 0
-441.46152 54.168781 -3.1731458 0
-434.66217 54.32106 -3.1744387 0
-434.04346 54.33432 -3.1962044 0
-441.0014 54.698658 -3.1781006 0
-435.2233 54.792324 -3.1224627 0
-414.15027 54.724152 -3.146956 0
-360.81415 55.171577 -3.1942563 0
-360.54495 55.171829 -3.1188796 0
-361.17953 55.310318 -3.1894994 0
-411.88492 55.452682 -3.151356 0
-445.16052 55.720646 -3.1839139 0
-429.72928 55.79583 -3.1767011 0
-424.64157 55.826015 -3.1817963 0
-421.04794 55.992233 -3.135155 0
-421.00299 56.007133 -3.1005132 0
-420.93045 56.019939 -3.1756811 0
-438.07831 56.182228 -3.1152041 0
-428.76978 56.114712 -3.1930027 0
-421.32526 56.151253 -3.1407151 0
-420.85699 56.109112 -3.1223676 0
-420.79517 56.117905 -3.107724 0
-429.50034 56.212784 -3.1006167 0
-388.75671 56.236198 -3.1692488 0
-437.81097 56.383797 -3.1053607 0
-388.4816 56.330379 -3.1015563 0
-428.98242 56.48251 -3.1003103 0
-428.7037 56.415283 -3.1543581 0
-427.84457 56.659767 -3.1833241 0
-428.31439 56.723858 -3.1932046 0
-406.37366 56.914413 -3.1125085 0
-440.43777 57.152664 -3.1241951 0
-426.95212 57.312119 -3.1560984 0
-442.93655 57.59277 -3.1744621 0
-442.89734 57.636112 -3.194155 0
-442.77417 57.655449 -3.1574531 0
-427.4653 57.663734 -3.1278584 0
-380.49677 57.805908 -3.1400719 0
-389.93698 58.103489 -3.1350863 0
-443.61908 58.281055 -3.187156 0
-444.02777 58.306229 -3.1502712 0
-401.85452 58.424667 -3.1900098 0
-402.28976 58.767399 -3.1714802 0
-398.60468 58.73407 -3.195823 0
-415.06317 58.85627 -3.1000957 0
-414.09268 58.831432 -3.1791639 0
-402.39664 58.883835 -3.1757643 0
-414.86746 58.917477 -3.1994009 0
-415.46655 59.060928 -3.1040049 0
-423.95859 59.155968 -3.168107 0
-445.66098 59.25193 -3.1630564 0
-413.74658 59.32021 -3.1074376 0
-385.27267 59.383598 -3.1309109 0
-445.62582 59.451134 -3.1558607 0
-385.36005 59.432972 -3.1767077 0
-448.29486 59.632572 -3.126977 0
-404.69943 59.673241 -3.1102152 0
-403.77386 59.629761 -3.1260712 0
-385.15451 59.672916 -3.1215279 0
-409.71216 59.785789 -3.1403222 0
-405.62515 59.879719 -3.1516178 0
-405.48978 59.875626 -3.1429594 0
-423.9985 59.959862 -3.1369677 0
-423.23468 59.983215 -3.1707251 0
-408.45587 59.974712 -3.1459155 0
-446.47787 60.159534 -3.1316767 0
-423.61703 60.120693 -3.1529925 0
-423.23709 60.146458 -3.1152995 0
-396.48062 60.298222 -3.1866784 0
-390.853 60.233639 -3.1571681 0
-407.72839 60.45787 -3.1330466 0
-377.09961 60.78833 -3.1355922 0
-390.41766 61.088097 -3.1179717 0
-406.9577 61.624069 -3.1007318 0
-353.40662 64.793686 -3.1706975 0
-441.31284 50.206886 -3.0593877 0
-427.66946 50.393684 -3.0392747 0
-434.78867 50.591099 -3.0637994 0
-427.4169 50.579674 -3.0811877 0
-427.0545 50.541916 -3.0993884 0
-426.96207 50.52203 -3.0677114 0
-434.96628 50.634613 -3.0042615 0
-427.82193 50.654125 -3.0177565 0
-434.74084 50.703236 -3.0765646 0
-427.34503 50.715202 -3.0233936 0
-442.15665 51.178528 -3.0797713 0
-438.85751 51.513588 -3.0392528 0
-438.73593 51.560543 -3.0169332 0
-438.56784 51.619644 -3.0425472 0
-438.17795 51.760563 -3.0876672 0
-425.14337 51.700073 -3.0089934 0
-390.46597 52.599354 -3.036351 0
-390.51178 52.64193 -3.0508921 0
-390.48419 52.609894 -3.0401132 0
-373.73706 52.667358 -3.0355127 0
-408.24814 52.800774 -3.0868118 0
-408.11603 52.830406 -3.0143707 0
-391.10526 52.874229 -3.0271657 0
-390.6387 52.842167 -3.0687172 0
-390.62665 52.910969 -3.0377755 0
-390.78433 53.054436 -3.045176 0
-436.43036 53.390068 -3.0048609 0
-364.55756 53.417358 -3.0025997 0
-405.06006 53.894592 -3.0642688 0
-430.22443 53.912357 -3.0864873 0
-405.01157 53.974445 -3.0536275 0
-441.43805 54.138592 -3.0147812 0
-430.04819 54.27721 -3.0462408 0
-430.86365 54.357639 -3.05882 0
-431.05994 54.417919 -3.0483193 0
-410.74216 54.40118 -3.0747211 0
-410.66376 54.473526 -3.0934522 0
-414.04507 54.701202 -3.0049448 0
-441.06018 54.855991 -3.0604813 0
-395.09216 54.978802 -3.0235975 0
-360.6272 55.128521 -3.0491383 0
-432.71805 55.2896 -3.0726919 0
-432.91699 55.362606 -3.0660694 0
-432.66443 55.453724 -3.0624766 0
-434.73416 55.597813 -3.0567217 0
-408.38077 55.622292 -3.0767386 0
-384.21799 55.795063 -3.0265529 0
-434.62781 55.801067 -3.066227 0
-434.5304 55.878746 -3.0219295 0
-434.04654 55.863293 -3.0525663 0
-434.44943 55.955784 -3.0118308 0
-433.59207 55.904766 -3.0467188 0
-433.22629 55.908379 -3.0446694 0
-421.09225 55.995686 -3.0626786 0
-412.43317 55.970596 -3.0502963 0
-421.16125 56.049446 -3.0521517 0
-421.00394 56.040943 -3.0494552 0
-438.11234 56.212303 -3.0627377 0
-437.26111 56.206985 -3.0891864 0
-420.71747 56.326721 -3.0621603 0
-389.02936 56.394375 -3.063803 0
-384.40872 56.535721 -3.0137839 0
-383.99271 56.592136 -3.0257435 0
-397.00714 56.728653 -3.0462656 0
-439.42432 56.930637 -3.0869954 0
-438.77625 56.996395 -3.0486896 0
-428.54446 57.090637 -3.0166941 0
-380.24274 57.715492 -3.0410819 0
-440.6282 57.901588 -3.0576861 0
-448.63776 58.020592 -3.0764942 0
-427.95404 58.229385 -3.0153484 0
-444.69617 58.440395 -3.0204883 0
-411.49448 58.566185 -3.0475934 0
-443.37512 58.61314 -3.0994167 0
-426.86966 58.667217 -3.0733883 0
-411.40955 58.620914 -3.0198104 0
-413.31793 59.101318 -3.0041826 0
-393.35446 59.168053 -3.0679767 0
-447.08273 59.234711 -3.0954087 0
-426.53467 59.222672 -3.0317578 0
-414.56372 59.253639 -3.011138 0
-402.62152 59.298454 -3.0780141 0
-407.67493 59.379749 -3.0685477 0
-400.15341 59.362785 -3.0405958 0
-396.61136 59.367035 -3.0874789 0
-414.40628 59.479301 -3.0858698 0
-403.05347 59.441071 -3.0709326 0
-399.67126 59.491596 -3.0749493 0
-396.42184 59.426811 -3.0881398 0
-395.39313 59.469578 -3.0490978 0
-403.18137 59.559517 -3.065371 0
-395.87674 59.501667 -3.0788972 0
-411.759 59.602131 -3.0848606 0
-411.26819 59.884861 -3.022619 0
-414.39389 59.984524 -3.0727699 0
-404.21564 59.948929 -3.0372283 0
-403.68738 59.962704 -3.0461242 0
-403.30237 59.945435 -3.0258427 0
-414.164 60.037998 -3.0640647 0
-412.06564 60.094505 -3.002032 0
-411.32028 60.042374 -3.0084326 0
-404.71622 60.001793 -3.0902188 0
-401.83072 60.057022 -3.0069115 0
-391.8006 60.160309 -3.0391552 0
-414.21948 60.260292 -3.00594 0
-413.69379 60.230621 -3.0570271 0
-407.05408 60.262642 -3.0545366 0
-408.38358 60.369808 -3.014432 0
-423.29343 60.446484 -3.0839269 0
-403.84402 60.474323 -3.0053613 0
-391.21875 60.6143 -3.0277271 0
-381.46552 60.731953 -3.0269263 0
-421.52042 60.961823 -3.0916543 0
-421.30179 60.906914 -3.0912864 0
-404.41061 61.409615 -3.0209441 0
-388.34073 61.523445 -3.0062828 0
-388.24576 61.513298 -3.0038433 0
-449.22012 61.664185 -3.0897052 0
-385.28641 61.622009 -3.0048821 0
-369.11591 50.0672 -2.9127414 0
-427.59991 50.498322 -2.9532924 0
-427.44922 50.498154 -2.9529285 0
-434.82669 50.505928 -2.9923396 0
-434.77841 50.533112 -2.9975312 0
-427.68698 50.571175 -2.9421108 0
-434.99545 50.62072 -2.9108915 0
-424.42126 50.609055 -2.9533501 0
-417.55676 51.15974 -2.9487116 0
-417.49139 51.170235 -2.910742 0
-438.85889 51.48288 -2.9970756 0
-438.79068 51.48806 -2.982841 0
-433.23486 51.420292 -2.9821603 0
-438.76065 51.53764 -2.9523191 0
-378.50107 51.550728 -2.9207728 0
-366.71216 51.519886 -2.9015849 0
-414.54037 52.189381 -2.9524972 0
-394.21948 52.274422 -2.9841921 0
-439.20035 52.39711 -2.9848492 0
-390.28839 52.367168 -2.9942486 0
-373.7171 52.41785 -2.9815826 0
-390.46216 52.580593 -2.9214447 0
-390.34122 52.530857 -2.9178007 0
-390.34595 52.684719 -2.9616184 0
-390.26068 52.63208 -2.919126 0
-373.63354 52.637142 -2.9226027 0
-390.73236 53.08284 -2.918891 0
-390.73938 53.131367 -2.9342334 0
-374.29492 53.114765 -2.9585071 0
-410.82016 53.264732 -2.948585 0
-410.81134 53.324886 -2.905179 0
-389.78339 53.658745 -2.9960363 0
-371.02167 53.783264 -2.9079928 0
-430.16901 53.932652 -2.9156032 0
-412.42953 53.998699 -2.9947133 0
-405.05707 53.983879 -2.9937797 0
-371.33765 53.932243 -2.9213374 0
-412.37482 54.021225 -2.99155 0
-441.50278 54.149708 -2.9348094 0
-430.21359 54.249474 -2.927927 0
-431.18088 54.382912 -2.9521961 0
-430.62009 54.351791 -2.911119 0
-430.535 54.300495 -2.9533367 0
-430.81042 54.462994 -2.9934418 0
-430.30383 54.400017 -2.9168689 0
-441.59796 54.566376 -2.9233766 0
-431.07303 54.562191 -2.9116378 0
-431.71399 55.714714 -2.9934223 0
-384.17197 55.870419 -2.9007709 0
-435.09036 55.986687 -2.9870112 0
-421.00452 55.994602 -2.9376559 0
-412.3418 55.950001 -2.9741895 0
-421.11331 56.077332 -2.9123077 0
-420.81235 56.063026 -2.9014719 0
-445.76855 56.166592 -2.9793313 0
-435.15192 56.154682 -2.9615555 0
-421.27994 56.156723 -2.9517517 0
-420.80396 56.150948 -2.9347217 0
-421.40234 56.206688 -2.9885304 0
-388.90347 56.272385 -2.9763777 0
-388.79453 56.254887 -2.9844265 0
-384.35242 56.222355 -2.9071584 0
-389.03613 56.320477 -2.9017169 0
-388.54395 56.339195 -2.9864359 0
-384.29971 56.368439 -2.9815249 0
-384.2283 56.449051 -2.9551787 0
-436.56485 56.700253 -2.9747958 0
-436.22299 56.716999 -2.91137 0
-430.07901 56.7556 -2.937665 0
-436.39722 56.839558 -2.9016883 0
-397.12131 56.809448 -2.9898562 0
-428.61108 56.985126 -2.9206975 0
-377.27957 57.074711 -2.9665544 0
-408.72995 57.411064 -2.9779568 0
-442.40875 57.900146 -2.9765387 0
-444.30026 58.329224 -2.9961424 0
-411.36014 58.530243 -2.9311621 0
-411.41925 58.607853 -2.9963393 0
-411.27341 58.645737 -2.9498105 0
-427.65488 58.716549 -2.9117596 0
-386.18915 58.949348 -2.9775598 0
-426.96252 59.025661 -2.9391246 0
-400.77286 59.450592 -2.9291291 0
-385.2251 59.642387 -2.9259696 0
-401.21121 59.996891 -2.9060886 0
-395.74442 59.936531 -2.9091885 0
-402.02649 60.087082 -2.9628055 0
-413.91797 60.202263 -2.9954536 0
-402.06625 60.24884 -2.9600744 0
-396.23911 60.254784 -2.9400334 0
-395.83463 60.237408 -2.9334667 0
-403.57257 60.383152 -2.9923205 0
-409.10349 60.587101 -2.9569645 0
-408.07736 60.511318 -2.9902422 0
-446.00153 60.768993 -2.9875536 0
-409.98239 60.873737 -2.9325891 0
-403.04535 60.860191 -2.9324441 0
-409.78055 60.939373 -2.9071269 0
-381.59006 60.917854 -2.969502 0
-408.54443 61.161274 -2.9997644 0
-408.70337 61.287601 -2.9229743 0
-407.03021 61.377628 -2.9797764 0
-390.5889 61.323311 -2.937587 0
-449.3685 62.471413 -2.9179051 0
-405.16904 62.447868 -2.9119086 0
-388.12894 62.58847 -2.9818072 0
-387.1994 63.653191 -2.9009783 0
-354.22208 65.17466 -2.9832268 0
-353.70618 65.204971 -2.9510205 0
-434.8476 50.494877 -2.8128388 0
-427.755 50.464005 -2.8604701 0
-427.43256 50.487228 -2.8639438 0
-372.54053 50.467678 -2.8191566 0
-427.34183 50.549446 -2.8245804 0
-424.42059 50.597321 -2.825351 0
-427.21469 50.615772 -2.8671718 0
-424.33731 50.618015 -2.897121 0
-367.34756 50.650681 -2.8793283 0
-427.30402 50.776196 -2.8625774 0
-427.1843 50.74752 -2.8774707 0
-365.88565 51.048817 -2.8873696 0
-433.23956 51.383709 -2.8629189 0
-368.52826 51.366745 -2.8488653 0
-368.48849 51.353714 -2.8371599 0
-365.71811 51.474037 -2.8760827 0
-378.31039 51.555092 -2.8213851 0
-438.60794 51.638641 -2.8554246 0
-438.46082 51.672607 -2.8889413 0
-425.12314 51.617271 -2.8454688 0
-368.73917 51.713142 -2.8050106 0
-367.8027 51.902931 -2.868124 0
-393.7464 52.078789 -2.8303373 0
-393.64838 52.085415 -2.8314741 0
-414.60995 52.235497 -2.8951275 0
-394.13608 52.22876 -2.853091 0
-371.36404 52.578587 -2.8999782 0
-367.22885 52.584667 -2.8246715 0
-390.53769 52.677071 -2.8735218 0
-373.8942 52.612453 -2.8244588 0
-373.68121 52.652855 -2.8476701 0
-390.55078 52.758659 -2.8981824 0
-374.20285 52.763813 -2.871846 0
-373.96167 52.706383 -2.8125219 0
-373.59741 52.756367 -2.8807049 0
-443.5463 53.081833 -2.8418653 0
-410.80975 53.18111 -2.8129203 0
-391.08716 53.134941 -2.8123837 0
-390.69406 53.163319 -2.8571515 0
-434.71667 53.99691 -2.855746 0
-405.0267 53.999409 -2.8545642 0
-404.98691 53.949329 -2.8696041 0
-434.80106 54.060474 -2.8324003 0
-430.47308 54.331226 -2.84677 0
-430.35275 54.324436 -2.8352895 0
-430.77051 54.438442 -2.8845904 0
-414.3244 54.667389 -2.838068 0
-413.73138 54.820442 -2.8355343 0
-402.17865 54.916023 -2.8277645 0
-399.95349 55.073475 -2.8354709 0
-360.72498 55.143036 -2.8106191 0
-360.62875 55.164242 -2.8788223 0
-372.6485 55.265106 -2.8318956 0
-383.99231 55.474056 -2.8251629 0
-424.6814 55.816933 -2.8716884 0
-421.20203 56.041306 -2.8658304 0
-421.16428 56.075169 -2.8588965 0
-421.06998 56.046677 -2.8400898 0
-412.41177 56.016235 -2.8668439 0
-435.03702 56.264626 -2.8837171 0
-388.71405 56.237076 -2.8395619 0
-365.41629 56.212303 -2.8089182 0
-388.99619 56.385399 -2.8132107 0
-388.43063 56.349918 -2.8395324 0
-389.01492 56.430725 -2.8940823 0
-384.3703 56.46312 -2.8693242 0
-384.04318 56.412601 -2.8293455 0
-433.51038 56.543518 -2.8201232 0
-415.95593 56.529755 -2.8564658 0
-436.5563 56.736 -2.8954985 0
-434.41882 56.785843 -2.8261173 0
-432.08383 56.776463 -2.8757319 0
-397.06708 56.763313 -2.8965449 0
-431.33121 56.823181 -2.8790464 0
-406.46173 56.852833 -2.8214447 0
-431.2601 57.059338 -2.8544157 0
-436.93451 57.36628 -2.8383861 0
-437.69537 57.476219 -2.874625 0
-448.67407 57.890411 -2.8744354 0
-444.69638 58.386826 -2.8708818 0
-444.62427 58.443169 -2.8213923 0
-444.12778 58.496193 -2.8125215 0
-436.62256 58.451469 -2.8819456 0
-365.16684 58.411335 -2.884594 0
-364.40039 58.899612 -2.8609307 0
-414.81406 59.350521 -2.8272431 0
-414.72421 59.336605 -2.8349044 0
-414.5264 59.494392 -2.8374414 0
-407.57455 59.413857 -2.8744702 0
-399.73047 59.440609 -2.8682985 0
-399.65039 59.550251 -2.8880363 0
-399.60281 59.617527 -2.8777082 0
-360.349 59.948059 -2.8247607 0
-395.57181 60.293507 -2.8140454 0
-404.28342 60.379372 -2.8091903 0
-395.91272 60.35968 -2.8525894 0
-375.35757 60.612373 -2.8205717 0
-411.29819 60.795853 -2.8029749 0
-402.05481 60.776691 -2.8485265 0
-403.43842 60.82967 -2.8883541 0
-408.85638 61.117374 -2.8775194 0
-405.45612 61.261734 -2.8884363 0
-403.49741 61.213722 -2.8424788 0
-402.70209 61.287277 -2.874619 0
-402.31989 61.37891 -2.8507817 0
-409.79364 61.514042 -2.8093412 0
-404.42642 61.546803 -2.8245566 0
-408.30994 61.610718 -2.8134837 0
-408.16672 61.678677 -2.81427 0
-391.63602 61.713173 -2.8401103 0
-384.74753 61.870449 -2.8268456 0
-409.51492 61.956291 -2.841279 0
-385.14572 61.905685 -2.8160729 0
-447.74564 62.078194 -2.8058238 0
-409.07718 62.064259 -2.8152337 0
-392.86145 62.608776 -2.8033357 0
-421.35657 63.396088 -2.868433 0
-387.74112 63.457806 -2.8963926 0
-417.05115 64.043411 -2.8494811 0
-419.26633 64.205925 -2.8438628 0
-378.58472 64.835373 -2.854198 0
-353.60522 65.188934 -2.8284891 0
-353.56821 65.19133 -2.888947 0
-353.94528 65.254074 -2.8108163 0
-353.76624 65.214394 -2.8782895 0
-369.49686 50.347015 -2.7003033 0
-427.77371 50.569809 -2.7309105 0
-427.56384 50.528442 -2.7160738 0
-427.46964 50.500469 -2.7539051 0
-427.32587 50.541599 -2.7418938 0
-372.64999 50.561707 -2.7911987 0
-448.58157 50.637856 -2.7682357 0
-368.04379 50.626114 -2.7428713 0
-367.9664 50.642494 -2.7952514 0
-367.21597 50.604267 -2.7721887 0
-371.46906 50.887207 -2.7673399 0
-366.05933 50.96804 -2.7540975 0
-365.99277 50.991005 -2.7145712 0
-442.05075 51.106777 -2.7056129 0
-433.25989 51.363834 -2.7509885 0
-433.33035 51.41243 -2.7462828 0
-438.6741 51.564362 -2.7381952 0
-370.84198 51.519642 -2.7159166 0
-378.51407 51.634411 -2.7563589 0
-367.23074 51.651867 -2.7748146 0
-365.51562 51.821205 -2.7367833 0
-414.62418 52.197056 -2.7149339 0
-414.65363 52.220226 -2.7906013 0
-394.10989 52.244713 -2.7963316 0
-390.46298 52.589134 -2.7171376 0
-374.06787 52.614937 -2.7652404 0
-373.95383 52.642429 -2.7816091 0
-439.22614 52.734055 -2.7955074 0
-408.1879 52.790375 -2.7057984 0
-367.1528 52.732952 -2.7048085 0
-365.70938 52.806774 -2.7813487 0
-391.07639 52.971046 -2.7438707 0
-367.63193 52.902279 -2.7435801 0
-391.00424 53.061565 -2.7402368 0
-390.78674 53.066917 -2.7529669 0
-372.8508 53.164459 -2.715553 0
-367.52499 53.109245 -2.7355628 0
-371.16422 53.656845 -2.7232933 0
-371.22559 53.780151 -2.7308581 0
-430.13638 53.851696 -2.7995718 0
-371.09433 53.82214 -2.7565937 0
-434.73621 53.985489 -2.7557707 0
-430.59143 54.384769 -2.7304029 0
-430.45514 54.338455 -2.7291174 0
-430.32245 54.309822 -2.7934892 0
-430.83817 54.491543 -2.7903366 0
-430.74628 54.412983 -2.7584403 0
-410.78094 54.413952 -2.7299185 0
-441.57391 54.68737 -2.7337079 0
-413.72821 54.777424 -2.7444661 0
-413.55246 54.770996 -2.7823963 0
-411.81268 54.779697 -2.7896914 0
-365.16443 54.863773 -2.727443 0
-360.76822 55.168839 -2.7197924 0
-439.89484 55.582546 -2.7869902 0
-421.03601 56.046093 -2.7514386 0
-420.97809 56.051193 -2.7787166 0
-388.7608 56.328785 -2.7396531 0
-384.37073 56.459667 -2.7285805 0
-388.49335 56.607971 -2.7486634 0
-406.44058 56.897675 -2.7873459 0
-433.10675 56.992973 -2.7954924 0
-432.97095 57.114655 -2.7672162 0
-432.70135 57.157402 -2.7934721 0
-437.0983 57.254967 -2.7852635 0
-434.12845 57.271675 -2.7006524 0
-434.06616 57.257092 -2.7198591 0
-433.61932 57.257477 -2.7596283 0
-433.38205 57.28043 -2.7592688 0
-432.37119 57.2794 -2.7561681 0
-432.47314 57.322208 -2.7519584 0
-435.20734 57.433788 -2.7044334 0
-433.63379 57.453094 -2.7053068 0
-430.24002 57.477066 -2.7966218 0
-433.25104 57.530556 -2.7255936 0
-432.36774 57.506191 -2.7309299 0
-431.9155 57.563568 -2.7427168 0
-429.95526 57.500015 -2.7246029 0
-436.71457 57.617046 -2.7620125 0
-435.73093 57.641666 -2.7480631 0
-432.00763 57.608135 -2.7366419 0
-437.13583 57.782246 -2.7608683 0
-364.20612 57.92461 -2.7626469 0
-438.92529 58.249126 -2.7992322 0
-428.35709 58.235142 -2.7122242 0
-442.04498 58.356098 -2.7052298 0
-438.53384 58.39843 -2.7319319 0
-444.61392 58.458817 -2.7855687 0
-444.41275 58.423492 -2.7883513 0
-444.21109 58.429356 -2.7244668 0
-429.49942 58.451115 -2.7261634 0
-444.05042 58.546089 -2.7309091 0
-429.22879 58.528748 -2.7196999 0
-399.01196 58.720623 -2.7441928 0
-413.34052 59.076447 -2.793138 0
-415.32495 59.266052 -2.7022493 0
-415.20004 59.288239 -2.7199078 0
-414.96909 59.25885 -2.7556381 0
-415.23346 59.317825 -2.7004192 0
-415.12939 59.303967 -2.7015541 0
-407.56763 59.374584 -2.7506151 0
-428.63919 59.567303 -2.712702 0
-414.53119 59.503662 -2.7969913 0
-399.98743 59.5774 -2.7038469 0
-399.68524 59.541847 -2.7971137 0
-400.15021 59.607124 -2.7288966 0
-399.65753 59.610424 -2.7137659 0
-399.55542 59.645596 -2.7942295 0
-428.13116 59.744808 -2.7309175 0
-396.02347 60.377575 -2.7986226 0
-395.97391 60.399464 -2.7829962 0
-413.77771 60.784157 -2.7957292 0
-413.97641 60.922104 -2.778688 0
-411.52164 60.978855 -2.7774251 0
-381.52017 60.957035 -2.7259047 0
-381.43106 60.933243 -2.7186198 0
-403.01352 61.324825 -2.7121797 0
-394.91235 61.375702 -2.75632 0
-408.54022 61.497196 -2.7926607 0
-398.34354 61.432636 -2.7373779 0
-409.71594 61.569496 -2.7756045 0
-409.44913 61.569141 -2.7865527 0
-409.37228 61.506222 -2.7949636 0
-408.30273 61.594475 -2.7883234 0
-398.55695 61.546516 -2.7299471 0
-398.23584 61.520164 -2.7653358 0
-409.94406 61.639294 -2.7798557 0
-408.75824 61.642258 -2.7946632 0
-408.07138 61.665638 -2.7894142 0
-395.66455 61.654163 -2.7883499 0
-394.82227 61.610771 -2.7466545 0
-408.98428 61.739113 -2.7506275 0
-406.74243 61.788994 -2.7871187 0
-408.58286 61.862034 -2.7522552 0
-386.8895 61.981987 -2.78723 0
-384.77029 61.916126 -2.7052794 0
-406.07019 62.045444 -2.7467148 0
-405.28235 62.080631 -2.7036264 0
-409.90549 62.14077 -2.7112799 0
-410.18237 62.292019 -2.7013609 0
-408.68958 62.324898 -2.7798109 0
-449.82806 62.510517 -2.7199297 0
-408.51212 62.556595 -2.7544918 0
-389.53683 62.515095 -2.7795067 0
-394.98294 62.612247 -2.7473879 0
-416.6286 63.145081 -2.7270074 0
-385.9689 63.380318 -2.7539058 0
-416.63928 63.567856 -2.7490249 0
-416.81833 63.706203 -2.7159054 0
-353.60623 65.05571 -2.7022889 0
-427.61734 50.451477 -2.6511571 0
-427.54016 50.466423 -2.6893671 0
-427.46832 50.475803 -2.6783125 0
-427.396 50.496284 -2.66607 0
-372.44348 50.429817 -2.6187904 0
-434.76819 50.54044 -2.606396 0
-432.33685 50.627819 -2.6858337 0
-432.25571 50.630062 -2.6860805 0
-427.20193 50.635372 -2.6093063 0
-424.40329 50.632938 -2.6822219 0
-424.35083 50.633762 -2.662003 0
-424.29385 50.748337 -2.6366806 0
-413.38513 50.753239 -2.6933932 0
-369.59351 50.776573 -2.6896408 0
-417.45923 51.188885 -2.6616929 0
-433.33835 51.342949 -2.6415024 0
-438.86725 51.496902 -2.6473756 0
-438.69312 51.477386 -2.6504307 0
-438.84457 51.555111 -2.6286805 0
-368.77441 51.548817 -2.6782446 0
-425.14398 51.659885 -2.6730299 0
-370.59372 51.73875 -2.6770821 0
-368.5513 51.872276 -2.6518312 0
-369.72308 51.947105 -2.6904933 0
-414.58936 52.192513 -2.6895804 0
-414.59842 52.23 -2.6037178 0
-394.17944 52.249031 -2.6646121 0
-390.332 52.552307 -2.639164 0
-374.10605 52.680431 -2.6134019 0
-367.13708 52.753448 -2.6036615 0
-374.14536 52.842846 -2.6618826 0
-391.06427 53.091736 -2.6234257 0
-390.96957 53.019066 -2.637145 0
-390.82336 53.122173 -2.6776576 0
-390.59961 53.126213 -2.6239929 0
-410.81885 53.252438 -2.6844079 0
-370.30139 53.258625 -2.6712012 0
-370.93585 53.376122 -2.6743681 0
-367.52707 53.441666 -2.6954892 0
-429.35864 53.534775 -2.6774712 0
-398.64786 53.571953 -2.6377001 0
-371.10889 53.710915 -2.6776304 0
-430.19254 53.949516 -2.6156712 0
-430.51514 54.369961 -2.6485522 0
-430.45227 54.373928 -2.6084628 0
-430.73465 54.429131 -2.6047566 0
-430.42828 54.413345 -2.6539383 0
-410.73959 54.44849 -2.6280458 0
-410.78839 54.504158 -2.6132638 0
-395.19016 55.135921 -2.6465161 0
-360.84378 55.296169 -2.6296637 0
-360.59763 55.336102 -2.6825006 0
-408.40396 55.587975 -2.6955218 0
-421.00497 55.974476 -2.6398742 0
-365.56879 55.975636 -2.6846981 0
-421.1217 56.043354 -2.6622827 0
-421.0293 56.028378 -2.6733932 0
-420.92566 56.0424 -2.6714547 0
-384.24246 56.004814 -2.6309085 0
-365.49719 56.093666 -2.623539 0
-365.73798 56.15678 -2.6173496 0
-440.55472 56.233841 -2.6499083 0
-389.02356 56.29084 -2.6272647 0
-415.64874 56.302433 -2.6364348 0
-388.91248 56.366631 -2.6131546 0
-389.05481 56.446171 -2.6637061 0
-384.3714 56.426613 -2.6653507 0
-384.43124 56.527191 -2.6620548 0
-367.0705 56.621269 -2.6050909 0
-433.69867 57.426495 -2.686403 0
-432.91202 57.652447 -2.6659677 0
-436.30634 57.702938 -2.6851349 0
-434.27359 57.799065 -2.6613572 0
-432.85733 57.734406 -2.6500096 0
-364.60574 57.787022 -2.6397393 0
-436.42877 57.856129 -2.6937726 0
-436.01544 57.874992 -2.6754129 0
-435.92093 57.899097 -2.6519394 0
-433.39658 57.809074 -2.61534 0
-430.63123 57.895409 -2.6832449 0
-364.70618 57.820927 -2.6028917 0
-435.49298 57.946278 -2.6497731 0
-432.9722 58.023224 -2.6367943 0
-432.44278 58.054127 -2.6305161 0
-362.79211 58.077698 -2.6669667 0
-433.82382 58.128231 -2.6138856 0
-428.28049 58.251999 -2.6730227 0
-444.46082 58.328323 -2.6586835 0
-444.19336 58.434078 -2.6742547 0
-437.32474 58.442024 -2.6778278 0
-436.19043 58.413403 -2.6023374 0
-401.99792 58.452496 -2.6294599 0
-437.95151 58.616249 -2.6841893 0
-438.58109 58.768127 -2.6947763 0
-439.13101 59.087513 -2.6635096 0
-438.60321 59.094894 -2.6507072 0
-437.93671 59.093185 -2.6389837 0
-439.24173 59.119675 -2.6550832 0
-438.22495 59.174381 -2.6401637 0
-438.03531 59.140415 -2.638447 0
-415.14294 59.38414 -2.6133056 0
-415.09451 59.302151 -2.6997621 0
-399.69263 59.37949 -2.6537182 0
-399.87225 59.472401 -2.6555269 0
-399.99442 59.52013 -2.6117363 0
-424.34058 59.683041 -2.6905153 0
-440.09631 59.811348 -2.6407063 0
-439.77652 59.820457 -2.6365743 0
-415.43506 59.915138 -2.647007 0
-416.12909 60.188152 -2.6453989 0
-441.14374 60.239922 -2.6165614 0
-395.80716 60.377144 -2.6794803 0
-427.48843 60.4916 -2.6863592 0
-396.0054 60.418358 -2.6663563 0
-381.48318 60.972549 -2.6817305 0
-375.54388 60.93338 -2.6312466 0
-402.89117 61.199696 -2.6967218 0
-426.79102 61.268906 -2.6323299 0
-402.81747 61.358128 -2.6502266 0
-402.61572 61.352715 -2.6952107 0
-402.52319 61.406021 -2.6735404 0
-402.4512 61.512863 -2.6987364 0
-385.02487 61.767403 -2.6011696 0
-398.31778 61.937675 -2.6688919 0
-415.01291 62.142616 -2.6273191 0
-406.86288 62.372467 -2.6406794 0
-449.75089 62.448383 -2.6538649 0
-410.07367 62.427639 -2.6413295 0
-408.00998 62.756809 -2.6078687 0
-395.04453 62.702564 -2.6558359 0
-411.5083 63.065296 -2.6402414 0
-411.28152 63.042576 -2.6416731 0
-411.8161 63.190845 -2.6221688 0
-416.59521 63.20174 -2.6454659 0
-412.02689 63.254494 -2.624258 0
-413.00424 63.391304 -2.6822317 0
-412.76593 63.315887 -2.6126285 0
-412.34204 63.480026 -2.6099777 0
-412.35641 63.511135 -2.6260455 0
-416.82169 63.658325 -2.6289239 0
-416.98199 63.957397 -2.6607423 0
-417.13474 64.21228 -2.6613741 0
-387.20609 64.312073 -2.6102593 0
-417.04669 64.440048 -2.6887915 0
-417.34644 64.595726 -2.6720595 0
-414.27475 64.965363 -2.6909995 0
-383.89645 65.043884 -2.6745291 0
-353.68369 65.046165 -2.687773 0
-419.78271 65.181992 -2.6706858 0
-353.61163 65.141113 -2.6700101 0
-353.45682 65.12426 -2.6969373 0
-422.26599 65.271393 -2.6010058 0
-419.11404 65.270798 -2.6917114 0
-383.52316 65.251663 -2.6560931 0
-383.7056 65.388847 -2.6549113 0
-434.82132 50.475567 -2.5939815 0
-427.42947 50.42942 -2.5423889 0
-372.41028 50.459602 -2.5857034 0
-372.3959 50.406147 -2.5768957 0
-434.9675 50.554901 -2.5322218 0
-427.49545 50.551517 -2.5851126 0
-370.91437 50.66925 -2.5746555 0
-370.8197 50.770134 -2.5527694 0
-370.4805 50.838657 -2.5025587 0
-442.0332 51.142937 -2.5308933 0
-438.92197 51.487343 -2.5115528 0
-438.65378 51.519135 -2.5182543 0
-438.54703 51.570076 -2.5972078 0
-378.51016 51.595253 -2.568213 0
-425.05115 51.74453 -2.517653 0
-390.4173 52.550995 -2.562429 0
-390.39749 52.590519 -2.5171371 0
-390.40646 52.615574 -2.5036638 0
-374.07407 52.61171 -2.5089145 0
-444.71396 52.722034 -2.5713854 0
-374.31741 52.781246 -2.5275788 0
-374.08252 52.770996 -2.5577877 0
-391.13879 52.809418 -2.5200737 0
-373.41827 52.84343 -2.5998447 0
-390.9928 53.041454 -2.5756502 0
-390.66684 53.052998 -2.5696683 0
-373.63602 53.053986 -2.5358691 0
-443.55487 53.134361 -2.5731678 0
-410.93225 53.182648 -2.5089347 0
-390.81168 53.116177 -2.5475054 0
-367.32727 53.292519 -2.5677969 0
-367.45428 53.492584 -2.5550318 0
-441.47641 54.076111 -2.5752342 0
-366.20416 54.081947 -2.5561125 0
-430.5481 54.390244 -2.5920408 0
-430.6189 54.41217 -2.5170307 0
-441.65869 54.57925 -2.5776601 0
-430.25119 54.666653 -2.5762532 0
-413.47278 54.760906 -2.5859938 0
-360.60605 55.105755 -2.5175564 0
-360.87555 55.216816 -2.5005853 0
-360.68701 55.23616 -2.525244 0
-360.58411 55.273521 -2.5238209 0
-360.95218 55.306644 -2.500123 0
-360.83435 55.317337 -2.5359542 0
-408.26117 55.654182 -2.5728307 0
-384.19312 55.761326 -2.5935004 0
-424.6282 55.855991 -2.5150313 0
-421.1308 56.037998 -2.5150919 0
-421.03467 56.03389 -2.5361054 0
-420.97006 56.046368 -2.5516887 0
-420.87112 56.05595 -2.5368698 0
-420.79294 56.070942 -2.5169153 0
-421.29431 56.15786 -2.5464778 0
-420.94672 56.123722 -2.5727251 0
-388.75528 56.172729 -2.5431914 0
-365.41284 56.181892 -2.5653963 0
-388.78201 56.271858 -2.5032868 0
-388.89163 56.329582 -2.5571532 0
-388.62811 56.316536 -2.5963664 0
-384.34772 56.50042 -2.556464 0
-384.50189 56.634678 -2.5895622 0
-396.90182 56.831692 -2.5850351 0
-440.68878 57.391392 -2.5649946 0
-364.8367 57.750191 -2.5880189 0
-434.4325 58.12772 -2.5620506 0
-428.48938 58.195942 -2.5583353 0
-432.89651 58.2089 -2.5941284 0
-435.04645 58.308949 -2.5570872 0
-437.83069 58.413246 -2.5853059 0
-436.48914 58.470314 -2.547924 0
-436.82755 58.549259 -2.5833619 0
-443.96915 58.704556 -2.5845168 0
-437.25681 58.997383 -2.5273159 0
-414.95926 59.342361 -2.5125847 0
-415.34671 59.449524 -2.5037863 0
-429.33585 59.509274 -2.5368669 0
-429.76834 59.686798 -2.517669 0
-414.59622 59.641891 -2.5941768 0
-400.05035 59.687302 -2.5470495 0
-395.60971 60.195869 -2.5821218 0
-395.71454 60.287949 -2.5597115 0
-395.62198 60.279716 -2.530597 0
-440.78214 60.382713 -2.5550573 0
-416.27484 60.319695 -2.519408 0
-440.6907 60.450397 -2.529145 0
-370.6965 60.454872 -2.5256796 0
-428.01962 60.706455 -2.5272379 0
-381.5885 61.062382 -2.5889058 0
-370.59894 61.006516 -2.5131726 0
-370.45523 61.041683 -2.5079842 0
-372.14505 61.179634 -2.5347254 0
-402.91428 61.210999 -2.513494 0
-402.86008 61.268456 -2.5528331 0
-402.76154 61.274582 -2.5754681 0
-373.33963 61.287704 -2.5849736 0
-371.23996 61.223099 -2.5111783 0
-427.09753 61.457237 -2.5623832 0
-402.46185 61.417049 -2.5407157 0
-402.62411 61.508732 -2.5258713 0
-402.59015 61.577763 -2.5647216 0
-384.86472 61.723305 -2.5701811 0
-444.75873 62.456276 -2.5555553 0
-408.81354 62.454319 -2.5346935 0
-445.13681 62.549961 -2.5299337 0
-444.71463 62.521172 -2.5533698 0
-406.04529 62.587807 -2.5145564 0
-403.6011 62.538994 -2.5545623 0
-395.81744 62.502869 -2.5148311 0
-408.1637 62.673431 -2.58161 0
-408.96893 62.784805 -2.5619967 0
-401.56662 62.774723 -2.544663 0
-425.07816 62.868351 -2.5872843 0
-409.78439 62.880829 -2.5148983 0
-409.09579 62.840157 -2.5489495 0
-409.73999 63.029102 -2.5285194 0
-406.10172 63.021397 -2.5419619 0
-424.89279 63.170227 -2.504379 0
-416.53726 63.189808 -2.5404248 0
-416.237 63.164639 -2.5718808 0
-399.28442 63.147053 -2.5914052 0
-416.44559 63.248192 -2.5923908 0
-416.30643 63.23912 -2.5681508 0
-397.95862 63.260807 -2.5433741 0
-398.29202 63.360146 -2.5360956 0
-385.85504 63.30341 -2.5187781 0
-399.31534 63.568668 -2.5126181 0
-399.21881 63.576931 -2.5131364 0
-412.68707 63.693806 -2.5147326 0
-412.43591 63.657597 -2.5673578 0
-400.16714 63.663513 -2.5440648 0
-412.83206 63.803341 -2.5419569 0
-412.70306 63.809155 -2.5863755 0
-412.63715 63.974747 -2.5556421 0
-424.44669 64.024933 -2.5260623 0
-417.09125 64.021194 -2.5817976 0
-417.12579 64.180122 -2.5556331 0
-423.81189 64.612152 -2.5602 0
-417.52423 64.688156 -2.5053978 0
-417.99448 64.957008 -2.5998688 0
-353.76132 65.147949 -2.5621018 0
-353.99417 65.209267 -2.5884044 0
-353.9422 65.364685 -2.5182929 0
-419.12854 65.403015 -2.5964305 0
-420.27878 65.767792 -2.5554814 0
-418.327 65.971916 -2.5697663 0
-419.06424 66.192825 -2.5090296 0
-427.49918 50.349426 -2.4116578 0
-372.42694 50.376072 -2.4859834 0
-434.73175 50.467865 -2.4916356 0
-427.3588 50.4338 -2.4680581 0
-427.03116 50.466156 -2.4400713 0
-434.61908 50.557861 -2.4461684 0
-448.55811 50.686218 -2.4225736 0
-427.11978 50.644985 -2.4557929 0
-424.314 50.646835 -2.4554329 0
-438.56699 51.581074 -2.4391272 0
-369.81482 51.880154 -2.4062431 0
-369.77484 51.972168 -2.4061427 0
-369.5647 52.009323 -2.4104555 0
-404.06351 52.271088 -2.4853356 0
-394.16513 52.233665 -2.4754779 0
-390.4339 52.536736 -2.4457779 0
-390.34082 52.547897 -2.4558978 0
-374.00757 52.760998 -2.4224601 0
-373.92285 52.724522 -2.4233406 0
-373.76746 52.72496 -2.4269767 0
-373.6557 52.71804 -2.4788971 0
-391.05045 52.830704 -2.4613273 0
-374.08707 52.81493 -2.4172776 0
-391.10938 52.937168 -2.4890385 0
-390.91116 52.997894 -2.4482479 0
-390.73895 52.942455 -2.479142 0
-443.82556 53.004662 -2.4236186 0
-391.13135 53.084904 -2.4138069 0
-390.91476 53.071842 -2.4036174 0
-390.6196 53.055786 -2.4396136 0
-443.61401 53.105659 -2.491848 0
-410.92731 53.141388 -2.4714351 0
-390.84216 53.128868 -2.4019291 0
-367.79306 53.186283 -2.4369783 0
-389.94583 53.635956 -2.4817955 0
-389.72943 53.75185 -2.4254589 0
-411.00726 54.383698 -2.4734433 0
-410.89648 54.512821 -2.4840696 0
-407.56018 54.582413 -2.4117882 0
-430.19083 54.668697 -2.4612222 0
-414.28284 54.660824 -2.4093962 0
-412.30066 54.67308 -2.4081528 0
-407.57913 54.624908 -2.4919944 0
-402.03967 54.724155 -2.4918005 0
-360.70673 55.17186 -2.4029741 0
-360.69077 55.153187 -2.4902244 0
-369.82715 55.360901 -2.4320755 0
-399.62958 55.428883 -2.4193134 0
-430.98856 55.545143 -2.4632912 0
-408.40131 55.506191 -2.4064505 0
-408.39508 55.678879 -2.4651287 0
-384.29123 55.743942 -2.4414189 0
-384.29416 55.868416 -2.4867122 0
-384.15033 55.940693 -2.4657853 0
-421.19067 56.087093 -2.4221709 0
-421.05554 56.031525 -2.4906545 0
-445.82806 56.110176 -2.4230063 0
-420.97205 56.182697 -2.4948461 0
-415.93381 56.462219 -2.46016 0
-384.43497 56.486347 -2.4727206 0
-384.0704 56.421951 -2.4067616 0
-396.92764 56.721157 -2.4112186 0
-384.00226 56.749046 -2.4047422 0
-365.11752 57.719517 -2.487606 0
-380.24164 57.800369 -2.4476843 0
-362.09604 57.963352 -2.4026642 0
-428.32355 58.24509 -2.467144 0
-415.82959 58.243557 -2.400707 0
-444.16254 58.477116 -2.4962366 0
-438.35693 58.46949 -2.4989409 0
-435.74155 58.653961 -2.4694829 0
-431.8848 58.893398 -2.4531693 0
-431.66434 58.968258 -2.4562194 0
-436.08789 59.135063 -2.4301741 0
-439.06583 59.250164 -2.4975619 0
-385.13599 59.252071 -2.4106736 0
-415.0726 59.379963 -2.4979167 0
-414.92981 59.339947 -2.4753039 0
-437.92703 59.536983 -2.4599802 0
-399.82086 59.534615 -2.4321125 0
-399.79752 59.550053 -2.4209335 0
-438.87567 59.678898 -2.4507706 0
-437.79837 59.660107 -2.4843068 0
-438.50571 59.894337 -2.429899 0
-416.50754 60.222672 -2.4651577 0
-428.78632 60.323425 -2.4866548 0
-439.07416 60.476357 -2.4030087 0
-427.51813 60.595184 -2.473871 0
-427.32019 60.765808 -2.4521663 0
-427.25977 60.866947 -2.4045973 0
-428.77072 60.997738 -2.415977 0
-381.51895 61.019592 -2.4778886 0
-367.35803 61.097637 -2.4746873 0
-413.85529 61.298172 -2.4272993 0
-402.65237 61.49852 -2.4749646 0
-385.00928 61.738415 -2.4955828 0
-427.45905 62.249565 -2.4291036 0
-403.62961 62.656708 -2.409694 0
-403.58728 62.603844 -2.4462426 0
-395.53275 62.631153 -2.4068074 0
-394.7652 62.918667 -2.4773591 0
-424.80075 63.194618 -2.4824588 0
-410.27393 63.158665 -2.4897141 0
-410.17758 63.163265 -2.4706998 0
-404.28479 63.171196 -2.4228439 0
-410.10535 63.274029 -2.4682145 0
-409.19415 63.205631 -2.468123 0
-412.66772 63.305862 -2.4495695 0
-410.32538 63.327808 -2.4833965 0
-410.02069 63.343826 -2.4698062 0
-400.95972 63.35722 -2.4487219 0
-425.76315 63.472225 -2.4526155 0
-408.18872 63.423546 -2.4519262 0
-407.98944 63.410122 -2.4486427 0
-407.48059 63.461048 -2.4418633 0
-407.23376 63.460175 -2.4667177 0
-399.73712 63.457867 -2.4880602 0
-425.32809 63.580135 -2.4664114 0
-416.73105 63.595879 -2.4870639 0
-416.56894 63.576237 -2.4261715 0
-406.4462 63.511639 -2.432092 0
-394.35678 63.557137 -2.4959595 0
-411.75925 63.625328 -2.4601049 0
-406.77313 63.639004 -2.42946 0
-427.27512 63.804729 -2.4474275 0
-406.70285 63.806934 -2.4972951 0
-393.85657 63.899155 -2.4466031 0
-392.33749 64.14904 -2.4089568 0
-403.02573 64.289375 -2.4396696 0
-402.75146 64.262314 -2.4519002 0
-413.39514 64.42086 -2.4914281 0
-417.63788 64.912025 -2.4571574 0
-389.18344 64.933388 -2.4158881 0
-353.38309 65.019836 -2.4706864 0
-353.88657 65.151176 -2.4152813 0
-353.71072 65.163712 -2.4169996 0
-353.98138 65.219131 -2.4342051 0
-411.44617 65.400055 -2.4048007 0
-418.54965 66.210548 -2.4728887 0
-372.38181 50.321922 -2.3615792 0
-427.54681 50.445557 -2.3619983 0
-427.32504 50.484921 -2.3263896 0
-427.28989 50.490025 -2.3138089 0
-427.25449 50.658562 -2.3660092 0
-433.2695 51.329987 -2.3576663 0
-438.64307 51.441505 -2.3786876 0
-438.60797 51.543972 -2.380574 0
-378.38394 51.529926 -2.3548405 0
-438.54333 51.657715 -2.3633389 0
-425.10565 51.656029 -2.3304863 0
-447.51773 51.74295 -2.3026299 0
-370.54651 51.751972 -2.3018205 0
-361.53235 51.852665 -2.3333793 0
-369.70984 51.922153 -2.3604331 0
-390.53183 52.468441 -2.3875079 0
-390.4628 52.524731 -2.3064809 0
-390.36209 52.52565 -2.3213189 0
-390.36182 52.651493 -2.391506 0
-373.80957 52.668755 -2.3989229 0
-391.04913 52.959423 -2.3558979 0
-370.9509 53.389587 -2.335078 0
-389.7637 53.764477 -2.3417706 0
-430.60556 54.380131 -2.3203964 0
-430.43771 54.371834 -2.3252685 0
-430.32281 54.394108 -2.3291919 0
-410.91153 54.431957 -2.3956928 0
-410.83023 54.468403 -2.3361578 0
-410.79364 54.586102 -2.3117447 0
-412.39297 54.631016 -2.39255 0
-407.72354 54.621254 -2.360327 0
-407.6608 54.602421 -2.3506227 0
-360.65314 55.165806 -2.3497868 0
-408.35187 55.564289 -2.300844 0
-446.24893 55.616817 -2.322314 0
-384.24146 55.724403 -2.3673987 0
-384.0835 55.97831 -2.3910763 0
-365.44183 55.992764 -2.3879719 0
-421.12408 56.066948 -2.3372734 0
-420.79926 56.1147 -2.3183768 0
-388.91476 56.2551 -2.3208919 0
-384.11273 56.340683 -2.3168015 0
-367.60422 56.313339 -2.3589063 0
-384.272 56.468311 -2.3489983 0
-389.2551 56.601124 -2.3836956 0
-367.45447 57.234875 -2.3040802 0
-448.77734 57.600697 -2.3542652 0
-442.42813 58.187366 -2.3785167 0
-444.62573 58.371693 -2.3818705 0
-428.34998 58.312977 -2.3671339 0
-444.61185 58.443108 -2.3541446 0
-444.26306 58.488171 -2.3807445 0
-444.54156 58.509502 -2.368587 0
-444.04935 58.513309 -2.3135796 0
-436.40735 58.987007 -2.3722277 0
-435.33026 58.943565 -2.3810391 0
-434.99954 59.013191 -2.3708169 0
-436.34265 59.184219 -2.3623102 0
-434.93317 59.120762 -2.3597322 0
-434.86884 59.226826 -2.3649735 0
-434.76776 59.260067 -2.3839447 0
-433.96854 59.282913 -2.3271639 0
-431.97983 59.298969 -2.3467314 0
-431.60583 59.336246 -2.3734412 0
-414.96613 59.357407 -2.3163459 0
-435.0325 59.427696 -2.3681576 0
-433.2998 59.484749 -2.3483672 0
-432.35242 59.454147 -2.3418119 0
-414.94299 59.410892 -2.3265986 0
-414.79605 59.473949 -2.36994 0
-437.3049 59.520542 -2.3650818 0
-434.57266 59.555748 -2.3643839 0
-433.38208 59.677761 -2.3247933 0
-424.32837 59.643959 -2.3597267 0
-399.92673 59.689846 -2.3896921 0
-437.75137 59.760174 -2.3840456 0
-431.4899 59.718121 -2.3344953 0
-400.1153 59.795677 -2.3360503 0
-437.17847 59.809174 -2.3794601 0
-436.25916 59.877865 -2.3151894 0
-437.92148 59.965786 -2.3259418 0
-437.81216 59.9828 -2.3868105 0
-437.31143 59.96648 -2.3600836 0
-438.88022 60.140556 -2.3848054 0
-416.63223 60.14077 -2.3075159 0
-416.53204 60.14571 -2.3058703 0
-395.18048 60.1455 -2.3637061 0
-438.63538 60.290813 -2.3742621 0
-437.40521 60.258789 -2.3225579 0
-438.87936 60.301857 -2.3607254 0
-438.76111 60.346859 -2.3383384 0
-395.78018 60.353024 -2.3594084 0
-435.76938 60.401508 -2.3644154 0
-437.98099 60.56031 -2.3069806 0
-439.3006 60.856297 -2.3327777 0
-427.09134 60.883396 -2.3768122 0
-381.4483 60.974762 -2.3410127 0
-398.35699 62.112259 -2.3157182 0
-424.83997 63.133183 -2.359226 0
-385.98553 63.333115 -2.3735173 0
-402.89664 63.707451 -2.3221171 0
-398.02173 63.706093 -2.3729725 0
-412.20044 64.235229 -2.3749061 0
-390.45834 64.348602 -2.327209 0
-409.05734 64.564529 -2.3103006 0
-389.94101 64.505829 -2.3067629 0
-402.901 64.685303 -2.3384876 0
-404.52548 64.957573 -2.3315668 0
-413.96393 65.040489 -2.3029866 0
-390.86038 65.345268 -2.3029852 0
-418.0907 65.590385 -2.3535612 0
-445.12827 65.666267 -2.3215518 0
-374.30212 65.874306 -2.3572958 0
-419.0726 66.541451 -2.3603737 0
-418.9675 66.523575 -2.3595252 0
-422.29736 66.611801 -2.3596506 0
-420.40402 67.17942 -2.3240683 0
-377.29706 67.407097 -2.3996949 0
-372.41571 50.233715 -2.2278399 0
-427.58664 50.381863 -2.2828839 0
-427.43298 50.380573 -2.2428086 0
-427.35022 50.431717 -2.2453918 0
-426.96484 50.48037 -2.2285175 0
-434.95523 50.554535 -2.2671015 0
-427.21924 50.558113 -2.2359142 0
-432.1673 50.679985 -2.2628281 0
-424.42279 50.653885 -2.2419286 0
-361.67188 50.665852 -2.2899296 0
-432.1488 50.709995 -2.2241859 0
-362.33502 50.796333 -2.2785618 0
-442.09055 51.092407 -2.2884758 0
-417.51401 51.145748 -2.2978041 0
-438.67465 51.414738 -2.2868066 0
-361.74716 51.760273 -2.2028735 0
-369.76862 51.866295 -2.2915006 0
-414.60153 52.189529 -2.2037537 0
-394.09665 52.167507 -2.2895067 0
-414.59988 52.224407 -2.2509055 0
-390.38208 52.567436 -2.2404187 0
-390.70145 52.614491 -2.2704616 0
-390.28021 52.64246 -2.2921722 0
-403.03607 52.718727 -2.2797768 0
-374.01099 52.754547 -2.2520676 0
-391.37219 52.824448 -2.2807493 0
-374.01804 52.866516 -2.2667639 0
-373.60684 52.827587 -2.2815506 0
-390.99768 52.955276 -2.2626779 0
-374.19974 52.926723 -2.2002625 0
-390.88434 53.044659 -2.289021 0
-410.89642 53.149586 -2.2483735 0
-430.08636 53.889889 -2.2038639 0
-404.98901 53.894127 -2.2104802 0
-404.86209 53.877029 -2.2858777 0
-434.41345 54.004684 -2.2450523 0
-404.75375 54.044598 -2.2724574 0
-430.61322 54.367798 -2.2928085 0
-430.51852 54.353992 -2.2223165 0
-430.72244 54.423344 -2.2757387 0
-430.27118 54.5028 -2.2336884 0
-410.92325 54.50243 -2.23564 0
-414.39481 54.728977 -2.2585082 0
-395.13318 55.140053 -2.2564447 0
-360.76764 55.192745 -2.2337658 0
-360.62814 55.189919 -2.2589457 0
-360.52301 55.197857 -2.2621646 0
-446.25183 55.546402 -2.2707639 0
-384.26974 55.771042 -2.2227397 0
-424.58917 55.821056 -2.2951455 0
-384.21384 55.812325 -2.2569041 0
-384.3327 55.916641 -2.2222562 0
-369.87494 55.962044 -2.2300117 0
-440.72052 56.155357 -2.2274873 0
-388.83414 56.292187 -2.2432384 0
-388.94427 56.316765 -2.2159734 0
-388.86517 56.318958 -2.2271566 0
-388.76843 56.305466 -2.2019351 0
-416.00482 56.440666 -2.2527876 0
-415.97675 56.411049 -2.226361 0
-388.52924 56.449265 -2.2073431 0
-384.42166 56.518505 -2.253967 0
-384.37567 56.553505 -2.2349112 0
-397.05533 56.733871 -2.2933476 0
-366.02542 57.489708 -2.2952077 0
-448.69632 57.595558 -2.2148659 0
-380.44513 57.78043 -2.297683 0
-428.34427 58.234489 -2.2736878 0
-444.47137 58.384048 -2.2372544 0
-444.37869 58.413296 -2.2628858 0
-444.28555 58.462208 -2.2910631 0
-444.17914 58.539558 -2.2961116 0
-444.08267 58.704689 -2.2905953 0
-407.60239 59.351574 -2.2006092 0
-414.79303 59.488598 -2.2934878 0
-434.66666 59.738159 -2.2691505 0
-432.55591 59.762653 -2.2312994 0
-434.9906 59.809341 -2.2392955 0
-434.89188 59.851337 -2.2390947 0
-435.52551 59.977875 -2.2548406 0
-431.61047 59.960197 -2.2558305 0
-435.87698 60.013699 -2.2062097 0
-431.61139 60.13913 -2.2255855 0
-431.38037 60.130077 -2.2590592 0
-437.26157 60.411465 -2.285023 0
-391.93582 60.584686 -2.284919 0
-437.33615 60.68042 -2.2271414 0
-438.21078 60.738228 -2.2969213 0
-375.54172 60.798344 -2.2017217 0
-438.33676 60.808708 -2.2940836 0
-381.59409 60.832848 -2.2920201 0
-438.53412 60.971554 -2.2759776 0
-438.81232 61.070339 -2.2552414 0
-381.55789 61.089691 -2.2188432 0
-402.92264 61.297726 -2.2891886 0
-402.9837 61.360626 -2.2711196 0
-402.98758 61.411846 -2.2843788 0
-402.53122 61.40976 -2.2046723 0
-429.4725 61.50666 -2.2638216 0
-439.86108 61.752583 -2.2086489 0
-440.7084 62.121994 -2.2656431 0
-428.62512 62.161877 -2.2677188 0
-380.85751 62.239861 -2.2382944 0
-440.98331 62.485943 -2.2247345 0
-441.12909 62.656197 -2.2137046 0
-440.93243 62.600697 -2.2434716 0
-448.83487 62.812424 -2.2260675 0
-427.84821 63.086452 -2.236032 0
-424.90646 63.22224 -2.2901576 0
-396.9072 63.327301 -2.2847319 0
-443.48788 63.491707 -2.2976215 0
-427.01004 63.904343 -2.2307172 0
-400.64322 64.012207 -2.2998517 0
-399.2045 64.062103 -2.2541471 0
-397.64603 64.128654 -2.2052567 0
-426.68896 64.213943 -2.2487364 0
-403.13666 64.304413 -2.2181776 0
-417.4689 64.675766 -2.2861407 0
-412.08856 64.688522 -2.2907422 0
-408.52661 64.665367 -2.2634301 0
-408.40347 64.671265 -2.2751865 0
-409.41638 64.780869 -2.2727387 0
-407.86389 64.778816 -2.2659571 0
-403.88168 64.776108 -2.2682788 0
-411.79123 64.808578 -2.2069056 0
-417.68933 64.961563 -2.2656405 0
-412.56573 64.947411 -2.2390535 0
-394.51846 64.957642 -2.2592697 0
-353.70352 65.146515 -2.2304099 0
-411.43729 65.358826 -2.2515733 0
-389.01315 65.631958 -2.290724 0
-418.36679 65.79377 -2.2513976 0
-418.29694 65.818039 -2.2695448 0
-406.00571 66.071182 -2.2193532 0
-418.46802 66.136078 -2.2463012 0
-414.55188 66.648972 -2.2135942 0
-380.76389 70.123177 -2.2840323 0
-352.61105 76.737244 -2.2771678 0
-352.47061 76.807381 -2.2780187 0
-427.69174 50.287296 -2.1670251 0
-372.40704 50.270748 -2.100071 0
-372.3923 50.262558 -2.1731861 0
-372.29355 50.217373 -2.1249063 0
-361.8201 50.28233 -2.1608026 0
-427.64487 50.385513 -2.1564186 0
-427.44144 50.416752 -2.1806784 0
-427.25958 50.480812 -2.191046 0
-361.25317 50.469055 -2.1753042 0
-361.73126 50.753212 -2.1770988 0
-417.59451 51.057926 -2.176825 0
-417.66486 51.116745 -2.1748495 0
-433.31039 51.286915 -2.1233838 0
-438.69901 51.449524 -2.1600113 0
-438.58249 51.497971 -2.1372697 0
-378.33038 51.577328 -2.1841376 0
-438.42468 51.63266 -2.1597047 0
-378.32126 51.637463 -2.1798122 0
-362.07117 51.693939 -2.1951292 0
-369.36462 51.86264 -2.1563811 0
-414.61002 52.182621 -2.122143 0
-394.15353 52.151981 -2.1822314 0
-394.03888 52.103844 -2.1122248 0
-390.41119 52.506992 -2.1469653 0
-390.35141 52.522907 -2.1248736 0
-373.76276 52.59758 -2.1681464 0
-403.02203 52.651474 -2.1404889 0
-390.57425 52.654324 -2.1630847 0
-373.84454 52.688816 -2.1061225 0
-374.15622 52.762207 -2.1904864 0
-373.85236 52.755821 -2.1419835 0
-373.77255 52.74855 -2.1097507 0
-374.28564 52.801292 -2.1866238 0
-374.142 52.887402 -2.134496 0
-391.26587 52.959499 -2.1629415 0
-391.07394 52.98859 -2.170547 0
-443.61115 53.000149 -2.1099439 0
-390.81662 53.072742 -2.1269319 0
-373.53799 53.013393 -2.1376708 0
-429.25439 53.452877 -2.1092236 0
-434.76788 53.98082 -2.1259074 0
-430.33127 54.297573 -2.1404893 0
-430.46762 54.364697 -2.1637046 0
-413.43674 54.481762 -2.1107538 0
-407.62354 54.565929 -2.1510222 0
-369.59335 54.584846 -2.1672113 0
-414.27582 54.641602 -2.169704 0
-407.55042 54.600643 -2.1022525 0
-414.384 54.743225 -2.1046383 0
-360.82822 55.192959 -2.1140547 0
-360.73306 55.197411 -2.1807456 0
-360.65051 55.168484 -2.1771772 0
-360.5535 55.353638 -2.1863253 0
-399.76996 55.447376 -2.1174264 0
-369.1651 55.499279 -2.179107 0
-369.85016 55.506199 -2.169677 0
-384.18811 55.772766 -2.1025574 0
-369.76675 55.857773 -2.1886959 0
-421.11548 55.988911 -2.1489692 0
-420.94434 55.964508 -2.1413898 0
-421.01859 56.000504 -2.1780338 0
-420.97324 56.083012 -2.1418672 0
-384.09872 56.08337 -2.1943159 0
-415.97296 56.439407 -2.1257715 0
-384.5918 56.59502 -2.1419635 0
-384.02524 56.6325 -2.1451232 0
-408.69073 57.388855 -2.1834791 0
-367.01929 57.356438 -2.18314 0
-397.91824 57.98814 -2.1204114 0
-428.32407 58.184914 -2.1750073 0
-415.6647 58.204487 -2.1931615 0
-444.48907 58.442585 -2.1460183 0
-444.22565 58.459854 -2.1600518 0
-411.39621 58.566872 -2.1256864 0
-444.16125 58.614563 -2.1108723 0
-444.02863 58.619663 -2.1145604 0
-399.66263 59.435638 -2.1948566 0
-399.87296 59.556644 -2.1725185 0
-399.77939 59.516644 -2.1028726 0
-399.91391 59.672043 -2.1615787 0
-414.46423 59.84549 -2.1606164 0
-433.08875 59.946014 -2.1881068 0
-436.59805 60.154045 -2.1806457 0
-435.72128 60.142269 -2.1688826 0
-435.15994 60.141262 -2.170351 0
-431.68976 60.184155 -2.186826 0
-436.50766 60.216782 -2.1809037 0
-435.23151 60.254726 -2.1911197 0
-434.24423 60.206352 -2.1276815 0
-434.15567 60.274323 -2.1195028 0
-395.75674 60.286819 -2.1706605 0
-434.3812 60.340019 -2.1237657 0
-433.47491 60.368862 -2.1030812 0
-381.36957 60.831905 -2.1164939 0
-437.91235 60.975986 -2.1949821 0
-436.45554 60.906483 -2.1028886 0
-437.87308 61.016769 -2.1407967 0
-438.03372 61.166122 -2.1873922 0
-431.67725 61.991493 -2.1103513 0
-429.73166 61.996941 -2.1730609 0
-431.34177 62.060223 -2.1302085 0
-429.44009 62.05846 -2.1917429 0
-431.11798 62.395908 -2.11427 0
-441.9556 63.268589 -2.1018987 0
-412.74561 63.358093 -2.1073778 0
-386.08591 63.336266 -2.1038198 0
-402.03189 63.433167 -2.1726336 0
-392.86319 63.915169 -2.1309657 0
-395.50067 64.059509 -2.1992991 0
-394.89053 64.03405 -2.1545691 0
-399.94675 64.494705 -2.1207213 0
-402.79446 64.633759 -2.1286223 0
-417.67181 65.030197 -2.1603615 0
-402.27606 65.063469 -2.1096926 0
-353.71967 65.151093 -2.1614592 0
-391.01556 65.305466 -2.1304111 0
-408.43591 65.401588 -2.1020548 0
-390.45157 65.46994 -2.1819918 0
-388.94748 65.483368 -2.127991 0
-386.3721 65.442146 -2.1725445 0
-389.64276 65.776672 -2.1153405 0
-407.99921 65.898605 -2.1517684 0
-388.82724 65.811729 -2.1033275 0
-414.69974 65.919289 -2.1688416 0
-424.36588 66.031563 -2.1364226 0
-409.95364 66.043404 -2.1468585 0
-410.60815 66.153244 -2.1156812 0
-409.76108 66.364632 -2.1466444 0
-416.48535 66.402122 -2.1473014 0
-415.67441 66.413803 -2.178653 0
-376.7301 67.157005 -2.1974747 0
-372.24783 50.246185 -2.0932705 0
-427.54382 50.387875 -2.0437334 0
-427.35556 50.382488 -2.0768836 0
-427.63235 50.416561 -2.0062642 0
-427.35678 50.488266 -2.0538528 0
-426.96451 50.461884 -2.0286105 0
-434.9093 50.534042 -2.0779805 0
-413.53741 50.566174 -2.0021932 0
-413.36658 50.58255 -2.0234351 0
-361.60623 50.927498 -2.0631962 0
-433.20572 51.331627 -2.0622509 0
-438.80969 51.465778 -2.0242846 0
-438.79428 51.489437 -2.0301156 0
-438.65256 51.456856 -2.0884349 0
-438.56348 51.480957 -2.0704632 0
-378.36078 51.589756 -2.0579484 0
-370.62189 51.756393 -2.0316043 0
-369.42468 51.804539 -2.015974 0
-414.59357 52.161797 -2.014564 0
-369.86334 52.131626 -2.0606794 0
-402.96304 52.562317 -2.0496335 0
-390.56061 52.542068 -2.0012231 0
-390.23605 52.53957 -2.0599399 0
-390.55002 52.627411 -2.0889018 0
-373.63358 52.672611 -2.0947726 0
-374.0303 52.764759 -2.0414202 0
-373.87311 52.712582 -2.0486441 0
-374.12149 52.848804 -2.0508792 0
-374.04324 52.822765 -2.0153227 0
-373.51047 52.879395 -2.0101638 0
-373.46262 52.830727 -2.0768094 0
-443.56601 53.002357 -2.0917017 0
-391.03235 53.021126 -2.0253272 0
-390.95782 53.030865 -2.0003498 0
-434.73798 53.952171 -2.0258889 0
-441.41428 54.058018 -2.0083725 0
-431.18085 54.179993 -2.0502698 0
-430.40448 54.370953 -2.0043364 0
-430.71515 54.481335 -2.0419858 0
-410.82144 54.436306 -2.0911078 0
-411.50208 54.521526 -2.0881042 0
-414.42349 54.618107 -2.038867 0
-414.37741 54.684746 -2.049391 0
-360.65799 55.142128 -2.0671384 0
-369.19235 55.540016 -2.016361 0
-420.9606 56.018723 -2.0495443 0
-420.76065 56.097729 -2.0969119 0
-384.06262 56.033318 -2.0279636 0
-420.88452 56.133423 -2.08267 0
-388.96823 56.324272 -2.0584424 0
-388.71875 56.306007 -2.0737612 0
-388.62314 56.31538 -2.0377197 0
-384.30493 56.315926 -2.0301406 0
-384.17902 56.373875 -2.0681324 0
-383.98959 56.369968 -2.0322168 0
-388.56516 56.44915 -2.0683386 0
-388.54193 56.52668 -2.0338538 0
-397.03366 56.663906 -2.0566905 0
-440.62082 57.302773 -2.0899808 0
-415.6246 58.216812 -2.0079863 0
-444.46381 58.433121 -2.0331874 0
-444.36731 58.407402 -2.0537159 0
-444.29047 58.431324 -2.0598102 0
-444.18814 58.448074 -2.0351398 0
-402.17468 58.436192 -2.05969 0
-444.60733 58.500481 -2.0422993 0
-444.09064 58.535324 -2.0494676 0
-444.02878 58.631432 -2.0475769 0
-443.98853 58.64135 -2.0404468 0
-414.99774 59.362328 -2.0916681 0
-385.25064 59.303062 -2.0777712 0
-414.82562 59.501606 -2.0487609 0
-399.57321 59.544888 -2.0868843 0
-399.90286 59.695019 -2.0382655 0
-395.78622 60.322147 -2.083324 0
-431.54922 60.903328 -2.0727642 0
-381.60315 61.028351 -2.0678878 0
-432.7041 61.169418 -2.0205641 0
-402.70163 61.172798 -2.0233002 0
-402.63965 61.175938 -2.0760348 0
-403.02338 61.235924 -2.0073988 0
-436.37631 61.387199 -2.0525358 0
-437.36758 61.450974 -2.0565302 0
-403.04657 61.45229 -2.004024 0
-437.4838 61.534542 -2.0471644 0
-437.56253 61.69014 -2.0444233 0
-431.83768 61.640057 -2.033927 0
-437.69992 61.744324 -2.0375297 0
-431.65097 62.579994 -2.0658326 0
-412.74319 63.318329 -2.0699537 0
-428.32077 63.508362 -2.0669348 0
-428.1145 63.672623 -2.0691998 0
-397.63766 64.566887 -2.0316482 0
-399.32742 64.616547 -2.0257809 0
-398.17029 64.748489 -2.005249 0
-427.22876 64.879128 -2.0013223 0
-403.26047 64.817734 -2.0722494 0
-417.60184 64.977592 -2.0823662 0
-409.6308 65.112465 -2.0976205 0
-353.94308 65.127045 -2.0848887 0
-353.85159 65.147682 -2.0616789 0
-353.57877 65.175613 -2.0860388 0
-417.79489 65.20076 -2.0254569 0
-409.5191 65.235489 -2.0686841 0
-353.64877 65.228943 -2.0790589 0
-409.13504 65.379471 -2.0483494 0
-409.31354 65.417213 -2.0163329 0
-408.99188 65.465927 -2.0487535 0
-418.34442 65.576973 -2.0221229 0
-418.13434 65.552979 -2.0339539 0
-412.11209 65.55867 -2.0254278 0
-410.9379 65.515388 -2.0681453 0
-354.16272 65.507622 -2.0549488 0
-411.23627 65.699814 -2.0233083 0
-445.88101 65.790512 -2.026659 0
-418.30786 65.739746 -2.0083473 0
-410.18301 65.732956 -2.0200155 0
-389.30252 65.804749 -2.0666122 0
-410.73444 65.927269 -2.07565 0
-410.5307 65.933281 -2.062633 0
-389.59222 65.97419 -2.0702195 0
-390.62747 66.173294 -2.0050559 0
-412.72174 66.430595 -2.0558999 0
-418.99911 66.554375 -2.0936027 0
-411.53168 66.50605 -2.0678449 0
-423.14328 67.512199 -2.0743124 0
-372.2446 50.179543 -1.9144554 0
-372.32541 50.212872 -1.9734182 0
-434.7251 50.402489 -1.9698695 0
-434.97302 50.543461 -1.9755731 0
-432.1311 50.67857 -1.9833344 0
-424.55106 50.639065 -1.9666009 0
-361.94193 50.930134 -1.9473661 0
-417.4527 51.0658 -1.9029356 0
-361.90552 51.177673 -1.9258224 0
-433.24387 51.276745 -1.9148488 0
-438.8327 51.398926 -1.9811788 0
-438.62894 51.48386 -1.9023135 0
-438.48401 51.559166 -1.9692903 0
-369.64709 51.560337 -1.9063464 0
-425.06915 51.689434 -1.9775602 0
-370.59921 51.798092 -1.9287344 0
-370.4989 51.821239 -1.9105527 0
-370.03015 51.804386 -1.9275919 0
-369.23953 51.892387 -1.9417133 0
-369.60547 51.930828 -1.9796877 0
-369.12814 51.989315 -1.9759552 0
-394.14102 52.132618 -1.9009655 0
-414.60608 52.218132 -1.9898782 0
-390.40543 52.484245 -1.9100115 0
-390.55927 52.571049 -1.968628 0
-439.28168 52.666138 -1.9406435 0
-390.6192 52.623306 -1.9979146 0
-391.19168 52.79287 -1.9301239 0
-374.1033 52.785496 -1.9312086 0
-373.99057 52.749458 -1.9244497 0
-373.82733 52.717476 -1.9678168 0
-391.22165 52.83099 -1.9531388 0
-374.03278 52.836414 -1.9404287 0
-391.18698 53.050098 -1.9932961 0
-391.0621 53.025909 -1.9082974 0
-390.96121 53.028679 -1.9923073 0
-390.74591 53.08609 -1.9722955 0
-389.71472 53.775444 -1.9031394 0
-389.68839 53.781521 -1.9865227 0
-430.55164 54.347973 -1.9579083 0
-430.47162 54.320705 -1.9669967 0
-430.63474 54.42342 -1.9044271 0
-430.30621 54.403667 -1.945538 0
-430.24835 54.525486 -1.9847493 0
-407.53705 54.540794 -1.9241635 0
-412.05231 54.69595 -1.9175318 0
-360.51733 55.133732 -1.9287416 0
-360.37656 55.129383 -1.9221681 0
-360.91272 55.235996 -1.9347008 0
-360.75082 55.200222 -1.9463949 0
-360.6366 55.214687 -1.9949441 0
-384.12634 55.853062 -1.9997531 0
-369.87851 55.863667 -1.9937341 0
-369.78934 55.867054 -1.9309351 0
-420.91788 55.992561 -1.9273614 0
-420.73438 56.052109 -1.9720463 0
-420.84918 56.105835 -1.9051037 0
-446.77374 56.273499 -1.9201319 0
-388.6358 56.325134 -1.9714911 0
-388.56598 56.537529 -1.9950327 0
-415.67572 58.191467 -1.9571538 0
-444.4361 58.422417 -1.9804151 0
-411.71085 58.40863 -1.9147526 0
-411.52423 58.457603 -1.9817969 0
-444.68402 58.526573 -1.9541721 0
-411.37451 58.570091 -1.9024974 0
-414.88974 59.513519 -1.9406569 0
-414.74921 59.517796 -1.9422952 0
-399.78815 59.526627 -1.9840776 0
-414.7775 59.656414 -1.9552402 0
-438.85965 60.348812 -1.9462311 0
-395.74435 60.308769 -1.9646778 0
-392.04065 60.589497 -1.9643471 0
-419.47433 60.935497 -1.9134248 0
-381.43762 60.93964 -1.9671758 0
-402.92197 61.175049 -1.9595627 0
-381.56342 61.142742 -1.974279 0
-413.95648 61.299454 -1.9688923 0
-403.06354 61.252098 -1.9523517 0
-402.83304 61.255779 -1.9531529 0
-402.75543 61.307022 -1.9519011 0
-402.6853 61.30793 -1.9184102 0
-436.99707 61.789608 -1.9348686 0
-384.80411 61.761391 -1.9421088 0
-432.09537 61.852577 -1.928125 0
-436.75687 61.90995 -1.9994235 0
-431.52463 62.095482 -1.9034014 0
-431.14856 62.160446 -1.9208891 0
-437.51868 62.487648 -1.9144069 0
-439.50848 63.317215 -1.9601632 0
-394.85544 63.989498 -1.9594696 0
-397.45352 64.661232 -1.9737006 0
-403.0582 64.984955 -1.9539731 0
-353.7688 65.099556 -1.9759201 0
-353.92511 65.297157 -1.9667019 0
-409.28619 65.419731 -1.9932606 0
-444.48563 65.544403 -1.9760516 0
-408.03891 65.533607 -1.99663 0
-445.70673 65.694382 -1.985041 0
-444.70566 65.611923 -1.9396284 0
-408.68311 65.600555 -1.9589702 0
-410.80713 65.776665 -1.9565834 0
-444.45239 65.809242 -1.9609917 0
-411.06201 65.892052 -1.9980713 0
-409.29233 65.827621 -1.9145288 0
-389.37515 65.827217 -1.9233767 0
-418.4213 65.951363 -1.9097675 0
-407.96439 65.910744 -1.9485523 0
-389.93015 65.908859 -1.9384232 0
-444.67575 66.026299 -1.9147162 0
-412.07114 66.092529 -1.917508 0
-410.4071 66.06395 -1.9214829 0
-409.40494 66.020241 -1.9175497 0
-418.53442 66.154938 -1.9892234 0
-412.70288 66.210197 -1.9572086 0
-418.85684 66.398781 -1.945745 0
-412.47736 67.093246 -1.9034015 0
-415.47891 67.199615 -1.9955026 0
-385.20505 68.097084 -1.9990735 0
-420.83081 68.782112 -1.9904039 0
-420.53043 68.879654 -1.9225484 0
-384.14758 68.986916 -1.9214308 0
-441.17761 50.129379 -1.8969287 0
-427.50464 50.279037 -1.8690327 0
-427.44293 50.287113 -1.8920782 0
-427.47736 50.379883 -1.8942159 0
-434.87347 50.513691 -1.8857249 0
-448.50797 50.626717 -1.8882723 0
-432.16696 50.664997 -1.8063215 0
-362.04993 50.88348 -1.8059177 0
-442.07587 51.087181 -1.8974929 0
-362.42276 51.033199 -1.8201776 0
-417.4577 51.117775 -1.8271477 0
-438.68063 51.42012 -1.8596387 0
-438.5986 51.431793 -1.8601899 0
-438.48715 51.455715 -1.8388355 0
-438.46954 51.512203 -1.8839061 0
-378.36441 51.542645 -1.8414773 0
-370.61902 51.768055 -1.8790871 0
-370.53412 51.77047 -1.8738412 0
-369.22226 51.77449 -1.8110608 0
-414.52792 52.216095 -1.8313986 0
-390.43784 52.398849 -1.810601 0
-390.4834 52.47007 -1.8273355 0
-390.60031 52.573978 -1.8947655 0
-390.54193 52.556686 -1.8429779 0
-390.20404 52.526497 -1.8316228 0
-390.16571 52.551933 -1.8871887 0
-408.19971 52.76852 -1.8683572 0
-391.289 52.788818 -1.8990841 0
-374.06055 52.76321 -1.8629193 0
-373.80475 52.745651 -1.8250329 0
-391.20203 52.896225 -1.880879 0
-374.13956 52.896194 -1.8312707 0
-374.0831 52.840153 -1.8676944 0
-374.15396 52.90974 -1.8654964 0
-436.39758 53.370083 -1.8261445 0
-370.83994 53.356277 -1.8758177 0
-370.62512 53.497982 -1.8438499 0
-430.17596 53.958572 -1.8120979 0
-430.05249 53.905811 -1.8693339 0
-430.62842 54.399296 -1.8998296 0
-430.57199 54.344013 -1.8606867 0
-430.41925 54.301128 -1.8719726 0
-430.353 54.315365 -1.8734159 0
-430.75055 54.469368 -1.8387067 0
-430.66968 54.416649 -1.8836312 0
-430.31293 54.416832 -1.8362983 0
-410.81113 54.483513 -1.888958 0
-430.19681 54.630829 -1.8741058 0
-414.41895 54.684822 -1.8328316 0
-414.38782 54.649948 -1.8687292 0
-410.67374 54.676796 -1.8816193 0
-412.3139 54.778896 -1.8039423 0
-412.29227 54.82864 -1.8625734 0
-412.10474 54.987457 -1.835596 0
-395.2493 55.134342 -1.8362998 0
-360.4736 55.166733 -1.8819557 0
-446.22052 55.570892 -1.8903812 0
-369.73199 55.806202 -1.8268926 0
-421.12207 55.970295 -1.891233 0
-421.03397 55.99271 -1.8931835 0
-369.85754 55.909641 -1.8952885 0
-421.04675 56.040211 -1.8577838 0
-420.99136 56.045593 -1.8998631 0
-440.63342 56.156559 -1.8968571 0
-421.22025 56.178516 -1.8697085 0
-446.70831 56.224094 -1.8396587 0
-446.61081 56.277382 -1.8908093 0
-384.10901 56.325527 -1.8586509 0
-384.14221 56.51273 -1.8123922 0
-356.54156 56.966831 -1.8414882 0
-380.36224 57.739639 -1.8632361 0
-428.35422 58.238384 -1.8779876 0
-444.39203 58.402828 -1.8825194 0
-398.89606 58.537228 -1.8375831 0
-444.04172 58.778172 -1.8256359 0
-413.28876 59.051598 -1.8229153 0
-414.83496 59.45002 -1.8169234 0
-399.57312 59.507637 -1.81038 0
-390.20792 59.522339 -1.8467395 0
-395.65369 60.222778 -1.8311871 0
-395.55679 60.221882 -1.8195205 0
-435.27692 60.602325 -1.8073486 0
-416.96182 60.790161 -1.8306686 0
-419.53314 60.898502 -1.846504 0
-381.55356 60.94717 -1.8780122 0
-381.56317 61.008091 -1.8592736 0
-402.75745 61.266804 -1.8364568 0
-413.97015 61.353043 -1.894004 0
-403.03247 61.3125 -1.8794798 0
-384.89566 61.593494 -1.8839858 0
-384.87888 61.643517 -1.8367125 0
-385.00851 61.786327 -1.8347952 0
-435.29895 62.156765 -1.8363003 0
-431.33954 62.149841 -1.8310802 0
-432.44669 62.265953 -1.8406756 0
-430.6875 62.99337 -1.8705031 0
-430.33862 63.481754 -1.8509444 0
-402.8038 65.069344 -1.894425 0
-353.8215 65.176987 -1.8107805 0
-398.31982 65.640945 -1.8413981 0
-406.57849 65.875496 -1.8926607 0
-406.37253 65.906242 -1.8822379 0
-389.42239 65.976402 -1.8881927 0
-389.64798 66.074692 -1.8235369 0
-409.54578 66.220367 -1.8992912 0
-408.33029 66.292374 -1.8685231 0
-406.19806 66.29464 -1.8408396 0
-412.50754 66.307747 -1.854537 0
-389.61475 66.374054 -1.8066269 0
-411.13022 66.422623 -1.853215 0
-411.46869 66.588707 -1.8355054 0
-390.98465 66.720459 -1.8655741 0
-412.24854 66.804703 -1.8098539 0
-446.00598 67.061989 -1.8795098 0
-447.44559 67.214684 -1.8924035 0
-414.22107 67.221291 -1.8523911 0
-406.73169 67.225868 -1.801791 0
-376.64127 67.249451 -1.8888488 0
-419.75467 67.877892 -1.840668 0
-441.23209 50.142185 -1.7806711 0
-372.2124 50.142441 -1.7499125 0
-434.89444 50.372208 -1.7983925 0
-427.75592 50.307594 -1.7923889 0
-427.69397 50.370762 -1.7958361 0
-427.35211 50.394146 -1.7524799 0
-427.63034 50.4021 -1.7418994 0
-448.59317 50.57637 -1.7010429 0
-424.43555 50.588593 -1.7390562 0
-424.53891 50.632526 -1.7113101 0
-424.48975 50.62067 -1.7272168 0
-432.12558 50.720181 -1.775604 0
-438.51309 51.363514 -1.7711704 0
-438.74365 51.413872 -1.7726145 0
-370.4953 51.800388 -1.7568725 0
-414.5567 52.189747 -1.736264 0
-403.67215 52.172539 -1.7651086 0
-403.41135 52.190845 -1.7617925 0
-414.59402 52.237183 -1.7554251 0
-390.28598 52.480995 -1.7581596 0
-391.38348 52.739849 -1.7834347 0
-373.58652 52.792175 -1.7144639 0
-374.05679 52.818718 -1.7753447 0
-391.05963 52.919373 -1.7837796 0
-374.18158 52.977116 -1.7751976 0
-390.85046 53.031929 -1.7767061 0
-410.84753 53.118908 -1.7395171 0
-410.73526 53.107681 -1.7151757 0
-374.19763 53.113438 -1.772992 0
-412.44736 53.264896 -1.777119 0
-370.84167 53.402119 -1.7980808 0
-389.72458 53.750687 -1.7304014 0
-430.06689 53.930191 -1.7669712 0
-431.26889 54.14463 -1.7785939 0
-430.20612 54.25938 -1.7494303 0
-430.59241 54.350628 -1.7713599 0
-430.44373 54.360512 -1.7613032 0
-430.34714 54.37606 -1.7430006 0
-430.2359 54.633274 -1.7300246 0
-412.3783 54.785103 -1.760131 0
-412.45935 54.829956 -1.7519082 0
-412.35562 54.866512 -1.7886019 0
-360.6138 55.16544 -1.7076912 0
-360.4726 55.215019 -1.7214264 0
-356.616 55.527168 -1.7560036 0
-431.00757 55.633297 -1.7753294 0
-384.15012 55.763008 -1.736843 0
-369.78128 55.975597 -1.7775534 0
-421.12589 56.052837 -1.7222638 0
-421.04865 56.021019 -1.7609208 0
-384.22672 56.135983 -1.7576183 0
-383.95557 56.198444 -1.7952651 0
-388.80756 56.272278 -1.7422796 0
-388.73022 56.271709 -1.7410768 0
-388.67514 56.291759 -1.7847371 0
-388.89151 56.358891 -1.7716436 0
-380.35556 57.70668 -1.7080337 0
-444.17432 58.488255 -1.729406 0
-407.73514 59.318607 -1.7942041 0
-395.51996 60.260815 -1.7564213 0
-438.44696 60.348103 -1.7020248 0
-432.12671 60.516159 -1.7534628 0
-392.04187 60.558655 -1.7743303 0
-432.15247 60.621887 -1.7801367 0
-419.50723 60.892956 -1.7192535 0
-419.45447 60.955967 -1.728413 0
-381.69705 60.924675 -1.7948909 0
-381.58087 60.912739 -1.7952014 0
-402.74606 61.2057 -1.7144591 0
-384.96085 61.714695 -1.7992179 0
-435.64191 62.514664 -1.7924877 0
-434.46436 62.837364 -1.7053437 0
-385.92392 63.259151 -1.7450629 0
-412.81384 63.422535 -1.764258 0
-431.24765 63.591236 -1.7306148 0
-395.09155 64.750473 -1.7413542 0
-403.08813 65.026344 -1.7584095 0
-403.35498 65.12001 -1.7936602 0
-402.9632 65.134171 -1.7440237 0
-353.5752 65.145813 -1.7679993 0
-428.37241 65.219017 -1.7771697 0
-403.41251 65.264481 -1.7823528 0
-402.9537 65.236473 -1.701332 0
-402.8717 65.213104 -1.732837 0
-353.9278 65.227074 -1.7700623 0
-353.55527 65.259537 -1.7378802 0
-411.09265 66.429558 -1.7615927 0
-406.1821 66.482704 -1.7274425 0
-418.93317 66.584572 -1.791759 0
-410.64871 66.505074 -1.7499362 0
-409.14514 66.573799 -1.709325 0
-411.49731 66.711662 -1.7359283 0
-411.30228 66.718079 -1.7454364 0
-410.68176 66.735306 -1.7687392 0
-394.5614 66.878677 -1.7188786 0
-377.25183 67.383507 -1.798049 0
-419.7818 67.440094 -1.759028 0
-408.46561 67.477699 -1.7226851 0
-419.90536 67.758209 -1.7680753 0
-404.54349 67.709671 -1.7086669 0
-448.79681 68.675568 -1.7670637 0
-416.4162 69.229103 -1.7260735 0
-420.53455 69.667 -1.7435063 0
-416.02576 70.640724 -1.7600263 0
-427.41629 50.345238 -1.6692156 0
-427.39261 50.336941 -1.6135073 0
-426.94699 50.394119 -1.6303301 0
-427.57617 50.429829 -1.6637069 0
-448.61746 50.603706 -1.6635344 0
-432.10764 50.696533 -1.6329376 0
-427.24301 50.608654 -1.6208434 0
-424.45499 50.621712 -1.6932842 0
-413.522 50.606659 -1.6965503 0
-362.22995 51.090748 -1.6488049 0
-363.14719 51.109138 -1.6769778 0
-438.74478 51.343616 -1.6186743 0
-362.26944 51.342224 -1.6595365 0
-362.08524 51.472046 -1.6687587 0
-425.20065 51.594734 -1.6081704 0
-403.59415 51.580677 -1.6436168 0
-362.21198 51.505459 -1.6603199 0
-403.72397 51.659573 -1.6781619 0
-403.64908 51.665524 -1.6761792 0
-368.98651 51.686882 -1.6070491 0
-369.04175 51.72097 -1.6094724 0
-369.01495 51.827 -1.6694883 0
-414.53757 52.162579 -1.6863676 0
-414.54865 52.206081 -1.660147 0
-403.46231 52.292492 -1.6713517 0
-390.42535 52.457298 -1.6939118 0
-390.4917 52.521748 -1.6491627 0
-390.23181 52.574181 -1.6815447 0
-390.19754 52.512333 -1.6978314 0
-374.07062 52.768448 -1.6694045 0
-373.97687 52.776749 -1.6935428 0
-373.83765 52.754143 -1.6883163 0
-373.75662 52.797096 -1.6076525 0
-373.65366 52.775467 -1.6202571 0
-374.31262 52.832485 -1.6060052 0
-374.1507 52.882557 -1.6218467 0
-391.10593 52.958637 -1.609917 0
-373.48193 52.908501 -1.6656017 0
-410.8114 53.033356 -1.6618853 0
-410.75348 53.0616 -1.6434808 0
-390.8479 53.022575 -1.6833487 0
-404.84531 53.859032 -1.6021668 0
-430.11075 54.003483 -1.6733676 0
-431.31717 54.158981 -1.6754811 0
-430.7056 54.332561 -1.6174122 0
-430.55606 54.335197 -1.6140243 0
-410.77292 54.514923 -1.6384031 0
-441.73627 54.693008 -1.6746938 0
-395.1449 55.154045 -1.6767493 0
-356.93143 55.351219 -1.6821861 0
-424.55844 55.832478 -1.6544371 0
-420.89304 55.970249 -1.6094288 0
-420.79156 55.938248 -1.6019717 0
-369.91122 55.910858 -1.6570913 0
-369.62177 55.966335 -1.6565682 0
-369.58896 55.984657 -1.6573532 0
-388.93369 56.192482 -1.6543958 0
-389.07913 56.238129 -1.6499147 0
-388.8215 56.29195 -1.6718674 0
-384.19046 56.261719 -1.696895 0
-388.93991 56.385834 -1.6901885 0
-388.6806 56.383453 -1.685986 0
-388.57803 56.362694 -1.6181003 0
-384.31268 56.370415 -1.6677912 0
-388.96982 56.441666 -1.6624756 0
-397.04517 56.665787 -1.6646137 0
-440.65781 57.26326 -1.659551 0
-448.72345 57.39275 -1.6617497 0
-428.37381 58.199009 -1.6888891 0
-444.30811 58.393703 -1.6629919 0
-444.36771 58.47084 -1.6058127 0
-444.24765 58.453461 -1.6038162 0
-444.05618 58.491165 -1.6728823 0
-444.54095 58.568745 -1.6047008 0
-444.03992 58.50433 -1.6801428 0
-443.71793 58.573574 -1.6000899 0
-385.15002 59.317398 -1.6960756 0
-415.17471 59.471409 -1.6568807 0
-415.2312 59.589695 -1.6774853 0
-414.71091 59.55772 -1.6159054 0
-415.33188 59.656467 -1.659735 0
-414.64612 59.658401 -1.6578002 0
-395.61539 60.237892 -1.6884513 0
-395.59796 60.203766 -1.6536045 0
-395.77359 60.362476 -1.6521645 0
-369.87378 60.513115 -1.638979 0
-427.16446 60.815704 -1.6870403 0
-381.40353 60.94693 -1.6082354 0
-381.3241 60.978329 -1.6434813 0
-402.97989 61.184208 -1.6260835 0
-402.89392 61.169117 -1.6280564 0
-384.88367 61.7117 -1.6685307 0
-384.7356 61.720772 -1.6813862 0
-432.30777 62.175827 -1.6025724 0
-433.6524 62.272018 -1.6852156 0
-432.03485 62.226006 -1.6315427 0
-433.05197 62.357113 -1.6709538 0
-432.94598 62.37447 -1.6683493 0
-433.28003 62.535946 -1.6004907 0
-436.26233 62.619904 -1.696715 0
-433.80798 62.821758 -1.6925784 0
-435.69138 62.980156 -1.6685488 0
-424.82278 63.186985 -1.6742169 0
-430.36243 63.843086 -1.647498 0
-403.36121 65.085518 -1.6506718 0
-403.46848 65.181335 -1.6590735 0
-403.87033 65.404236 -1.6467619 0
-405.12756 66.059258 -1.6382409 0
-388.96515 66.193069 -1.6191695 0
-391.66403 66.533844 -1.6717888 0
-408.60147 66.665588 -1.6951065 0
-405.89804 66.709442 -1.6215614 0
-393.47626 66.898651 -1.6109034 0
-393.38675 66.861084 -1.6953168 0
-411.79565 66.921608 -1.6678985 0
-406.98553 66.910927 -1.6377186 0
-394.68814 66.973564 -1.699973 0
-412.0271 67.016685 -1.6735499 0
-404.24026 67.080688 -1.6436942 0
-365.78726 67.036385 -1.6634793 0
-406.43896 67.137901 -1.6094035 0
-376.93378 67.144539 -1.6218218 0
-406.5647 67.303612 -1.649261 0
-419.64554 67.406723 -1.670789 0
-419.83829 67.631248 -1.6746519 0
-411.08627 67.857368 -1.614753 0
-420.22415 68.087563 -1.6725553 0
-449.34586 68.334595 -1.6498908 0
-449.22147 68.371109 -1.6608449 0
-420.41653 68.375809 -1.6726627 0
-417.099 69.495934 -1.6150205 0
-417.56171 69.619759 -1.6173706 0
-422.20041 70.12513 -1.685219 0
-422.08026 70.102814 -1.6838561 0
-422.36389 70.265579 -1.625396 0
-367.12381 77.428627 -1.6765046 0
-372.29755 50.061901 -1.5429075 0
-372.24194 50.181435 -1.5666509 0
-435.00757 50.280811 -1.5214745 0
-427.49719 50.275345 -1.5777842 0
-427.44351 50.319794 -1.5422337 0
-427.34988 50.329117 -1.5244288 0
-427.23941 50.395119 -1.515608 0
-434.79877 50.4506 -1.5460854 0
-427.65915 50.427795 -1.5552956 0
-427.34003 50.413635 -1.5891149 0
-424.45245 50.570053 -1.5847613 0
-413.47321 50.544907 -1.5940571 0
-424.40485 50.611271 -1.5618079 0
-417.5452 51.088287 -1.586795 0
-417.414 51.042458 -1.5204123 0
-362.30899 51.115616 -1.5166522 0
-438.42764 51.494675 -1.5241941 0
-438.44333 51.550644 -1.5805677 0
-370.49936 51.688969 -1.5130564 0
-369.05496 51.68391 -1.5510154 0
-403.82104 51.850761 -1.5474243 0
-403.73563 51.925644 -1.5419015 0
-403.56171 51.936203 -1.5170441 0
-394.19348 52.072685 -1.5326455 0
-390.3569 52.441933 -1.5456326 0
-391.51154 52.714211 -1.5943421 0
-373.77426 52.723431 -1.5278831 0
-373.62973 52.788815 -1.5883725 0
-390.70264 52.81942 -1.5220325 0
-373.55475 52.805965 -1.595315 0
-391.25748 52.963394 -1.5932398 0
-390.92957 52.96611 -1.552086 0
-390.75208 52.919079 -1.5591528 0
-373.50827 52.970764 -1.5394826 0
-410.82581 53.056728 -1.5894486 0
-390.89844 53.04512 -1.5363635 0
-389.64642 53.763844 -1.5848148 0
-430.02301 53.888157 -1.552469 0
-430.58627 54.293442 -1.5776693 0
-430.30209 54.363453 -1.5998347 0
-430.33035 54.465698 -1.5417385 0
-407.52597 54.513672 -1.5324492 0
-431.12595 55.554703 -1.5492829 0
-421.05682 55.989719 -1.5247877 0
-420.91873 55.971313 -1.5169611 0
-445.88205 56.038086 -1.5410912 0
-421.22311 56.093533 -1.5638514 0
-421.17566 56.068623 -1.5245905 0
-421.03574 56.018845 -1.5356969 0
-420.96594 56.007065 -1.5105548 0
-420.75967 56.052486 -1.5325578 0
-388.63821 56.453209 -1.5988344 0
-397.04596 56.658825 -1.577283 0
-357.15683 56.617054 -1.5869251 0
-397.2001 56.704887 -1.5357087 0
-444.50122 58.320839 -1.5675344 0
-444.00342 58.535179 -1.5919998 0
-444.00836 58.666172 -1.5368143 0
-414.84369 59.384464 -1.5597821 0
-414.98709 59.453854 -1.5409923 0
-399.81793 59.474789 -1.5532601 0
-399.63968 59.418682 -1.5498463 0
-415.14847 59.54464 -1.5238485 0
-399.45966 59.512856 -1.5969554 0
-395.65714 60.199047 -1.5388453 0
-438.99994 60.27528 -1.594673 0
-395.48492 60.260826 -1.5737439 0
-427.12894 60.848003 -1.592824 0
-381.62421 60.966282 -1.5411496 0
-381.3566 60.970245 -1.54861 0
-381.56668 61.053921 -1.5288823 0
-402.71512 61.119774 -1.5144606 0
-403.09137 61.282497 -1.566555 0
-432.13638 62.283714 -1.5215919 0
-432.09525 62.273258 -1.5901239 0
-432.82864 62.391716 -1.570944 0
-432.09296 62.347004 -1.5006753 0
-431.99838 62.321869 -1.5066532 0
-434.39844 62.983036 -1.5522445 0
-440.10696 63.493679 -1.5294234 0
-440.01331 63.604794 -1.5349337 0
-436.57562 64.138268 -1.5462584 0
-403.05859 64.983345 -1.5136718 0
-403.02808 65.083061 -1.587823 0
-353.96054 65.202263 -1.593698 0
-353.58875 65.23365 -1.5271627 0
-389.52719 66.105362 -1.5862617 0
-405.84912 66.53157 -1.5813925 0
-411.39801 66.941025 -1.5807078 0
-412.5867 67.099602 -1.5855074 0
-412.25058 67.025108 -1.5712429 0
-411.13934 67.063309 -1.5871968 0
-410.89539 67.074295 -1.5453027 0
-411.68103 67.110168 -1.579183 0
-410.91284 67.165977 -1.5491086 0
-410.00064 67.392715 -1.51057 0
-409.43295 67.332199 -1.5331006 0
-413.30368 67.682182 -1.5350896 0
-404.68686 67.645226 -1.5302327 0
-389.79156 67.889748 -1.5241104 0
-413.53409 67.962883 -1.5915681 0
-391.37064 67.905708 -1.5461223 0
-420.17462 68.011742 -1.5071551 0
-414.60876 68.556953 -1.5948638 0
-414.36096 68.533997 -1.5916352 0
-420.75455 68.670158 -1.5094314 0
-448.94955 68.744514 -1.5228751 0
-448.85361 68.853416 -1.5854305 0
-420.84158 68.83477 -1.5043225 0
-421.00775 69.057182 -1.5781885 0
-422.56262 70.733345 -1.5039142 0
-378.23398 73.124626 -1.5416529 0
-352.52661 76.739082 -1.5808173 0
-352.45465 76.726959 -1.5236635 0
-352.90775 76.956818 -1.5962485 0
-427.5033 50.289604 -1.4309461 0
-427.47772 50.267971 -1.400928 0
-427.64264 50.366264 -1.4507244 0
-427.35535 50.31205 -1.4324896 0
-427.29846 50.376766 -1.4553214 0
-427.67776 50.40955 -1.4162977 0
-390.7446 50.446934 -1.4724678 0
-424.48041 50.560921 -1.4010125 0
-362.02118 50.523518 -1.4261642 0
-403.95874 50.651054 -1.4223011 0
-426.8194 50.700104 -1.4222873 0
-404.25504 50.744495 -1.4541198 0
-390.55753 50.796036 -1.4615347 0
-404.14972 50.931469 -1.4758669 0
-417.45255 51.076996 -1.4967926 0
-417.38873 51.072445 -1.4589523 0
-417.57175 51.15321 -1.4453868 0
-438.55237 51.394836 -1.4890493 0
-438.55222 51.408401 -1.4148515 0
-425.08746 51.577606 -1.4655535 0
-378.30777 51.59798 -1.4934126 0
-424.95871 51.627388 -1.4997495 0
-368.85999 51.645191 -1.4727321 0
-369.21185 51.710049 -1.4934177 0
-403.91278 52.000381 -1.4184051 0
-414.53156 52.224953 -1.422137 0
-390.05716 52.373505 -1.4755629 0
-390.46426 52.46796 -1.4669644 0
-390.31363 52.406483 -1.4977691 0
-390.29556 52.440781 -1.4642261 0
-391.10886 52.932098 -1.4655886 0
-391.01758 52.90937 -1.4576212 0
-443.59164 53.020622 -1.4542549 0
-410.78223 53.022144 -1.4474925 0
-370.72058 53.26701 -1.4991791 0
-370.80789 53.300133 -1.4387069 0
-389.67566 53.75388 -1.4970391 0
-441.36505 54.011719 -1.4375145 0
-441.40424 54.10471 -1.4947315 0
-430.57632 54.251373 -1.4104363 0
-429.87589 54.412022 -1.4867013 0
-410.78827 54.576637 -1.4575634 0
-407.5795 54.552582 -1.406523 0
-441.70755 54.685757 -1.4165297 0
-441.69846 54.718338 -1.4444791 0
-360.67664 55.075386 -1.4204755 0
-408.48776 55.657791 -1.4959267 0
-421.15308 55.991367 -1.4751341 0
-420.86826 55.997955 -1.4152303 0
-420.76022 56.072037 -1.4104389 0
-356.18683 56.171471 -1.4585429 0
-388.67523 56.293362 -1.4977145 0
-384.0939 56.238327 -1.4866433 0
-388.66107 56.346672 -1.4280473 0
-384.26331 56.390549 -1.4286896 0
-397.02783 56.645172 -1.4834783 0
-380.32245 57.695736 -1.4204706 0
-442.55499 58.187016 -1.4010628 0
-442.58374 58.240559 -1.4023652 0
-444.35107 58.36824 -1.4906231 0
-414.88214 59.48785 -1.4940053 0
-414.69006 59.56152 -1.4580264 0
-414.73105 59.63485 -1.4194427 0
-381.33206 60.936966 -1.4570004 0
-381.54047 61.023785 -1.4377314 0
-381.42691 61.006618 -1.4606495 0
-402.99173 61.1898 -1.456242 0
-402.89734 61.179031 -1.4395856 0
-403.01062 61.239159 -1.4479407 0
-440.62302 61.891937 -1.4688112 0
-432.21332 62.42281 -1.4106339 0
-432.78452 62.517517 -1.4117546 0
-434.90115 63.906067 -1.4838713 0
-403.32397 65.06839 -1.4728357 0
-403.25986 65.076897 -1.4501641 0
-403.00452 65.074615 -1.4462296 0
-353.82034 65.252716 -1.4909509 0
-353.36551 65.219025 -1.4617471 0
-435.70459 66.080872 -1.4523686 0
-389.2995 66.01947 -1.4899112 0
-376.92017 67.156593 -1.4742906 0
-411.03891 67.361816 -1.4940794 0
-377.15439 67.311737 -1.4097842 0
-411.36145 67.581856 -1.4626147 0
-411.72928 67.697273 -1.4119812 0
-411.58444 67.654732 -1.4492977 0
-404.81595 67.632217 -1.4920205 0
-410.06354 67.721901 -1.4792597 0
-409.68103 67.8349 -1.4742223 0
-405.56122 67.809898 -1.4737724 0
-391.86057 67.857742 -1.4864444 0
-419.97522 68.034706 -1.4567604 0
-420.08112 68.100945 -1.4251349 0
-406.1232 68.370583 -1.454887 0
-413.02173 68.422539 -1.4279143 0
-449.58765 68.500687 -1.4524362 0
-449.04669 68.575935 -1.4479685 0
-448.85483 68.777405 -1.4136387 0
-389.27228 68.86515 -1.4254377 0
-414.29907 68.997978 -1.4821084 0
-446.51404 69.191711 -1.4358407 0
-421.21024 69.375595 -1.4244832 0
-421.2973 69.439087 -1.4995438 0
-421.9118 70.517151 -1.4928172 0
-421.9736 70.75502 -1.4701307 0
-422.98801 71.174347 -1.4421381 0
-423.01523 71.382278 -1.402722 0
-425.07214 72.392357 -1.4158733 0
-370.6004 79.960838 -1.403922 0
-372.21014 50.097511 -1.3330683 0
-427.44797 50.287132 -1.3064814 0
-362.27866 50.28299 -1.3381873 0
-434.88736 50.303635 -1.364815 0
-427.63315 50.357269 -1.3009881 0
-427.30145 50.31237 -1.3028734 0
-427.62704 50.409904 -1.3735485 0
-362.2868 50.469219 -1.329944 0
-424.44812 50.589859 -1.3170624 0
-390.90765 50.519772 -1.3094882 0
-404.11777 50.639996 -1.3750209 0
-391.34485 50.811405 -1.3848933 0
-390.22159 50.808628 -1.3439884 0
-390.07388 50.898682 -1.3920277 0
-390.90823 50.961731 -1.3184861 0
-417.44843 51.077282 -1.3335611 0
-403.77124 51.053745 -1.3734397 0
-433.26627 51.197834 -1.3194659 0
-404.43237 51.160465 -1.3269808 0
-390.30969 51.132904 -1.3989574 0
-438.65909 51.382343 -1.3680284 0
-438.52838 51.392765 -1.3333805 0
-390.49503 51.354038 -1.3280556 0
-364.12515 51.36837 -1.3007249 0
-438.78159 51.40593 -1.3596331 0
-425.03836 51.645412 -1.3341519 0
-424.98349 51.669006 -1.3101912 0
-369.21561 51.663895 -1.3126103 0
-368.51279 51.603031 -1.3408558 0
-404.51917 51.92561 -1.317265 0
-403.54004 52.238029 -1.3461896 0
-390.36603 52.358551 -1.3097724 0
-390.50323 52.556377 -1.3562034 0
-390.21982 52.52327 -1.3743602 0
-373.70874 52.770012 -1.3544226 0
-373.68283 52.782795 -1.3871382 0
-373.98328 52.812126 -1.3070891 0
-373.67542 52.881626 -1.3957533 0
-410.67322 52.952358 -1.3342812 0
-391.07632 52.974472 -1.3371813 0
-410.78629 53.035389 -1.35163 0
-410.69724 53.016064 -1.3550519 0
-441.37598 53.98814 -1.3938969 0
-434.73001 53.920254 -1.303588 0
-430.04373 53.919567 -1.3232815 0
-441.33127 54.029209 -1.3240316 0
-430.53409 54.309387 -1.3957582 0
-430.2825 54.360458 -1.3739725 0
-430.22946 54.442383 -1.3939861 0
-410.78619 54.548069 -1.3260043 0
-414.52216 54.65057 -1.382585 0
-360.62207 55.103867 -1.3503208 0
-446.24286 55.406208 -1.3441794 0
-384.04724 55.738941 -1.3434433 0
-369.83871 55.884773 -1.3912255 0
-420.81607 56.04142 -1.3963786 0
-357.08557 56.115925 -1.3750839 0
-388.66425 56.282227 -1.3050202 0
-384.33823 56.286194 -1.3247566 0
-388.67203 56.338245 -1.3656269 0
-384.26929 56.369049 -1.3752809 0
-384.38461 56.471275 -1.3668832 0
-357.58459 56.416348 -1.3893144 0
-448.79761 57.193314 -1.3209937 0
-440.7244 57.291546 -1.3436935 0
-444.15582 58.36232 -1.3922416 0
-444.43695 58.436436 -1.3665355 0
-444.2966 58.402012 -1.385239 0
-444.14078 58.462532 -1.3760056 0
-444.03995 58.540882 -1.3699818 0
-443.9274 58.665176 -1.3742609 0
-415.04413 59.458767 -1.3061306 0
-414.89001 59.450069 -1.3066499 0
-399.76453 59.40316 -1.3753167 0
-399.6528 59.425758 -1.3787801 0
-399.56567 59.455021 -1.3815992 0
-415.30212 59.511196 -1.3102056 0
-414.78128 59.575138 -1.3229829 0
-414.67822 59.516376 -1.3087727 0
-446.54755 60.083382 -1.3914096 0
-395.49704 60.241138 -1.3101299 0
-381.54001 61.030205 -1.3249981 0
-402.79861 61.188374 -1.3052531 0
-431.90405 62.312836 -1.3580388 0
-432.80539 62.469498 -1.3931311 0
-431.82858 62.432419 -1.3585609 0
-431.69617 62.493191 -1.3808659 0
-440.10522 63.467426 -1.3694162 0
-436.03192 64.236656 -1.3836306 0
-435.25336 64.915413 -1.3244047 0
-403.14676 65.093605 -1.3502135 0
-403.03342 65.092545 -1.3546592 0
-353.62912 65.033272 -1.3087574 0
-389.30707 65.910347 -1.3332772 0
-377.0347 66.008347 -1.3537569 0
-436.96707 66.543236 -1.3775448 0
-442.03238 67.295799 -1.355677 0
-395.53079 67.856995 -1.3122867 0
-412.29929 67.958572 -1.3841902 0
-411.99332 68.05703 -1.3829331 0
-409.93985 68.077713 -1.394466 0
-410.29233 68.135132 -1.3330638 0
-449.35422 68.378204 -1.3857353 0
-449.52802 68.452187 -1.3894464 0
-449.44461 68.405472 -1.3644747 0
-449.15286 68.598282 -1.3613144 0
-392.90109 68.654808 -1.3706619 0
-392.69577 68.79763 -1.3676927 0
-420.95953 69.032608 -1.3317127 0
-413.40988 69.24202 -1.396623 0
-379.41843 69.379051 -1.3078955 0
-421.29715 69.664307 -1.3824717 0
-414.86575 69.673042 -1.376587 0
-421.52997 69.891922 -1.3520434 0
-387.04776 69.861565 -1.3562236 0
-416.44522 70.732605 -1.3139143 0
-422.21185 70.859863 -1.387521 0
-422.78909 71.27523 -1.3067807 0
-418.09888 72.596802 -1.3370017 0
-352.71378 76.833221 -1.3945018 0
-352.41138 76.976463 -1.3867896 0
-365.67697 82.544624 -1.3474535 0
-427.5614 50.264351 -1.2488297 0
-427.40195 50.28471 -1.2512479 0
-427.31665 50.324379 -1.2400621 0
-426.94916 50.35532 -1.253494 0
-426.828 50.392078 -1.2161328 0
-427.23419 50.418095 -1.2360224 0
-424.57355 50.587162 -1.2337813 0
-424.47815 50.523502 -1.2107117 0
-432.1427 50.659439 -1.2850444 0
-424.47485 50.611671 -1.2338103 0
-442.2525 51.053001 -1.2257347 0
-391.50638 51.003311 -1.2441856 0
-433.28256 51.15477 -1.2541511 0
-433.26105 51.232368 -1.2684914 0
-438.62939 51.356422 -1.2962945 0
-403.80444 51.324974 -1.2720995 0
-364.45947 51.418308 -1.2496518 0
-363.96228 51.420425 -1.2995976 0
-391.70013 51.612705 -1.2243174 0
-403.53772 52.287212 -1.2089494 0
-403.41663 52.296104 -1.2285233 0
-403.30042 52.281261 -1.2609857 0
-373.74377 52.583046 -1.2208704 0
-373.94882 52.724701 -1.2689966 0
-373.88788 52.780853 -1.2003454 0
-373.76468 52.798019 -1.2873689 0
-374.14902 52.94268 -1.2997639 0
-373.51581 53.077656 -1.2057472 0
-391.23071 53.103184 -1.2581373 0
-436.43402 53.284946 -1.2017634 0
-430.05652 53.883732 -1.2459636 0
-429.95959 53.877232 -1.2079595 0
-430.65265 54.231461 -1.2600824 0
-430.5842 54.365124 -1.2989781 0
-430.34055 54.380657 -1.284218 0
-430.63443 54.407322 -1.2810413 0
-430.25598 54.421627 -1.2614014 0
-441.64471 54.549816 -1.2041392 0
-414.34018 54.699162 -1.2108277 0
-360.67636 55.149529 -1.2250024 0
-360.5322 55.133373 -1.2648685 0
-360.4245 55.220985 -1.2588341 0
-424.52112 55.787247 -1.2654252 0
-384.09656 55.788834 -1.2347758 0
-358.07059 55.773621 -1.2042063 0
-384.14902 55.809093 -1.2692196 0
-383.99643 55.801228 -1.2272689 0
-420.94894 55.946747 -1.2456495 0
-421.12338 56.058933 -1.249795 0
-388.88708 56.319138 -1.2707169 0
-388.63525 56.330448 -1.2058294 0
-383.91306 56.333435 -1.295723 0
-388.36951 56.432274 -1.2258762 0
-383.97403 56.476101 -1.2918034 0
-448.69052 57.187679 -1.2505771 0
-440.63132 57.237766 -1.2471911 0
-415.64017 58.151432 -1.2193514 0
-444.39859 58.392853 -1.2457112 0
-444.29752 58.398392 -1.219179 0
-444.23206 58.427135 -1.2443709 0
-444.12375 58.445751 -1.2378575 0
-444.07803 58.47451 -1.2879817 0
-444.17401 58.53463 -1.2128224 0
-399.78696 59.402946 -1.2456354 0
-399.50397 59.446232 -1.2785965 0
-414.65756 59.57156 -1.2931538 0
-414.68463 59.803211 -1.2415656 0
-395.53989 60.25153 -1.2604258 0
-395.44647 60.265537 -1.2610655 0
-381.40076 60.885265 -1.2333678 0
-381.48431 60.97073 -1.2884647 0
-432.66983 62.437057 -1.2095705 0
-424.8158 63.191437 -1.2437145 0
-424.74466 63.168724 -1.2244331 0
-412.63675 63.337418 -1.2062073 0
-436.05255 64.272194 -1.2682087 0
-431.2655 65.060532 -1.297364 0
-353.97485 65.237877 -1.2881671 0
-433.50986 65.562035 -1.2132218 0
-438.20038 67.152489 -1.2933855 0
-415.93311 67.464973 -1.2370825 0
-411.3493 67.756935 -1.2055103 0
-420.21289 68.175751 -1.2677503 0
-392.18402 68.289474 -1.2950569 0
-420.12448 68.347008 -1.2490863 0
-405.96667 68.839752 -1.2825587 0
-404.14151 68.84021 -1.2010268 0
-420.75919 68.905487 -1.2097183 0
-413.4213 69.568123 -1.2577949 0
-388.53293 70.142372 -1.293285 0
-427.49359 50.196793 -1.1302605 0
-434.89771 50.280037 -1.1185153 0
-427.62411 50.259182 -1.1378708 0
-427.56244 50.248852 -1.185066 0
-427.44278 50.241673 -1.1277611 0
-427.63062 50.301025 -1.1021619 0
-427.34003 50.309101 -1.1237844 0
-427.26419 50.335472 -1.1285139 0
-426.84705 50.322487 -1.1367379 0
-427.65137 50.406567 -1.199174 0
-424.22614 50.487442 -1.1891898 0
-427.18527 50.637135 -1.1902573 0
-403.86957 50.617928 -1.1447197 0
-403.44012 50.684364 -1.1046501 0
-362.72714 50.745346 -1.1140103 0
-442.17392 50.854939 -1.100902 0
-433.26205 51.167576 -1.1947198 0
-433.121 51.199398 -1.168888 0
-438.6553 51.299232 -1.1178596 0
-438.67529 51.378464 -1.170406 0
-438.55444 51.330311 -1.1111506 0
-368.3696 51.372036 -1.1554184 0
-364.56381 51.323784 -1.1263998 0
-438.51019 51.476448 -1.1334375 0
-424.97571 51.627914 -1.1202371 0
-394.215 52.074493 -1.1596611 0
-394.12122 52.099007 -1.1944016 0
-403.56866 52.317055 -1.110201 0
-390.36554 52.456501 -1.1955889 0
-373.92889 52.723595 -1.1163435 0
-374.19437 52.89576 -1.1649776 0
-361.96542 52.813496 -1.1164093 0
-374.10342 52.942001 -1.1836299 0
-410.82379 53.048679 -1.1338414 0
-374.09244 53.080528 -1.1962067 0
-391.24213 53.108982 -1.1955558 0
-367.52325 53.725761 -1.1218261 0
-429.96326 53.850555 -1.1182258 0
-430.49109 54.362389 -1.18051 0
-430.18399 54.396835 -1.1212759 0
-430.21094 54.466583 -1.1471523 0
-410.86636 54.565739 -1.1446098 0
-414.3851 54.648617 -1.1670461 0
-446.44601 55.349194 -1.141292 0
-408.3479 55.58662 -1.1228945 0
-424.57001 55.8228 -1.1976663 0
-420.91049 55.934143 -1.1789863 0
-420.85791 55.955307 -1.1361597 0
-421.07898 56.058746 -1.130955 0
-384.02798 56.13768 -1.1468376 0
-384.18964 56.203232 -1.1321509 0
-448.78909 57.034641 -1.1277784 0
-380.29224 57.639149 -1.1910151 0
-428.28699 58.063305 -1.1826241 0
-444.28589 58.352207 -1.1777396 0
-444.09894 58.533459 -1.194953 0
-399.64764 59.334427 -1.1988844 0
-399.82651 59.551105 -1.1556323 0
-431.35428 60.071804 -1.1069628 0
-395.71457 60.118618 -1.1013594 0
-395.74869 60.314659 -1.1855398 0
-395.6907 60.322529 -1.1703776 0
-395.35004 60.312305 -1.1136923 0
-381.21887 61.019737 -1.1583964 0
-402.84326 61.160622 -1.1565212 0
-431.97052 62.31934 -1.1256133 0
-431.72583 62.321346 -1.1423565 0
-432.81604 62.489895 -1.1862012 0
-431.63074 62.444 -1.1325026 0
-424.83966 63.183475 -1.1647696 0
-386.09665 63.123215 -1.143232 0
-353.56281 64.873184 -1.1692005 0
-402.89789 65.074806 -1.1140783 0
-353.77975 65.081032 -1.1795902 0
-354.09137 65.43203 -1.1279688 0
-433.12723 65.543526 -1.1559285 0
-432.86273 65.586792 -1.1710038 0
-433.22198 65.76989 -1.1852722 0
-389.11206 65.795219 -1.1738371 0
-376.97409 67.196526 -1.14983 0
-411.20532 67.796906 -1.1141063 0
-392.91495 68.72084 -1.1255891 0
-392.3154 68.757515 -1.1924844 0
-441.61703 68.948074 -1.1586171 0
-420.79959 68.920059 -1.1917682 0
-406.34198 68.97599 -1.1828327 0
-402.38068 68.970268 -1.1762887 0
-421.13782 69.172928 -1.1890662 0
-405.82962 69.140633 -1.1073469 0
-393.56787 69.112518 -1.1435351 0
-391.24643 69.426537 -1.1593148 0
-413.06723 69.619209 -1.1998138 0
-421.78113 69.767662 -1.1371015 0
-421.55524 69.713379 -1.1859403 0
-421.65741 69.851349 -1.1779864 0
-421.52261 69.801689 -1.1624732 0
-387.21597 69.849297 -1.1476887 0
-421.75864 69.978195 -1.1694547 0
-413.45319 70.007828 -1.1483287 0
-413.92331 70.167381 -1.1189717 0
-414.04028 70.337936 -1.1741939 0
-422.28223 70.635658 -1.143369 0
-423.91217 71.016548 -1.1371479 0
-422.86661 71.386635 -1.1552358 0
-385.83572 71.846786 -1.1683419 0
-385.57632 71.815598 -1.1686506 0
-415.4426 71.917435 -1.1017436 0
-353.00278 76.901909 -1.1955633 0
-353.09564 77.059509 -1.1847713 0
-365.73669 82.567368 -1.1479505 0
-435.02557 50.278297 -1.0271671 0
-427.66666 50.233158 -1.0800408 0
-435.00894 50.354191 -1.0189676 0
-427.63879 50.316742 -1.030107 0
-427.18481 50.304344 -1.0196111 0
-426.80429 50.304924 -1.0068007 0
-403.76364 50.434597 -1.0519247 0
-424.42154 50.548042 -1.0842335 0
-417.48788 51.035603 -1.0800544 0
-368.07996 51.0839 -1.0760374 0
-391.16095 51.156441 -1.0216174 0
-368.2587 51.135963 -1.0207834 0
-433.29758 51.200249 -1.051186 0
-368.14243 51.261673 -1.0608402 0
-438.64188 51.340813 -1.0545138 0
-390.77322 51.460091 -1.0870008 0
-390.6048 52.072395 -1.0659186 0
-414.54834 52.171917 -1.0392332 0
-390.6821 52.121941 -1.0656847 0
-390.48145 52.304771 -1.0554398 0
-390.28339 52.436813 -1.0360754 0
-373.82632 52.737488 -1.0702974 0
-373.97729 52.829578 -1.0218188 0
-391.00989 52.99527 -1.0721148 0
-374.11404 53.005817 -1.0433307 0
-429.94312 53.833374 -1.0310926 0
-367.9729 54.187813 -1.0455323 0
-430.26678 54.378166 -1.072121 0
-407.56641 54.468765 -1.0772361 0
-407.4715 54.512939 -1.0950812 0
-414.44336 54.635647 -1.0492586 0
-446.14587 55.465672 -1.0702846 0
-408.36929 55.619129 -1.0029992 0
-424.52771 55.762196 -1.0164168 0
-369.62894 55.927284 -1.0366195 0
-420.92236 56.010067 -1.088763 0
-384.1575 56.15575 -1.0761592 0
-388.82718 56.205368 -1.0738105 0
-388.72964 56.242287 -1.0706567 0
-388.71167 56.327747 -1.0047556 0
-388.56119 56.355415 -1.0883671 0
-388.40027 56.34127 -1.0525534 0
-397.07321 56.657337 -1.0189835 0
-357.30542 56.719528 -1.0190444 0
-415.59756 58.122345 -1.095175 0
-444.25391 58.361328 -1.0895256 0
-444.62891 58.438206 -1.0019448 0
-444.17581 58.402645 -1.0763475 0
-411.34775 58.473858 -1.0055479 0
-444.19189 58.52322 -1.0212088 0
-399.78906 59.378746 -1.0875297 0
-447.76776 59.427143 -1.030776 0
-414.99841 59.423763 -1.0588096 0
-415.14017 59.550983 -1.0324309 0
-381.58557 60.967472 -1.0534035 0
-381.46521 60.961975 -1.0524008 0
-402.87399 61.153511 -1.0784428 0
-431.9064 62.347393 -1.0090499 0
-448.74649 62.826515 -1.0097269 0
-378.38721 62.921558 -1.0322924 0
-378.23331 63.079548 -1.0571252 0
-395.05478 64.052086 -1.0854133 0
-436.16745 64.171913 -1.0774282 0
-403.07581 65.101982 -1.0335323 0
-353.72443 65.240219 -1.0612587 0
-354.20007 65.426636 -1.0441338 0
-389.37964 65.87545 -1.0866343 0
-389.20746 66.087578 -1.0026314 0
-389.11734 66.198746 -1.0840448 0
-435.03421 66.616127 -1.0450637 0
-377.08734 67.248329 -1.0647411 0
-404.9859 69.021347 -1.0485418 0
-404.87787 69.064613 -1.0495337 0
-392.85663 69.048218 -1.0107787 0
-392.95978 69.152512 -1.017652 0
-392.14737 69.102325 -1.0893636 0
-391.8446 69.381966 -1.0653118 0
-411.25952 69.944389 -1.0499165 0
-387.12448 69.907051 -1.0832704 0
-411.6301 70.106316 -1.0108387 0
-413.93082 70.395111 -1.0513707 0
-413.28366 70.452446 -1.0133094 0
-414.22922 70.758125 -1.046147 0
-423.49789 70.985802 -1.0276902 0
-422.22482 70.938972 -1.0272748 0
-422.96457 71.18251 -1.0905256 0
-422.63394 71.143448 -1.0051425 0
-414.74905 71.200188 -1.0513135 0
-415.54871 71.740402 -1.0336937 0
-425.54074 72.744339 -1.0339656 0
-424.58932 72.738655 -1.0523219 0
-374.91486 73.674675 -1.0607986 0
-367.89844 74.668793 -1.0317833 0
-352.39264 76.770798 -1.0786774 0
-352.27914 76.852974 -1.0258026 0
-365.84003 82.580414 -1.0447791 0
-427.4646 50.194115 -0.9647544 0
-427.30344 50.19725 -0.92746711 0
-361.49252 50.176235 -0.9546532 0
-427.69858 50.293846 -0.94699711 0
-427.20459 50.322399 -0.95122397 0
-442.10419 51.028488 -0.9952473 0
-417.51544 51.046963 -0.99120373 0
-417.42328 51.040821 -0.95277226 0
-390.95596 51.030365 -0.96394789 0
-367.9567 51.045677 -0.94309354 0
-438.64981 51.287804 -0.96681058 0
-368.10492 51.229305 -0.9154976 0
-438.70554 51.316895 -0.97558182 0
-438.54199 51.350132 -0.94413644 0
-368.17963 51.319012 -0.95367318 0
-364.88232 51.31654 -0.99384236 0
-438.42352 51.41478 -0.90057212 0
-390.49277 51.437466 -0.99898845 0
-391.11411 51.555431 -0.91498208 0
-425.04446 51.634632 -0.9873355 0
-378.25232 51.636848 -0.98490572 0
-370.49533 51.757435 -0.99476218 0
-394.30338 51.962578 -0.96695673 0
-414.52176 52.183998 -0.91039878 0
-408.14682 52.590839 -0.91928518 0
-374.04651 52.785397 -0.9472425 0
-373.7049 52.761982 -0.93601739 0
-374.0455 52.861755 -0.9652974 0
-373.98773 52.817963 -0.9425562 0
-373.50577 52.896347 -0.92359418 0
-374.08255 52.920029 -0.93469977 0
-436.42102 53.277493 -0.93565017 0
-389.62076 53.798481 -0.91614127 0
-429.97604 53.822437 -0.97220248 0
-434.73151 53.928642 -0.94417238 0
-431.30548 53.944851 -0.99694431 0
-430.73245 54.361328 -0.93429565 0
-430.67392 54.350563 -0.96703982 0
-430.70337 54.409958 -0.99992961 0
-399.78207 55.472584 -0.90457028 0
-358.08301 55.682575 -0.95982915 0
-424.62405 55.777729 -0.98254275 0
-424.58713 55.753448 -0.95022279 0
-383.98395 55.830429 -0.9715628 0
-420.97342 55.974262 -0.96382517 0
-421.12366 56.099758 -0.95709342 0
-384.02536 56.154362 -0.97469699 0
-388.91913 56.266907 -0.95093358 0
-384.19528 56.283096 -0.92574143 0
-388.87259 56.394196 -0.99490857 0
-388.94135 56.401257 -0.97611308 0
-388.49338 56.486156 -0.95749509 0
-380.29688 57.606831 -0.90965676 0
-428.27344 58.100098 -0.94918263 0
-444.21817 58.377823 -0.90922332 0
-444.15036 58.393394 -0.95187855 0
-444.10049 58.518024 -0.90011287 0
-444.04642 58.51366 -0.91972697 0
-399.64371 59.333717 -0.99929917 0
-415.12653 59.412354 -0.96894562 0
-399.55304 59.403309 -0.99691808 0
-414.73044 59.544228 -0.960356 0
-414.70645 59.695232 -0.90589535 0
-395.6524 60.168159 -0.96171904 0
-439.05893 60.238476 -0.91056234 0
-395.48285 60.220905 -0.92815858 0
-381.52811 60.945621 -0.99606526 0
-402.88074 61.126904 -0.92597485 0
-431.80988 62.424179 -0.95978576 0
-431.74585 62.535198 -0.95437443 0
-402.94254 65.009201 -0.99000287 0
-431.8754 65.229553 -0.92244488 0
-433.19864 66.735085 -0.97917134 0
-433.07727 66.784813 -0.97429019 0
-433.05084 66.868675 -0.96746743 0
-433.71866 66.909111 -0.95255035 0
-435.99573 67.041794 -0.99255317 0
-436.44843 67.41407 -0.95437491 0
-411.41415 67.744949 -0.97413194 0
-439.41595 68.358009 -0.91673648 0
-442.24112 68.641777 -0.98293829 0
-405.3627 69.099335 -0.90049052 0
-405.03842 69.03508 -0.96769917 0
-392.75012 69.500481 -0.98444247 0
-392.435 69.623352 -0.98771489 0
-391.95486 69.766113 -0.93471611 0
-409.87506 69.819351 -0.91727251 0
-411.56946 69.987785 -0.96955109 0
-400.56314 69.90419 -0.90433103 0
-399.60245 69.917122 -0.91527981 0
-373.47321 70.166321 -0.93092132 0
-402.75806 70.297752 -0.93322426 0
-373.37201 70.202789 -0.91901487 0
-421.9754 70.44352 -0.97227573 0
-403.36359 70.503151 -0.91034502 0
-412.48343 70.758102 -0.93926889 0
-422.53738 71.097588 -0.93814933 0
-422.75543 71.184853 -0.98510927 0
-422.71014 71.254059 -0.92944157 0
-423.08847 71.376877 -0.95076799 0
-414.45041 71.571136 -0.97373122 0
-414.94571 71.662643 -0.95730859 0
-415.28949 71.771606 -0.9574787 0
-385.55099 71.819794 -0.95886493 0
-424.75699 72.551155 -0.92206484 0
-366.38168 77.233849 -0.96827942 0
-427.52789 50.192776 -0.83794612 0
-427.68066 50.288174 -0.82769996 0
-427.55969 50.227562 -0.86743999 0
-448.53171 50.545425 -0.82655615 0
-424.48428 50.541763 -0.85919219 0
-362.88242 50.882027 -0.80160403 0
-417.44614 51.05941 -0.88829923 0
-364.26477 51.112122 -0.83183205 0
-438.65869 51.344185 -0.81901425 0
-438.52063 51.31715 -0.85898834 0
-438.47903 51.37846 -0.80602229 0
-438.41776 51.460667 -0.89239883 0
-447.29285 51.534409 -0.84708756 0
-370.5412 51.720367 -0.82186979 0
-370.43796 51.730267 -0.83726484 0
-359.61368 52.381058 -0.88673216 0
-359.57401 52.390003 -0.85199428 0
-403.58594 52.589176 -0.84524441 0
-391.49234 52.634743 -0.86685479 0
-373.69882 52.810436 -0.81998223 0
-390.83896 52.998943 -0.80333525 0
-373.40039 52.916782 -0.80035597 0
-410.75555 53.128304 -0.86597341 0
-367.70114 53.575981 -0.81134635 0
-430.00232 53.824905 -0.84942245 0
-429.93164 54.168018 -0.87790084 0
-430.6741 54.282684 -0.85589057 0
-430.50571 54.295628 -0.83225554 0
-430.47849 54.293709 -0.8587361 0
-430.33627 54.295605 -0.81471527 0
-430.164 54.347435 -0.84389251 0
-360.46762 55.095451 -0.85519761 0
-360.38608 55.176819 -0.81157398 0
-408.36386 55.680584 -0.81836104 0
-421.12048 55.996319 -0.8441717 0
-420.95172 55.963482 -0.87441593 0
-421.02435 56.089054 -0.86793453 0
-388.70712 56.25948 -0.81616282 0
-383.89105 56.306278 -0.84448731 0
-397.03067 56.58707 -0.82161433 0
-440.64511 57.234646 -0.84003782 0
-444.00449 58.800835 -0.88631499 0
-414.86639 59.435184 -0.81289142 0
-438.909 60.291916 -0.81468797 0
-381.49881 60.945644 -0.83268225 0
-402.83926 61.125729 -0.8493678 0
-402.79199 61.146767 -0.81038147 0
-402.96277 61.206543 -0.83138043 0
-352.40402 62.075474 -0.83465177 0
-431.94009 62.320133 -0.83581483 0
-432.77802 62.492035 -0.84818345 0
-431.87189 62.501865 -0.82400882 0
-403.06543 65.072876 -0.85480332 0
-403.00214 65.13607 -0.85619807 0
-389.12607 66.048187 -0.83990419 0
-377.06848 67.212151 -0.87765825 0
-434.34259 67.483162 -0.88288605 0
-411.39401 67.744698 -0.81368273 0
-442.20413 68.622795 -0.8195821 0
-393.24274 69.459404 -0.8203212 0
-398.66983 70.024452 -0.86138743 0
-397.021 70.08149 -0.81796759 0
-422.99207 71.352867 -0.86713952 0
-414.76294 72.246941 -0.88098675 0
-378.24893 73.061699 -0.89889061 0
-386.86884 73.199463 -0.86370993 0
-380.71671 73.286095 -0.89687335 0
-367.88715 74.683067 -0.87990826 0
-360.95401 79.922279 -0.84293938 0
-360.8298 79.916306 -0.81907082 0
-363.26367 50.034412 -0.70976365 0
-427.4527 50.176712 -0.75547457 0
-427.29459 50.236336 -0.78014773 0
-427.24561 50.339935 -0.74826539 0
-448.60254 50.436939 -0.71022397 0
-424.54407 50.545883 -0.79548717 0
-424.49094 50.506214 -0.73794055 0
-442.12457 51.039078 -0.76797551 0
-417.47705 51.004906 -0.75418001 0
-438.5723 51.35062 -0.72361565 0
-367.88477 51.310875 -0.78446019 0
-367.56555 51.303867 -0.76633108 0
-367.46179 51.304192 -0.75419497 0
-367.38605 51.313129 -0.7765649 0
-438.43558 51.463554 -0.71689832 0
-370.56342 51.730331 -0.72749841 0
-394.33963 51.97686 -0.77849728 0
-414.50104 52.188087 -0.70192701 0
-390.52936 52.376591 -0.7418564 0
-390.31174 52.378761 -0.79968077 0
-390.25235 52.444294 -0.71504229 0
-373.63947 52.754772 -0.75014865 0
-391.40659 52.842453 -0.78016496 0
-391.09207 52.875507 -0.73257023 0
-373.98672 52.814583 -0.79995316 0
-362.45764 52.855289 -0.7657364 0
-391.04694 52.935413 -0.73467261 0
-410.51947 53.252144 -0.74675578 0
-370.87088 53.339516 -0.79031563 0
-367.77487 53.703259 -0.7275461 0
-434.7168 53.916142 -0.76052749 0
-389.48727 53.961468 -0.70586842 0
-430.30371 54.394314 -0.74789119 0
-430.14609 54.410564 -0.73991537 0
-414.34335 54.532516 -0.70922548 0
-410.77863 54.690479 -0.7919625 0
-369.83392 55.872318 -0.73987269 0
-421.11511 55.95327 -0.76032615 0
-421.02106 55.932167 -0.73887491 0
-420.84058 55.923985 -0.70676988 0
-421.18204 56.051655 -0.73490345 0
-384.21545 56.200188 -0.79555523 0
-388.86853 56.36018 -0.72665846 0
-388.50287 56.344955 -0.70350164 0
-384.22702 56.321007 -0.71533531 0
-397.02176 56.593521 -0.74392313 0
-397.11838 56.639965 -0.73738152 0
-448.86316 56.965591 -0.7548455 0
-440.68524 57.232555 -0.70265079 0
-444.44626 58.397018 -0.78328407 0
-444.30618 58.401501 -0.77632099 0
-399.48715 59.394894 -0.78830475 0
-414.88046 59.453609 -0.73928785 0
-414.76929 59.474697 -0.75989729 0
-399.52829 59.426693 -0.7812705 0
-395.54431 60.155445 -0.7516948 0
-395.48813 60.157028 -0.70474267 0
-395.71774 60.214085 -0.74939901 0
-432.1424 60.467648 -0.72716069 0
-419.44321 60.901764 -0.7045542 0
-381.59869 60.99646 -0.74838758 0
-448.83096 62.826057 -0.71210128 0
-448.78235 62.862278 -0.77985847 0
-403.23105 65.072395 -0.79836947 0
-353.556 65.084358 -0.74464214 0
-431.90616 65.228867 -0.76062822 0
-353.52249 65.20829 -0.73859656 0
-353.21396 65.271538 -0.73544341 0
-376.86392 67.104851 -0.79900444 0
-434.10095 67.773994 -0.71351212 0
-445.69742 68.246475 -0.70044011 0
-437.94055 68.232635 -0.7929346 0
-434.75589 68.239738 -0.74104577 0
-432.99417 68.366402 -0.74404025 0
-449.38443 68.474594 -0.72774988 0
-449.22192 68.478706 -0.74665457 0
-436.95178 68.432266 -0.71983498 0
-448.56158 68.723625 -0.78845751 0
-405.22482 69.230522 -0.71629989 0
-392.7341 69.563324 -0.7335645 0
-392.47403 69.844635 -0.77563542 0
-373.02631 70.164024 -0.78318667 0
-373.36475 70.383667 -0.71463358 0
-403.41919 70.681351 -0.73980749 0
-404.36356 71.14048 -0.71617931 0
-424.94202 72.455048 -0.71966356 0
-414.53622 72.579926 -0.77507204 0
-374.96732 73.660706 -0.72525543 0
-352.69714 76.711372 -0.73397863 0
-365.80637 82.568893 -0.74047416 0
-427.44232 50.179176 -0.63086528 0
-427.38831 50.18848 -0.6436981 0
-427.29501 50.176662 -0.65265089 0
-426.78201 50.286228 -0.64453804 0
-427.10342 50.485249 -0.62629884 0
-361.77869 50.477188 -0.61059815 0
-367.43967 50.861053 -0.6256994 0
-417.40988 51.004459 -0.69869 0
-367.80661 51.05965 -0.64937222 0
-366.12436 51.198036 -0.65931076 0
-366.57333 51.255753 -0.64309144 0
-367.25763 51.357571 -0.69898379 0
-447.40997 51.487431 -0.65763253 0
-447.43307 51.526142 -0.60340095 0
-425.05005 51.65332 -0.64556336 0
-424.93765 51.664108 -0.6171903 0
-378.18454 51.635155 -0.67693263 0
-370.50522 51.749355 -0.64898115 0
-390.42773 52.281559 -0.62409943 0
-390.51642 52.303448 -0.6042822 0
-373.75797 52.651356 -0.613756 0
-373.97086 52.797413 -0.67832851 0
-410.68539 52.991009 -0.64593732 0
-391.94049 52.978455 -0.60687566 0
-391.01166 52.949539 -0.66037053 0
-410.75775 53.024715 -0.66867423 0
-391.1846 53.018356 -0.67941535 0
-367.44318 53.256001 -0.61468023 0
-370.80753 53.364727 -0.60000414 0
-430.09091 53.746197 -0.63552749 0
-389.54816 53.759365 -0.63866925 0
-430.46014 54.176384 -0.60258132 0
-430.41235 54.246586 -0.69371253 0
-367.99445 54.293209 -0.68703705 0
-407.47253 54.486008 -0.64044571 0
-414.3837 54.502773 -0.67806274 0
-441.6467 54.629391 -0.67919052 0
-410.84415 54.677681 -0.62809694 0
-360.54596 55.07642 -0.66144788 0
-360.42273 55.125378 -0.69977045 0
-360.65179 55.291435 -0.65225649 0
-446.19342 55.397293 -0.66155905 0
-420.87598 55.952999 -0.65494084 0
-420.69119 55.926201 -0.66443789 0
-369.62076 55.923004 -0.62504411 0
-420.66867 56.019043 -0.64322913 0
-388.85437 56.199955 -0.64005899 0
-388.6911 56.258976 -0.63195789 0
-383.94006 56.286278 -0.6917817 0
-444.42328 58.346107 -0.65568769 0
-444.23206 58.356689 -0.66254139 0
-444.19287 58.366356 -0.61046505 0
-444.08893 58.540257 -0.62054223 0
-399.73309 59.292171 -0.66789192 0
-399.59616 59.260624 -0.61106694 0
-415.05399 59.393688 -0.64669406 0
-399.91797 59.388077 -0.64128661 0
-399.6087 59.308815 -0.68006533 0
-399.50339 59.354797 -0.68542945 0
-414.76804 59.436916 -0.69794351 0
-414.75967 59.553326 -0.62471062 0
-435.63693 60.482021 -0.63644713 0
-435.53561 60.540203 -0.6499325 0
-381.48444 60.990036 -0.64343721 0
-384.67737 61.571457 -0.61210752 0
-384.79471 61.617393 -0.64382374 0
-432.9476 62.503853 -0.63657558 0
-431.61145 62.599236 -0.62909949 0
-403.21152 65.030617 -0.68111891 0
-403.15109 65.036354 -0.61914283 0
-403.2471 65.11171 -0.62175745 0
-403.29041 65.208054 -0.63490981 0
-389.33878 66.078156 -0.68420225 0
-434.59055 68.20472 -0.64792126 0
-449.35846 68.48719 -0.61781985 0
-434.23105 68.525925 -0.63451052 0
-433.16806 68.664627 -0.62546337 0
-441.18497 68.961884 -0.6316908 0
-440.14709 69.006973 -0.62717527 0
-438.07074 69.024536 -0.6646983 0
-439.4928 69.325867 -0.61880857 0
-391.62747 70.991188 -0.66238171 0
-392.28537 71.150566 -0.64919502 0
-425.61597 74.425087 -0.63342273 0
-383.29004 75.967522 -0.62072057 0
-383.13654 75.939148 -0.6144436 0
-352.60449 76.631523 -0.60153514 0
-352.83737 86.941978 -0.68992251 0
-427.57959 50.082413 -0.5552808 0
-440.97293 50.124493 -0.50792348 0
-440.89224 50.116508 -0.50245392 0
-427.43311 50.104088 -0.54665279 0
-427.38858 50.125149 -0.56738526 0
-427.25858 50.187225 -0.55006385 0
-427.27264 50.34996 -0.53593469 0
-427.13275 50.338455 -0.51878011 0
-448.54657 50.475685 -0.51372916 0
-367.65854 50.782291 -0.56267393 0
-367.76266 50.898674 -0.57029235 0
-438.53717 51.335674 -0.51864076 0
-438.46988 51.342697 -0.5528599 0
-438.0033 51.485134 -0.56102043 0
-425.00424 51.643997 -0.54182917 0
-378.29459 51.632 -0.59980708 0
-370.59595 51.749435 -0.56145704 0
-368.90231 51.742012 -0.56376451 0
-414.58014 52.180828 -0.55413425 0
-390.3147 52.199154 -0.50324547 0
-390.19025 52.265572 -0.50027239 0
-390.47507 52.320343 -0.51413983 0
-390.27768 52.3424 -0.50529003 0
-408.15015 52.525127 -0.53461111 0
-393.86795 52.85236 -0.51837677 0
-410.78467 53.02499 -0.59130776 0
-362.1463 53.123142 -0.58775949 0
-370.74509 53.268185 -0.59893948 0
-370.78601 53.32225 -0.53933805 0
-429.96732 53.810505 -0.5047304 0
-441.44043 54.170166 -0.55424124 0
-430.62097 54.264038 -0.52903795 0
-430.52505 54.256474 -0.52830881 0
-430.42609 54.274212 -0.52808422 0
-430.17773 54.328365 -0.53903407 0
-410.87759 54.687206 -0.53861523 0
-399.6925 55.342907 -0.51051933 0
-408.37994 55.669247 -0.58985251 0
-421.05908 55.989376 -0.50236166 0
-420.96771 55.967319 -0.51770025 0
-420.84875 55.948639 -0.54140079 0
-420.7005 56.08617 -0.57052684 0
-448.70996 56.158783 -0.57610846 0
-420.65717 56.152359 -0.50296915 0
-396.98477 56.526653 -0.59968638 0
-428.21942 58.090546 -0.55404192 0
-444.27466 58.320614 -0.56940919 0
-444.16888 58.372688 -0.58434254 0
-411.32785 58.430916 -0.59432429 0
-399.49698 59.259365 -0.50123245 0
-415.10794 59.484501 -0.52567464 0
-414.79703 59.489117 -0.58462799 0
-415.39703 59.540283 -0.51793164 0
-446.45749 60.063408 -0.57175803 0
-395.59195 60.180176 -0.50255287 0
-381.09586 60.843937 -0.54286784 0
-381.33517 60.920242 -0.57144731 0
-381.12848 60.997665 -0.56287926 0
-403.05521 61.142937 -0.54984999 0
-402.85638 61.200211 -0.54808146 0
-384.84399 61.604973 -0.51140743 0
-432.28821 62.37199 -0.58545607 0
-432.858 62.465347 -0.54632115 0
-431.81015 62.404751 -0.55709821 0
-353.87976 65.098862 -0.56715101 0
-353.66113 65.010498 -0.52927589 0
-389.25046 65.992233 -0.52780515 0
-376.91199 67.104149 -0.55069727 0
-376.85727 67.103416 -0.55495739 0
-376.67441 67.185234 -0.58876729 0
-376.543 67.272057 -0.54055941 0
-434.64062 68.884972 -0.5255186 0
-441.392 68.957855 -0.58373219 0
-437.85913 69.062225 -0.58026421 0
-405.17688 69.150604 -0.55086684 0
-431.35434 69.688362 -0.53301471 0
-387.08282 69.891502 -0.51690257 0
-373.27237 70.125801 -0.55078572 0
-373.14832 70.113976 -0.54134583 0
-397.87665 71.579926 -0.53993762 0
-400.65027 71.795273 -0.51216203 0
-419.90009 76.865395 -0.58988678 0
-353.00626 86.969276 -0.5717724 0
-427.55646 50.11639 -0.41348466 0
-427.40253 50.141983 -0.40277448 0
-427.30835 50.133965 -0.45631126 0
-363.28174 50.246708 -0.49204731 0
-424.50165 50.549343 -0.43988338 0
-424.41275 50.501904 -0.44646895 0
-424.388 50.503319 -0.42130458 0
-367.46674 50.788467 -0.40393445 0
-367.54605 50.801727 -0.40699416 0
-417.33527 50.977463 -0.4979021 0
-433.28467 51.040161 -0.43113258 0
-438.58923 51.273201 -0.470691 0
-438.591 51.338821 -0.42661068 0
-438.32898 51.45071 -0.49106163 0
-378.21262 51.641865 -0.44731936 0
-394.35449 51.980743 -0.4267599 0
-390.50656 52.228985 -0.49016568 0
-390.40036 52.293716 -0.4351207 0
-390.25037 52.35881 -0.41791743 0
-367.53552 52.382919 -0.40005305 0
-412.56445 52.448959 -0.40505907 0
-393.81396 52.680153 -0.43684122 0
-391.78525 52.778782 -0.45473358 0
-373.715 52.789299 -0.43513742 0
-373.66116 52.794476 -0.40867624 0
-367.86603 52.747177 -0.490854 0
-373.82874 52.819389 -0.49968001 0
-443.66043 52.968121 -0.45196193 0
-391.2085 52.955616 -0.445627 0
-374.15549 53.098431 -0.49155232 0
-434.62802 53.897884 -0.47998863 0
-429.90067 53.804214 -0.40096709 0
-430.37686 54.144012 -0.41357833 0
-391.61481 54.140789 -0.46075416 0
-430.64584 54.288723 -0.4262054 0
-430.41531 54.245861 -0.48469776 0
-430.68085 54.366318 -0.46016285 0
-430.24457 54.359398 -0.40638649 0
-367.99854 54.483273 -0.47210768 0
-410.74493 54.687954 -0.40744355 0
-359.12183 54.901291 -0.44658622 0
-360.52032 55.131332 -0.41644174 0
-360.23184 55.131065 -0.42496625 0
-446.19601 55.373989 -0.45248288 0
-369.57727 55.869205 -0.49847654 0
-420.93683 55.903664 -0.4229584 0
-420.84015 55.92939 -0.42214695 0
-421.03741 56.039005 -0.40429145 0
-415.94205 56.219292 -0.49105582 0
-388.51013 56.331787 -0.46159977 0
-380.35907 57.522491 -0.44612586 0
-415.54922 58.05275 -0.44296798 0
-444.38388 58.298557 -0.41159689 0
-444.54477 58.33062 -0.48287058 0
-444.37799 58.33287 -0.40926865 0
-444.29694 58.325493 -0.41696557 0
-411.36905 58.396114 -0.40453717 0
-444.1423 58.422398 -0.47688928 0
-411.38669 58.425663 -0.49457291 0
-415.05365 59.411625 -0.41643292 0
-414.95764 59.44381 -0.400273 0
-435.70044 60.460186 -0.47773087 0
-381.4577 60.872787 -0.46071064 0
-402.90628 61.091057 -0.40158436 0
-402.87619 61.115273 -0.4894903 0
-384.85458 61.636208 -0.44254735 0
-432.00034 62.373787 -0.40648612 0
-431.88281 62.348583 -0.41784394 0
-403.13898 65.038124 -0.4769429 0
-430.33463 65.16523 -0.47530916 0
-389.35806 66.041023 -0.41132733 0
-376.68091 67.062157 -0.47757056 0
-376.94559 67.108803 -0.49416766 0
-411.37759 67.735596 -0.47832894 0
-437.17886 68.12545 -0.4571515 0
-434.47421 68.561905 -0.47770989 0
-404.96674 69.149391 -0.40912586 0
-438.69113 69.410332 -0.46121237 0
-437.74286 69.611977 -0.43793458 0
-440.54999 69.740532 -0.47525615 0
-438.28888 69.763733 -0.40511107 0
-373.29773 70.148445 -0.40151149 0
-373.06763 70.14637 -0.47092783 0
-373.04315 70.273018 -0.47611961 0
-423.03232 70.810371 -0.40524805 0
-395.41739 71.844597 -0.41441387 0
-401.16934 71.903465 -0.48124233 0
-424.62286 72.554817 -0.46066785 0
-394.20624 72.925026 -0.4073773 0
-386.32458 75.067047 -0.45179066 0
-372.73309 76.451515 -0.42085981 0
-382.20236 77.701744 -0.48892277 0
-370.89417 79.447922 -0.41515067 0
-440.56348 50.049419 -0.35142297 0
-427.33878 50.07782 -0.30229285 0
-427.09488 50.028664 -0.37774995 0
-435.03787 50.153553 -0.30462086 0
-427.41406 50.132847 -0.37373728 0
-427.31439 50.119015 -0.35750568 0
-427.28506 50.224247 -0.35506764 0
-364.04523 50.236164 -0.32122153 0
-434.78448 50.31881 -0.37868071 0
-424.48364 50.502239 -0.33923143 0
-367.47406 50.668655 -0.31679943 0
-438.4729 51.27507 -0.30821803 0
-438.45966 51.332031 -0.34760216 0
-414.12671 51.698925 -0.32114369 0
-378.08878 51.610317 -0.36785448 0
-391.22711 51.733372 -0.3503857 0
-390.3364 52.369743 -0.31554273 0
-390.61273 52.419548 -0.3979944 0
-390.07938 52.568611 -0.35865018 0
-393.64883 52.661087 -0.30083013 0
-373.82211 52.798939 -0.33309942 0
-393.70215 52.804306 -0.39860499 0
-373.7934 52.821835 -0.33108225 0
-373.63095 52.831623 -0.34343746 0
-373.54526 52.858662 -0.34808633 0
-410.64993 53.002022 -0.39531383 0
-391.3587 53.087551 -0.30851394 0
-368.24417 53.356003 -0.39596176 0
-387.93481 53.491467 -0.36300442 0
-387.98807 53.56641 -0.31989661 0
-429.90619 53.789696 -0.35683385 0
-430.39154 54.195389 -0.38184354 0
-430.57733 54.266666 -0.34739959 0
-430.4816 54.230862 -0.38104019 0
-430.35184 54.232925 -0.34801573 0
-430.1915 54.260151 -0.36889672 0
-430.65677 54.336052 -0.34631607 0
-410.80231 54.777294 -0.3540214 0
-360.29587 54.837833 -0.34187382 0
-446.16653 55.354721 -0.344064 0
-395.80392 55.525562 -0.37409618 0
-424.55777 55.696522 -0.35826054 0
-424.55164 55.786011 -0.34394187 0
-424.46872 55.717937 -0.3156803 0
-420.87955 55.964195 -0.32834134 0
-420.77325 55.970135 -0.31040871 0
-420.93433 56.002899 -0.32573333 0
-420.66895 56.043388 -0.3726368 0
-384.0466 56.154621 -0.33060983 0
-388.80423 56.223995 -0.31417358 0
-440.77036 57.242313 -0.32642987 0
-415.52164 58.071899 -0.31323346 0
-444.31796 58.355091 -0.33159861 0
-444.17438 58.383911 -0.33148545 0
-443.96252 58.476021 -0.33652285 0
-444.06631 58.507339 -0.36968541 0
-444.02847 58.638706 -0.3111847 0
-443.96811 58.736908 -0.36535487 0
-399.62549 59.228939 -0.37685597 0
-415.14267 59.433662 -0.30183071 0
-414.78613 59.480934 -0.35984769 0
-415.13342 59.551559 -0.32538468 0
-414.71518 59.630997 -0.3375136 0
-446.31967 60.054714 -0.32233003 0
-395.51981 60.182789 -0.37705404 0
-381.29901 60.951759 -0.36694303 0
-402.82709 61.068691 -0.31460714 0
-402.8284 61.151783 -0.34938186 0
-402.71524 61.15313 -0.39775336 0
-402.64371 61.280285 -0.35295549 0
-384.78183 61.606564 -0.36802748 0
-402.98407 65.020569 -0.36817941 0
-376.80853 67.096191 -0.32300416 0
-449.3996 68.45063 -0.30335012 0
-436.90289 68.419411 -0.31021035 0
-449.12109 68.54129 -0.3174772 0
-448.95221 68.753967 -0.38976958 0
-392.76138 69.556511 -0.36884815 0
-372.97861 70.041405 -0.33723989 0
-372.82367 70.353691 -0.33178362 0
-425.11005 72.629288 -0.30554733 0
-425.20776 72.72657 -0.37894121 0
-366.30307 85.636154 -0.35878655 0
-366.19748 85.604645 -0.31403258 0
-440.57922 50.012577 -0.28647667 0
-427.58008 50.083672 -0.22979321 0
-427.41907 50.084213 -0.27139288 0
-434.99973 50.17881 -0.27369732 0
-427.64639 50.198463 -0.28263733 0
-427.30042 50.124767 -0.25995606 0
-435.04565 50.229965 -0.27216202 0
-427.20679 50.310013 -0.24789871 0
-367.47842 50.639759 -0.22037682 0
-411.8913 50.814995 -0.23343839 0
-433.28665 50.936565 -0.24834463 0
-417.44794 50.967949 -0.22905189 0
-411.81653 50.977013 -0.24104993 0
-438.56161 51.258945 -0.2422311 0
-438.48209 51.263382 -0.24984817 0
-438.53201 51.328327 -0.24252163 0
-438.43439 51.347183 -0.25275111 0
-392.35901 51.504673 -0.21765128 0
-424.94815 51.616711 -0.23922908 0
-414.13049 51.707287 -0.26300183 0
-378.13144 51.716927 -0.24844433 0
-370.43979 51.730423 -0.21707003 0
-360.34937 51.80912 -0.26565486 0
-412.90329 51.914665 -0.23860975 0
-394.4108 51.975418 -0.22537011 0
-412.93533 52.088963 -0.23106177 0
-360.96701 52.015587 -0.23732308 0
-414.67227 52.187912 -0.204612 0
-390.23218 52.194607 -0.25670046 0
-411.77533 52.21167 -0.20075983 0
-411.61432 52.284771 -0.2914325 0
-393.58835 52.285103 -0.23555849 0
-390.5611 52.35001 -0.24519531 0
-390.31339 52.325809 -0.27546746 0
-373.61041 52.811733 -0.28852284 0
-373.49799 52.874168 -0.27445391 0
-391.21457 53.001965 -0.28510153 0
-367.70883 53.093498 -0.22639865 0
-367.69849 53.188438 -0.24594611 0
-367.37131 53.165104 -0.23938724 0
-388.12979 53.316628 -0.21916953 0
-368.41397 53.68354 -0.21262428 0
-367.84512 53.623699 -0.29620522 0
-430.02277 53.78788 -0.23093802 0
-404.71967 53.740238 -0.29351568 0
-434.63943 53.866982 -0.28674564 0
-430.46262 54.207081 -0.22171505 0
-430.36203 54.223511 -0.25624987 0
-430.2229 54.309147 -0.22661388 0
-430.19669 54.346992 -0.2814801 0
-356.3132 54.631599 -0.21211123 0
-360.388 54.948704 -0.28140503 0
-391.90958 55.114998 -0.23933922 0
-420.88928 55.975327 -0.27116019 0
-384.00729 55.910809 -0.2545552 0
-383.87354 55.928574 -0.29690769 0
-420.80273 56.038792 -0.26896903 0
-448.78989 56.162857 -0.21295695 0
-383.98679 56.269936 -0.29661119 0
-383.69858 56.273029 -0.28951067 0
-388.94836 56.396931 -0.25116134 0
-383.75906 56.374687 -0.21558744 0
-383.62198 56.340168 -0.25292423 0
-397.14233 56.545631 -0.25002617 0
-440.57837 57.198528 -0.28013843 0
-440.51968 57.245766 -0.27935255 0
-443.99649 58.422596 -0.22124687 0
-411.33978 58.431816 -0.27622804 0
-414.87393 59.384941 -0.23680224 0
-399.53754 59.321281 -0.25151393 0
-415.22543 59.514019 -0.29680791 0
-395.39175 60.174385 -0.25259095 0
-402.80917 61.092335 -0.23588856 0
-402.73663 61.227612 -0.20150508 0
-384.73782 61.616348 -0.29722333 0
-431.96249 62.389355 -0.26278561 0
-431.78629 62.397423 -0.23120999 0
-432.74887 62.465572 -0.26558727 0
-431.66638 62.451756 -0.2575438 0
-431.64185 62.566105 -0.23931491 0
-424.78671 63.086376 -0.25270951 0
-440.14365 63.297447 -0.21388477 0
-412.7955 63.443707 -0.22173917 0
-403.02338 65.063766 -0.26015773 0
-402.96417 65.046173 -0.22853211 0
-430.43549 65.180687 -0.27697498 0
-376.51834 67.249939 -0.22441803 0
-411.34973 67.709549 -0.25935647 0
-437.27557 68.13398 -0.27557814 0
-449.37503 68.434929 -0.2310771 0
-449.18869 68.558411 -0.24668325 0
-442.34213 68.524948 -0.27907729 0
-449.04816 68.626846 -0.24896157 0
-441.52872 68.918617 -0.25490817 0
-441.3822 68.931511 -0.25872803 0
-405.26523 69.148232 -0.22138995 0
-392.83496 69.542931 -0.28205028 0
-436.41571 69.678688 -0.27110583 0
-435.79324 69.64679 -0.27881819 0
-393.18195 69.663795 -0.29987454 0
-435.785 69.955002 -0.28235272 0
-435.00821 69.975822 -0.29691231 0
-372.91434 70.146317 -0.264961 0
-372.84689 70.322899 -0.24205232 0
-395.33594 72.456039 -0.24232417 0
-425.1098 72.526611 -0.27430576 0
-424.65668 72.607864 -0.20780073 0
-387.07407 74.878754 -0.22537744 0
-427.32083 50.031334 -0.16110007 0
-362.9194 50.100021 -0.18622971 0
-424.47098 50.476181 -0.15633446 0
-361.83826 50.498505 -0.17735218 0
-361.47336 50.418766 -0.19664025 0
-367.48196 50.607792 -0.15810251 0
-367.40622 50.712265 -0.1408872 0
-433.28308 50.996342 -0.17571215 0
-442.25436 51.001598 -0.16745067 0
-438.6554 51.353542 -0.17355822 0
-438.38657 51.328915 -0.10745078 0
-412.01514 51.490818 -0.14052686 0
-424.95251 51.576664 -0.12918675 0
-378.26733 51.635719 -0.192013 0
-378.073 51.765968 -0.15841724 0
-377.9975 51.762516 -0.16017868 0
-370.44379 51.714516 -0.12025639 0
-412.03531 52.075596 -0.17698927 0
-411.96884 52.148045 -0.11744768 0
-359.78421 52.418011 -0.18870449 0
-390.97513 52.897163 -0.17268854 0
-374.01215 52.950638 -0.15226468 0
-373.35507 52.966457 -0.17517112 0
-355.6398 52.935795 -0.14582466 0
-436.3165 53.192024 -0.17453325 0
-370.69427 53.356781 -0.12919819 0
-434.62631 53.752892 -0.11553748 0
-441.36319 53.925507 -0.13720892 0
-368.03937 53.991081 -0.12236058 0
-368.11517 54.041527 -0.16200204 0
-430.1965 54.300945 -0.15653706 0
-356.68033 54.561035 -0.18690525 0
-356.56351 54.584328 -0.19583017 0
-387.99594 55.405815 -0.14202909 0
-424.61365 55.751125 -0.13006778 0
-424.53052 55.768711 -0.12830168 0
-420.99478 55.995014 -0.13081114 0
-420.73993 55.97102 -0.14458115 0
-421.04758 56.020176 -0.13025783 0
-358.19885 56.479321 -0.12159375 0
-397.26663 56.527382 -0.12550485 0
-358.60992 56.585442 -0.10777687 0
-444.35641 58.368027 -0.1528296 0
-444.1908 58.36964 -0.1669067 0
-411.30557 58.438984 -0.16132754 0
-399.75482 59.232662 -0.15651441 0
-399.51236 59.207863 -0.12049352 0
-414.86133 59.468929 -0.11281309 0
-415.22189 59.579037 -0.16634573 0
-414.65088 59.51041 -0.18140066 0
-395.49081 60.155254 -0.17286578 0
-395.57468 60.233887 -0.11502398 0
-419.37308 60.890995 -0.19221883 0
-381.40997 60.953476 -0.15275554 0
-402.6499 61.316601 -0.19387633 0
-432.12024 62.442093 -0.11948378 0
-424.6506 63.145863 -0.19442697 0
-403.22491 65.040489 -0.19315289 0
-402.94443 65.273689 -0.17846291 0
-449.33344 68.511391 -0.10435087 0
-436.94318 70.836617 -0.13208818 0
-424.98102 72.417381 -0.13507141 0
-424.70859 72.493042 -0.17777154 0
-374.76065 73.764091 -0.18884957 0
-403.27036 74.413406 -0.17209712 0
-352.94797 86.977615 -0.17765884 0
-427.41779 50.046814 -0.04911723 0
-427.34894 50.047943 -0.07198146 0
-361.67636 50.01516 -0.043164823 0
-427.30344 50.153038 -0.024982072 0
-424.5925 50.356655 -0.081781186 0
-424.35266 50.457546 -0.012554917 0
-441.30353 50.539383 -0.074641243 0
-367.33478 50.554405 -0.016411396 0
-364.81839 50.649036 -0.035980593 0
-363.45837 50.880074 -0.0730666 0
-433.36166 51.022709 -0.042623658 0
-438.66245 51.247086 -0.052312341 0
-438.3674 51.280998 -0.027597956 0
-438.76321 51.32589 -0.038506351 0
-438.39886 51.302528 -0.084388234 0
-438.3176 51.423634 -0.057865135 0
-412.36041 51.43058 -0.081473082 0
-370.29465 51.718861 -0.039495796 0
-392.89764 51.93008 -0.015044434 0
-411.97226 52.109066 -0.07176172 0
-390.68066 52.15461 -0.083621413 0
-414.67105 52.235771 -0.024577677 0
-390.4024 52.26149 -0.075511083 0
-390.38107 52.285763 -0.039079513 0
-359.72098 52.371414 -0.064110324 0
-373.93243 52.762341 -0.069668338 0
-373.70709 52.741573 -0.059782162 0
-373.66513 52.79443 -0.03332945 0
-391.1282 52.865692 -0.058545746 0
-373.9288 52.81757 -0.025628194 0
-373.65921 52.81823 -0.078214362 0
-373.42065 52.866962 -0.0072153215 0
-355.56616 52.811256 -0.08180669 0
-410.70691 52.947094 -0.025464294 0
-391.20667 52.948856 -0.047843907 0
-367.69751 53.042213 -0.055096515 0
-355.87567 53.015148 -0.011452807 0
-368.28378 53.27338 -0.0070985975 0
-368.15057 53.470917 -0.033477262 0
-355.89844 53.466381 -0.098248228 0
-430.20456 54.237381 -0.088185623 0
-407.41049 54.448322 -0.044994365 0
-414.39444 54.588676 -0.065254837 0
-410.7641 54.799076 -0.075568378 0
-391.65195 54.710854 -0.093103513 0
-356.94928 54.723232 -0.00088348001 0
-410.8623 54.891994 -0.097052507 0
-360.49426 55.086834 -0.070443511 0
-395.20865 55.252247 -0.017343955 0
-424.64304 55.724491 -0.050962843 0
-383.80707 55.862602 -0.076324284 0
-369.58365 55.815872 -0.092908919 0
-420.83582 55.963932 -0.03214227 0
-416.03134 56.213795 -0.079277575 0
-415.95462 56.228878 -0.083332777 0
-383.88257 56.202 -0.048818223 0
-383.32111 56.45166 -0.016888574 0
-388.28006 56.620308 -0.016174722 0
-444.23056 58.320183 -0.026284253 0
-444.09726 58.351933 -0.00475151 0
-351.83267 58.357059 -0.077987492 0
-444.53018 58.443714 -0.00040689463 0
-444.45908 58.423489 -0.098796837 0
-444.10022 58.412846 -0.0909082 0
-444.07126 58.476616 -0.0024947764 0
-444.07153 58.561993 -0.052586205 0
-444.03769 58.638523 -0.018195566 0
-443.92847 58.688747 -0.017427728 0
-383.81299 58.731468 -0.090472803 0
-415.15292 59.386608 -0.078944415 0
-415.06546 59.42445 -0.02270381 0
-415.28192 59.578205 -0.072554559 0
-394.95572 60.089134 -0.079900421 0
-395.51291 60.152126 -0.0074724173 0
-395.39539 60.150883 -0.0011040493 0
-350.11752 60.135765 -0.0085167605 0
-435.62527 60.552975 -0.0066765142 0
-381.40976 60.998539 -0.077148631 0
-431.86243 62.350437 -0.068817705 0
-424.65915 63.104424 -0.00222189 0
-353.8353 65.103516 -0.045499682 0
-389.22665 66.011444 -0.050930824 0
-424.12781 67.075882 -0.020443719 0
-377.07773 67.149597 -0.025305253 0
-442.35764 68.504105 -0.095033377 0
-441.44608 68.874802 -0.024453564 0
-405.22861 69.245575 -0.081829421 0
-392.98276 69.595306 -0.013284824 0
-435.39105 71.129143 -0.0010609512 0
-440.33887 71.942879 -0.020576213 0
-440.20886 71.947861 -0.018657975 0
-399.19327 71.936264 -0.018655831 0
-424.76138 72.510681 -0.011588668 0
-424.67096 72.612068 -0.083745003 0
-375.23239 73.636841 -0.074548826 0
-377.91388 81.998413 -0.043013137 0
-427.48444 50.021427 0.070795029 0
-427.35995 50.036041 0.047106121 0
-427.26935 50.099209 0.021030411 0
-427.21042 50.179962 0.027177026 0
-392.34561 50.151623 0.043523274 0
-364.92377 50.256168 0.050343305 0
-364.49606 50.306877 0.049996231 0
-363.68924 50.593834 0.030707849 0
-392.23883 50.721626 0.06897594 0
-391.65512 50.982204 0.075825445 0
-438.61237 51.270817 0.088427633 0
-366.87222 51.202225 0.026766485 0
-438.37952 51.333874 0.096542925 0
-366.17941 51.369118 0.041032705 0
-424.93164 51.582932 0.087230742 0
-370.2518 51.793503 0.0059984592 0
-390.04782 52.123695 0.060861446 0
-389.95413 52.100159 0.056829605 0
-390.39001 52.208275 0.073482729 0
-390.61511 52.349365 0.081766151 0
-390.54517 52.3214 0.070713699 0
-390.4487 52.313522 0.073094301 0
-390.18591 52.319126 0.099967957 0
-373.76373 52.813995 0.032361075 0
-373.63907 52.844349 0.026006058 0
-391.19745 52.929684 0.063244306 0
-391.2529 53.126701 0.055680715 0
-389.6348 53.26255 0.075813673 0
-370.79739 53.288349 0.027302217 0
-430.41818 54.066498 0.010156476 0
-359.2663 54.053219 0.097643316 0
-430.51678 54.177139 0.075655274 0
-430.39618 54.12291 0.065191805 0
-430.57953 54.246807 0.084038831 0
-357.25497 54.849209 0.097955503 0
-410.9108 54.900787 0.081881583 0
-391.77811 55.094154 0.0064893411 0
-399.73444 55.310684 0.022905497 0
-399.65475 55.361317 0.071433835 0
-399.80652 55.42659 0.056952648 0
-369.58362 55.829926 0.077710629 0
-420.92645 55.987835 0.012877678 0
-420.66806 55.989964 0.024417667 0
-383.92078 55.909756 0.084773682 0
-388.54874 56.213852 0.027889783 0
-383.78992 56.276592 0.057434805 0
-380.41675 57.38541 0.056645017 0
-380.35233 57.46339 0.036079321 0
-428.28281 58.007469 0.063201644 0
-444.44525 58.398087 0.0075447229 0
-444.28516 58.320335 0.00025555951 0
-444.13821 58.369488 0.072564133 0
-444.16537 58.402569 0.067353509 0
-444.09964 58.415245 0.083028741 0
-443.95721 58.502457 0.0059417342 0
-351.98239 58.6297 0.062239219 0
-443.92819 58.793827 0.060582567 0
-354.45535 58.845055 0.049201291 0
-415.05338 59.36974 0.0043999017 0
-415.14856 59.45985 0.030720443 0
-350.52643 59.924618 0.046761386 0
-350.42368 59.964645 0.044630099 0
-395.45908 60.067947 0.057067934 0
-395.39377 60.095886 0.045396511 0
-395.55075 60.13805 0.045990299 0
-402.85666 61.092049 0.014377709 0
-431.83005 62.30518 0.023768788 0
-431.53464 62.395325 0.055934642 0
-448.79926 62.767418 0.084103666 0
-402.98032 65.056946 0.016135318 0
-441.32828 68.94146 0.027410595 0
-405.15347 69.174759 0.044096954 0
-373.19168 70.119637 0.0014453208 0
-435.70557 71.459259 0.06868621 0
-438.97021 71.806938 0.045539632 0
-399.28329 71.936836 0.057899825 0
-424.69223 72.429756 0.018369043 0
-424.58755 72.550293 0.02348247 0
-420.88879 76.395691 0.043848988 0
-370.89566 79.368759 0.030989839 0
-365.72073 82.660629 0.08479844 0
-352.76852 86.966988 0.09247119 0
-427.43512 50.003628 0.14217409 0
-427.31625 50.026432 0.11622158 0
-427.21994 50.175858 0.14158541 0
-427.16724 50.14291 0.14947917 0
-448.45416 50.302147 0.17858557 0
-424.42651 50.455963 0.12014022 0
-367.32446 50.429039 0.13576186 0
-367.24051 50.482796 0.15270159 0
-438.42642 51.297482 0.1210603 0
-365.62653 51.244984 0.17349213 0
-363.8851 51.254101 0.18161273 0
-438.45679 51.312973 0.13391545 0
-438.30588 51.390919 0.10282435 0
-438.2309 51.417046 0.110708 0
-392.13217 51.665081 0.15302949 0
-414.71075 52.194477 0.19576763 0
-368.08279 52.105881 0.13451143 0
-395.18494 52.277721 0.10990601 0
-395.21207 52.433292 0.16430296 0
-390.68799 52.416508 0.15685289 0
-390.21509 52.50201 0.15187614 0
-355.41357 52.644344 0.14434819 0
-355.64783 53.134098 0.10009696 0
-388.14026 54.091503 0.11103931 0
-359.32297 54.025715 0.10063775 0
-430.56799 54.130882 0.14545089 0
-430.28967 54.174953 0.1398923 0
-430.30182 54.2342 0.18144183 0
-368.9328 54.241444 0.13196403 0
-395.5271 55.050083 0.11194012 0
-360.70895 55.157951 0.1089049 0
-448.76102 55.983501 0.19189657 0
-415.99353 56.206066 0.12650411 0
-388.42877 56.326557 0.14957753 0
-380.3248 57.46104 0.12036642 0
-353.44611 58.057182 0.14723524 0
-353.3382 58.11586 0.19574879 0
-353.37195 58.277473 0.12949616 0
-444.31122 58.318905 0.17878635 0
-351.67822 58.392914 0.1126857 0
-444.06924 58.411598 0.19783202 0
-352.08691 58.402981 0.16697802 0
-351.58765 58.407234 0.13479242 0
-353.15823 58.515068 0.1172342 0
-399.46793 59.26075 0.11359318 0
-414.82764 59.385498 0.14222677 0
-415.25897 59.425186 0.15016368 0
-414.58789 59.556866 0.13745897 0
-395.46625 60.140511 0.17557178 0
-435.73721 60.472996 0.16618265 0
-381.20813 60.861816 0.10521428 0
-381.00885 60.899727 0.10468131 0
-381.04312 60.996117 0.18545635 0
-402.80069 61.084915 0.1540045 0
-402.73755 61.125824 0.1718784 0
-432.00742 62.293957 0.18113622 0
-431.91983 62.285446 0.18909156 0
-432.15625 62.376671 0.19322473 0
-431.79465 62.381649 0.17674093 0
-389.15173 65.940247 0.15783888 0
-376.95834 67.103584 0.17824481 0
-411.32397 67.683662 0.15562135 0
-442.2374 68.492508 0.16878404 0
-449.26257 68.599945 0.14072433 0
-392.88293 69.578888 0.15763953 0
-392.69211 69.744614 0.16694331 0
-440.73419 72.480888 0.18086967 0
-403.25558 74.522705 0.10446108 0
-352.69336 76.620438 0.10329491 0
-352.38409 76.720688 0.17831638 0
-373.74661 77.5411 0.18936674 0
-421.4039 80.657486 0.17813833 0
-427.60632 50.072193 0.22616768 0
-440.84995 50.169186 0.2771008 0
-427.24881 50.115986 0.25085598 0
-435.22705 50.28997 0.2035664 0
-448.43106 50.344692 0.27370012 0
-426.35526 50.336445 0.2530311 0
-392.1745 50.72506 0.27084169 0
-391.79556 50.820778 0.25147945 0
-442.27521 51.00444 0.24816082 0
-356.12845 51.019253 0.29969344 0
-356.08032 51.048557 0.29287678 0
-392.05966 51.216877 0.29817384 0
-438.33881 51.33337 0.23192798 0
-391.77484 51.454823 0.2973254 0
-368.16156 51.577465 0.24863601 0
-370.36438 51.705078 0.26127738 0
-393.79294 52.091679 0.27348563 0
-414.59775 52.149727 0.2604019 0
-395.2298 52.362286 0.24337989 0
-390.46362 52.310913 0.22773637 0
-368.01743 52.369221 0.24293211 0
-395.23816 52.426437 0.21748811 0
-390.17697 52.452888 0.23568991 0
-390.83203 52.674419 0.2838842 0
-355.14841 52.793961 0.2700561 0
-410.73499 52.912075 0.2714417 0
-410.6806 52.93243 0.25120771 0
-391.06818 52.973572 0.2037029 0
-373.99753 52.931549 0.20764169 0
-390.15656 53.319736 0.29222479 0
-389.20831 53.796497 0.27218089 0
-429.92624 53.830299 0.25046605 0
-388.51654 53.892212 0.23606294 0
-369.13486 53.900806 0.29708111 0
-430.39902 54.16396 0.28820631 0
-430.24991 54.167614 0.2483056 0
-430.49915 54.222054 0.20133038 0
-420.41504 55.834595 0.26029447 0
-369.84213 55.922321 0.20344013 0
-420.72803 56.022888 0.25897714 0
-420.21381 56.198009 0.28329709 0
-358.91473 56.122406 0.26402298 0
-440.5567 57.22155 0.2636615 0
-380.0289 57.354374 0.26440334 0
-444.27448 58.320702 0.2990894 0
-411.22479 58.458065 0.20002834 0
-351.8342 58.511147 0.25151905 0
-350.45404 58.891205 0.29969603 0
-399.75113 59.112503 0.22114433 0
-399.56699 59.143341 0.22344559 0
-415.02817 59.375282 0.23190768 0
-414.93127 59.354237 0.23105541 0
-414.91815 59.428398 0.29438066 0
-414.6694 59.524109 0.22814833 0
-438.79575 60.214333 0.29634169 0
-381.29575 60.906212 0.24142917 0
-381.1814 60.906315 0.29456416 0
-402.9201 61.013371 0.23854518 0
-433.01559 62.320801 0.25752103 0
-432.13922 62.375141 0.29060316 0
-431.75528 62.449406 0.23975483 0
-424.70663 63.155823 0.22896838 0
-402.84937 64.897514 0.2350938 0
-402.88596 65.114456 0.26597774 0
-389.01099 65.999016 0.20340732 0
-376.87839 66.942055 0.25228617 0
-376.78183 67.045967 0.24309005 0
-449.4249 68.456635 0.2079754 0
-405.19467 69.081863 0.26060987 0
-404.97177 69.115578 0.28065917 0
-404.85959 69.170853 0.28236333 0
-400.52838 69.691452 0.27842084 0
-373.03522 70.020798 0.21003008 0
-378.13486 73.078804 0.2922256 0
-375.01593 73.6343 0.21860544 0
-399.03778 74.469025 0.27374074 0
-367.80438 74.622871 0.25509977 0
-427.26868 50.040871 0.37497851 0
-427.35471 50.109085 0.30119589 0
-366.82312 50.136547 0.32722831 0
-435.24683 50.341766 0.34607986 0
-427.21899 50.351933 0.37344494 0
-367.24445 50.365852 0.3365835 0
-424.35678 50.420155 0.37760901 0
-361.56299 50.696667 0.39996466 0
-356.54321 50.757019 0.37971985 0
-356.33072 50.825932 0.38538328 0
-355.76355 50.868443 0.33135042 0
-440.0282 50.950222 0.35176709 0
-391.45331 51.006378 0.33403522 0
-438.3157 51.319412 0.39310926 0
-391.42987 51.387562 0.33781174 0
-370.03769 51.359085 0.34513289 0
-366.02896 51.426739 0.32473734 0
-424.89517 51.542244 0.35636315 0
-391.36328 51.561726 0.30875844 0
-391.74997 51.708241 0.3554756 0
-356.27203 51.772739 0.37903309 0
-391.79208 52.173817 0.34551314 0
-390.42831 52.174671 0.38535628 0
-390.28836 52.234962 0.32595152 0
-390.58307 52.325382 0.34009328 0
-392.94354 52.810383 0.33059883 0
-373.93738 52.869881 0.35216302 0
-370.71066 53.263668 0.38458109 0
-369.2403 53.208794 0.3797769 0
-368.99945 53.21529 0.37383306 0
-368.9259 53.325493 0.3906799 0
-369.02902 53.542332 0.34986916 0
-359.79773 53.503708 0.31176782 0
-368.61621 53.69772 0.36670974 0
-430.06372 53.774933 0.39646474 0
-434.71362 53.828304 0.3918505 0
-390.496 53.896774 0.37766522 0
-430.44769 54.100281 0.34694421 0
-430.25433 54.174431 0.36310822 0
-388.32288 54.195782 0.33224252 0
-430.54605 54.223167 0.35134977 0
-441.6647 54.465549 0.30220598 0
-360.28149 55.089279 0.34517729 0
-360.08752 55.114716 0.34851158 0
-359.36844 55.494915 0.39988875 0
-389.0137 55.728863 0.30974165 0
-424.41855 55.892574 0.37512332 0
-424.0582 55.868114 0.32407278 0
-420.85217 55.958202 0.34268713 0
-420.64578 55.977562 0.38439706 0
-420.57465 56.051701 0.38475993 0
-397.02832 56.483017 0.37138698 0
-388.36279 56.458874 0.353479 0
-415.58929 57.956879 0.32398227 0
-415.49524 57.996075 0.33517238 0
-353.45819 57.976368 0.3071928 0
-444.21213 58.285526 0.39712322 0
-444.11276 58.372452 0.37634102 0
-444.03366 58.533054 0.39317667 0
-385.44833 58.544201 0.33208957 0
-351.90607 58.554844 0.34892514 0
-351.80807 58.570644 0.39480585 0
-350.66055 58.875656 0.30965132 0
-350.76761 58.968086 0.315703 0
-350.11954 58.994633 0.30105698 0
-399.56982 59.139935 0.36001784 0
-350.19577 59.294991 0.31679559 0
-350.04523 59.244526 0.32063866 0
-415.13068 59.350845 0.38386336 0
-415.23914 59.432457 0.30174354 0
-414.8504 59.455261 0.32429251 0
-415.30936 59.516148 0.31288302 0
-446.41528 60.027138 0.337578 0
-381.34528 60.932171 0.3678914 0
-402.94348 61.086262 0.30838183 0
-402.64792 61.147915 0.3218354 0
-384.59348 61.59309 0.39365703 0
-431.74799 62.354668 0.34997198 0
-353.38672 63.87756 0.35528359 0
-395.13586 63.982887 0.31440747 0
-404.9642 69.13179 0.38987723 0
-373.17902 70.092636 0.39411303 0
-438.83716 72.70871 0.35654533 0
-440.45264 73.066711 0.34778416 0
-430.47598 73.679276 0.3458128 0
-381.56396 77.56369 0.39582151 0
-427.14478 50.092197 0.49687704 0
-356.12793 50.583229 0.42312846 0
-356.02213 50.686703 0.42048925 0
-355.89966 50.68811 0.46114162 0
-355.5455 50.786503 0.47214127 0
-355.43402 50.773514 0.45709619 0
-355.37283 50.754833 0.47351807 0
-355.60306 50.843658 0.43921134 0
-417.40515 50.934532 0.45830449 0
-355.58292 50.952892 0.40278998 0
-392.24066 51.09539 0.42930573 0
-391.41882 51.004997 0.40876666 0
-391.43048 51.215683 0.43271488 0
-391.35373 51.267796 0.42989048 0
-438.36423 51.324249 0.41988936 0
-356.00089 51.357845 0.49361625 0
-355.78726 51.308105 0.47796461 0
-368.18008 51.477909 0.46972308 0
-424.87637 51.564049 0.48128125 0
-363.73331 51.526283 0.4793891 0
-424.87363 51.610893 0.42444584 0
-368.47128 51.897137 0.48208758 0
-393.23837 52.022469 0.44584942 0
-392.97888 52.140484 0.47926319 0
-390.47717 52.270638 0.42386752 0
-390.38559 52.264397 0.4749524 0
-390.23389 52.282509 0.46386722 0
-391.16312 52.867836 0.40870011 0
-373.94934 52.846207 0.43564233 0
-410.603 52.937096 0.42383865 0
-391.27078 52.901031 0.48353931 0
-391.32419 53.096664 0.49530131 0
-390.91522 53.063793 0.43574992 0
-356.02676 53.645382 0.43576607 0
-430.08401 53.733318 0.48762369 0
-429.96576 53.750164 0.48151198 0
-434.29196 53.882156 0.40916342 0
-430.44312 54.103462 0.4456889 0
-430.38629 54.113289 0.44499055 0
-359.66025 55.509892 0.40065345 0
-421.01572 55.98769 0.40833887 0
-420.83261 55.94965 0.44614699 0
-420.71234 55.999893 0.44804946 0
-421.03333 56.053711 0.4468016 0
-420.81506 56.004482 0.42195863 0
-406.45041 56.16814 0.47749478 0
-359.68372 56.477573 0.49817547 0
-397.1358 56.545212 0.45507622 0
-428.23337 57.963196 0.40428925 0
-444.33539 58.275421 0.44114804 0
-444.10349 58.476845 0.42008087 0
-444.02554 58.639343 0.43747014 0
-352.64212 58.694077 0.49778822 0
-383.79254 58.997475 0.43166062 0
-399.65714 59.081642 0.4406043 0
-351.12787 59.169498 0.43042547 0
-415.0014 59.277016 0.40733948 0
-414.77325 59.341267 0.40260935 0
-350.94376 59.36916 0.43881613 0
-415.28577 59.469803 0.42186511 0
-414.74521 59.478901 0.47552735 0
-414.64154 59.43856 0.40706033 0
-414.68741 59.513992 0.48294151 0
-351.26669 59.516296 0.47809893 0
-395.53754 60.123322 0.42889196 0
-395.4408 60.122765 0.43107647 0
-432.9487 62.412178 0.43391588 0
-353.82806 65.025772 0.47487268 0
-352.0477 65.016296 0.47169849 0
-376.89975 65.759605 0.46135512 0
-389.28262 65.820908 0.40092891 0
-376.86505 67.089165 0.46732184 0
-415.59161 67.246231 0.4759849 0
-411.34879 67.680862 0.42115533 0
-392.72147 69.599754 0.40188754 0
-373.36591 70.053169 0.42568162 0
-425.02188 72.363525 0.42881528 0
-424.63016 72.437134 0.46961471 0
-434.92438 73.029022 0.47399867 0
-435.54095 73.313499 0.48933953 0
-430.66736 73.688141 0.44381499 0
-367.76395 74.586937 0.45985851 0
-372.75278 76.449623 0.41055867 0
-389.83624 77.162544 0.46989775 0
-422.32089 80.943054 0.45299253 0
-365.62689 82.62603 0.4951542 0
-441.0257 50.039284 0.57595098 0
-427.28922 50.089874 0.50879019 0
-394.53821 50.034554 0.59335375 0
-365.21057 50.182133 0.58340937 0
-440.49484 50.779465 0.57747376 0
-417.479 50.935257 0.5142408 0
-438.61426 51.246571 0.57904607 0
-392.49951 51.222694 0.53344029 0
-438.54031 51.354549 0.54761308 0
-438.37946 51.366287 0.54811466 0
-364.64832 51.414005 0.52964908 0
-355.88904 51.435284 0.50029802 0
-367.08807 51.502308 0.52848899 0
-424.94916 51.612198 0.55171019 0
-391.9227 51.785889 0.51817834 0
-390.44269 52.191013 0.57219076 0
-390.35352 52.237991 0.53877008 0
-373.69614 52.692051 0.56577098 0
-373.86716 52.780972 0.586505 0
-373.74509 52.777351 0.56036979 0
-391.14835 52.961716 0.57162243 0
-369.26703 53.343708 0.59063178 0
-355.383 53.350838 0.55284774 0
-356.34091 53.544949 0.57709795 0
-356.40961 53.60601 0.57621533 0
-430.39655 54.137661 0.52014619 0
-430.70956 54.207119 0.56383979 0
-430.57718 54.245327 0.55214864 0
-430.23401 54.224667 0.51722538 0
-360.00653 54.475246 0.52919412 0
-389.77997 54.525269 0.50155866 0
-389.70212 54.790558 0.53190047 0
-359.2471 54.797913 0.59491557 0
-360.63052 55.05415 0.59385151 0
-420.55661 56.124058 0.58092278 0
-416.11938 56.1567 0.54361838 0
-388.56247 56.195885 0.53536016 0
-388.29782 56.113514 0.52117777 0
-448.86349 56.287842 0.53377545 0
-415.46646 57.967129 0.52700573 0
-444.57391 58.367443 0.58657849 0
-444.06775 58.41843 0.52557641 0
-353.58307 58.812435 0.55778211 0
-350.89523 59.172604 0.53246546 0
-350.68881 59.106739 0.58017457 0
-415.14685 59.245781 0.51767313 0
-415.16339 59.326717 0.53838575 0
-414.93512 59.344944 0.5069592 0
-355.95251 59.477974 0.58792812 0
-351.00787 59.406685 0.55272073 0
-414.7095 59.594368 0.50934047 0
-395.37357 60.182095 0.55983829 0
-435.63785 60.465633 0.56835514 0
-402.9892 61.076092 0.52470005 0
-403.02274 61.166019 0.55534387 0
-431.79709 62.370594 0.56908506 0
-412.79391 63.487213 0.56449127 0
-403.03027 64.994392 0.54480326 0
-402.83438 65.040642 0.58031237 0
-376.92163 65.775673 0.53420717 0
-377.07697 67.1175 0.51358682 0
-411.43228 67.630478 0.5718556 0
-449.36588 68.426331 0.5218761 0
-442.41241 68.402763 0.53407907 0
-449.10306 68.696693 0.54330641 0
-405.06668 69.061234 0.56013018 0
-405.09305 69.112877 0.59447837 0
-404.9248 69.172859 0.53273094 0
-392.60919 69.640976 0.56851476 0
-393.0976 69.712036 0.53507322 0
-373.83594 77.466393 0.56511837 0
-440.43509 50.061977 0.66143501 0
-427.26294 50.025444 0.63156885 0
-396.10419 50.142757 0.64263707 0
-424.36493 50.310211 0.69982749 0
-365.96552 50.649914 0.65497833 0
-417.48111 50.912762 0.66078353 0
-438.54639 51.239086 0.64427477 0
-438.44659 51.22551 0.64409578 0
-367.85284 51.698521 0.65180689 0
-365.21512 51.635399 0.67113626 0
-370.34848 51.741566 0.60499305 0
-363.64191 51.740604 0.61923867 0
-392.56631 52.054817 0.61689621 0
-391.82971 52.174686 0.65531057 0
-390.535 52.195923 0.63613009 0
-391.90909 52.286762 0.67816257 0
-391.65643 52.324368 0.68623352 0
-373.62241 52.770409 0.6286782 0
-373.88 52.830261 0.65190959 0
-410.62286 52.948071 0.67467129 0
-436.39664 53.010208 0.60900092 0
-374.04547 53.034981 0.68786103 0
-392.32248 53.142349 0.61821771 0
-370.81171 53.278313 0.64797455 0
-369.92633 53.623611 0.64351052 0
-434.73145 53.813309 0.65625167 0
-434.58841 53.835163 0.63867831 0
-430.53461 54.121235 0.64271146 0
-430.32953 54.166763 0.67771316 0
-430.11957 54.291874 0.69826531 0
-356.19412 54.284615 0.66784191 0
-394.32013 54.638065 0.60438329 0
-389.60541 54.67186 0.62922776 0
-359.07074 54.898335 0.60637033 0
-446.21832 55.20686 0.6141755 0
-361.08127 55.228916 0.69705433 0
-420.8812 55.878811 0.66463137 0
-384.00116 56.135014 0.6135717 0
-388.64789 56.262672 0.68063056 0
-384.10999 56.220226 0.61080021 0
-397.09778 56.529999 0.64439696 0
-442.39105 58.19939 0.65813112 0
-353.21661 58.100773 0.60592908 0
-444.18546 58.287575 0.65627974 0
-444.38574 58.306747 0.69796133 0
-444.27368 58.350449 0.65808105 0
-444.01236 58.414474 0.6954335 0
-444.04623 58.572311 0.67612869 0
-399.52374 59.059334 0.61575526 0
-351.59143 59.185123 0.62643695 0
-351.37558 59.202805 0.62443125 0
-350.84988 59.239578 0.66064852 0
-350.74744 59.59016 0.60342342 0
-395.45172 60.128342 0.64879233 0
-395.70233 60.218609 0.64083034 0
-435.62573 60.398228 0.6731137 0
-381.25604 60.882214 0.63676023 0
-431.79553 62.284298 0.66003835 0
-431.88623 62.324074 0.67668158 0
-431.7406 62.312176 0.67056006 0
-448.95813 62.699432 0.65439874 0
-352.88669 63.318268 0.64479774 0
-441.37137 68.82943 0.63594872 0
-392.98999 69.546669 0.68185222 0
-392.87173 69.518799 0.68419707 0
-393.21674 69.694084 0.67141676 0
-372.99921 70.018173 0.61061537 0
-424.86359 72.368912 0.68168622 0
-424.72403 72.384712 0.60791868 0
-436.2533 73.608368 0.68833673 0
-434.72821 73.643181 0.6150533 0
-397.14468 74.114174 0.65335858 0
-383.02274 75.891457 0.63927591 0
-376.81851 84.613831 0.6746155 0
-427.65192 50.081169 0.76466197 0
-426.28244 50.173069 0.70998538 0
-371.54739 50.200443 0.75218403 0
-367.58521 50.923698 0.74182445 0
-356.63016 50.963634 0.72140163 0
-442.36826 51.007381 0.79680741 0
-438.52338 51.292061 0.72549456 0
-438.42111 51.247093 0.794029 0
-367.48312 51.283131 0.72578949 0
-356.63513 51.233337 0.77139848 0
-438.31516 51.323498 0.76439095 0
-424.74261 51.562004 0.70645732 0
-369.45227 51.686554 0.79539794 0
-363.70853 51.757877 0.74593824 0
-364.80569 51.938057 0.78310406 0
-390.30408 52.097736 0.76901335 0
-390.38095 52.16367 0.76226807 0
-390.29245 52.293961 0.70825529 0
-369.646 52.417656 0.79398465 0
-369.43588 52.559921 0.72954983 0
-363.98706 52.547028 0.7285229 0
-373.78329 52.887161 0.7677362 0
-368.39337 52.87648 0.79073852 0
-390.98483 52.956882 0.77022111 0
-373.91412 52.977665 0.71382362 0
-373.4245 52.936115 0.7340405 0
-373.39523 52.962566 0.72861058 0
-369.81619 53.0331 0.72960836 0
-370.09125 53.240112 0.71536988 0
-430.30112 54.092094 0.79311895 0
-358.14758 54.04607 0.70558786 0
-430.50323 54.169323 0.76848114 0
-430.44055 54.132805 0.7244916 0
-430.39822 54.136589 0.76078898 0
-357.55594 54.474518 0.71794373 0
-360.49835 54.890457 0.74664176 0
-358.17889 54.828278 0.77052075 0
-359.49084 54.902756 0.78966165 0
-361.17554 55.190758 0.70879704 0
-420.72311 55.875305 0.70420247 0
-388.58667 56.231632 0.75053227 0
-384.1698 56.291824 0.78959012 0
-397.0676 56.457191 0.74328554 0
-444.38959 58.35886 0.79843891 0
-444.20416 58.32893 0.78030622 0
-444.07852 58.399574 0.75013447 0
-444.06226 58.476719 0.79213536 0
-443.97906 58.440884 0.77722842 0
-444.03406 58.507713 0.77226299 0
-411.1601 58.522846 0.71546024 0
-443.86053 58.695419 0.79451001 0
-415.16904 59.364758 0.71347255 0
-414.85941 59.367424 0.70943272 0
-414.87653 59.431881 0.78662372 0
-415.33063 59.533463 0.72313786 0
-402.54227 61.057564 0.79215956 0
-413.83136 61.101948 0.73873597 0
-432.05453 62.291374 0.79202384 0
-431.82047 62.304176 0.79890978 0
-424.62109 63.072884 0.7762298 0
-353.05777 63.412575 0.7389968 0
-389.08676 65.170006 0.70192689 0
-389.11899 65.905304 0.78578526 0
-389.00854 65.944656 0.79382706 0
-449.20685 68.447037 0.76179302 0
-442.46289 68.443245 0.77671367 0
-449.08835 68.505203 0.7649923 0
-424.85202 72.352577 0.70214421 0
-400.81638 75.575638 0.77711302 0
-427.32214 50.028683 0.83710402 0
-427.21118 50.069366 0.82277143 0
-424.34229 50.341137 0.85606354 0
-369.12723 50.60976 0.81925404 0
-364.01596 50.872986 0.88185608 0
-356.50879 50.901791 0.80180764 0
-369.81787 51.060326 0.89276618 0
-356.67877 51.087341 0.88476372 0
-438.41165 51.174496 0.82570839 0
-438.26804 51.194397 0.85177928 0
-369.7294 51.103951 0.89947003 0
-438.62683 51.27166 0.82956028 0
-438.46686 51.254147 0.86726964 0
-438.36145 51.246719 0.86832833 0
-438.26169 51.293198 0.89928132 0
-424.81601 51.605572 0.80374867 0
-378.02164 51.860294 0.82003748 0
-370.60184 51.801037 0.8391872 0
-414.76819 52.123795 0.88303888 0
-414.6973 52.180607 0.83270168 0
-390.40393 52.209595 0.88754857 0
-390.2771 52.232681 0.86177039 0
-392.04904 52.484612 0.81263435 0
-369.80356 52.430202 0.85219073 0
-391.9353 52.664627 0.88272315 0
-391.66525 52.680485 0.80367249 0
-373.83569 52.874607 0.88731283 0
-370.10172 52.857658 0.87149632 0
-391.2175 52.931503 0.80091631 0
-373.47818 53.016876 0.84892917 0
-359.21072 53.020664 0.88153237 0
-373.34534 53.142288 0.87162971 0
-429.95822 53.68298 0.83671433 0
-434.74521 53.902119 0.80694735 0
-360.49365 54.904305 0.85141128 0
-446.19846 55.113667 0.83310771 0
-424.48199 55.668427 0.80395609 0
-395.32288 55.835823 0.86621237 0
-420.90015 55.940186 0.81990188 0
-384.08786 56.091278 0.8823033 0
-383.93323 56.187595 0.82139373 0
-383.8978 56.124889 0.88499838 0
-406.50275 56.278221 0.8222605 0
-388.72336 56.273972 0.8803699 0
-388.54535 56.240337 0.8721261 0
-383.7417 56.263393 0.82922858 0
-440.55075 57.174633 0.80354524 0
-428.36902 57.769733 0.83369809 0
-353.67947 57.750015 0.81928104 0
-415.479 57.845039 0.8481546 0
-352.80313 58.822048 0.82495505 0
-399.58771 59.126652 0.87130606 0
-435.70728 60.449089 0.89073211 0
-449.26678 68.491646 0.81563199 0
-405.25851 69.182449 0.84074539 0
-373.07751 70.060303 0.84385163 0
-435.89606 74.833969 0.88913053 0
-385.94913 80.832527 0.86050832 0
-435.44174 50.293846 0.96286798 0
-358.01651 50.352272 0.9353826 0
-357.99313 50.337498 0.91841006 0
-356.72784 50.552917 0.97164553 0
-369.05667 50.779945 0.93762547 0
-363.27991 50.885033 0.93521374 0
-438.51315 51.199631 0.91759294 0
-438.34238 51.196808 0.9617514 0
-438.42624 51.211517 0.96623492 0
-438.3855 51.230881 0.94313663 0
-438.32263 51.349159 0.99735749 0
-386.20996 51.946075 0.97419614 0
-385.97202 51.994205 0.91368175 0
-363.69284 51.997734 0.96321785 0
-390.45523 52.193241 0.92851973 0
-355.87369 52.155422 0.9599489 0
-390.42224 52.217537 0.96261215 0
-370.64203 52.442711 0.98655367 0
-392.5986 52.578693 0.95065403 0
-392.05838 52.63932 0.90625125 0
-392.16898 52.713936 0.93778962 0
-410.59903 52.914097 0.9009257 0
-391.1777 52.981712 0.93307513 0
-391.00696 52.955368 0.98512214 0
-373.30298 52.964054 0.9078325 0
-430.4249 54.099369 0.92023063 0
-430.56906 54.140362 0.95214862 0
-430.35107 54.119335 0.94352126 0
-430.17453 54.275356 0.93698514 0
-357.81769 54.286739 0.93008208 0
-407.47821 54.398434 0.91378969 0
-446.21811 55.140591 0.96560103 0
-360.31982 55.140186 0.97228944 0
-359.58929 55.129742 0.96965474 0
-424.38416 55.764652 0.97861385 0
-420.92416 55.919437 0.90908307 0
-356.61243 56.032566 0.95787042 0
-388.59171 56.278656 0.95510972 0
-388.43985 56.360424 0.99279094 0
-353.04944 58.039783 0.99083716 0
-353.37204 58.199928 0.9174062 0
-444.42627 58.235619 0.95448524 0
-352.95444 58.389591 0.92344445 0
-444.02753 58.439995 0.94566536 0
-353.91159 58.470242 0.9734441 0
-411.04419 58.603561 0.91800505 0
-399.63351 59.081203 0.91599548 0
-399.34387 59.097115 0.99634022 0
-399.63718 59.13205 0.96646017 0
-399.43616 59.180492 0.93966043 0
-415.31799 59.460892 0.99658149 0
-415.22809 59.438927 0.97242206 0
-351.21716 59.430443 0.93360436 0
-352.16965 59.539978 0.94965982 0
-351.99017 59.539722 0.99102002 0
-395.49454 60.1586 0.97546983 0
-356.07336 60.369785 0.90143448 0
-381.2131 60.966743 0.9819324 0
-449.19083 68.442818 0.90548223 0
-449.09821 68.549728 0.90700692 0
-392.95004 69.506195 0.95627528 0
-424.75845 72.35022 0.9107669 0
-424.50848 72.479126 0.93735838 0
-367.87912 74.53933 0.9991169 0
-392.68106 78.218521 0.90113682 0
-395.59134 50.05875 1.0896143 0
-372.08514 50.180832 1.0595655 0
-395.44168 50.241241 1.0757498 0
-394.82953 50.231071 1.0804144 0
-379.06024 50.221008 1.0715948 0
-367.49063 50.39933 1.0084904 0
-357.9834 50.432186 1.0535374 0
-369.37677 50.649323 1.0151412 0
-417.31281 50.789593 1.0520375 0
-442.33496 50.946629 1.0942134 0
-438.49979 51.073959 1.0442594 0
-438.64249 51.146965 1.0639021 0
-438.50439 51.170219 1.0272293 0
-438.42346 51.236755 1.0200121 0
-438.31943 51.280128 1.0168954 0
-424.84207 51.543686 1.0883926 0
-357.29422 52.054047 1.0883987 0
-416.42554 52.117126 1.077867 0
-390.41718 52.152634 1.086525 0
-410.47784 52.83289 1.0214373 0
-391.24677 52.97401 1.0389944 0
-399.44394 53.480541 1.0892116 0
-429.99417 53.624443 1.0994519 0
-429.56622 53.643345 1.0616981 0
-430.69458 54.107109 1.064486 0
-430.22284 54.187321 1.0668075 0
-414.36877 54.379742 1.0670648 0
-420.95215 55.904945 1.0597582 0
-420.64368 55.994606 1.0227872 0
-416.08081 56.040958 1.031818 0
-383.93311 56.081043 1.061906 0
-388.59183 56.167511 1.0106963 0
-380.30896 57.267529 1.0887551 0
-380.22464 57.278515 1.091791 0
-352.89148 57.79274 1.0253332 0
-352.93152 58.162399 1.0815059 0
-444.34122 58.309452 1.0359815 0
-444.17905 58.328773 1.024912 0
-444.51712 58.414429 1.0246484 0
-399.62354 59.048016 1.0116761 0
-415.20609 59.286545 1.0290794 0
-415.23419 59.304516 1.0868642 0
-414.90665 59.407982 1.0951957 0
-350.24673 59.549015 1.0396847 0
-395.32288 60.214569 1.0148624 0
-355.75256 62.116875 1.0901942 0
-353.33237 62.419319 1.052828 0
-430.23752 64.96508 1.0834768 0
-448.93851 68.747032 1.0891757 0
-441.25015 68.868332 1.0316612 0
-392.66589 69.551796 1.0031799 0
-393.03952 69.702209 1.0200717 0
-373.08597 70.183098 1.0743234 0
-424.85629 72.324547 1.070366 0
-398.91544 75.05529 1.0194157 0
-439.15982 75.671242 1.0397445 0
-360.66187 79.817276 1.006066 0
-365.69489 82.555931 1.0076195 0
-427.31998 50.054653 1.1992044 0
-395.92303 50.360703 1.1945547 0
-377.22409 50.466785 1.1297075 0
-358.05338 50.468002 1.1387883 0
-414.76004 50.626518 1.112478 0
-358.2576 50.648678 1.1150229 0
-394.6481 50.728745 1.129527 0
-394.58771 50.727844 1.1729681 0
-358.62039 50.77058 1.196748 0
-378.52713 51.072262 1.109657 0
-438.72 51.173908 1.1789478 0
-369.73395 51.138557 1.1412132 0
-357.00821 51.263191 1.1182231 0
-387.52371 52.072968 1.148524 0
-387.69363 52.101276 1.1483335 0
-390.51028 52.223732 1.168873 0
-387.43964 52.239929 1.1579101 0
-358.74191 52.297451 1.1778572 0
-387.37698 52.398022 1.1480068 0
-388.41843 52.519405 1.1723715 0
-410.60004 52.87582 1.156734 0
-391.13708 53.00856 1.1271559 0
-391.0809 53.02824 1.1189809 0
-389.19678 53.132874 1.1577327 0
-430.02148 53.693184 1.1209693 0
-357.52267 53.606094 1.1923033 0
-430.45355 54.087067 1.1250525 0
-430.28342 54.13681 1.170262 0
-441.81284 54.434898 1.1212453 0
-400.89532 54.869133 1.1692036 0
-360.43433 54.985134 1.1067872 0
-420.94281 55.863949 1.1566092 0
-421.00507 55.934086 1.1917186 0
-357.00253 55.968197 1.1134095 0
-421.06519 56.001804 1.172263 0
-388.56522 56.142223 1.169232 0
-388.457 56.227196 1.1790297 0
-384.12363 56.238815 1.1498268 0
-354.2431 58.032398 1.1486483 0
-352.55057 58.09552 1.1060061 0
-353.97839 58.654457 1.1517928 0
-352.14661 58.812393 1.1916919 0
-352.26151 58.92728 1.1568333 0
-415.39215 59.369972 1.1104999 0
-414.80777 59.361652 1.1807145 0
-351.71671 59.651974 1.1182505 0
-350.99207 59.689346 1.1231606 0
-432.10471 62.225723 1.1131271 0
-431.92026 62.260899 1.1379966 0
-431.71759 62.296692 1.1344005 0
-432.02835 62.307495 1.1377324 0
-403.01297 65.001091 1.1334227 0
-353.42474 65.139648 1.10973 0
-389.13071 65.89286 1.1150719 0
-389.01627 65.885925 1.117906 0
-411.33792 67.707207 1.1798519 0
-449.32645 68.421112 1.1261541 0
-405.34766 69.178459 1.1310217 0
-372.89642 69.958504 1.1513492 0
-372.77164 69.951691 1.1595875 0
-424.54416 72.318947 1.1879243 0
-430.3176 73.801094 1.1572988 0
-367.69568 74.544189 1.1778972 0
-352.45663 76.591454 1.1111084 0
-365.29135 82.669434 1.1478187 0
-378.80542 50.285019 1.2061908 0
-378.71423 50.267246 1.2032845 0
-367.53574 50.332058 1.2899317 0
-378.02771 50.415798 1.2274648 0
-414.68826 50.591526 1.2646538 0
-378.72549 50.570885 1.2939359 0
-414.83383 50.670704 1.231804 0
-377.60516 50.606354 1.2437203 0
-358.27228 50.701782 1.2687221 0
-367.59406 50.952793 1.2978331 0
-438.51617 51.049988 1.2114414 0
-369.33301 51.027374 1.2838386 0
-369.05069 51.098881 1.2186223 0
-438.69937 51.188709 1.2796249 0
-438.54941 51.255501 1.2520471 0
-438.30908 51.205326 1.231082 0
-369.37845 51.272568 1.2932049 0
-369.69553 51.33952 1.2393754 0
-369.90842 51.940586 1.2105614 0
-390.01334 52.065796 1.2792661 0
-387.83524 52.074707 1.2459927 0
-387.62738 52.010517 1.2067688 0
-390.34833 52.163391 1.2815216 0
-395.19998 52.239185 1.2879429 0
-358.60492 52.209877 1.2503997 0
-386.12576 52.424797 1.2578733 0
-370.73035 52.576355 1.2597842 0
-356.75958 52.806324 1.2919722 0
-391.37589 52.914253 1.25983 0
-388.67322 54.002106 1.2238539 0
-430.54816 54.185684 1.2138444 0
-430.28262 54.121479 1.2587813 0
-399.94205 55.055134 1.2097119 0
-410.90619 55.204952 1.2907214 0
-400.30887 55.368961 1.2139909 0
-410.88495 55.483826 1.2494217 0
-369.46594 55.848797 1.2363806 0
-420.84769 55.940033 1.2435963 0
-420.75204 56.003754 1.2959152 0
-383.60349 56.076488 1.2268766 0
-369.65887 56.072609 1.2034409 0
-356.74429 56.789566 1.2177534 0
-428.21497 57.84724 1.2333915 0
-353.89874 58.147118 1.2490104 0
-444.18393 58.249027 1.264629 0
-444.2579 58.319347 1.2922385 0
-444.07178 58.350494 1.2542628 0
-352.14291 58.579781 1.28778 0
-399.61456 59.016109 1.2074038 0
-399.5542 59.092846 1.2368386 0
-352.17001 59.110023 1.2721794 0
-415.22372 59.37751 1.2849731 0
-414.75079 59.447716 1.207816 0
-446.37045 59.946995 1.2583951 0
-395.44925 60.074013 1.218253 0
-395.30643 60.08633 1.2767603 0
-402.87177 61.018059 1.2182801 0
-381.30209 61.035854 1.2715571 0
-431.83377 62.310024 1.2629179 0
-389.02957 65.905067 1.2837791 0
-376.94016 67.002861 1.2304215 0
-411.44064 67.676476 1.2448512 0
-449.23145 68.462738 1.2958086 0
-405.21484 69.166862 1.2070718 0
-373.10254 70.025658 1.2621014 0
-372.56729 70.044502 1.2972022 0
-378.8797 50.024055 1.3481108 0
-379.00143 50.365749 1.3154869 0
-378.21622 50.491798 1.3435383 0
-395.89771 50.597836 1.3409292 0
-377.30557 50.567871 1.3179576 0
-414.78922 50.641762 1.3355426 0
-378.22021 50.642689 1.3326427 0
-377.52615 50.662376 1.3417699 0
-377.43475 50.66082 1.3437806 0
-377.26855 50.602856 1.339806 0
-369.58356 50.735771 1.3458861 0
-367.48871 50.743652 1.3051887 0
-413.81757 50.977806 1.3673432 0
-358.22723 51.024475 1.3164731 0
-438.22125 51.184586 1.340515 0
-358.00201 51.144516 1.3188146 0
-438.36368 51.28471 1.3536816 0
-394.82828 51.284904 1.389102 0
-438.40134 51.30291 1.3809325 0
-394.60257 51.639591 1.3323902 0
-394.79733 51.997002 1.3874542 0
-395.7532 52.074364 1.383823 0
-377.96127 52.038284 1.3868271 0
-390.54169 52.240875 1.3424888 0
-390.49442 52.211105 1.365478 0
-416.39792 52.349792 1.3995833 0
-356.79279 52.747463 1.300729 0
-356.69757 52.766022 1.3026866 0
-410.62238 52.878689 1.311524 0
-410.53152 52.887871 1.3173239 0
-373.78339 52.843155 1.3948574 0
-373.68872 52.809673 1.3649378 0
-417.07651 52.966446 1.3712443 0
-391.33078 52.974091 1.3145158 0
-373.87549 52.955368 1.376999 0
-391.2926 53.01181 1.3010124 0
-430.00363 53.565102 1.3582041 0
-429.96548 53.618065 1.3556675 0
-386.58353 53.602947 1.313753 0
-378.62286 53.761917 1.3082597 0
-430.43698 54.006695 1.3998439 0
-430.384 54.052273 1.333481 0
-429.89835 54.325901 1.32388 0
-400.3645 54.374302 1.3882667 0
-394.49203 55.19463 1.3403871 0
-401.98581 55.415073 1.3977211 0
-359.72629 55.560581 1.3216766 0
-357.61926 55.501263 1.3705703 0
-420.85623 55.878525 1.3415824 0
-420.92758 55.934868 1.351259 0
-420.73108 55.991249 1.3459109 0
-420.67542 55.944698 1.3242865 0
-448.99066 56.090889 1.3705021 0
-383.85577 56.091042 1.3357121 0
-388.7706 56.188133 1.3790871 0
-444.0448 58.521629 1.3286258 0
-352.20703 58.597237 1.3869141 0
-386.57416 58.669765 1.3838006 0
-352.3761 58.860794 1.3559861 0
-358.93079 59.861732 1.3032621 0
-350.31323 59.843159 1.3254641 0
-448.83484 62.737019 1.328622 0
-403.04443 64.963242 1.3629935 0
-377.00027 67.063049 1.3128809 0
-377.17929 67.175415 1.3530514 0
-377.18124 67.280495 1.3210629 0
-405.06592 69.12365 1.3004078 0
-425.01538 72.270966 1.3688473 0
-425.02213 72.355843 1.3719132 0
-414.22052 83.182709 1.3092817 0
-369.07684 50.054794 1.4851458 0
-414.85229 50.618698 1.4107063 0
-367.66577 50.625523 1.4863137 0
-395.72769 50.769291 1.4889325 0
-377.91544 50.736275 1.4982888 0
-367.53482 50.711002 1.4149565 0
-396.13486 50.998096 1.4892037 0
-438.44089 51.193249 1.4476553 0
-438.30661 51.285748 1.4422157 0
-438.25531 51.268097 1.4208946 0
-415.22028 51.241272 1.4326227 0
-386.80786 51.228436 1.498813 0
-369.95862 51.350147 1.4551343 0
-416.47888 51.4842 1.4520917 0
-415.79822 51.400581 1.4143387 0
-386.4624 51.704395 1.4803302 0
-369.77481 52.22551 1.4046701 0
-416.32675 52.312866 1.4412047 0
-439.3288 52.464256 1.481692 0
-416.51022 52.606609 1.4810959 0
-416.89062 52.733051 1.422286 0
-416.73532 52.715843 1.4366608 0
-410.54483 52.845104 1.4613256 0
-391.43677 52.990982 1.4623249 0
-391.33508 53.006729 1.4431338 0
-391.08563 53.027218 1.464457 0
-404.63046 53.514313 1.4218669 0
-386.82812 53.768654 1.4274139 0
-399.51694 53.806728 1.4567077 0
-430.42999 54.046875 1.4344474 0
-430.349 54.079575 1.4341336 0
-430.21481 54.080006 1.4022735 0
-399.80527 54.086353 1.4980174 0
-360.57178 54.698196 1.4549034 0
-394.34909 55.427986 1.4934081 0
-393.70248 55.456207 1.4007168 0
-372.39444 55.83091 1.4969407 0
-421.07492 56.106686 1.440259 0
-420.41678 56.113811 1.4189817 0
-383.8457 56.156914 1.4794369 0
-444.42654 58.293411 1.4715257 0
-444.31961 58.299736 1.4145259 0
-444.43903 58.314106 1.4452696 0
-444.35776 58.366035 1.485862 0
-443.96811 58.398445 1.4301462 0
-444.06506 58.40514 1.457271 0
-352.53418 58.560265 1.4564645 0
-352.10291 58.609653 1.404675 0
-352.60623 58.967506 1.4164653 0
-399.65518 59.076153 1.466682 0
-415.05331 59.304684 1.4218202 0
-415.30899 59.562904 1.4330932 0
-414.70605 59.650158 1.4612937 0
-351.50983 59.620342 1.4055437 0
-395.37704 59.975338 1.4519203 0
-395.5676 60.104992 1.4932047 0
-350.70184 60.285397 1.4155108 0
-402.96283 61.0163 1.4407682 0
-402.88043 61.087654 1.4684687 0
-440.6568 61.167789 1.4059163 0
-384.66742 61.464863 1.4710029 0
-353.27966 62.146233 1.4768094 0
-448.85474 62.769093 1.4577404 0
-436.1814 64.095474 1.4219543 0
-352.64163 65.811005 1.4246536 0
-371.18689 67.148354 1.4994437 0
-411.1972 67.597969 1.4611763 0
-411.32626 67.601837 1.4466964 0
-405.06631 68.953003 1.4886792 0
-424.77802 72.30014 1.4542099 0
-424.67276 72.456856 1.4080068 0
-430.65295 73.652924 1.453486 0
-374.97244 73.640472 1.4080951 0
-434.4903 74.35907 1.4694712 0
-364.76556 50.113331 1.5921215 0
-369.57648 50.652294 1.5050665 0
-417.29315 50.794548 1.5423115 0
-414.92456 50.779514 1.5208675 0
-414.80322 50.74984 1.5325613 0
-414.73569 50.730682 1.5309818 0
-415.16754 51.011383 1.5847591 0
-438.70786 51.155785 1.5587256 0
-438.61432 51.178452 1.5372182 0
-386.40582 51.182632 1.5647346 0
-438.31671 51.260006 1.5787001 0
-390.10242 51.269772 1.5437227 0
-386.54623 51.299107 1.575919 0
-386.41519 51.266922 1.544505 0
-356.36694 51.213081 1.5903151 0
-370.32974 51.721867 1.5789118 0
-390.50851 52.114128 1.5633692 0
-390.30624 52.123802 1.5118457 0
-387.03415 52.569218 1.5905159 0
-373.62775 52.657326 1.547877 0
-416.81207 52.750782 1.5961024 0
-385.91165 52.777119 1.5936285 0
-373.77118 52.850403 1.5202303 0
-373.61661 52.800659 1.5686563 0
-404.70868 53.593346 1.565362 0
-429.93726 53.632515 1.5262291 0
-434.7485 53.71888 1.5460767 0
-430.32724 53.992783 1.5259469 0
-430.44446 54.117271 1.5464679 0
-430.18304 54.343456 1.5249721 0
-401.03561 55.121845 1.587814 0
-357.1127 55.654266 1.5224422 0
-421.00806 55.927818 1.5732431 0
-420.63025 55.965988 1.5172825 0
-388.73343 56.153385 1.5985746 0
-388.64389 56.142689 1.5948262 0
-442.30682 58.233654 1.5438141 0
-444.50974 58.384575 1.522576 0
-444.38062 58.314281 1.5064394 0
-444.08505 58.322361 1.5543356 0
-443.94464 58.555473 1.5319551 0
-443.92282 58.613922 1.5698727 0
-399.37231 59.12318 1.5287338 0
-415.23569 59.31908 1.546919 0
-415.12399 59.329437 1.5566193 0
-414.82208 59.54726 1.5763053 0
-350.77643 59.917782 1.5078388 0
-395.33975 60.022064 1.5920225 0
-395.35342 60.137905 1.5088221 0
-381.24896 60.963928 1.5560894 0
-386.29141 61.63142 1.5482843 0
-384.60834 61.633545 1.5255755 0
-403.11368 65.014725 1.5682027 0
-353.41013 65.151756 1.5678456 0
-371.36261 67.188362 1.5834415 0
-371.19415 67.124413 1.5220242 0
-371.4798 67.262978 1.543357 0
-411.24619 67.580681 1.5843174 0
-411.44333 67.637596 1.5835954 0
-371.72925 67.694412 1.5691078 0
-441.25201 68.792076 1.51999 0
-372.32166 69.263939 1.5456036 0
-425.01541 72.225204 1.5303868 0
-360.55463 79.818245 1.5961299 0
-442.14026 50.086113 1.6383893 0
-367.63614 50.107666 1.6275796 0
-438.40231 51.09782 1.6775045 0
-415.18475 51.030991 1.6769863 0
-386.74884 51.370205 1.6725451 0
-415.84229 51.452019 1.6415139 0
-416.27475 51.717861 1.6354175 0
-369.03021 51.732819 1.6953344 0
-358.40582 51.725487 1.6699919 0
-415.7326 51.965145 1.6476084 0
-369.92056 51.997841 1.635105 0
-390.24112 52.135136 1.6848439 0
-390.26675 52.275196 1.6181974 0
-388.54828 52.224781 1.6650758 0
-387.95081 52.475185 1.6527628 0
-387.54633 52.442089 1.6824592 0
-387.68018 52.511322 1.620743 0
-416.29926 52.694756 1.6179419 0
-373.75873 52.787495 1.6142654 0
-373.55057 52.739178 1.6200801 0
-416.785 52.83205 1.6775763 0
-410.53723 52.831276 1.6904863 0
-410.42645 52.831329 1.6019632 0
-386.46643 52.890915 1.6891906 0
-399.16602 53.822563 1.6821064 0
-399.73071 53.986176 1.6663839 0
-430.4292 54.076942 1.6796899 0
-430.20117 54.225044 1.6387842 0
-360.43048 54.605225 1.6526806 0
-360.31964 54.70916 1.6489549 0
-403.35178 55.222584 1.6559817 0
-420.85052 55.925182 1.6271937 0
-420.76443 55.966827 1.6244012 0
-420.71646 56.067924 1.6703855 0
-388.70706 56.127701 1.6614668 0
-383.70694 56.131851 1.6570051 0
-383.67352 56.19783 1.6916209 0
-355.16388 57.8158 1.6493347 0
-444.54474 58.163387 1.6860954 0
-388.04526 58.165691 1.693282 0
-444.39984 58.268574 1.6698011 0
-444.57916 58.337837 1.6887678 0
-387.47906 58.861984 1.6402432 0
-353.71057 58.873081 1.6769794 0
-387.4801 58.999825 1.6483266 0
-353.89273 59.02684 1.6774038 0
-399.4407 59.109814 1.6811627 0
-390.18976 59.295921 1.6429541 0
-415.10995 59.366001 1.6279302 0
-414.90747 59.352966 1.6678269 0
-415.32361 59.659313 1.6942896 0
-395.45966 60.09927 1.6364461 0
-395.35828 60.060562 1.6365167 0
-395.4751 60.100693 1.6998528 0
-395.39944 60.22686 1.6025273 0
-402.82379 60.995277 1.6809295 0
-431.64078 62.253338 1.6358395 0
-402.95572 64.997398 1.6871544 0
-370.86304 67.054451 1.6712334 0
-372.29041 68.859756 1.6965307 0
-375.04492 73.64476 1.6508851 0
-383.03714 75.794434 1.6935405 0
-440.16422 78.230019 1.6925038 0
-372.07062 88.945091 1.6789613 0
-367.48453 50.798958 1.7384202 0
-394.29272 50.942513 1.7180417 0
-438.57932 51.033588 1.7385237 0
-438.50162 51.142635 1.7647649 0
-438.46112 51.130405 1.7032461 0
-438.31186 51.172264 1.7681769 0
-416.1449 51.475975 1.7865866 0
-356.78009 51.438385 1.7179184 0
-355.55914 51.520775 1.7912749 0
-386.90228 51.643147 1.7222444 0
-388.21051 51.866169 1.7918694 0
-387.22665 51.859325 1.7815959 0
-390.45297 52.106804 1.7392271 0
-393.99863 52.206333 1.7419232 0
-416.28299 52.587082 1.7933555 0
-386.79178 52.64645 1.7808741 0
-386.68521 52.782589 1.7960058 0
-373.5466 52.790138 1.7845879 0
-373.68073 52.825317 1.7271612 0
-391.35025 53.002235 1.7170773 0
-391.21564 53.003658 1.7931008 0
-391.44214 53.18602 1.7702415 0
-370.54016 53.379608 1.7601172 0
-430.4823 54.020027 1.7085891 0
-430.32782 54.099712 1.7060381 0
-430.28644 54.011292 1.7260615 0
-400.05038 54.666752 1.7211303 0
-360.38495 54.626217 1.7743891 0
-402.23602 54.703342 1.7810037 0
-446.08023 54.983658 1.7024304 0
-372.9736 55.028069 1.7701218 0
-360.4769 55.06171 1.7184776 0
-402.92517 55.337475 1.7947503 0
-420.90024 55.868397 1.77124 0
-420.82343 55.888149 1.7738029 0
-420.69266 55.882217 1.7410657 0
-420.82773 55.943531 1.7431405 0
-420.72565 55.978374 1.7560437 0
-386.81738 55.935684 1.7943401 0
-386.05054 56.029854 1.7984532 0
-388.54333 56.108173 1.7265614 0
-383.91833 56.140381 1.7406511 0
-383.89154 56.147316 1.7573208 0
-383.70682 56.166317 1.798587 0
-444.05649 58.506035 1.7600179 0
-353.30939 58.968613 1.7326504 0
-385.92676 59.280758 1.7979431 0
-446.25861 59.861343 1.7610612 0
-395.50558 60.091354 1.7915598 0
-381.32983 60.993225 1.7208087 0
-381.16183 60.929646 1.7688026 0
-402.91977 61.025505 1.7947303 0
-431.96402 62.262363 1.7882439 0
-431.86307 62.250565 1.7733542 0
-436.21487 64.053421 1.7964665 0
-371.2222 67.072296 1.7539454 0
-370.17938 67.034836 1.710781 0
-376.85648 67.115021 1.7316431 0
-371.26004 67.195297 1.7484682 0
-371.81238 67.77755 1.7490656 0
-372.16092 68.796455 1.7781551 0
-372.09973 68.737213 1.7906678 0
-430.45825 73.658257 1.7998415 0
-430.28723 73.611023 1.7170206 0
-424.1868 50.317814 1.8960967 0
-367.65628 50.441452 1.8806027 0
-417.31772 50.681572 1.8316646 0
-364.67343 50.926056 1.8701391 0
-438.67752 51.022362 1.838299 0
-438.50464 51.046986 1.8350929 0
-438.49976 51.204479 1.8006139 0
-415.19672 51.264149 1.8824767 0
-369.88727 51.641277 1.8221539 0
-355.48669 51.637161 1.8438278 0
-387.03278 51.892258 1.8533205 0
-416.32269 52.087555 1.8298703 0
-388.11877 52.09087 1.8730415 0
-377.65405 52.099789 1.8986605 0
-394.1185 52.124577 1.8368535 0
-393.94788 52.156837 1.8315188 0
-390.19003 52.176796 1.8837552 0
-357.00452 52.292873 1.8589045 0
-356.83023 52.276741 1.8585901 0
-356.69556 52.203648 1.8259119 0
-378.68524 52.88105 1.8826236 0
-373.9281 52.95137 1.811838 0
-373.4317 52.929394 1.8333448 0
-391.18756 53.0005 1.897105 0
-429.88821 53.573807 1.8556789 0
-430.48434 54.048569 1.8718815 0
-400.05417 54.67709 1.8682501 0
-402.2337 54.828136 1.8453548 0
-358.38165 54.895107 1.8414443 0
-403.23581 55.077499 1.8167101 0
-403.06763 55.33717 1.8679395 0
-402.97723 55.349113 1.8744055 0
-386.48166 55.447449 1.8844901 0
-420.84427 55.88863 1.829268 0
-420.77435 55.861095 1.8416483 0
-420.5932 55.890823 1.8654613 0
-420.82346 55.940823 1.8250769 0
-386.09009 55.99522 1.817711 0
-420.7507 56.008759 1.8947409 0
-420.56531 56.117393 1.8328936 0
-386.15305 56.104717 1.8246996 0
-383.75275 56.136139 1.8520296 0
-381.88339 57.304333 1.8635873 0
-394.97858 57.610271 1.8194603 0
-390.99957 58.043236 1.8676937 0
-444.09818 58.368477 1.831495 0
-444.47571 58.409599 1.8728153 0
-399.53653 59.012775 1.8290167 0
-386.31415 59.082939 1.8247353 0
-353.30026 59.032299 1.8330858 0
-415.13715 59.284973 1.8806901 0
-352.70563 59.40593 1.8439097 0
-350.10696 60.598419 1.8358154 0
-351.53369 61.146076 1.8576839 0
-384.57312 61.529877 1.8223406 0
-386.04492 61.888626 1.8113241 0
-369.97235 66.861328 1.8313601 0
-372.98801 70.085976 1.8948418 0
-378.10843 73.100624 1.8115854 0
-437.8475 79.450142 1.8858448 0
-422.41818 80.97718 1.8762001 0
-365.50424 82.530602 1.8912432 0
-364.67368 50.080738 1.9160984 0
-435.85806 50.315014 1.9892164 0
-440.85617 50.516052 1.9445227 0
-358.9303 50.574116 1.9847857 0
-358.99771 50.679314 1.9233885 0
-359.15314 50.770519 1.9204036 0
-415.01587 51.08102 1.9144993 0
-415.25992 51.291218 1.9639167 0
-415.12048 51.298603 1.9338509 0
-367.49466 51.585194 1.9560951 0
-415.85434 51.649696 1.9016865 0
-370.1709 51.683105 1.9689307 0
-355.80811 51.703106 1.9589483 0
-386.93182 51.892746 1.9794744 0
-370.21152 51.823898 1.9972316 0
-387.09824 51.977272 1.9627314 0
-390.43677 52.138836 1.9000244 0
-390.28885 52.166344 1.9504776 0
-388.28302 52.194168 1.9128003 0
-355.94547 52.298561 1.9876161 0
-428.40509 52.310814 1.9057192 0
-415.99005 52.559273 1.9680969 0
-378.50403 52.758324 1.9299442 0
-391.19479 53.051628 1.9422007 0
-385.94904 53.015282 1.9297507 0
-386.91965 53.185165 1.9878663 0
-386.55365 53.166294 1.997744 0
-404.72034 53.529545 1.934039 0
-430.38562 53.999435 1.9024864 0
-430.3158 54.030945 1.9658974 0
-430.22638 54.111538 1.9444195 0
-401.11404 54.133442 1.9106551 0
-400.54172 54.420185 1.9018842 0
-373.15152 54.532642 1.9361545 0
-385.96014 54.628933 1.9533721 0
-360.33633 54.616371 1.9534526 0
-403.01605 55.388714 1.9567798 0
-421.01733 55.849686 1.9051701 0
-420.76385 55.858742 1.9442366 0
-420.56949 55.872311 1.9959731 0
-394.51053 56.013817 1.9284012 0
-383.702 56.032619 1.9844996 0
-383.91428 56.164822 1.9420418 0
-393.55228 56.30846 1.9525816 0
-355.45621 57.382545 1.9315401 0
-444.26477 58.253628 1.9413567 0
-415.16168 59.243992 1.9099447 0
-350.07483 60.256268 1.9472541 0
-435.71631 60.33567 1.9334905 0
-350.27536 60.54147 1.9496425 0
-350.97314 61.190609 1.9088256 0
-431.96548 62.272865 1.9742599 0
-377.06668 62.654125 1.9332668 0
-448.68961 62.846569 1.9938545 0
-403.14117 65.057243 1.9903698 0
-388.95407 65.941391 1.9915657 0
-449.27518 68.396233 1.914034 0
-441.15036 68.877739 1.9692422 0
-392.99695 69.438057 1.9495558 0
-392.68457 69.711891 1.9547453 0
-424.84225 72.232422 1.9654945 0
-440.30283 78.194237 1.9819719 0
-433.42917 79.167694 1.9042869 0
-365.20215 82.572174 1.9725692 0
-363.63641 50.017303 2.0078521 0
-395.46368 50.617104 2.0568004 0
-395.05542 50.714993 2.0556874 0
-394.34296 50.986526 2.0980208 0
-438.53702 51.0686 2.0194116 0
-438.46933 51.126926 2.0313261 0
-438.29306 51.172321 2.0883698 0
-414.45258 51.157211 2.0173209 0
-358.69623 51.254383 2.0121391 0
-357.92459 51.400646 2.0857711 0
-415.65237 51.721325 2.0943055 0
-370.20956 51.703835 2.0707684 0
-370.12396 51.730289 2.0639639 0
-356.28372 51.969208 2.0883358 0
-390.24802 52.22662 2.0059519 0
-356.90536 52.44585 2.0403509 0
-356.9613 52.570576 2.0577607 0
-410.53748 52.813503 2.0309019 0
-373.7691 52.840473 2.0530388 0
-391.36441 53.085709 2.0123968 0
-391.16885 53.030258 2.0075712 0
-391.0925 53.066498 2.0045943 0
-387.73007 53.006989 2.0368116 0
-388.78195 53.200348 2.0333734 0
-388.5289 53.295166 2.0078485 0
-385.62894 53.233261 2.0866113 0
-385.93402 53.306622 2.0852983 0
-434.63004 53.707478 2.0846567 0
-430.6434 54.037163 2.0620582 0
-403.2179 54.353008 2.0412784 0
-360.27161 54.473759 2.0230272 0
-360.31943 54.600765 2.033602 0
-360.12442 55.126797 2.0459492 0
-410.96796 55.239494 2.0264797 0
-394.04089 55.722107 2.0739782 0
-420.96204 55.857307 2.0620689 0
-383.66782 56.08017 2.0928714 0
-391.37738 58.160057 2.0539491 0
-444.24829 58.243713 2.0382378 0
-444.00476 58.308193 2.0752442 0
-415.29456 59.493969 2.0213294 0
-435.75174 60.393227 2.011431 0
-350.95078 60.764526 2.0461483 0
-403.13751 60.93647 2.0731058 0
-431.86197 62.190144 2.0813565 0
-431.69061 62.217339 2.0773287 0
-415.76987 63.620541 2.0874209 0
-376.7536 65.641899 2.0330298 0
-376.89154 66.961105 2.0012019 0
-441.27322 68.77301 2.0629694 0
-378.83191 68.958321 2.0220301 0
-425.05661 72.231148 2.0860887 0
-424.93411 72.228081 2.0633974 0
-424.82254 72.222374 2.0110388 0
-373.00406 76.305214 2.0280952 0
-372.90158 76.426689 2.0184586 0
-433.6106 79.20034 2.0930645 0
-421.72949 80.774513 2.037818 0
-365.71301 85.788666 2.0850952 0
-441.38678 50.037914 2.1786442 0
-448.40854 50.112823 2.1953905 0
-448.42383 50.202206 2.1866939 0
-417.30945 50.519611 2.1452682 0
-417.2713 50.610394 2.1533597 0
-438.26529 51.168568 2.1346602 0
-394.17319 51.144493 2.1585188 0
-445.00534 51.20771 2.1741872 0
-438.29813 51.284801 2.1601918 0
-394.38138 51.23246 2.1851025 0
-357.38336 51.453156 2.1630831 0
-355.81302 51.402023 2.1024258 0
-355.37625 51.504101 2.1027532 0
-368.98193 51.729942 2.1164525 0
-395.27536 51.90424 2.144218 0
-357.0705 52.270653 2.1981018 0
-388.34402 52.380089 2.1644909 0
-415.43781 52.559799 2.1621461 0
-416.53198 52.890999 2.1124489 0
-416.26672 52.860714 2.1058402 0
-373.65729 52.878017 2.1916971 0
-356.80701 52.816643 2.1607499 0
-391.4032 53.088181 2.1204691 0
-373.32895 53.033653 2.1850827 0
-385.56119 53.189487 2.1879089 0
-416.58041 53.246353 2.1798804 0
-385.75488 53.243538 2.1386499 0
-385.58429 53.248657 2.1016653 0
-385.44516 53.247326 2.1243384 0
-387.0625 53.330276 2.1809056 0
-385.5119 53.308407 2.159322 0
-361.20575 54.97979 2.1541309 0
-401.81479 55.67197 2.1978137 0
-395.33917 55.789085 2.1330762 0
-394.08255 55.850559 2.1641512 0
-383.95398 55.852966 2.1135433 0
-357.10507 56.042091 2.1522923 0
-420.54102 56.140163 2.1910493 0
-444.04709 58.365238 2.1366529 0
-444.00528 58.410774 2.1455095 0
-443.99133 58.52388 2.1963489 0
-390.47083 59.015583 2.1110768 0
-415.00558 59.300274 2.1067665 0
-414.90854 59.345879 2.1121628 0
-385.98383 59.576481 2.1359622 0
-406.11673 59.688404 2.1512377 0
-385.67453 59.818413 2.1694138 0
-435.61789 60.354225 2.1083381 0
-350.74622 60.729904 2.1198983 0
-419.59824 60.877575 2.1862555 0
-350.65988 60.872383 2.1301913 0
-351.38177 61.058582 2.1330583 0
-350.63675 61.025612 2.1166744 0
-448.75284 62.793015 2.1428933 0
-386.61356 63.028175 2.1048129 0
-415.4375 63.645306 2.1867628 0
-388.84735 65.982094 2.1895096 0
-377.00815 67.060989 2.1644719 0
-449.10452 68.474327 2.1138632 0
-375.0145 73.651001 2.1926796 0
-365.35498 82.533157 2.1200197 0
-448.46683 50.106586 2.2293026 0
-394.07559 50.98539 2.2975082 0
-356.48434 50.920017 2.2465477 0
-438.31921 51.103275 2.2252982 0
-438.26788 51.225773 2.2563372 0
-356.15546 51.646099 2.220355 0
-394.47647 51.905567 2.2353983 0
-390.26053 52.078232 2.2309911 0
-410.59427 52.745739 2.227998 0
-373.4559 52.771122 2.2935176 0
-357.01276 52.763973 2.2698047 0
-388.022 52.845291 2.2016833 0
-389.12354 52.900455 2.2719097 0
-386.84625 53.285843 2.2882173 0
-386.07205 53.28228 2.2343709 0
-416.19556 53.393272 2.2055416 0
-386.9606 53.331005 2.235688 0
-386.68634 53.345501 2.2162251 0
-387.15173 53.484978 2.2857738 0
-385.94577 53.429508 2.2547941 0
-386.5589 53.56406 2.2413983 0
-386.62372 53.663639 2.2570367 0
-430.22137 54.036449 2.2986376 0
-430.56522 54.171864 2.2797074 0
-430.26767 54.153728 2.204704 0
-430.05753 54.316898 2.282639 0
-360.48761 54.554237 2.2411921 0
-446.13486 54.932163 2.2980723 0
-360.32108 55.118767 2.2696316 0
-401.4566 55.332775 2.2113187 0
-420.87018 55.9165 2.2158496 0
-420.67706 55.915543 2.2085924 0
-369.51114 56.037498 2.2582655 0
-388.42746 56.137524 2.2383513 0
-394.73386 56.207394 2.2453587 0
-356.5834 56.691704 2.261055 0
-380.08481 57.203739 2.2880321 0
-428.17963 57.714462 2.2979679 0
-391.61655 58.048546 2.2720649 0
-391.70203 58.21867 2.2785876 0
-410.75369 58.458748 2.2265449 0
-389.20898 58.458183 2.2516828 0
-415.31894 59.386852 2.2735445 0
-414.8573 59.301323 2.2615409 0
-415.30603 59.459755 2.2936788 0
-414.80939 59.569138 2.2850008 0
-387.11844 59.506039 2.2346337 0
-386.6597 60.006287 2.2755809 0
-395.55539 60.158005 2.2553227 0
-351.05917 60.617863 2.2306778 0
-403.02335 60.964352 2.2625766 0
-403.11716 61.061523 2.2713311 0
-381.09058 61.002254 2.2875028 0
-351.53247 61.162422 2.2507408 0
-440.11279 63.262657 2.2010362 0
-354.30469 64.756729 2.2865763 0
-411.39053 67.604942 2.2205868 0
-449.35764 68.305641 2.2369943 0
-372.88712 69.951241 2.296803 0
-424.63077 72.219055 2.2480721 0
-424.99033 72.344841 2.2104511 0
-365.27478 82.51535 2.2971847 0
-375.81152 86.889366 2.223284 0
-417.25131 50.650105 2.3875651 0
-357.97351 50.647495 2.3884833 0
-358.42212 50.998745 2.3897688 0
-357.25433 50.931374 2.3397722 0
-438.42737 51.05571 2.3950396 0
-358.2312 51.047333 2.3504515 0
-438.26855 51.139465 2.382396 0
-414.4736 51.225163 2.3771803 0
-357.07059 51.321136 2.3495209 0
-356.74039 51.344547 2.3090277 0
-356.69791 51.375954 2.3426013 0
-356.51917 51.384094 2.3543966 0
-356.78876 51.402592 2.3286109 0
-390.55002 51.97863 2.347451 0
-377.80212 51.987598 2.3323891 0
-445.03909 52.015957 2.3666403 0
-394.64444 52.001865 2.3166645 0
-388.34787 52.395828 2.3950808 0
-373.69046 52.785435 2.3599744 0
-373.59686 52.735947 2.3624947 0
-410.56827 52.873287 2.3970413 0
-389.24994 52.899578 2.3293252 0
-373.78348 52.844875 2.3523982 0
-391.41931 52.977146 2.3797781 0
-389.33957 52.93829 2.335798 0
-388.57596 52.985645 2.3656514 0
-388.87384 53.073063 2.3926876 0
-416.53268 53.367767 2.3505607 0
-386.66397 53.383358 2.3914502 0
-370.30313 53.309746 2.3972311 0
-386.81854 53.464233 2.3531828 0
-385.33759 53.659676 2.3041637 0
-416.77899 53.710724 2.3941057 0
-430.48056 53.98505 2.3545976 0
-430.45309 54.048645 2.3308148 0
-430.25107 54.046516 2.3435228 0
-388.82306 54.085857 2.3978548 0
-386.85831 54.194267 2.3355429 0
-402.64737 54.656601 2.3514845 0
-360.16324 54.733181 2.3873651 0
-399.92984 54.873798 2.3210585 0
-399.76706 55.067028 2.3314042 0
-420.85809 55.97121 2.3427947 0
-368.4986 56.025955 2.376739 0
-392.03885 58.522686 2.3906975 0
-399.51187 58.958168 2.3462348 0
-399.37503 59.03146 2.3265879 0
-415.18198 59.342319 2.3347147 0
-415.26935 59.456028 2.3286564 0
-385.95697 59.627941 2.3066537 0
-350.76907 60.831356 2.3610113 0
-350.46686 60.866432 2.3134573 0
-402.96457 60.946117 2.3167262 0
-381.31384 61.034817 2.3319502 0
-431.82709 62.224529 2.328722 0
-402.81146 65.092224 2.3730392 0
-376.86066 66.999489 2.3679211 0
-449.28061 68.392578 2.3301945 0
-404.89148 69.030708 2.3674817 0
-372.99863 69.847321 2.3004467 0
-430.58823 73.622185 2.3238368 0
-439.7764 78.27491 2.3955612 0
-421.96039 80.81633 2.3342631 0
-358.10663 50.56617 2.4308295 0
-358.37262 50.780861 2.4626508 0
-356.95511 50.996418 2.446893 0
-438.41019 51.063526 2.424809 0
-358.79755 51.079887 2.4688797 0
-356.9361 51.065983 2.4056866 0
-414.50467 51.130066 2.4173703 0
-355.37268 51.272049 2.4777269 0
-354.94247 51.353535 2.4815962 0
-424.79025 51.521736 2.4773803 0
-415.69727 51.595791 2.4858227 0
-370.14029 51.657925 2.4185185 0
-390.30109 52.111336 2.4212539 0
-388.396 52.321987 2.412142 0
-373.64163 52.785465 2.4238443 0
-415.96054 52.810154 2.4439249 0
-410.56918 52.807453 2.4170833 0
-373.80127 52.874783 2.4660017 0
-373.75055 52.822948 2.4123986 0
-373.50302 52.839516 2.4943833 0
-373.37283 52.827831 2.4145989 0
-391.41602 52.997665 2.4077542 0
-415.91443 53.087257 2.4188411 0
-391.20468 53.07489 2.436193 0
-389.26016 53.091568 2.4276111 0
-416.63095 53.101948 2.4192684 0
-416.38123 53.150211 2.4437518 0
-389.68533 53.301773 2.4223509 0
-429.91879 53.516537 2.485924 0
-389.54462 53.574104 2.4596136 0
-355.74283 53.880192 2.4338739 0
-430.39844 54.004967 2.4518304 0
-403.47018 54.563095 2.4040549 0
-399.92877 55.009251 2.4085686 0
-420.6814 55.956192 2.471607 0
-420.90146 56.020206 2.4885039 0
-369.34933 56.009365 2.4365554 0
-358.12045 56.564533 2.4545836 0
-394.94702 56.904633 2.4632242 0
-379.88837 57.05814 2.4658854 0
-379.9726 57.207317 2.4728162 0
-391.53461 58.226536 2.4058383 0
-399.59018 59.03355 2.4863098 0
-415.17947 59.259548 2.4043221 0
-350.46979 60.583252 2.4159901 0
-350.11697 60.684261 2.426461 0
-381.29395 60.960663 2.4366078 0
-381.03455 61.01368 2.4896369 0
-374.24371 62.844406 2.4289756 0
-411.37997 67.618187 2.4034801 0
-449.20471 68.373978 2.4859223 0
-449.24548 68.418976 2.4360871 0
-378.6723 68.74826 2.4539406 0
-405.04871 69.007523 2.4083424 0
-358.88959 50.218094 2.5933564 0
-397.16403 50.59877 2.5071578 0
-358.38892 50.762894 2.5496564 0
-442.44839 50.979927 2.5134513 0
-356.49405 51.252529 2.5322616 0
-424.74353 51.517086 2.5822775 0
-357.0134 51.5215 2.5229621 0
-356.18091 51.637814 2.562669 0
-390.33325 51.992447 2.5996089 0
-377.86371 51.921272 2.5655808 0
-357.97321 52.231022 2.5684173 0
-358.15793 52.405186 2.5302305 0
-373.5231 52.860657 2.593766 0
-391.24918 52.976295 2.5486536 0
-388.92178 52.949997 2.5596652 0
-376.60971 52.938164 2.51635 0
-373.86237 53.09602 2.5878077 0
-372.94479 53.078594 2.5861337 0
-370.25531 53.30957 2.5397592 0
-409.64926 53.848587 2.5791857 0
-430.40021 53.981949 2.5039687 0
-430.2085 54.035286 2.5002775 0
-430.12891 54.063225 2.5578687 0
-430.1506 54.117676 2.5654166 0
-376.75888 54.223923 2.5346527 0
-387.8942 54.513195 2.5071702 0
-387.09076 54.519077 2.5729184 0
-446.19955 54.867546 2.5497928 0
-362.03775 54.901508 2.5769374 0
-360.3689 54.978733 2.5203934 0
-358.26358 55.522362 2.5386877 0
-420.9426 55.983021 2.5548408 0
-420.8378 55.96793 2.5468462 0
-388.58011 56.069 2.5479445 0
-383.73633 56.049049 2.5821474 0
-420.60007 56.121857 2.562433 0
-393.27863 56.642494 2.5678921 0
-440.69186 57.060844 2.5361381 0
-444.05087 58.294193 2.5670495 0
-443.9942 58.350574 2.5950687 0
-403.10727 60.824314 2.599066 0
-384.37411 61.481243 2.501277 0
-353.43365 65.036232 2.5809 0
-376.96353 66.980042 2.5191076 0
-392.84232 69.521645 2.5249753 0
-424.77524 72.188774 2.5655968 0
-424.61465 72.375214 2.5610309 0
-422.50854 80.722542 2.568249 0
-435.24747 81.599373 2.5595026 0
-377.58081 50.177582 2.6995111 0
-358.89142 50.180462 2.615644 0
-397.03604 50.860706 2.6611416 0
-396.98727 50.884319 2.664058 0
-359.22662 50.933052 2.681844 0
-397.20169 51.065617 2.6516168 0
-397.05048 51.077671 2.6993303 0
-438.44266 51.144497 2.6591775 0
-438.25354 51.156643 2.698245 0
-354.84094 51.104553 2.6419468 0
-413.2587 51.266621 2.6197398 0
-359.17151 51.200428 2.6414964 0
-359.33478 51.378384 2.6788583 0
-390.42514 51.934258 2.6118202 0
-390.25485 51.959778 2.6260879 0
-375.90091 52.465557 2.666415 0
-373.51834 52.729988 2.6007521 0
-373.80344 52.833447 2.63241 0
-373.47107 52.854988 2.6684561 0
-373.84537 53.192478 2.6703994 0
-409.95364 53.581673 2.6833029 0
-434.6936 53.602135 2.6550066 0
-430.39536 53.898205 2.6879945 0
-430.3663 53.966541 2.6746154 0
-389.5437 54.021687 2.676544 0
-360.2254 54.402096 2.6313229 0
-400.21899 54.687241 2.6128094 0
-446.21582 54.823326 2.6338136 0
-360.19534 54.950588 2.6789849 0
-399.87152 55.264263 2.6947179 0
-395.70419 56.914989 2.6495638 0
-356.76379 57.124676 2.614439 0
-353.06979 58.595242 2.635262 0
-354.92007 58.93821 2.6660478 0
-414.78772 59.453793 2.6316884 0
-387.76276 59.529064 2.6938114 0
-395.44531 59.933807 2.6613996 0
-384.37695 61.557835 2.6593604 0
-353.40543 64.973228 2.6212487 0
-353.2854 64.958252 2.6154382 0
-376.92734 67.05645 2.6310115 0
-378.70569 68.930649 2.6418464 0
-413.35712 83.897575 2.6085088 0
-358.76819 50.07431 2.7286689 0
-395.3555 50.201344 2.7780361 0
-377.51724 50.228943 2.7274919 0
-358.79898 50.253288 2.7135041 0
-357.55289 50.523216 2.7648964 0
-444.54047 50.698624 2.7375386 0
-359.33704 50.67054 2.7033477 0
-358.53079 50.633091 2.7365961 0
-359.23978 50.754642 2.7324929 0
-357.51532 50.700138 2.7193277 0
-397.03384 50.817024 2.7373502 0
-438.37326 51.054829 2.7566726 0
-438.22729 51.107986 2.7872496 0
-413.45261 51.180141 2.7514362 0
-358.75952 51.172085 2.7549002 0
-357.56079 51.157059 2.7014017 0
-354.88702 51.151299 2.7176197 0
-438.46606 51.214836 2.7058115 0
-396.96942 51.206783 2.7253776 0
-354.81393 51.214142 2.7480152 0
-395.75027 51.923504 2.7030127 0
-390.28912 51.974007 2.7166092 0
-390.48547 52.027164 2.7127185 0
-378.04709 52.031231 2.7380018 0
-357.41864 52.050438 2.7440035 0
-357.28595 52.035091 2.7560735 0
-375.52768 52.367661 2.7797301 0
-375.86517 52.54863 2.7758617 0
-373.42889 52.710285 2.7177038 0
-373.43002 52.848686 2.7590656 0
-376.23151 52.977417 2.7392697 0
-373.2457 52.905098 2.7297621 0
-391.50906 53.085468 2.7504716 0
-376.13812 53.021324 2.7461779 0
-429.91135 53.451031 2.7690663 0
-409.86261 53.586926 2.7358377 0
-389.73865 53.732754 2.7757721 0
-355.53345 54.041271 2.7320137 0
-355.59573 54.107777 2.7700613 0
-401.17334 54.22649 2.7875288 0
-401.38727 54.312927 2.7934306 0
-360.34097 54.422153 2.7110643 0
-420.88544 55.983273 2.7786129 0
-420.73468 55.911022 2.7695303 0
-420.88742 56.044682 2.7284737 0
-420.5835 56.030602 2.7122929 0
-383.58282 56.137383 2.7130923 0
-364.0936 56.238152 2.7127974 0
-393.30435 56.745895 2.74031 0
-354.48087 57.328083 2.7595744 0
-354.36279 57.456379 2.7397676 0
-354.29492 57.425854 2.7962122 0
-444.05075 58.29599 2.7757063 0
-444.0264 58.330456 2.7271497 0
-443.96655 58.464752 2.7476883 0
-352.95404 58.746696 2.7793388 0
-390.40387 58.883934 2.7533977 0
-399.64111 59.091774 2.7312896 0
-352.66321 59.00703 2.7993939 0
-395.2948 60.085564 2.7942116 0
-403.08459 60.68998 2.753057 0
-402.7937 60.996059 2.7471864 0
-381.20007 60.993172 2.7437756 0
-381.12292 60.972977 2.742372 0
-381.10788 61.019115 2.7700315 0
-381.07089 61.031166 2.7078168 0
-384.45624 61.556423 2.7760069 0
-383.31146 62.414543 2.7606044 0
-411.50064 67.672264 2.716388 0
-392.83267 69.375237 2.7711585 0
-372.70514 69.962822 2.7158256 0
-424.8237 72.118721 2.7022014 0
-422.08075 80.7939 2.7519941 0
-424.08057 50.039436 2.8842514 0
-396.04803 50.057003 2.8503664 0
-395.91626 50.003986 2.8656402 0
-395.30435 50.075966 2.8447003 0
-395.85022 50.148514 2.8918929 0
-395.43713 50.21273 2.8394432 0
-357.56583 50.259327 2.8114302 0
-395.64813 50.33247 2.8856063 0
-377.11722 50.440655 2.82847 0
-359.95114 50.565529 2.8334913 0
-396.92529 50.626282 2.8485634 0
-377.01407 50.677803 2.8945835 0
-444.68756 50.762894 2.8456237 0
-396.54208 50.837181 2.8877184 0
-442.43332 50.945808 2.8573349 0
-376.77264 50.919422 2.8432117 0
-438.33884 51.138603 2.8591914 0
-437.97025 51.16396 2.8346274 0
-438.147 51.203289 2.8569257 0
-418.6279 51.369663 2.8636069 0
-424.73792 51.448505 2.826169 0
-377.1008 51.489124 2.8503902 0
-359.0246 51.424004 2.8177967 0
-355.36707 51.473969 2.8280644 0
-377.02438 51.517006 2.8826706 0
-390.52539 51.949093 2.874752 0
-375.82498 52.092438 2.8503227 0
-360.29987 52.687134 2.8468227 0
-373.90912 52.755322 2.8267062 0
-373.80011 52.762875 2.8599479 0
-373.57993 52.769451 2.8589699 0
-373.67749 52.810173 2.8717625 0
-391.26181 52.994061 2.891984 0
-391.44421 53.000957 2.8901143 0
-391.31021 53.035007 2.804276 0
-391.29776 53.007679 2.8582592 0
-391.56381 53.114002 2.835062 0
-430.53165 53.819756 2.8843977 0
-430.24286 53.974056 2.8561399 0
-430.37552 54.006866 2.8555279 0
-399.34949 54.859081 2.8410599 0
-383.73892 56.039242 2.8390596 0
-383.52594 56.081501 2.8460636 0
-369.40054 56.030762 2.8514042 0
-396.05081 56.948334 2.8071823 0
-354.43826 57.188972 2.8265624 0
-394.94815 57.666683 2.8401337 0
-353.17941 57.902328 2.8935287 0
-444.43314 58.104542 2.8393095 0
-444.41504 58.288975 2.8110261 0
-444.11301 58.254292 2.8511033 0
-444.09875 58.248085 2.8371096 0
-352.86661 58.334419 2.810921 0
-390.1171 58.75013 2.8380871 0
-352.70694 58.805817 2.8075156 0
-383.55136 59.011288 2.8893828 0
-388.87872 59.433319 2.8846307 0
-395.29645 60.092926 2.8126915 0
-418.98016 61.031391 2.8132122 0
-403.12482 64.883049 2.8845294 0
-376.76956 66.989151 2.8974404 0
-449.27118 68.277649 2.8974895 0
-441.18652 68.773102 2.8780591 0
-422.26434 80.834679 2.8177154 0
-422.12164 80.804375 2.800153 0
-442.07153 86.17263 2.8238137 0
-424.16632 50.067715 2.9819264 0
-395.38223 50.127354 2.9393618 0
-377.65115 50.199226 2.906378 0
-445.29678 50.392452 2.9510949 0
-377.45221 50.355751 2.9582767 0
-377.36703 50.387043 2.9841087 0
-377.27841 50.489449 2.9324236 0
-377.12088 50.502037 2.9447081 0
-359.88235 50.88905 2.9785132 0
-359.75482 50.966637 2.924387 0
-438.31888 51.109745 2.931154 0
-438.21625 51.168282 2.9323671 0
-378.23718 51.530365 2.974112 0
-378.16385 51.844845 2.9094961 0
-390.40622 51.934334 2.9741337 0
-390.33762 51.921455 2.9599214 0
-390.24841 51.953743 2.9682312 0
-377.16962 51.990726 2.9262176 0
-375.96109 51.945644 2.9906859 0
-390.51758 52.065365 2.9291136 0
-377.07303 52.053761 2.912925 0
-375.93799 52.034763 2.9017055 0
-373.16135 52.482216 2.9737625 0
-391.49152 52.90741 2.9473989 0
-358.77493 53.545967 2.9275115 0
-430.18927 53.984081 2.9995065 0
-360.21274 54.299961 2.961344 0
-360.16095 54.266346 2.9256086 0
-356.19955 54.208691 2.9711254 0
-446.19064 54.852852 2.9034352 0
-360.24393 55.004021 2.9817283 0
-420.75256 55.94754 2.9582767 0
-383.66226 55.999706 2.917407 0
-420.97754 56.040047 2.9715414 0
-388.35934 56.150005 2.9938145 0
-383.85446 56.135166 2.9837348 0
-354.23642 57.563747 2.9192271 0
-391.41455 58.183514 2.9993882 0
-389.33865 58.472717 2.9211204 0
-399.42905 58.844406 2.9959888 0
-353.26651 58.971554 2.9037592 0
-353.11493 58.948486 2.9794426 0
-415.08694 59.289139 2.9376144 0
-387.84338 59.801659 2.9047458 0
-389.11658 60.68821 2.9047153 0
-381.12332 60.907043 2.9572062 0
-381.15521 61.015942 2.9007647 0
-381.2717 61.205372 2.9715791 0
-431.61746 62.206299 2.9412196 0
-431.40616 62.303364 2.9482331 0
-374.30569 63.000515 2.9057534 0
-449.30173 68.412857 2.9547849 0
-433.41971 79.066406 2.9892907 0
-443.39642 50.031631 3.0473468 0
-357.28079 50.084064 3.0921965 0
-360.57129 50.161888 3.0745618 0
-378.75668 50.268192 3.0096612 0
-378.36819 50.275326 3.0582271 0
-377.35321 50.378841 3.0296714 0
-377.51367 50.538181 3.0363784 0
-377.19672 50.773613 3.0921288 0
-376.01736 50.8764 3.0873866 0
-359.78516 50.819748 3.0039456 0
-395.21048 50.933289 3.0839605 0
-359.71606 50.921093 3.0036011 0
-359.84177 51.001324 3.0288537 0
-429.81683 51.139042 3.0330329 0
-377.19629 51.192535 3.0440319 0
-377.20303 51.291443 3.0582912 0
-377.27216 51.319389 3.0616949 0
-376.41995 51.659222 3.0115345 0
-390.89017 51.788017 3.0176916 0
-390.83261 51.857857 3.0152626 0
-377.62775 52.183018 3.0763874 0
-377.98645 52.240826 3.0719049 0
-376.04266 52.266846 3.072577 0
-376.09155 52.455708 3.0711272 0
-377.09042 52.581627 3.0190542 0
-377.16776 52.643166 3.0413525 0
-355.88553 52.922184 3.0879598 0
-369.88516 53.296265 3.0678003 0
-369.88309 53.343155 3.0315001 0
-356.45044 53.306854 3.0735946 0
-359.43539 53.712471 3.0348759 0
-410.2453 53.811958 3.099355 0
-402.15884 54.068161 3.0707123 0
-402.93463 54.227661 3.021452 0
-402.35867 54.37199 3.0750003 0
-440.1897 55.720013 3.055459 0
-383.63336 56.05246 3.0168686 0
-380.04074 57.080921 3.0055907 0
-444.22607 58.080639 3.0903423 0
-353.15768 58.097645 3.0243051 0
-355.04996 58.267792 3.0920484 0
-353.39896 58.251648 3.0582335 0
-391.29117 58.409904 3.0279009 0
-352.81586 58.772785 3.0639594 0
-353.85303 58.960957 3.048559 0
-403.80911 59.300293 3.0815482 0
-414.85159 59.488987 3.074033 0
-352.64771 59.858868 3.0278785 0
-355.10803 60.262726 3.003541 0
-403.24869 61.054344 3.0490787 0
-378.5528 61.66869 3.0382972 0
-374.74033 61.984615 3.0422094 0
-431.48291 62.156956 3.0662913 0
-353.66998 62.895866 3.0273778 0
-376.78531 67.164719 3.0756471 0
-411.42365 67.612434 3.0869787 0
-449.23322 68.413971 3.0577202 0
-438.18466 82.080017 3.0586879 0
-379.19708 50.379837 3.193984 0
-357.11929 50.464741 3.1944897 0
-377.54214 50.571018 3.1278365 0
-377.40353 50.558094 3.198267 0
-377.77234 50.612732 3.1827836 0
-377.44928 50.761436 3.1858966 0
-377.51501 50.839836 3.1820064 0
-377.14786 50.819683 3.1901982 0
-377.60712 50.972614 3.1633167 0
-377.16754 50.95232 3.1209941 0
-438.43689 51.05014 3.1293716 0
-369.05505 51.100498 3.154407 0
-377.72314 51.334061 3.1825628 0
-424.62534 51.432034 3.1101069 0
-424.40155 51.419064 3.120249 0
-377.90372 51.491379 3.1502814 0
-377.5993 51.432812 3.1886213 0
-377.99356 51.799644 3.1750734 0
-377.9212 51.816681 3.1862035 0
-390.28922 51.927223 3.1070285 0
-377.54834 52.415581 3.1307888 0
-377.43652 52.416405 3.1940501 0
-429.12723 52.644173 3.176348 0
-377.2579 52.651058 3.1166928 0
-373.5657 52.826698 3.1304226 0
-355.71872 53.115726 3.1607604 0
-356.2211 53.682461 3.1914976 0
-409.51129 53.930222 3.1399996 0
-377.25656 53.938301 3.1958635 0
-402.72507 54.286484 3.1355631 0
-402.56033 54.25293 3.1397099 0
-402.40543 54.264778 3.1577492 0
-364.95941 54.285995 3.1157324 0
-402.71619 54.405899 3.1897297 0
-401.71118 54.642723 3.1263812 0
-402.25726 54.740677 3.1520019 0
-400.56747 54.857185 3.1158266 0
-400.72833 54.957535 3.1550581 0
-449.20511 55.471996 3.1034899 0
-420.85922 55.936359 3.1010811 0
-420.67642 55.948116 3.1054854 0
-383.88464 55.973682 3.1022596 0
-383.60794 55.992142 3.1866708 0
-383.56442 56.054195 3.1735804 0
-388.39487 56.139069 3.1893737 0
-383.7695 56.116051 3.1622305 0
-383.49625 56.16441 3.1864684 0
-379.94916 57.056046 3.1239967 0
-428.086 57.472805 3.1955271 0
-391.74207 58.068481 3.1521106 0
-444.48282 58.199139 3.1561868 0
-444.15698 58.240414 3.1738095 0
-391.53992 58.427837 3.1694646 0
-353.59262 58.434311 3.1326599 0
-435.77908 60.291737 3.1557963 0
-374.86319 61.738655 3.1765797 0
-378.65186 62.170731 3.192512 0
-375.68256 62.29739 3.1935184 0
-403.10583 64.939491 3.1088665 0
-403.01111 64.92411 3.1062818 0
-376.96094 67.099701 3.1414914 0
-442.61838 68.013565 3.1214068 0
-448.61865 68.569176 3.1472473 0
-372.65274 69.999779 3.1802311 0
-357.56601 50.093395 3.2878172 0
-360.5224 50.152092 3.2879295 0
-377.66479 50.252018 3.2112901 0
-357.05038 50.399933 3.2008305 0
-378.89758 50.432411 3.2301567 0
-378.71689 50.443466 3.2365549 0
-378.63196 50.466442 3.2470956 0
-378.35965 50.48489 3.2446859 0
-378.56348 50.581612 3.268682 0
-377.75995 50.509514 3.2428408 0
-377.81998 50.673653 3.2479274 0
-377.02426 50.832947 3.2353728 0
-438.51727 51.065853 3.2014706 0
-438.17606 51.070229 3.2781403 0
-369.08505 51.039764 3.2339571 0
-378.19217 51.222111 3.2448268 0
-376.69547 51.240196 3.2685063 0
-376.79773 51.34343 3.297236 0
-377.84338 51.48262 3.2054777 0
-377.75864 51.571438 3.2104025 0
-375.142 51.539383 3.2757404 0
-377.82843 51.621456 3.2015643 0
-369.78821 51.633766 3.2306533 0
-369.67612 51.667068 3.2708411 0
-357.22858 51.749306 3.2551959 0
-390.58469 51.807983 3.2920234 0
-390.24255 51.841236 3.2457237 0
-390.04379 51.999619 3.2271512 0
-373.51965 52.668129 3.2304087 0
-373.78049 52.735119 3.2392364 0
-373.53564 52.795582 3.2387481 0
-377.11163 52.864002 3.2948644 0
-373.7356 52.849129 3.283541 0
-391.49448 52.995701 3.2137883 0
-369.83765 53.293571 3.2427416 0
-434.6424 53.684315 3.2479625 0
-356.97925 53.693104 3.2135479 0
-430.35181 53.854492 3.2104521 0
-409.1813 54.324463 3.2457137 0
-402.21393 54.50079 3.2171037 0
-359.60156 54.607578 3.2082293 0
-364.2413 55.536789 3.2641146 0
-420.96603 55.997829 3.2299409 0
-388.48376 55.953045 3.26682 0
-420.67816 56.054134 3.2357137 0
-388.31702 56.05019 3.2542789 0
-369.41895 56.087051 3.2608824 0
-367.45447 56.07494 3.2042258 0
-444.02316 58.399364 3.2432349 0
-353.17264 58.359024 3.254462 0
-353.63507 58.492435 3.2789056 0
-353.49307 58.410603 3.2358682 0
-391.70923 59.793747 3.200623 0
-395.25656 60.173409 3.2390378 0
-403.00351 60.872993 3.2246675 0
-402.91718 60.977638 3.2634594 0
-431.63367 62.07132 3.2361701 0
-431.99411 62.116581 3.2282825 0
-353.93893 64.78743 3.2253768 0
-377.0101 67.030777 3.2451105 0
-422.19293 80.772354 3.2851763 0
-377.65353 50.057819 3.321619 0
-357.55975 50.108898 3.3255086 0
-378.20026 50.554424 3.3377774 0
-376.41394 50.598385 3.3074162 0
-393.96454 50.795479 3.3797665 0
-376.67148 50.722046 3.3465292 0
-378.79822 50.93264 3.3610702 0
-369.1268 51.027863 3.3361561 0
-357.08331 51.143749 3.3992715 0
-378.51767 51.269939 3.3236694 0
-376.66043 51.238884 3.3266578 0
-357.02704 51.472744 3.3990333 0
-356.87912 51.41346 3.3985946 0
-356.71542 51.428543 3.3639963 0
-369.76169 51.590679 3.3200486 0
-369.82178 51.604748 3.3254316 0
-373.50452 52.791203 3.363523 0
-373.25375 52.831066 3.3603287 0
-370.26236 53.37088 3.3377113 0
-430.26071 53.844913 3.3860209 0
-430.54736 53.947605 3.3688695 0
-430.358 53.951271 3.3089249 0
-400.97461 55.035397 3.3510635 0
-400.65768 55.054195 3.3771241 0
-420.8259 56.002361 3.3168275 0
-369.31638 56.020473 3.301964 0
-420.95398 56.168194 3.3347197 0
-388.61072 56.121178 3.3086183 0
-388.41965 56.108234 3.3871055 0
-357.75439 56.896706 3.3275158 0
-391.97253 58.060226 3.322021 0
-444.07159 58.120354 3.3046291 0
-391.89465 58.118412 3.3732593 0
-443.93384 58.277386 3.3105464 0
-353.8551 58.415768 3.3892591 0
-399.37415 58.864799 3.3206868 0
-415.30212 59.359631 3.3334949 0
-415.2338 59.368366 3.3875239 0
-381.25192 60.946953 3.3196688 0
-381.07593 60.995872 3.3628561 0
-353.98083 65.36264 3.3391702 0
-435.39423 81.612442 3.3128765 0
-357.56769 50.028355 3.4580712 0
-396.51907 50.680252 3.4453871 0
-357.92786 50.620178 3.439297 0
-396.80951 50.726204 3.4785397 0
-377.04654 50.723045 3.4406137 0
-358.00378 50.73436 3.4672756 0
-379.18533 50.878365 3.4788392 0
-360.53552 50.879696 3.483434 0
-438.38412 50.921471 3.4731853 0
-376.50516 50.956875 3.4923773 0
-438.35529 51.054977 3.4749246 0
-438.16403 51.117374 3.4738514 0
-359.88223 51.173096 3.4087129 0
-356.72092 51.262905 3.4054251 0
-397.07455 51.411968 3.4680994 0
-380.36176 51.674347 3.4885159 0
-380.8374 51.729748 3.4845247 0
-375.91559 51.790165 3.4723265 0
-390.31573 52.008282 3.4276783 0
-416.15625 52.205647 3.4365745 0
-379.11636 52.799938 3.4443097 0
-379.03595 52.802567 3.4425628 0
-373.76361 52.838326 3.4164987 0
-373.62021 52.884697 3.4630089 0
-377.23846 52.907181 3.4105532 0
-373.70139 52.968136 3.4665034 0
-373.68692 52.929947 3.4776783 0
-373.48294 52.923943 3.4734969 0
-373.08438 52.992699 3.4623921 0
-378.89047 53.37331 3.499547 0
-356.00662 53.397175 3.4645832 0
-355.78403 53.390129 3.4317248 0
-355.95831 53.48019 3.4499147 0
-430.40155 53.921478 3.4975777 0
-411.63287 54.79974 3.4282687 0
-401.9549 54.760704 3.4206831 0
-365.58884 54.843136 3.4905283 0
-412.00647 55.173676 3.487222 0
-383.6528 55.923962 3.4796996 0
-383.53394 55.941597 3.4742632 0
-369.50436 56.045162 3.4879553 0
-399.3212 58.873482 3.4113142 0
-395.36282 60.049137 3.4870176 0
-431.70667 62.148903 3.4337771 0
-375.78238 62.191177 3.446543 0
-414.74792 62.617535 3.4542382 0
-436.49731 63.88026 3.4262326 0
-404.95041 68.997139 3.4257312 0
-440.36908 78.165115 3.4241977 0
-357.92343 50.046021 3.5389686 0
-376.10034 50.540115 3.579922 0
-376.38171 50.75602 3.525984 0
-446.224 50.983803 3.5430861 0
-438.47223 50.98703 3.5752101 0
-379.78033 50.910927 3.5961969 0
-376.37384 51.01902 3.5277565 0
-380.40979 51.412956 3.5432191 0
-380.89523 51.582802 3.5740333 0
-380.61279 51.533348 3.5988383 0
-379.59814 51.589905 3.5615566 0
-390.38245 51.829418 3.5709581 0
-380.29068 51.859558 3.5526047 0
-390.3121 51.934841 3.5111532 0
-376.38464 52.431271 3.5171776 0
-373.68668 52.791039 3.5388193 0
-373.54053 52.765812 3.5259423 0
-373.49609 52.769608 3.587615 0
-373.52628 52.84507 3.5897222 0
-373.42563 52.842319 3.5933356 0
-391.56641 52.98291 3.560611 0
-391.73587 53.039635 3.5832539 0
-391.33682 53.023853 3.506496 0
-372.98969 53.062664 3.5657001 0
-430.35532 53.886406 3.5461051 0
-430.06876 53.89159 3.5613117 0
-357.18076 53.806007 3.5735261 0
-409.50317 54.211811 3.5780556 0
-360.09244 54.258595 3.5754461 0
-354.01947 55.132675 3.5233667 0
-402.37848 55.284779 3.5861979 0
-403.22821 55.463203 3.507628 0
-354.12885 55.519608 3.5395579 0
-363.01953 55.788319 3.5603569 0
-420.84113 55.968071 3.5778613 0
-420.62701 55.937218 3.556447 0
-383.64008 55.935989 3.5263493 0
-420.6011 56.038349 3.538444 0
-388.54074 56.088516 3.5074782 0
-383.4892 56.100479 3.5333345 0
-444.20123 58.233467 3.5078852 0
-444.10284 58.218098 3.5933361 0
-415.08215 59.26516 3.5966871 0
-414.80499 59.234276 3.5160275 0
-414.79532 59.424591 3.5239868 0
-393.59137 60.160305 3.5287917 0
-380.92981 61.124184 3.5073521 0
-384.48062 61.423233 3.5638874 0
-374.74988 62.366024 3.5593457 0
-372.88477 63.98188 3.5295799 0
-405.24628 69.027 3.5065353 0
-405.05972 69.050735 3.5410216 0
-357.7074 50.125122 3.6992941 0
-358.23398 50.204453 3.6491268 0
-379.93616 50.775959 3.6355548 0
-376.25244 50.782936 3.6294844 0
-359.99649 50.864342 3.6503618 0
-380.0856 50.908657 3.6049266 0
-438.42862 51.032227 3.6049702 0
-438.23212 51.079369 3.6338286 0
-379.88522 51.095692 3.6593685 0
-375.89761 51.064789 3.6301782 0
-380.21616 51.127018 3.6609886 0
-378.94391 51.386299 3.6266925 0
-357.1665 51.388935 3.6415381 0
-380.30402 51.492496 3.6163273 0
-375.66663 51.47707 3.6855514 0
-380.75024 51.542339 3.629267 0
-380.57266 51.5854 3.6259098 0
-380.49539 51.533504 3.6164963 0
-379.4968 51.625534 3.6747496 0
-376.37476 51.675552 3.6078408 0
-414.14728 51.739059 3.6781926 0
-390.37064 51.878735 3.6057403 0
-376.48517 52.356792 3.6319618 0
-373.70212 52.835819 3.6524868 0
-391.85931 52.949142 3.6832647 0
-391.34109 52.987164 3.6492338 0
-391.58057 53.021095 3.6975636 0
-372.95041 53.066875 3.6565027 0
-379.41602 53.212757 3.6215215 0
-369.70065 53.269608 3.6464026 0
-430.41019 53.81575 3.6046238 0
-430.27728 53.978611 3.638134 0
-377.99918 54.246311 3.6573656 0
-360.19989 54.272785 3.6814446 0
-383.67538 55.945511 3.6411004 0
-388.59067 56.045895 3.6872883 0
-388.34824 56.01609 3.6544633 0
-383.84396 56.046051 3.6773005 0
-363.24341 56.011333 3.6157746 0
-379.75916 56.960007 3.6418824 0
-444.2962 58.172665 3.6688976 0
-444.15665 58.150261 3.6677499 0
-353.54651 59.575485 3.662272 0
-353.48172 59.88826 3.6220422 0
-403.10641 60.885887 3.6973088 0
-402.8927 60.822815 3.6261547 0
-381.07535 61.044094 3.6285551 0
-380.97507 61.078392 3.6413636 0
-380.27728 61.169384 3.6426113 0
-372.92749 63.813068 3.6138146 0
-352.53842 63.979897 3.6004415 0
-373.04819 64.382339 3.6405432 0
-372.1015 64.750114 3.6373885 0
-449.09439 68.529007 3.6187971 0
-405.20834 69.044685 3.6133554 0
-357.76523 50.046509 3.7623537 0
-442.33047 50.281761 3.7989242 0
-357.97821 50.220982 3.7669396 0
-379.36026 50.578934 3.7137439 0
-379.52139 50.717438 3.7324736 0
-357.23917 50.87606 3.7211154 0
-438.28467 50.989422 3.7511618 0
-357.55682 50.929447 3.7006454 0
-357.36224 50.941078 3.7826006 0
-390.33124 51.824608 3.719486 0
-378.0481 51.959179 3.7833962 0
-377.36908 52.025856 3.7624936 0
-410.63171 52.685837 3.7385151 0
-373.51764 52.833683 3.790488 0
-391.43372 52.965004 3.7480078 0
-373.20386 52.905178 3.7798884 0
-373.14536 52.900806 3.731405 0
-391.44839 53.009686 3.7029281 0
-413.96744 53.351856 3.7430234 0
-430.25772 53.717533 3.7987845 0
-432.12241 53.90942 3.715518 0
-430.60455 53.955112 3.7455857 0
-430.28665 53.930763 3.7683415 0
-402.4303 55.220829 3.7186382 0
-420.80334 55.890953 3.7829962 0
-403.04141 55.805065 3.7475777 0
-420.64291 55.952572 3.7291784 0
-388.43057 55.993549 3.7860346 0
-383.45456 55.939064 3.7887223 0
-388.55069 56.128433 3.7742505 0
-379.95557 56.992668 3.7161322 0
-428.18002 57.584095 3.7105367 0
-395.54233 60.036026 3.7560594 0
-395.34909 60.049469 3.7382138 0
-403.05719 60.81073 3.799155 0
-402.98022 60.835983 3.7008007 0
-380.93698 61.052101 3.774101 0
-441.31418 68.640526 3.7148497 0
-405.34113 69.138626 3.7125466 0
-357.45316 50.039612 3.8778265 0
-442.4826 50.167282 3.8299308 0
-442.22861 50.112064 3.8591535 0
-357.59354 50.730656 3.8822987 0
-379.66663 50.886581 3.8058524 0
-379.19672 51.158821 3.8358734 0
-442.42526 51.396702 3.8744683 0
-357.58237 51.340664 3.826546 0
-369.83441 51.632946 3.8539078 0
-390.45868 51.840157 3.8803749 0
-390.54239 51.985985 3.8340976 0
-376.73651 51.905888 3.8603835 0
-377.5668 52.068157 3.8904772 0
-415.21814 52.138657 3.8386898 0
-416.00342 52.247719 3.8138371 0
-415.63196 52.200253 3.8391449 0
-373.16525 52.834888 3.8814704 0
-391.46704 52.948154 3.8990824 0
-430.58725 53.882759 3.8322093 0
-430.4577 53.841133 3.8045094 0
-430.27032 53.867565 3.8855894 0
-377.42725 53.997246 3.8039198 0
-360.05786 54.170326 3.828229 0
-413.03104 54.795601 3.8960238 0
-401.7674 55.296421 3.8449435 0
-355.00085 55.733578 3.892586 0
-354.21527 55.948189 3.8799555 0
-367.06195 58.074902 3.8753512 0
-444.54022 58.156647 3.8367519 0
-414.86563 59.24025 3.8884103 0
-395.40729 60.035961 3.8481884 0
-395.27954 60.04705 3.8328993 0
-381.06668 61.029549 3.8645928 0
-380.41977 61.22044 3.8311341 0
-431.53513 62.143978 3.8671699 0
-431.46707 62.291042 3.8770838 0
-375.82965 62.213879 3.8356018 0
-354.2561 63.952351 3.8901629 0
-368.65491 64.161446 3.8212929 0
-373.63666 64.238571 3.8571525 0
-353.53384 64.860878 3.8219986 0
-367.91684 66.446388 3.8952191 0
-442.55167 67.753479 3.8968635 0
-405.06219 68.964729 3.8380246 0
-415.56354 50.597115 3.9153507 0
-415.50403 50.646259 3.9298077 0
-415.49298 50.692074 3.9326048 0
-415.52914 50.7262 3.9329672 0
-415.49661 50.716373 3.9131806 0
-438.36752 50.975563 3.908277 0
-438.38031 51.006145 3.9738591 0
-438.26846 51.081821 3.9997156 0
-441.85376 51.227959 3.9212344 0
-414.74203 51.234169 3.9872384 0
-358.43475 51.281414 3.9154325 0
-441.92093 51.301125 3.9445136 0
-424.54407 51.320965 3.9739082 0
-415.41675 51.321392 3.9745367 0
-442.04163 51.452805 3.9811158 0
-357.54932 51.465424 3.9347558 0
-358.63739 51.591583 3.9429622 0
-378.24884 51.745487 3.9793012 0
-390.42459 51.812588 3.9046707 0
-379.01407 51.983936 3.9477568 0
-410.45746 52.655849 3.9995344 0
-391.38266 52.984493 3.9019852 0
-356.78287 54.072197 3.929383 0
-377.056 54.303234 3.9656653 0
-398.90109 54.605434 3.9257903 0
-401.66394 55.377262 3.9346299 0
-354.14938 55.60276 3.9213028 0
-354.29028 55.737106 3.9131835 0
-354.19095 55.749813 3.9148905 0
-383.47888 55.93354 3.9026241 0
-355.32025 55.999271 3.9818978 0
-388.32495 56.060764 3.9441216 0
-383.39557 56.004692 3.9192102 0
-355.44122 56.035702 3.9919651 0
-359.33313 56.105423 3.9941387 0
-411.04453 56.53381 3.9558558 0
-411.11786 56.62141 3.9659369 0
-444.3378 58.209244 3.9293194 0
-415.00024 59.145882 3.963371 0
-414.90927 59.178532 3.9660778 0
-414.81308 59.216095 3.9736261 0
-415.28937 59.372288 3.9271929 0
-402.9263 60.764965 3.9560046 0
-379.73172 60.88586 3.9452686 0
-380.95932 61.066746 3.9406061 0
-374.90048 62.283981 3.9105518 0
-374.81851 62.257786 3.9170036 0
-374.73535 62.233875 3.9161913 0
-375.55627 62.409569 3.9269352 0
-367.46448 63.960373 3.9937227 0
-353.51584 64.863556 3.9174454 0
-441.14642 68.695061 3.9110789 0
-393.11551 69.5382 3.9391038 0
-424.95172 72.166786 3.9022026 0
-436.39276 82.595032 3.9924772 0
-417.22797 50.067417 4.0765891 0
-415.73416 50.690662 4.0379748 0
-415.69556 50.765362 4.0394096 0
-415.7623 50.888031 4.0588789 0
-438.4787 50.904255 4.0237842 0
-438.2995 50.90126 4.084825 0
-415.74219 50.916435 4.0898666 0
-379.48138 50.911396 4.007216 0
-415.10724 51.010262 4.0769544 0
-415.04132 51.049366 4.04041 0
-414.96814 51.154018 4.0262637 0
-415.85553 51.338715 4.0158 0
-415.59607 51.575912 4.0132246 0
-395.22797 51.623741 4.0848145 0
-390.43561 51.795872 4.0639668 0
-414.69382 51.826115 4.0928965 0
-414.49124 51.826263 4.0137601 0
-377.89352 51.872379 4.0813003 0
-357.73828 51.894344 4.0442853 0
-377.85818 52.0242 4.0682554 0
-414.99991 52.386551 4.0541835 0
-373.40784 52.77618 4.0398726 0
-434.7565 53.421547 4.0249166 0
-416.36569 53.403511 4.024302 0
-413.71817 53.410259 4.0095367 0
-356.7522 54.156322 4.0575943 0
-401.71362 54.806961 4.0495768 0
-413.12485 55.085808 4.0858798 0
-383.61984 55.825806 4.0382366 0
-383.75552 55.938389 4.066112 0
-355.33514 55.930382 4.0584846 0
-355.05991 56.195446 4.0182228 0
-355.1788 56.271889 4.0349994 0
-355.61826 56.495426 4.0890927 0
-379.71954 56.984097 4.0091338 0
-444.37146 58.149227 4.0772796 0
-444.20724 58.165554 4.0144134 0
-444.11572 58.162865 4.026967 0
-444.0589 58.22702 4.0229101 0
-414.95386 59.144875 4.0693188 0
-414.75555 59.192596 4.0240459 0
-414.72852 59.364189 4.0004559 0
-431.5369 62.054897 4.0693507 0
-350.08426 64.075073 4.0880704 0
-402.83487 64.943604 4.0522661 0
-353.33844 65.787109 4.0635695 0
-411.11627 67.571495 4.0351715 0
-441.09518 68.685753 4.0850177 0
-405.29953 68.963417 4.0894761 0
-392.53223 69.739227 4.0057001 0
-424.89545 72.13221 4.0484753 0
-438.15173 82.465912 4.0539818 0
-357.8765 50.185818 4.1776829 0
-367.79568 50.508366 4.142621 0
-415.06122 50.965828 4.1029425 0
-415.95239 51.261612 4.1512079 0
-390.49313 51.695 4.1890345 0
-414.96442 51.747189 4.1489754 0
-414.30814 51.854511 4.1001973 0
-414.61624 51.93589 4.1039209 0
-414.38049 51.937 4.1719995 0
-390.27118 51.951344 4.1065011 0
-377.70215 52.353027 4.1674175 0
-357.90128 52.418339 4.1966023 0
-373.43726 52.801003 4.164814 0
-391.62317 53.049114 4.1992869 0
-391.47311 53.017395 4.1115599 0
-416.31732 53.217091 4.150372 0
-416.41278 53.485828 4.1068554 0
-363.45718 53.721592 4.1310701 0
-430.60422 53.883114 4.1407495 0
-429.79019 54.075272 4.1878858 0
-360.05383 54.087563 4.1157656 0
-356.65134 54.16861 4.1053176 0
-359.97812 54.895348 4.1112528 0
-407.72055 55.417007 4.1165891 0
-420.63589 55.851624 4.1732168 0
-355.0509 55.868256 4.1660075 0
-383.71286 55.911663 4.1623807 0
-420.91241 56.02182 4.1030874 0
-355.22562 56.125427 4.1044035 0
-354.30414 56.147293 4.1224737 0
-354.92828 56.45459 4.1026764 0
-428.14935 57.423183 4.1974344 0
-444.37946 58.146824 4.1653991 0
-414.98065 59.156303 4.159584 0
-415.20914 59.266666 4.136724 0
-395.33411 59.983543 4.188355 0
-435.8978 60.134155 4.112658 0
-379.43936 60.741119 4.1338792 0
-441.16324 68.670982 4.1770353 0
-430.44202 73.528664 4.1326771 0
-352.52463 76.488434 4.1624393 0
-415.51227 50.715092 4.2422042 0
-438.43805 50.907341 4.2422166 0
-438.2742 50.917366 4.226202 0
-438.35416 51.010124 4.2340779 0
-390.40805 51.731747 4.2917023 0
-390.27209 51.732533 4.2342863 0
-376.94043 52.203751 4.2406483 0
-415.87344 52.630276 4.2891927 0
-410.34732 52.650078 4.2211881 0
-359.12769 52.883728 4.2981167 0
-361.98837 52.906132 4.2672496 0
-391.71292 53.084396 4.2011466 0
-416.32037 53.1353 4.2765956 0
-430.42554 53.810291 4.2977104 0
-409.37958 54.003628 4.2560663 0
-360.13101 54.969242 4.2630205 0
-420.82523 55.960831 4.2750955 0
-383.58237 55.928452 4.2071447 0
-355.23672 55.990902 4.2620268 0
-388.59616 56.073326 4.2167888 0
-388.41483 56.015137 4.202322 0
-388.32483 56.044941 4.2085562 0
-388.23004 56.092133 4.2576523 0
-355.10968 56.771961 4.2833924 0
-365.3298 57.174007 4.2965503 0
-399.56055 58.869301 4.2565308 0
-415.19217 59.408066 4.2160597 0
-351.21078 59.547852 4.2170238 0
-402.94473 60.68895 4.2358508 0
-403.04919 60.720978 4.2085352 0
-384.3335 61.467426 4.2128062 0
-351.29327 61.859562 4.2758231 0
-431.62283 62.074856 4.2133708 0
-373.52747 64.042549 4.2212205 0
-411.08957 67.615349 4.2627802 0
-441.24832 68.69532 4.2480736 0
-404.90866 68.970711 4.2647934 0
-361.5791 50.307102 4.3573294 0
-438.66763 51.062096 4.354239 0
-438.2562 51.035713 4.351944 0
-369.67862 51.5369 4.3256345 0
-415.71939 51.685146 4.3417296 0
-390.43744 51.769497 4.3229785 0
-378.61591 52.046604 4.3156633 0
-373.43799 52.735668 4.3679242 0
-373.27386 52.770607 4.3863835 0
-359.16147 52.931034 4.3521209 0
-430.37918 53.889736 4.3528171 0
-408.85394 55.070656 4.3268518 0
-355.12228 55.586246 4.3977056 0
-388.61789 55.926983 4.3837285 0
-355.28076 56.686131 4.3160896 0
-356.1496 56.820133 4.3227758 0
-444.03467 58.248108 4.3888397 0
-443.98938 58.240051 4.3076959 0
-443.92462 58.453526 4.3297968 0
-354.48022 58.652943 4.3542552 0
-415.03323 59.177643 4.3245816 0
-351.02231 59.683697 4.3296299 0
-395.35144 60.089657 4.3810511 0
-395.24182 60.014553 4.3921156 0
-379.44241 60.649837 4.3265858 0
-402.97845 60.753395 4.3250484 0
-381.04837 61.03854 4.3290415 0
-409.51749 61.515579 4.3210516 0
-351.34921 64.584419 4.392066 0
-438.32675 50.902977 4.443234 0
-438.17209 51.095402 4.4369845 0
-369.44504 51.556797 4.4766426 0
-390.32498 51.7911 4.4418931 0
-373.28522 52.788727 4.4021859 0
-373.49146 52.898289 4.4444232 0
-373.211 52.822483 4.4329958 0
-391.56073 53.118011 4.4943252 0
-354.80722 55.709995 4.4190092 0
-420.8862 55.851685 4.4135666 0
-383.23343 56.041172 4.498435 0
-383.21954 56.119534 4.4244623 0
-355.90039 57.171188 4.4457917 0
-354.68387 57.653446 4.4548111 0
-443.84116 58.391354 4.4226418 0
-414.8587 59.159214 4.4570169 0
-414.90686 59.217438 4.4923234 0
-415.20074 59.331821 4.4899654 0
-351.60934 59.369148 4.4918513 0
-350.53491 59.341721 4.4172192 0
-395.40225 59.925697 4.4483814 0
-435.77158 60.041454 4.4143872 0
-381.14496 61.077255 4.4840679 0
-373.66705 64.006027 4.4543447 0
-402.86414 64.909988 4.4983416 0
-405.11502 68.962967 4.4277658 0
-425.8197 71.093887 4.4262362 0
-433.37842 79.018929 4.4919581 0
-433.45007 79.297485 4.447257 0
-438.46695 50.850456 4.5168939 0
-359.79797 50.891266 4.577909 0
-438.31689 51.017765 4.5099354 0
-359.39813 51.175583 4.5952659 0
-359.38251 51.275391 4.5626664 0
-390.4375 51.637253 4.5212502 0
-413.72684 51.7701 4.5843148 0
-390.30475 51.867863 4.587276 0
-357.55933 51.985165 4.5717311 0
-414.53662 52.222771 4.5983977 0
-414.46448 52.363869 4.5596833 0
-378.93414 52.465961 4.5161057 0
-378.74988 52.442009 4.5678163 0
-373.0296 52.758327 4.5740342 0
-373.68332 52.941891 4.5215764 0
-369.92017 53.180973 4.562583 0
-360.64963 53.658413 4.5172105 0
-360.49353 53.661213 4.5651321 0
-359.96735 53.963108 4.5528316 0
-430.58456 54.015144 4.5644126 0
-410.14789 54.310322 4.5977387 0
-409.38129 54.548714 4.5732918 0
-409.22552 54.705704 4.5862083 0
-409.09378 55.382919 4.5013385 0
-408.62204 55.409927 4.5877066 0
-354.95193 55.644028 4.5374689 0
-420.75455 55.872993 4.5407872 0
-383.14053 55.91851 4.5190158 0
-355.38483 56.568291 4.5951414 0
-356.39334 56.947086 4.5156879 0
-356.71658 57.271439 4.5409479 0
-356.71429 57.335369 4.5688992 0
-356.13733 57.440033 4.5683761 0
-444.39798 58.195923 4.5803885 0
-353.6106 58.816364 4.5677261 0
-351.60736 58.897003 4.5463572 0
-414.95102 59.0625 4.5440111 0
-351.73151 59.032848 4.5268674 0
-351.61392 59.083073 4.5621791 0
-351.52902 59.074818 4.5796609 0
-395.30457 59.920746 4.5676856 0
-403.02209 60.645649 4.564383 0
-424.8631 72.114532 4.5152659 0
-440.39145 78.085663 4.5082469 0
-440.26062 78.175385 4.5199332 0
-435.43033 81.259956 4.5452747 0
-437.74585 82.715134 4.5529985 0
-441.99631 86.16655 4.5293498 0
-361.6441 50.246113 4.6486616 0
-438.40924 50.926224 4.6934485 0
-438.18213 50.976097 4.6343827 0
-390.39432 51.661552 4.6808167 0
-359.54794 51.798027 4.6689386 0
-357.91525 51.980865 4.6196604 0
-414.58362 52.23774 4.6779723 0
-414.1655 52.432713 4.6745424 0
-357.22934 52.449585 4.6702242 0
-373.31189 52.731548 4.6061373 0
-373.6936 52.860325 4.6067166 0
-373.51416 52.89394 4.6101789 0
-373.43918 52.821499 4.6862831 0
-373.26779 52.81105 4.6118011 0
-391.67413 53.09668 4.6493988 0
-391.59467 53.047714 4.6670847 0
-391.42557 53.089016 4.6285391 0
-373.67999 53.138748 4.6092167 0
-415.76144 53.232231 4.6215796 0
-360.30154 53.592274 4.6166835 0
-430.61078 53.796597 4.671247 0
-409.29477 54.417671 4.6988969 0
-365.46539 55.15427 4.6862221 0
-420.69751 55.882778 4.647409 0
-383.47787 55.807732 4.6482372 0
-354.9812 56.288933 4.6372619 0
-355.96149 57.012543 4.6023831 0
-354.53134 57.444389 4.6632738 0
-399.08527 57.620842 4.6401081 0
-444.06506 58.112465 4.61724 0
-353.83755 58.644711 4.6748781 0
-399.35434 58.755981 4.6995726 0
-354.2117 58.755886 4.6032596 0
-351.55295 58.913994 4.6267281 0
-415.02148 59.18042 4.6167479 0
-352.07147 59.115719 4.6698923 0
-414.81177 59.212967 4.6328454 0
-351.34311 59.339066 4.6378012 0
-350.76086 59.340244 4.6435356 0
-351.46664 59.643364 4.6991243 0
-395.2207 60.066025 4.6932592 0
-350.46924 60.32365 4.6329541 0
-403.12711 60.700127 4.6053243 0
-381.15851 61.123913 4.6973085 0
-373.83664 64.974594 4.6234322 0
-372.84244 64.99572 4.686656 0
-372.72598 65.001236 4.6943703 0
-449.61197 68.267281 4.6435933 0
-405.12546 68.933556 4.6181817 0
-435.4816 81.322296 4.6035795 0
-424.4259 51.260941 4.7216969 0
-369.54575 51.460644 4.7195473 0
-369.37982 51.506863 4.7385039 0
-369.08746 51.776356 4.7889199 0
-414.82144 52.270893 4.702188 0
-357.22647 52.344067 4.7090416 0
-414.12073 52.566544 4.7292118 0
-357.31476 52.663261 4.7929616 0
-391.45599 52.998089 4.7725391 0
-391.60086 53.031357 4.7174773 0
-391.49899 53.025146 4.7982373 0
-369.03305 53.262413 4.7837343 0
-430.41794 53.735153 4.702456 0
-359.88019 53.882591 4.7307682 0
-359.9895 53.921413 4.7627125 0
-359.70831 53.913643 4.7489419 0
-359.9931 54.917683 4.7385511 0
-408.74081 55.40377 4.7299595 0
-383.35782 55.867218 4.7834263 0
-388.21326 55.992039 4.7904296 0
-383.27115 55.908176 4.7850728 0
-369.27023 56.213051 4.7549453 0
-382.4761 56.448616 4.7205811 0
-354.6517 57.394997 4.789794 0
-354.57852 57.762283 4.7369723 0
-444.28625 58.017311 4.7539806 0
-444.1199 58.070538 4.7206454 0
-366.33276 58.269402 4.7313981 0
-443.52701 58.355808 4.7175756 0
-353.89597 58.59481 4.7821698 0
-354.01828 58.724518 4.7101126 0
-351.79181 59.176151 4.7313952 0
-351.60355 59.2883 4.7962685 0
-350.52557 59.533764 4.7208552 0
-352.14365 60.154747 4.7377977 0
-403.05789 60.734257 4.7002015 0
-384.32162 61.310993 4.7865949 0
-376.29846 62.462635 4.7825108 0
-376.33417 62.788448 4.7919617 0
-374.70398 63.567787 4.7001171 0
-373.73547 63.801422 4.7578654 0
-405.16812 68.937698 4.764482 0
-437.8894 82.7901 4.7194548 0
-438.3819 50.912628 4.8085022 0
-359.79691 51.050304 4.8688145 0
-390.46094 51.748924 4.8738699 0
-390.39655 51.709423 4.818871 0
-389.96866 51.875065 4.8541555 0
-415.36594 52.265911 4.806736 0
-373.68976 52.852753 4.8135195 0
-414.1026 52.918148 4.8041162 0
-391.6376 53.053463 4.8368926 0
-391.9017 53.156796 4.8576059 0
-373.63159 53.265217 4.8545341 0
-373.68814 53.359474 4.8614168 0
-430.56659 53.646416 4.8473916 0
-430.50879 53.720322 4.8472896 0
-430.45944 53.75856 4.8877344 0
-430.36905 53.742775 4.8043008 0
-430.27039 53.839096 4.8676848 0
-365.5051 55.051594 4.8939681 0
-358.59808 55.162029 4.8472242 0
-407.20166 55.733078 4.8655181 0
-420.8078 55.864979 4.8504624 0
-420.70688 55.875542 4.8792877 0
-359.96878 56.153599 4.8069682 0
-364.37109 56.807705 4.8414268 0
-355.74625 57.845455 4.8580241 0
-355.65216 57.890953 4.8556151 0
-413.21002 58.373745 4.8766117 0
-354.14462 58.756104 4.8328552 0
-414.91705 59.142151 4.8603425 0
-350.39844 59.304245 4.8241172 0
-350.82623 59.546143 4.8285179 0
-403.19876 60.686352 4.8677034 0
-380.85327 61.042885 4.8763638 0
-384.28387 61.350285 4.8029337 0
-376.30353 62.666096 4.8439436 0
-376.18817 62.704521 4.8562512 0
-378.35699 65.008514 4.8223495 0
-376.99017 67.051468 4.8722415 0
-411.20334 67.483124 4.8900471 0
-449.34366 68.294136 4.8398275 0
-357.9328 51.484997 4.9232597 0
-390.41214 51.585884 4.9470029 0
-390.46399 51.68021 4.9542699 0
-413.80444 51.709682 4.9224615 0
-390.47623 51.772705 4.9038143 0
-390.35965 51.834621 4.9430265 0
-413.332 52.858639 4.9739976 0
-373.73093 52.84549 4.9862194 0
-373.40909 52.840836 4.9910054 0
-415.31711 53.497528 4.9391913 0
-359.8941 53.949703 4.9510951 0
-430.09482 54.032059 4.9152355 0
-420.55508 56.002876 4.9053693 0
-388.50397 56.082375 4.9411983 0
-388.47375 56.085052 4.9872074 0
-361.7742 56.234001 4.9721208 0
-355.45453 56.62059 4.9540701 0
-355.03748 56.648518 4.9344225 0
-355.05621 56.733521 4.9581747 0
-355.28986 56.8456 4.9350958 0
-413.0419 57.833065 4.9855905 0
-444.24182 58.043476 4.9164195 0
-443.83896 58.239674 4.9353037 0
-399.3844 58.770519 4.9504328 0
-414.58621 58.998112 4.9294119 0
-414.98047 59.122627 4.9263635 0
-350.21432 59.279243 4.9142013 0
-352.48172 59.462452 4.9640307 0
-395.29498 59.961678 4.9217081 0
-395.35629 60.018684 4.9881783 0
-395.20541 60.010685 4.9231672 0
-409.93579 60.346352 4.9489393 0
-352.39169 60.323151 4.9685488 0
-373.2149 64.957504 4.9671388 0
-373.02875 64.996338 4.9710994 0
-449.40768 68.298897 4.9526839 0
-438.18442 50.948231 5.002779 0
-359.78186 51.219902 5.0164399 0
-369.35165 51.472118 5.066 0
-390.44946 51.690964 5.0789447 0
-390.52399 51.746769 5.0767922 0
-360.33841 52.088985 5.0827579 0
-415.55426 52.271767 5.0527744 0
-415.34369 52.325455 5.0192904 0
-415.03839 52.321106 5.0472884 0
-415.33209 52.465546 5.0257144 0
-414.48199 52.570663 5.0286546 0
-410.51898 52.736984 5.0465589 0
-373.30237 52.762119 5.0220032 0
-373.29495 52.828693 5.0079637 0
-449.66205 52.960033 5.0772886 0
-372.89441 53.00153 5.0188174 0
-391.75446 53.120117 5.0989695 0
-430.33148 53.696548 5.0568724 0
-430.22403 53.766754 5.0661006 0
-415.37604 53.758217 5.057107 0
-420.55554 55.933949 5.0971293 0
-412.38809 56.771648 5.0696959 0
-354.38583 57.049591 5.0623231 0
-354.9599 57.360004 5.0457454 0
-354.62979 57.365112 5.0308032 0
-413.13425 57.803463 5.0208025 0
-444.07819 57.998829 5.0250702 0
-410.40295 58.230652 5.0542488 0
-415.16653 59.237274 5.0913119 0
-353.76392 59.325836 5.0674229 0
-395.26782 59.979111 5.0305133 0
-350.80704 59.926529 5.0003428 0
-410.51157 60.363701 5.0236707 0
-431.64777 61.953606 5.0082564 0
-376.98141 64.550232 5.0718775 0
-402.70724 64.857506 5.0706706 0
-411.28879 67.522469 5.0363059 0
-449.2652 68.282242 5.0436668 0
-372.18405 70.033745 5.044116 0
-443.68591 50.761299 5.1048222 0
-438.14963 50.932159 5.172431 0
-375.20273 50.965504 5.1636715 0
-390.33612 51.717953 5.1227531 0
-357.90866 51.818836 5.1217551 0
-357.99579 52.015095 5.1544323 0
-410.38058 52.600273 5.1575818 0
-373.57352 52.87492 5.1798348 0
-413.41653 53.109619 5.1481962 0
-414.41931 53.320591 5.1846776 0
-430.42218 53.62991 5.1024384 0
-430.46899 53.706211 5.1823239 0
-430.38348 53.776661 5.1991634 0
-383.51605 55.872635 5.194912 0
-421.02173 56.06139 5.1492319 0
-383.26123 56.008778 5.1522446 0
-411.82327 56.769573 5.1574278 0
-354.98254 57.176735 5.1211767 0
-411.01288 62.642342 5.1129413 0
-370.42184 69.646515 5.1945357 0
-437.07764 81.434959 5.1842203 0
-360.03131 50.262573 5.284934 0
-443.6358 50.810818 5.2543902 0
-438.21078 50.897854 5.2362475 0
-438.15555 50.967419 5.2166758 0
-444.09988 51.020454 5.2433667 0
-359.85138 51.094616 5.2402577 0
-369.21924 51.450336 5.2466555 0
-357.7377 52.09927 5.2222981 0
-356.37494 52.760628 5.2294664 0
-356.29626 52.722095 5.22575 0
-413.52225 52.837841 5.2370453 0
-373.25208 52.812927 5.256515 0
-356.63986 52.95171 5.2245135 0
-414.51266 53.37162 5.2749128 0
-430.67453 53.745869 5.2513738 0
-430.17307 53.923717 5.2223468 0
-359.84335 53.921688 5.2206683 0
-361.1965 55.439766 5.2093925 0
-420.72552 55.907219 5.2586474 0
-420.4292 55.957081 5.245647 0
-383.67429 55.974976 5.2110186 0
-420.98697 56.167324 5.2762389 0
-410.12796 56.684589 5.2146916 0
-354.3739 56.848064 5.2814994 0
-412.40631 57.390079 5.2749228 0
-411.14206 58.070805 5.251935 0
-399.14828 58.724922 5.2380209 0
-399.34781 58.875511 5.2263227 0
-354.38089 59.382641 5.2325921 0
-435.92834 59.920174 5.2106447 0
-395.35983 60.026981 5.2780523 0
-350.65808 60.616821 5.2793007 0
-384.32712 61.234783 5.2153983 0
-431.74503 61.850681 5.2904348 0
-403.00787 64.945465 5.2147274 0
-402.88876 64.916512 5.221807 0
-402.75723 64.904091 5.2337275 0
-413.47424 65.254692 5.2255521 0
-372.42386 65.278191 5.2159748 0
-443.53973 50.411091 5.3618131 0
-359.72015 50.434875 5.3585162 0
-438.18311 50.840042 5.3712382 0
-390.35422 51.592075 5.365324 0
-390.47272 51.631779 5.324388 0
-392.64893 52.419853 5.3810573 0
-410.47314 52.59 5.3972688 0
-373.47943 52.77779 5.3773799 0
-356.2966 52.705158 5.3553824 0
-413.54453 52.869865 5.3894548 0
-373.55292 52.835819 5.3431168 0
-373.45407 52.873043 5.3976035 0
-356.41608 52.832928 5.3690367 0
-356.37305 52.864349 5.3146939 0
-373.10538 52.918045 5.387176 0
-372.95087 52.944603 5.3191051 0
-372.81085 52.98563 5.3456039 0
-372.65253 52.937481 5.3427958 0
-356.21039 53.083546 5.3037877 0
-430.73621 53.662151 5.3617558 0
-356.02966 53.696121 5.331274 0
-430.27231 53.796139 5.3979197 0
-430.25586 53.809166 5.3123393 0
-430.18719 53.863934 5.3263969 0
-430.03241 54.052822 5.3739491 0
-411.2168 55.029446 5.3980956 0
-420.61603 55.973389 5.3865519 0
-412.5137 56.662617 5.372076 0
-355.4978 57.010109 5.3704963 0
-364.22986 57.162426 5.3845372 0
-410.51193 57.209263 5.3736539 0
-411.28793 57.316715 5.3420782 0
-410.0722 57.492012 5.307725 0
-410.99258 57.54921 5.3405156 0
-410.47128 57.521709 5.3726463 0
-410.1705 57.559013 5.3458905 0
-399.06583 58.662064 5.3749413 0
-414.80057 59.055485 5.3255439 0
-403.17877 60.674995 5.3604269 0
-374.25812 64.934807 5.3908048 0
-449.34042 68.125755 5.3747988 0
-405.18613 68.872765 5.3382735 0
-424.9754 72.043678 5.3856039 0
-440.19177 78.13958 5.3603516 0
-438.32629 50.800022 5.4225292 0
-438.23535 50.880547 5.4276848 0
-438.14124 50.974174 5.4452925 0
-368.99963 51.396694 5.4712777 0
-390.39569 51.545982 5.4309864 0
-410.46555 52.662598 5.4656825 0
-413.84079 52.835709 5.4607058 0
-373.19635 52.898376 5.4507799 0
-358.42819 52.861832 5.4687939 0
-359.92218 53.775661 5.4999266 0
-430.10175 53.904202 5.4160819 0
-383.4259 55.798935 5.4791369 0
-420.77911 55.842949 5.4656868 0
-388.44598 55.862469 5.4475718 0
-365.24136 56.929386 5.4587235 0
-354.0939 56.974781 5.4500794 0
-355.66159 57.100239 5.4800014 0
-353.77478 57.456528 5.4144745 0
-431.4585 61.968918 5.4971633 0
-431.90491 63.779171 5.4741855 0
-353.6684 64.78656 5.4102063 0
-373.69525 64.821251 5.4370241 0
-360.30042 50.076733 5.5984015 0
-359.93076 50.208073 5.5910993 0
-438.19623 50.827351 5.5620689 0
-438.22632 50.900318 5.5181012 0
-438.16946 50.910126 5.5550599 0
-390.31131 51.544754 5.5263391 0
-357.36923 52.374073 5.5810719 0
-413.26108 52.690117 5.5937495 0
-373.65115 52.89764 5.5633998 0
-373.3331 52.831078 5.5696015 0
-372.61703 52.861565 5.5751286 0
-372.62836 52.979755 5.5415459 0
-430.46909 53.640831 5.5357714 0
-430.48407 53.719948 5.5097322 0
-355.95776 53.829815 5.5871663 0
-430.05579 53.945839 5.5310469 0
-429.99045 54.012817 5.5361342 0
-388.42776 55.99646 5.5543613 0
-388.3342 55.907436 5.500442 0
-388.23056 55.940151 5.5626774 0
-421.22623 56.289482 5.5542579 0
-355.38284 56.305817 5.5116243 0
-364.8815 56.402287 5.5173211 0
-354.90085 56.690468 5.5776787 0
-403.14304 60.663452 5.5895672 0
-384.41949 61.199432 5.5105562 0
-380.60611 61.225082 5.5974646 0
-423.77893 64.808197 5.580739 0
-386.20401 65.251137 5.5030251 0
-411.24368 67.43103 5.5924644 0
-392.823 69.397484 5.5452437 0
-438.26474 50.773376 5.6140895 0
-438.34445 50.829357 5.6445417 0
-438.18204 50.867481 5.6278148 0
-357.55057 50.865692 5.644958 0
-357.86023 50.985527 5.6834397 0
-449.84293 52.238247 5.6474423 0
-358.64816 52.540562 5.6767778 0
-358.13672 52.508835 5.6476979 0
-373.54074 52.853718 5.6842613 0
-373.45776 52.888313 5.6304765 0
-373.21051 52.80212 5.6449146 0
-373.14828 52.847717 5.692678 0
-356.97021 52.849056 5.6421795 0
-373.60074 52.937649 5.6884823 0
-372.55051 52.936817 5.6349106 0
-372.40823 52.955765 5.6915045 0
-367.52457 52.930866 5.6230426 0
-430.60294 53.574444 5.6501055 0
-360.12982 53.661552 5.6957679 0
-430.53342 53.711952 5.6336856 0
-430.3306 53.781239 5.692996 0
-430.22287 53.767288 5.6282144 0
-430.19144 53.883381 5.6528835 0
-430.27725 53.979431 5.6919112 0
-359.83951 54.863773 5.603375 0
-388.35846 55.885811 5.62146 0
-383.4725 55.83289 5.6421332 0
-420.75336 56.006664 5.6769323 0
-388.51993 56.077633 5.6330171 0
-409.58936 56.590607 5.6839137 0
-444.00906 58.108829 5.6286216 0
-399.29398 58.737885 5.6814127 0
-415.10013 59.229687 5.6743441 0
-431.45795 62.145344 5.6830606 0
-429.26816 63.508987 5.6041031 0
-371.26245 66.999725 5.6212077 0
-449.54523 68.225014 5.6666698 0
-428.36008 70.997894 5.6745439 0
-438.18997 50.838303 5.7497783 0
-358.1225 50.844593 5.7220688 0
-357.90277 50.919762 5.7808847 0
-358.20731 51.075783 5.7246304 0
-357.90881 51.000969 5.762382 0
-390.38062 51.566986 5.7128749 0
-449.05496 52.143776 5.7744598 0
-449.77475 52.242283 5.7417355 0
-413.87463 52.404537 5.7062359 0
-373.242 52.779953 5.7234087 0
-373.19705 52.805798 5.7298503 0
-372.94513 52.887951 5.7805309 0
-367.16327 52.853191 5.7758975 0
-373.08383 52.921322 5.7462902 0
-372.85751 52.926331 5.7825618 0
-429.9809 54.013832 5.7065649 0
-420.34091 55.935268 5.7802701 0
-388.14536 55.929569 5.7241011 0
-353.89337 56.71944 5.7695494 0
-354.41931 56.87838 5.7573748 0
-354.37054 56.870178 5.7604175 0
-356.84271 57.087982 5.771163 0
-444.08167 57.983109 5.7038817 0
-444.09909 58.107239 5.7480087 0
-443.56833 58.182858 5.7763987 0
-399.04831 58.598949 5.7871275 0
-399.13495 58.606388 5.7231464 0
-408.41016 59.264378 5.753068 0
-353.92825 59.93832 5.7999301 0
-403.35919 60.763821 5.7606053 0
-380.87851 61.148537 5.7297564 0
-377.57343 61.636845 5.7865791 0
-388.65475 65.825104 5.7699828 0
-448.67072 68.415184 5.7964234 0
-369.16434 69.34745 5.7292223 0
-367.26254 79.610031 5.7771807 0
-442.50375 50.114269 5.8631759 0
-442.77859 50.255295 5.8021817 0
-449.85556 51.966324 5.8198204 0
-449.17737 52.121059 5.8912649 0
-448.85889 52.484226 5.8335509 0
-410.50397 52.621529 5.8758907 0
-372.40536 52.926903 5.8745637 0
-372.31958 52.947792 5.8880286 0
-413.5834 53.258648 5.8739243 0
-414.68179 53.544048 5.8491316 0
-358.49252 54.097569 5.8767962 0
-409.30298 54.645401 5.8325977 0
-411.50665 55.888344 5.8854208 0
-354.32117 56.80143 5.8742895 0
-409.03613 56.961552 5.8357468 0
-350.11694 61.29578 5.8848696 0
-373.68454 64.89872 5.8471212 0
-393.14081 69.361389 5.8820348 0
-393.00552 69.352051 5.8776212 0
-424.52466 71.758575 5.853682 0
-437.4079 82.142502 5.8402524 0
-443.28278 50.191814 5.9849691 0
-449.35413 52.001404 5.9258327 0
-410.51398 52.599159 5.9861207 0
-449.94049 52.719147 5.9789624 0
-373.47009 52.753136 5.904038 0
-373.33469 52.850296 5.9274802 0
-373.25284 52.814594 5.9857831 0
-373.13373 52.858704 5.9437323 0
-372.29346 52.988777 5.9013143 0
-412.52005 53.886097 5.9012408 0
-388.33325 55.78091 5.9521184 0
-383.28833 55.858318 5.9550657 0
-420.4014 55.973248 5.9588099 0
-383.3335 55.954876 5.9255147 0
-353.90292 56.817032 5.934937 0
-444.30069 58.003654 5.9728227 0
-443.92334 58.177605 5.9470797 0
-352.19177 59.051399 5.9869728 0
-395.23737 59.873734 5.9375176 0
-403.1756 60.588539 5.931499 0
-380.77374 61.063862 5.9985189 0
-431.37479 61.87891 5.9002929 0
-365.9075 65.919952 5.9934692 0
-449.42136 68.287323 5.9668632 0
-390.44922 51.482719 6.0803084 0
-356.29883 52.479362 6.0940013 0
-449.85925 52.787945 6.0906129 0
-373.5462 52.764011 6.0181103 0
-373.16223 52.788368 6.0242839 0
-373.41653 52.832104 6.0488839 0
-373.03357 52.813843 6.03619 0
-357.46121 53.430092 6.0712461 0
-357.54242 53.782497 6.0813518 0
-412.02417 54.717735 6.0327477 0
-411.74792 54.831734 6.0289593 0
-420.31 55.726978 6.0626211 0
-383.30582 55.780838 6.0194478 0
-383.08499 55.776207 6.0446949 0
-383.27634 55.80312 6.04528 0
-409.98621 57.136044 6.033721 0
-356.69479 57.112431 6.0590105 0
-415.09259 59.244297 6.0583558 0
-351.77597 59.274139 6.0661683 0
-351.44867 59.30825 6.008225 0
-409.32611 59.942932 6.0018373 0
-350.40118 60.426964 6.0294318 0
-403.00793 60.60424 6.0723534 0
-384.19275 61.179218 6.0142956 0
-376.90045 67.006569 6.0727983 0
-449.42886 68.13591 6.0465636 0
-449.31198 68.202843 6.0516419 0
-368.79678 69.294975 6.0386777 0
-424.51736 71.80043 6.0652833 0
-364.36511 82.569756 6.0472088 0
-438.11841 50.823208 6.1986737 0
-390.36609 51.492126 6.166985 0
-356.0036 52.364109 6.1539927 0
-449.26782 52.529526 6.1064339 0
-449.53903 52.748962 6.1862884 0
-373.04117 52.850796 6.154469 0
-356.93118 53.713161 6.1849117 0
-388.38235 56.09074 6.1295834 0
-407.67502 57.500542 6.1822882 0
-399.38672 58.657028 6.1151929 0
-379.90912 61.342419 6.1710815 0
-356.25555 50.544342 6.245255 0
-364.84274 50.786491 6.269145 0
-438.14548 50.850563 6.2772436 0
-364.72882 50.978477 6.2942066 0
-364.46234 50.985619 6.2242398 0
-357.8457 51.699158 6.2434559 0
-389.39893 51.986324 6.2321248 0
-373.67459 52.6413 6.235002 0
-391.79321 53.129131 6.2492876 0
-420.51694 55.894592 6.2546067 0
-383.06866 55.852585 6.2254124 0
-353.24011 57.401871 6.2841549 0
-409.21964 57.841045 6.2265062 0
-399.04855 58.612633 6.274003 0
-350.74384 60.78722 6.2627444 0
-380.77939 61.178947 6.2964878 0
-431.16855 62.006264 6.2078304 0
-449.40961 68.232384 6.2059302 0
-404.91415 68.857689 6.2380738 0
-430.45078 73.171524 6.2573581 0
-356.21277 50.546158 6.3663349 0
-357.17276 50.712879 6.3780961 0
-438.00873 50.921379 6.3544803 0
-368.45609 51.14846 6.3238845 0
-356.89368 51.162312 6.3116522 0
-390.13583 51.526512 6.3845754 0
-373.61111 52.905952 6.3430657 0
-356.01367 52.993511 6.3383188 0
-356.73196 53.300476 6.3391719 0
-356.58627 53.391132 6.3179588 0
-356.73096 53.478569 6.3586025 0
-356.52719 53.418167 6.3966918 0
-359.3905 53.508991 6.347702 0
-430.68619 53.768349 6.3233218 0
-430.35327 53.809837 6.3919888 0
-429.78751 54.174103 6.3744087 0
-409.10529 55.230541 6.3426933 0
-408.98413 55.344872 6.3523917 0
-356.26364 55.381622 6.3245697 0
-420.54742 55.831596 6.3505831 0
-420.4296 55.879517 6.3921275 0
-421.13559 56.389938 6.3445525 0
-356.78833 56.981716 6.3919301 0
-350.67322 60.127769 6.3464599 0
-380.72507 61.27689 6.3728971 0
-426.92816 65.309456 6.3360443 0
-376.96497 67.127487 6.3833761 0
-392.8613 69.511688 6.3875222 0
-392.79755 69.530739 6.3149271 0
-438.08093 50.815083 6.4324422 0
-390.59756 51.359783 6.4858336 0
-390.14859 51.575771 6.4989038 0
-373.75055 52.689537 6.424417 0
-355.87851 52.774734 6.4660215 0
-356.17642 53.083088 6.4781861 0
-357.8877 53.289913 6.4253631 0
-356.73898 53.443626 6.4170346 0
-430.59775 53.748844 6.474556 0
-429.82208 54.102684 6.4117928 0
-412.08859 55.31097 6.4297948 0
-409.03943 55.689243 6.4635382 0
-420.24887 55.795258 6.4450822 0
-388.56332 55.788834 6.4077954 0
-388.39236 55.718025 6.4872189 0
-420.64166 55.854397 6.468863 0
-420.57867 55.841965 6.4759126 0
-420.34286 55.95779 6.4665375 0
-444.297 57.83041 6.44066 0
-412.90692 57.933319 6.4455934 0
-399.07623 58.535973 6.4074378 0
-351.87805 60.18042 6.4703851 0
-431.30804 61.942585 6.4408994 0
-449.52414 68.17997 6.414145 0
-449.62363 68.216843 6.446384 0
-356.20932 50.335327 6.5489817 0
-357.845 50.579975 6.5958357 0
-438.14255 50.735802 6.5420151 0
-438.08533 50.849155 6.5615654 0
-373.64178 52.804638 6.5273352 0
-372.9881 52.807709 6.5921078 0
-361.11777 52.880913 6.5037766 0
-355.77393 54.753902 6.5629597 0
-355.42389 54.866882 6.591629 0
-412.81473 54.98774 6.5017891 0
-355.42734 54.963173 6.5774093 0
-420.68848 55.886433 6.5055809 0
-420.44809 55.834492 6.5867319 0
-388.11426 55.8134 6.5190363 0
-421.09784 56.462383 6.5666533 0
-357.21085 57.063683 6.5306859 0
-412.39661 57.896881 6.5242252 0
-424.42627 65.601982 6.5738015 0
-358.01904 50.442017 6.6467934 0
-390.54916 51.475643 6.6439385 0
-359.78156 52.026962 6.6411591 0
-359.52676 52.479263 6.6260419 0
-359.68408 52.573814 6.6013994 0
-372.78647 52.626297 6.6571169 0
-356.63574 52.645798 6.64252 0
-430.43109 53.746281 6.6284466 0
-355.77982 54.699951 6.6444397 0
-355.43732 55.003349 6.6094813 0
-449.28281 55.272762 6.6326838 0
-356.14853 55.468903 6.6469159 0
-383.09573 55.849087 6.6197572 0
-444.20697 57.798027 6.6516609 0
-444.155 57.835865 6.6850939 0
-444.04776 57.872986 6.6780801 0
-443.95126 57.913879 6.6808476 0
-392.90689 69.377769 6.6701584 0
-368.26239 50.992313 6.761951 0
-390.34558 51.459904 6.7917571 0
-389.33731 52.021141 6.759975 0
-355.87924 52.820518 6.7765403 0
-391.74518 53.103497 6.7100778 0
-359.47528 53.354195 6.7112532 0
-429.81363 54.075336 6.7357068 0
-429.91016 54.117279 6.7428379 0
-355.1889 54.864422 6.7049026 0
-420.5293 55.799061 6.7325406 0
-420.45435 55.777012 6.7327485 0
-388.36633 55.710037 6.763268 0
-420.48022 55.850239 6.7770867 0
-388.14243 55.923161 6.7325616 0
-387.95334 55.917461 6.7813697 0
-421.1861 56.543926 6.7684312 0
-407.07758 58.321735 6.7317305 0
-414.89243 58.993149 6.7936344 0
-351.68033 59.435551 6.7672157 0
-395.28046 59.980129 6.7346325 0
-403.30328 60.628841 6.7648873 0
-431.35312 61.865067 6.7338576 0
-353.79706 64.575356 6.7550468 0
-356.5564 50.170116 6.8229008 0
-357.91599 50.20821 6.8113799 0
-357.59805 50.298954 6.8209848 0
-359.91281 50.698845 6.8303828 0
-438.09149 50.778915 6.8503404 0
-359.30994 51.619835 6.8618875 0
-355.73123 51.831303 6.8334098 0
-366.96027 52.094261 6.8369756 0
-366.80765 52.030773 6.8596287 0
-372.75061 52.565556 6.8710022 0
-372.65576 52.670444 6.8424726 0
-373.46207 52.740971 6.8279638 0
-356.5835 52.818771 6.8504496 0
-355.87045 53.132217 6.8569555 0
-358.33029 53.426334 6.844069 0
-355.24747 54.853725 6.8210258 0
-361.45343 56.447704 6.8297296 0
-421.33347 56.641251 6.8623462 0
-377.06537 67.034836 6.8885374 0
-393.18002 69.408195 6.855382 0
-438.29391 50.735245 6.9274011 0
-359.10287 51.496632 6.9249654 0
-359.33032 51.632957 6.9989243 0
-373.72803 52.923111 6.9953246 0
-356.95538 53.010513 6.9844379 0
-359.54785 53.305233 6.9131837 0
-388.32364 55.621792 6.9584417 0
-420.5289 55.806568 6.9861708 0
-420.38943 55.837837 6.9186778 0
-421.0928 56.482452 6.9082441 0
-444.39395 57.865849 6.9565825 0
-415.28137 58.478664 6.9588938 0
-352.72751 59.254997 6.9906635 0
-403.31732 60.594238 6.972373 0
-428.09402 62.889687 6.9064655 0
-368.36847 68.690109 6.9827042 0
-357.56989 50.050148 7.0147128 0
-357.58804 50.293037 7.0913367 0
-358.82349 50.560818 7.0603943 0
-438.2493 50.688122 7.0851665 0
-360.15454 50.656456 7.074769 0
-357.5426 50.647858 7.0981922 0
-438.17764 50.74234 7.0275617 0
-390.53192 51.383789 7.0175457 0
-359.24387 52.143719 7.0817013 0
-430.3522 53.696156 7.0492892 0
-420.5921 55.727245 7.0490141 0
-420.52866 55.809387 7.0455766 0
-382.97705 55.983818 7.070148 0
-444.0892 57.854195 7.0394917 0
-414.76428 58.926018 7.0075641 0
-414.63672 58.917667 7.0014501 0
-414.5386 58.982994 7.0742874 0
-352.27551 59.095039 7.0936551 0
-352.32251 59.135597 7.0337639 0
-353.1481 59.795826 7.041501 0
-360.43109 50.016682 7.1340261 0
-357.79861 50.531609 7.100842 0
-438.2775 50.768101 7.176187 0
-437.99713 50.833088 7.1743674 0
-390.41754 51.374294 7.1170487 0
-390.37357 51.46537 7.1173053 0
-366.30624 52.51862 7.175343 0
-373.59805 52.779598 7.1130781 0
-373.88269 53.16951 7.1253633 0
-355.53342 53.431469 7.1902766 0
-430.32935 53.736435 7.1355872 0
-420.46362 55.739681 7.1299849 0
-403.23969 60.52779 7.1249366 0
-423.70993 65.547768 7.1897664 0
-360.92407 50.087898 7.2484198 0
-358.59003 50.111893 7.2625604 0
-358.76227 50.593163 7.2685699 0
-356.98718 51.684399 7.2993684 0
-372.56613 52.493076 7.2255816 0
-373.93546 53.007084 7.2858987 0
-388.21707 55.846626 7.2050462 0
-444.04251 57.649727 7.2873979 0
-352.25293 59.026779 7.2297668 0
-403.27637 60.617382 7.2645502 0
-351.58878 60.606709 7.2442627 0
-357.47552 50.54438 7.350945 0
-358.2464 50.602753 7.3822021 0
-367.53745 50.859516 7.3354363 0
-390.48221 51.251953 7.3242035 0
-390.42798 51.31749 7.3615499 0
-372.41885 52.503639 7.3335338 0
-355.42303 58.684753 7.3707504 0
-414.77576 58.872341 7.3338771 0
-353.11746 59.218781 7.36095 0
-351.51428 59.253124 7.3217411 0
-354.08517 59.643799 7.3220029 0
-353.9819 59.672909 7.3223715 0
-431.14764 61.802387 7.3352489 0
-405.1937 68.980087 7.3331552 0
-358.64145 50.012794 7.4240365 0
-358.47125 50.076027 7.4650326 0
-357.62201 50.43705 7.4198394 0
-437.9632 50.704941 7.4278436 0
-389.36664 52.052769 7.4036255 0
-374.15814 53.034283 7.4020414 0
-429.70471 54.405411 7.4203582 0
-420.44781 55.786335 7.4002271 0
-387.95877 55.760517 7.4502177 0
-420.4848 55.823849 7.4170766 0
-443.72452 57.573059 7.4370618 0
-358.5737 50.214455 7.5003915 0
-358.43573 50.214897 7.5113382 0
-357.85837 50.300762 7.5035658 0
-359.09433 50.533886 7.5443082 0
-437.86172 50.7738 7.5748515 0
-358.0517 50.919411 7.5345459 0
-390.34717 51.415112 7.506021 0
-373.59793 52.692207 7.5502729 0
-373.59085 52.738194 7.5582681 0
-382.66724 55.855198 7.5935669 0
-382.81158 55.92535 7.5389004 0
-444.00037 57.797493 7.5542865 0
-355.70319 58.915154 7.569232 0
-414.91986 59.16711 7.5725451 0
-360.36584 50.015038 7.6884904 0
-357.87027 50.237129 7.6125441 0
-357.95609 50.31834 7.6103048 0
-437.87717 50.646069 7.6508942 0
-358.08044 50.653408 7.6286292 0
-438.31372 50.821701 7.6975994 0
-358.11459 50.976761 7.6274481 0
-373.3685 52.707455 7.6035066 0
-356.56433 52.7057 7.6180415 0
-367.07977 58.700428 7.6970739 0
-414.62036 58.896767 7.6863203 0
-354.83054 58.819508 7.6688862 0
-414.72601 58.94672 7.6011086 0
-355.36996 59.129833 7.6714869 0
-392.8609 69.433922 7.636179 0
-359.73825 50.005245 7.7137146 0
-358.68759 50.302055 7.7217398 0
-359.40234 50.56918 7.773767 0
-356.77087 51.993656 7.7049131 0
-361.16296 52.210644 7.7019091 0
-449.3259 54.23703 7.7254348 0
-370.73886 54.824722 7.7651701 0
-420.13504 55.836555 7.7215252 0
-443.93127 57.895077 7.7678475 0
-351.74408 59.379562 7.7831125 0
-351.62408 59.359589 7.7770634 0
-430.5351 73.035416 7.7352681 0
-367.68112 50.789253 7.8370323 0
-372.224 52.261074 7.850451 0
-372.18271 52.365784 7.890141 0
-374.84988 52.76405 7.8015757 0
-374.83664 53.09581 7.8167377 0
-387.95972 55.746124 7.8072658 0
-387.86295 55.784477 7.8293371 0
-355.32205 58.554008 7.878634 0
-355.16025 58.59716 7.8790402 0
-414.73254 58.909588 7.8610044 0
-431.32849 61.581066 7.81744 0
-371.96716 52.249756 7.9680538 0
-372.03714 52.375412 7.9135327 0
-372.02545 52.402527 7.9270411 0
-373.34787 52.81237 7.9138746 0
-374.47705 53.009998 7.9313293 0
-372.14542 53.645134 7.9359908 0
-372.07733 53.756802 7.920084 0
-420.36102 55.753311 7.9743185 0
-443.82401 58.079399 7.9110913 0
-351.10352 59.803932 7.9230661 0
-431.27716 61.707954 7.9717188 0
-376.81577 66.922333 7.9300747 0
-357.42813 50.347363 8.0738106 0
-360.38763 50.524109 8.078846 0
-367.39188 50.695801 8.0029411 0
-390.15683 51.242645 8.0318203 0
-371.93387 52.331573 8.0092554 0
-364.92114 52.657696 8.0931988 0
-374.97067 52.961983 8.0433779 0
-428.41919 54.766579 8.0811319 0
-371.61981 54.774654 8.087513 0
-357.73743 54.709732 8.0527973 0
-421.57944 56.829178 8.0787792 0
-443.88455 57.896664 8.0523872 0
-351.14941 59.392441 8.0896158 0
-357.31903 50.373833 8.1325397 0
-360.00244 50.526714 8.1572638 0
-437.78543 50.702763 8.1605692 0
-437.61404 50.796101 8.1218071 0
-372.06293 52.268791 8.1773767 0
-371.97882 52.231396 8.175869 0
-440.92441 68.547195 8.1668911 0
-392.86282 69.372566 8.1110897 0
-424.6239 71.312668 8.1899881 0
-357.34583 50.513794 8.2664766 0
-370.83969 52.586071 8.283576 0
-375.07809 52.737553 8.2732315 0
-360.20206 52.728519 8.2205868 0
-371.93274 54.887608 8.258007 0
-356.44785 57.793755 8.2231855 0
-444.27322 57.921734 8.2017164 0
-356.25369 58.005329 8.222085 0
-351.50162 59.371281 8.2491026 0
-351.29996 59.498177 8.2493114 0
-375.10233 73.371292 8.2351255 0
-358.30923 50.387985 8.3767462 0
-358.23889 50.446098 8.3885126 0
-367.35547 50.550228 8.3856974 0
-371.59076 52.5494 8.3318691 0
-375.05096 52.675457 8.3196611 0
-420.35526 55.708252 8.312191 0
-351.64816 59.425648 8.3743372 0
-351.23785 59.494629 8.3233547 0
-424.49841 71.39521 8.3895502 0
-369.13257 50.084473 8.4359436 0
-368.56088 50.291679 8.4311419 0
-365.66245 51.375042 8.4101963 0
-355.67282 52.253853 8.4356327 0
-430.25418 53.281788 8.4592056 0
-443.85641 57.941284 8.4341002 0
-367.93051 50.440029 8.5046835 0
-390.5574 51.232418 8.5995665 0
-359.4613 52.024799 8.5913734 0
-375.21848 52.554302 8.5782547 0
-372.12106 55.08683 8.5614758 0
-398.96652 58.689388 8.5052786 0
-438.66016 50.737827 8.6778736 0
-438.46667 50.787567 8.6571388 0
-371.37833 51.798084 8.6989012 0
-371.46021 51.867825 8.6716328 0
-371.31934 51.862652 8.6500082 0
-371.18613 52.060665 8.6696281 0
-392.13409 53.255722 8.6572685 0
-392.06735 53.26395 8.6466436 0
-362.71777 55.067093 8.6114635 0
-431.26019 61.531246 8.6913071 0
-366.96515 50.409218 8.7249365 0
-367.67035 53.758083 8.7764416 0
-420.21713 55.773766 8.7189093 0
-361.9595 51.708618 8.8600101 0
-430.52237 53.17458 8.8245173 0
-429.63785 54.711365 8.8754587 0
-444.00763 57.696426 8.8184195 0
-443.91025 57.705921 8.8028793 0
-443.81857 57.775715 8.8190584 0
-355.01074 59.321472 8.8954611 0
-366.40707 59.609295 8.8611708 0
-430.99426 61.515213 8.8765221 0
-424.45413 71.263901 8.8312721 0
-420.40698 55.607376 8.9410057 0
-420.27188 55.698746 8.9849072 0
-382.80035 55.780178 8.9883518 0
-444.14114 57.662537 8.9770117 0
-414.49277 58.700417 8.9945698 0
-353.72021 64.180077 8.95788 0
-432.823 65.940201 8.9632196 0
-390.37515 51.057205 9.0957279 0
-370.99213 51.71344 9.0086422 0
-370.79385 51.795029 9.0104609 0
-375.72498 52.363007 9.0808592 0
-358.99887 52.442062 9.017704 0
-391.96594 53.248699 9.0026283 0
-371.78604 55.070171 9.0984106 0
-388.08588 55.643913 9.0871058 0
-444.33261 57.77618 9.0112629 0
-443.86215 57.937599 9.0317955 0
-354.02747 59.58791 9.0204716 0
-390.12396 51.008522 9.1825266 0
-359.43185 51.456535 9.1021872 0
-370.41946 51.664482 9.1880951 0
-375.8078 52.165684 9.1954107 0
-373.21625 52.350319 9.1116428 0
-373.17572 52.846138 9.188592 0
-382.67203 55.800415 9.1007633 0
-398.62402 58.47023 9.1172752 0
-410.87823 67.182716 9.189249 0
-390.18243 50.961864 9.2460155 0
-390.23636 51.064236 9.2587252 0
-369.37006 53.15575 9.2534256 0
-371.04477 53.96246 9.2583704 0
-420.34305 55.675632 9.2292595 0
-388.05649 55.629852 9.2558317 0
-382.62433 55.74271 9.2852144 0
-376.97104 66.888092 9.2179041 0
-433.67935 69.581833 9.2058516 0
-361.12067 50.840179 9.3789225 0
-429.78662 54.81123 9.3090944 0
-420.23016 55.562344 9.3277416 0
-412.74829 84.062721 9.3860912 0
-360.12515 50.767151 9.4596796 0
-358.1203 51.900875 9.4036856 0
-356.7655 52.208508 9.4512138 0
-420.28772 55.607464 9.4801674 0
-390.01843 50.860622 9.5137997 0
-359.67056 51.311104 9.5609112 0
-369.61865 51.446247 9.5710926 0
-376.1738 52.029354 9.5067568 0
-375.39899 52.492981 9.5705547 0
-420.16132 55.557316 9.5350466 0
-420.17886 55.604977 9.5711546 0
-398.52829 58.367256 9.5083742 0
-398.62381 58.400986 9.5105114 0
-369.56937 51.422104 9.6058407 0
-376.05255 51.969044 9.699976 0
-373.21286 51.981056 9.6606474 0
-431.2276 52.333973 9.6947927 0
-357.26721 58.04908 9.681097 0
-352.14374 59.266815 9.605958 0
-430.63306 61.431389 9.647646 0
-438.52548 50.522827 9.7868929 0
-368.59708 51.47126 9.7770071 0
-373.34357 52.812988 9.7922239 0
-373.14136 52.844917 9.7963057 0
-352.48685 59.217361 9.7777243 0
-424.56064 71.033867 9.7857933 0
-424.41052 71.030289 9.7716522 0
-359.85709 50.358585 9.8261251 0
-358.5899 51.38195 9.8879032 0
-376.35916 51.727245 9.8884058 0
-392.06369 53.146152 9.8886948 0
-429.05988 54.766586 9.8369646 0
-428.98062 54.804131 9.8458214 0
-444.21509 57.663006 9.8315716 0
-414.57126 58.724297 9.8214884 0
-424.39725 71.039787 9.8167992 0
-390.62021 50.873158 9.9076862 0
-430.50534 52.776215 9.9004364 0
-373.18729 52.919708 9.9689789 0
-403.3949 60.362778 9.9400072 0
-370.23193 50.631687 10.020361 0
-437.75537 50.840729 10.044121 0
-373.22931 51.871082 10.082715 0
-429.31363 54.8424 10.01932 0
-388.08847 55.502689 10.073927 0
-444.05771 57.420704 10.040319 0
-356.37988 57.490192 10.064584 0
-444.25662 57.535969 10.006748 0
-414.51468 58.643673 10.036534 0
-353.21811 59.801788 10.037511 0
-403.46558 60.389362 10.010331 0
-373.27216 51.930046 10.179562 0
-373.15878 52.02393 10.160419 0
-387.97556 55.411411 10.102888 0
-366.87231 55.561497 10.112363 0
-424.60776 70.924065 10.180146 0
-373.05499 51.863934 10.22769 0
-356.54428 59.861549 10.232632 0
-424.58252 70.845886 10.238879 0
-357.28238 51.563267 10.310734 0
-431.35101 60.672985 10.338039 0
-393.09229 69.300339 10.308996 0
-357.71143 51.112679 10.475985 0
-356.91852 53.263611 10.470678 0
-365.88586 55.104038 10.509601 0
-442.23819 65.137604 10.546726 0
-376.87579 51.05201 10.679636 0
-368.31256 51.363987 10.631838 0
-373.40146 51.850399 10.633487 0
-372.91989 53.21574 10.6187 0
-430.65427 72.63752 10.662408 0
-443.77469 57.682053 10.714129 0
-351.92889 60.019279 10.769851 0
-443.19424 65.659248 10.780726 0
-357.62338 50.254204 10.855835 0
-389.81894 50.429325 10.840056 0
-373.56046 51.816288 10.857521 0
-404.89789 68.480835 10.802184 0
-424.6806 70.67572 10.822102 0
-367.80356 51.279415 10.9775 0
-372.76953 53.061672 10.942373 0
-431.4855 60.453644 10.969238 0
-356.04257 53.167427 11.086514 0
-412.27295 57.516102 11.042197 0
-373.5397 51.805809 11.132996 0
-443.96393 56.753853 11.155558 0
-353.15149 59.456356 11.165213 0
-353.30765 59.537079 11.15502 0
-373.2482 53.017601 11.256751 0
-414.61496 58.469112 11.212943 0
-353.19736 59.56842 11.237684 0
-437.19507 50.389763 11.398096 0
-376.70996 50.655487 11.382064 0
-373.14737 52.849895 11.392599 0
-414.58789 58.533424 11.302904 0
-389.65698 50.233829 11.480275 0
-359.52213 51.010773 11.448622 0
-419.87723 55.360363 11.439673 0
-410.77515 66.797234 11.43495 0
-394.56213 59.671513 11.590818 0
-443.56857 57.752285 11.654121 0
-359.16461 50.815434 11.767848 0
-373.38885 50.763165 11.812386 0
-430.78949 52.062363 11.896392 0
-443.54932 57.721432 11.848889 0
-414.53076 58.450626 11.886147 0
-360.29303 51.301624 11.923048 0
-359.27963 51.046146 12.08618 0
-419.53497 55.020485 12.076492 0
-387.34586 54.66016 12.261149 0
-414.83096 58.347534 12.269074 0
-414.78979 58.260258 12.345612 0
-419.83093 54.97353 12.436781 0
-414.96872 58.352219 12.474766 0
-374.12021 51.473881 12.555707 0
-359.80533 51.413937 12.558151 0
-374.04758 51.314129 12.642712 0
-403.73813 60.366001 12.62413 0
-419.83853 56.429771 12.897498 0
-430.72598 51.808514 12.964331 0
-419.9523 54.665215 13.010922 0
-419.9494 54.756302 13.069237 0
-419.88559 54.713882 13.170522 0
-414.38016 58.039703 13.144065 0
-392.53894 53.833485 13.275189 0
-419.9071 54.608875 13.359693 0
-415.09677 58.156906 13.356935 0
-415.18094 58.213867 13.403018 0
-387.40109 54.094257 13.585148 0
-443.93631 54.125324 13.599538 0
-417.61816 86.963631 13.578881 0
-374.86569 51.233448 14.094004 0
-419.95734 53.925762 14.180433 0
-415.24637 58.081917 14.188091 0
-420.06754 53.720322 14.873207 0
-413.95477 57.129738 15.089094 0
