# .PCD v0.7 - Point Cloud Data file format
VERSION 0.7
FIELDS x y z intensity
SIZE 4 4 4 4
TYPE F F F F
COUNT 1 1 1 1
WIDTH 18977
HEIGHT 1
VIEWPOINT 0 0 0 1 0 0 0
POINTS 18977
DATA ascii
-621.2478 -93.204468 -8.1767015 0
-620.47125 -107.67797 -7.9029217 0
-624.336 -83.88401 -7.2938671 0
-617.62567 -92.031471 -7.1311364 0
-618.36212 -90.576607 -7.0795641 0
-624.34857 -90.994919 -6.9122148 0
-617.3139 -92.078278 -6.8367004 0
-624.96704 -90.970039 -6.8163352 0
-624.37592 -90.941589 -6.7120657 0
-616.95398 -92.115677 -6.6698794 0
-618.68481 -90.571693 -6.6050906 0
-616.95789 -90.570038 -6.6814194 0
-630.04724 -90.920876 -6.5379148 0
-615.86816 -89.736481 -6.5547352 0
-628.50891 -90.946487 -6.4061909 0
-627.74298 -90.916595 -6.4155579 0
-629.2561 -90.910789 -6.3941245 0
-626.88684 -90.976517 -6.3477306 0
-626.60187 -90.877617 -6.380229 0
-616.61578 -92.110878 -6.2828622 0
-616.23993 -92.131554 -6.2918386 0
-629.94214 -90.863426 -6.264307 0
-633.06213 -90.78801 -6.2529564 0
-616.11017 -90.030594 -6.2590952 0
-624.11182 -91.076736 -6.1336808 0
-627.00848 -90.984352 -6.1074409 0
-632.41699 -90.805191 -6.1490464 0
-630.04175 -90.882133 -6.1591983 0
-632.29553 -90.773888 -6.1308661 0
-632.00012 -90.779465 -6.1416488 0
-618.03204 -90.617218 -6.1805716 0
-615.6524 -92.158859 -6.0840063 0
-625.46851 -91.020279 -6.0996571 0
-624.92639 -91.049713 -6.0094643 0
-625.40729 -90.960556 -6.0972109 0
-618.65784 -90.577965 -6.0631967 0
-633.95679 -90.685715 -5.9741569 0
-618.06036 -54.429775 -5.9043074 0
-616.39764 -92.079651 -5.8538833 0
-627.69275 -90.951477 -5.8061833 0
-630.08636 -90.850479 -5.8200817 0
-633.73352 -90.783852 -5.8649435 0
-619.57501 -54.693077 -5.8021502 0
-618.77295 -54.586319 -5.8238988 0
-618.18555 -54.528721 -5.8394389 0
-624.29999 -98.302605 -5.7894068 0
-632.09967 -90.854362 -5.7102947 0
-631.80676 -90.873207 -5.7271667 0
-635.25616 -90.759918 -5.7687626 0
-619.66187 -90.639473 -5.7463245 0
-618.15643 -90.591766 -5.7121105 0
-613.73016 -81.221909 -5.7608109 0
-620.90833 -73.564362 -5.716363 0
-620.13574 -54.371418 -5.753942 0
-616.93091 -92.169342 -5.6090918 0
-625.27393 -90.999985 -5.6941729 0
-624.84155 -90.941795 -5.6564598 0
-630.78766 -90.829102 -5.6126003 0
-621.36194 -90.610466 -5.6632957 0
-621.09039 -90.627213 -5.6500735 0
-643.41016 -84.398643 -5.695703 0
-613.41284 -68.570709 -5.623497 0
-624.91193 -67.91938 -5.6179051 0
-624.8075 -67.929443 -5.6231251 0
-617.38855 -92.118134 -5.5925102 0
-616.84039 -92.104942 -5.5809932 0
-616.14813 -92.123497 -5.5889072 0
-616.69238 -92.059517 -5.5109777 0
-630.06512 -90.902336 -5.5266676 0
-626.98285 -90.965195 -5.5431833 0
-626.15588 -90.917534 -5.5746508 0
-629.93768 -90.860832 -5.5424995 0
-629.29315 -90.810753 -5.569828 0
-619.04797 -90.580238 -5.5330143 0
-618.75757 -90.556015 -5.5171781 0
-618.02368 -90.572021 -5.5851316 0
-616.19989 -77.351616 -5.5086269 0
-620.83881 -71.618263 -5.5141153 0
-613.48468 -70.941475 -5.5245399 0
-620.79553 -70.065765 -5.5948124 0
-620.71582 -68.233543 -5.5065265 0
-626.13916 -67.850815 -5.5768127 0
-625.99396 -67.887192 -5.5551748 0
-625.89307 -67.86705 -5.5596557 0
-620.9021 -67.89476 -5.5962005 0
-626.2558 -67.784233 -5.5576062 0
-626.15692 -67.799339 -5.5624309 0
-626.05835 -67.769226 -5.5649896 0
-625.97443 -67.782814 -5.5691242 0
-626.62604 -67.644897 -5.5507154 0
-627.19617 -67.599655 -5.5318027 0
-618.02692 -65.650772 -5.5304489 0
-618.79419 -54.831467 -5.5811586 0
-618.64191 -54.809357 -5.5784316 0
-618.54034 -54.829269 -5.5864706 0
-618.43414 -54.795776 -5.5822606 0
-617.51843 -92.041656 -5.4934545 0
-624.20404 -91.129692 -5.4642439 0
-624.24939 -91.017044 -5.4350514 0
-627.75195 -90.9039 -5.4652028 0
-633.90363 -90.814178 -5.4681358 0
-633.0238 -90.81015 -5.4771891 0
-630.74701 -90.803406 -5.4992509 0
-628.47986 -90.883987 -5.4151125 0
-639.0542 -90.635765 -5.4993072 0
-618.4986 -90.609802 -5.4872689 0
-618.18439 -90.560204 -5.484169 0
-613.48267 -72.262428 -5.4525566 0
-620.80701 -71.70768 -5.4826417 0
-613.49384 -69.856247 -5.4752259 0
-620.8717 -69.40271 -5.4279227 0
-613.55774 -69.346169 -5.4571052 0
-624.84003 -67.922607 -5.4263353 0
-628.70172 -67.806557 -5.4031096 0
-628.42291 -67.819969 -5.4218149 0
-628.3222 -67.804817 -5.426384 0
-628.23303 -67.819138 -5.4309549 0
-626.12085 -67.886208 -5.4044108 0
-627.93488 -67.753502 -5.4869199 0
-628.17072 -67.203056 -5.4801111 0
-628.36963 -67.012566 -5.4609146 0
-624.20538 -91.051056 -5.3444262 0
-634.61505 -90.735771 -5.344593 0
-635.28796 -90.657684 -5.3351521 0
-619.72968 -90.694351 -5.3147302 0
-621.15131 -90.450485 -5.3012342 0
-643.2951 -87.535408 -5.3930068 0
-616.78448 -77.112396 -5.349822 0
-613.43585 -70.5877 -5.3110509 0
-620.74567 -69.508492 -5.3211036 0
-613.41431 -69.34758 -5.3559909 0
-620.73639 -69.164154 -5.3072748 0
-620.81274 -68.605637 -5.3773303 0
-625.23181 -67.926704 -5.3091908 0
-624.98999 -67.94104 -5.3193321 0
-624.54791 -67.947968 -5.354578 0
-623.99805 -67.978767 -5.3041601 0
-627.64166 -67.827209 -5.3127146 0
-627.08667 -67.813072 -5.348393 0
-626.88733 -67.840134 -5.3251529 0
-626.50763 -67.8647 -5.3335147 0
-626.21613 -67.854919 -5.3685942 0
-626.10602 -67.864761 -5.3725581 0
-625.96271 -67.879333 -5.3422279 0
-625.8808 -67.869438 -5.3801866 0
-627.54437 -67.78286 -5.3146338 0
-627.18091 -67.756844 -5.341198 0
-631.89343 -67.620529 -5.3222651 0
-636.07428 -67.571297 -5.3127742 0
-623.71106 -67.011223 -5.3399444 0
-626.74323 -66.711624 -5.338789 0
-629.77722 -66.243469 -5.370338 0
-623.94672 -65.605164 -5.3730412 0
-626.17578 -65.270645 -5.3268819 0
-623.96527 -65.019539 -5.3323226 0
-615.68378 -64.845406 -5.3522658 0
-624.14917 -64.628906 -5.338469 0
-624.19647 -64.585815 -5.3325038 0
-615.4079 -64.517578 -5.3555064 0
-625.72162 -64.462814 -5.3145714 0
-620.58398 -64.269684 -5.3173752 0
-630.27814 -63.755909 -5.374723 0
-626.00989 -62.908642 -5.3157415 0
-625.42853 -62.932751 -5.3265982 0
-631.28845 -62.493252 -5.3341918 0
-631.36676 -62.366875 -5.3245354 0
-617.69196 -56.709702 -5.3218403 0
-615.47748 -92.155624 -5.2154174 0
-631.52069 -90.861671 -5.2327886 0
-630.13983 -90.874146 -5.278708 0
-633.0882 -90.739494 -5.2285724 0
-631.64685 -90.788239 -5.2142067 0
-637.68817 -90.63813 -5.2131548 0
-637.1087 -90.66713 -5.2384672 0
-635.78552 -90.691666 -5.2941875 0
-634.25024 -90.693115 -5.2586403 0
-634.10034 -90.698273 -5.258019 0
-619.84686 -90.606277 -5.2781477 0
-619.46057 -90.64846 -5.2888613 0
-622.69379 -90.546562 -5.2002621 0
-620.30853 -90.4879 -5.2274227 0
-643.68005 -87.430054 -5.2648239 0
-617.23993 -71.118568 -5.2955484 0
-620.76416 -70.484108 -5.215035 0
-620.72113 -69.073181 -5.2613769 0
-613.49713 -68.135063 -5.2566223 0
-625.84338 -67.942963 -5.2624016 0
-625.73218 -67.908417 -5.2897587 0
-624.3855 -67.928635 -5.206533 0
-624.13568 -67.929733 -5.2586031 0
-620.67902 -67.996323 -5.201705 0
-613.41229 -67.932152 -5.2084174 0
-628.29657 -67.814743 -5.2262249 0
-627.95239 -67.815155 -5.2403445 0
-627.82764 -67.82444 -5.2408657 0
-627.46887 -67.841415 -5.232357 0
-627.38971 -67.82489 -5.2375355 0
-627.22723 -67.845154 -5.2604275 0
-627.01123 -67.857994 -5.2563233 0
-626.54559 -67.860855 -5.2477856 0
-626.44104 -67.834557 -5.2362361 0
-626.35223 -67.885132 -5.241087 0
-626.26477 -67.864426 -5.2751431 0
-625.9458 -67.88623 -5.2090688 0
-625.54895 -67.891754 -5.2496319 0
-623.78314 -67.892937 -5.2355323 0
-620.70398 -67.814674 -5.2450809 0
-632.34906 -67.704567 -5.2740679 0
-632.24738 -67.700119 -5.2981815 0
-631.58899 -67.715698 -5.2706099 0
-628.62457 -67.782616 -5.2576036 0
-627.81866 -67.78891 -5.2995515 0
-627.09412 -67.78183 -5.2037749 0
-626.3512 -67.791016 -5.2314205 0
-634.17462 -67.626358 -5.2893701 0
-634.06915 -67.62001 -5.2885041 0
-633.62653 -67.640434 -5.2194352 0
-633.52576 -67.66925 -5.2168269 0
-633.02582 -67.648071 -5.2786455 0
-632.74591 -67.608871 -5.2865734 0
-632.06335 -67.689377 -5.2723718 0
-631.96844 -67.692642 -5.2719784 0
-631.84015 -67.659233 -5.2644668 0
-631.7674 -67.667999 -5.2978325 0
-630.54279 -67.696754 -5.2601476 0
-634.73901 -67.571739 -5.2923455 0
-634.56769 -67.548286 -5.2135305 0
-628.81323 -67.440109 -5.2156663 0
-628.72736 -67.405838 -5.2158751 0
-627.28125 -67.374695 -5.2975521 0
-627.80273 -67.015663 -5.2443748 0
-627.96979 -66.852806 -5.2310448 0
-620.72815 -66.109329 -5.2188859 0
-632.75958 -65.895363 -5.2346411 0
-627.44708 -65.716194 -5.2600956 0
-620.66376 -65.505478 -5.2491398 0
-623.70801 -65.111031 -5.2447448 0
-629.12811 -65.09726 -5.2071557 0
-628.6554 -64.74382 -5.21698 0
-626.41785 -64.734192 -5.280901 0
-627.10114 -64.616806 -5.260427 0
-620.60553 -64.645508 -5.2360854 0
-626.55084 -64.582047 -5.2676587 0
-626.47034 -64.51638 -5.2501359 0
-627.74237 -64.466324 -5.2470565 0
-627.23901 -64.41227 -5.2427745 0
-626.64441 -64.485374 -5.253531 0
-626.63184 -64.328224 -5.2340322 0
-626.35651 -64.370651 -5.2673168 0
-627.25604 -64.207077 -5.2268257 0
-626.43549 -64.116478 -5.2819653 0
-626.38092 -64.124992 -5.2828121 0
-626.20227 -64.151489 -5.2855768 0
-627.57037 -64.010719 -5.2105088 0
-626.83362 -64.061378 -5.2133474 0
-628.66626 -63.986916 -5.2055383 0
-628.54071 -63.997246 -5.2026224 0
-626.68756 -63.925602 -5.226254 0
-626.54834 -63.92643 -5.2665949 0
-625.82507 -63.723038 -5.2886057 0
-625.71057 -63.745537 -5.2897544 0
-627.5188 -63.656044 -5.2106948 0
-627.48828 -63.512981 -5.2277727 0
-626.6922 -63.599194 -5.2348847 0
-626.24341 -63.54324 -5.2708654 0
-627.53955 -63.454605 -5.2216496 0
-620.58923 -63.4547 -5.2809153 0
-627.04102 -63.341431 -5.2081499 0
-628.58093 -63.132225 -5.2044477 0
-627.32996 -62.837006 -5.2125511 0
-627.96918 -62.798637 -5.2177525 0
-627.25891 -62.793171 -5.2055936 0
-617.14777 -62.739357 -5.2128429 0
-627.7298 -62.530128 -5.2633357 0
-626.38257 -62.56358 -5.2744865 0
-627.97534 -62.423233 -5.249908 0
-627.10931 -62.437172 -5.2579627 0
-628.50427 -62.351398 -5.2397017 0
-627.30676 -62.387768 -5.2468543 0
-626.86511 -62.31934 -5.242229 0
-629.32666 -62.120132 -5.2189059 0
-629.75983 -62.06324 -5.2115359 0
-629.42444 -62.065414 -5.2103348 0
-626.97253 -61.935047 -5.2389059 0
-626.83594 -61.85582 -5.2334661 0
-626.25848 -61.892776 -5.2368579 0
-617.79761 -60.40044 -5.2862659 0
-617.78833 -59.940243 -5.2599716 0
-617.65387 -54.872425 -5.2475929 0
-617.62152 -53.417236 -5.2014928 0
-617.54004 -51.188221 -5.226264 0
-617.12396 -92.124062 -5.1777239 0
-617.11804 -92.001671 -5.1064291 0
-616.58569 -92.089035 -5.1738238 0
-625.43298 -90.967316 -5.1566405 0
-633.07605 -90.814232 -5.150342 0
-632.44379 -90.815193 -5.1140504 0
-631.57098 -90.884277 -5.1362987 0
-630.86096 -90.886772 -5.1545668 0
-629.2229 -90.827316 -5.1276789 0
-631.52362 -90.705246 -5.1445484 0
-638.43323 -90.607307 -5.180934 0
-624.36224 -90.430382 -5.1962037 0
-643.66351 -87.386749 -5.1980305 0
-613.63098 -79.622818 -5.1485214 0
-616.90918 -71.669868 -5.1743956 0
-620.80164 -71.482635 -5.1909986 0
-616.58209 -70.811157 -5.1830158 0
-617.0647 -70.705414 -5.1281533 0
-620.87958 -70.361389 -5.1597404 0
-620.70746 -69.98201 -5.1423745 0
-620.72394 -69.74469 -5.1494775 0
-620.72528 -69.456078 -5.175879 0
-620.7381 -69.245613 -5.1789799 0
-613.43347 -68.270897 -5.1324887 0
-625.99475 -67.903214 -5.1799059 0
-625.33643 -67.937592 -5.1933432 0
-625.23438 -67.906563 -5.1560049 0
-624.72626 -67.948395 -5.1908441 0
-624.20215 -67.912018 -5.1574736 0
-628.41437 -67.811638 -5.1394997 0
-628.14697 -67.816902 -5.1960812 0
-627.75714 -67.810791 -5.1635766 0
-627.55511 -67.815689 -5.1694279 0
-626.57977 -67.886528 -5.17345 0
-626.42963 -67.852516 -5.165678 0
-626.36383 -67.884354 -5.1723928 0
-626.11548 -67.876221 -5.1712165 0
-625.96509 -67.818825 -5.1078181 0
-625.81372 -67.829582 -5.1062298 0
-625.70148 -67.894859 -5.1358104 0
-625.65741 -67.845284 -5.1096711 0
-625.57214 -67.837936 -5.1118259 0
-624.32941 -67.848267 -5.1311808 0
-631.2038 -67.707489 -5.1072955 0
-630.02496 -67.779182 -5.1482477 0
-629.03619 -67.765633 -5.1618624 0
-628.7569 -67.790787 -5.1160016 0
-628.67303 -67.785492 -5.1872492 0
-628.06555 -67.789421 -5.1712914 0
-634.01007 -67.654488 -5.1420612 0
-628.50879 -67.645378 -5.173214 0
-627.22424 -67.676987 -5.1984577 0
-636.82361 -67.557297 -5.1808028 0
-635.92554 -67.514732 -5.1659541 0
-635.52972 -67.525223 -5.1777701 0
-629.9646 -67.549774 -5.1143456 0
-629.49615 -67.530777 -5.134511 0
-627.67902 -67.533699 -5.1907797 0
-629.64301 -67.403984 -5.1193504 0
-629.56842 -67.472137 -5.1296391 0
-628.31549 -67.302895 -5.1972976 0
-628.49878 -67.064384 -5.1805205 0
-629.39172 -66.744362 -5.1708755 0
-620.70868 -66.678024 -5.1039929 0
-629.02277 -66.594353 -5.1407599 0
-628.40143 -66.511391 -5.1244326 0
-629.54761 -66.229294 -5.113246 0
-623.70898 -66.2724 -5.1555619 0
-628.70044 -66.15345 -5.1663642 0
-631.63617 -66.080589 -5.101841 0
-631.54749 -66.094139 -5.1081614 0
-628.79224 -65.984055 -5.1548872 0
-629.0899 -65.835266 -5.1382675 0
-630.55981 -65.711433 -5.1026664 0
-629.8233 -65.602501 -5.1903601 0
-630.95642 -65.575737 -5.1007047 0
-629.74567 -65.574829 -5.1950479 0
-629.56287 -65.346489 -5.19274 0
-629.4801 -65.269165 -5.1917491 0
-629.39392 -65.257385 -5.1973705 0
-635.95868 -64.870926 -5.1858153 0
-627.69238 -64.630501 -5.1641784 0
-636.07953 -64.38784 -5.1686673 0
-633.29364 -64.319885 -5.1595922 0
-628.4707 -64.319191 -5.1335354 0
-633.37689 -64.200569 -5.1497936 0
-630.89825 -64.238457 -5.1235557 0
-630.64771 -64.21563 -5.1362529 0
-628.57849 -64.216637 -5.1249199 0
-633.38348 -64.036392 -5.153389 0
-629.00031 -64.063072 -5.1134295 0
-629.03247 -63.936817 -5.1034379 0
-626.8219 -63.915558 -5.1981106 0
-628.93597 -63.867332 -5.1933732 0
-628.17963 -63.753834 -5.1810265 0
-629.09308 -63.548744 -5.1622887 0
-628.8584 -63.545998 -5.1769595 0
-630.03363 -63.424454 -5.1554427 0
-627.64764 -63.49461 -5.1651082 0
-633.34998 -63.334282 -5.1980557 0
-630.33752 -63.388603 -5.1128311 0
-628.50256 -63.21104 -5.1881499 0
-627.97229 -63.20929 -5.1413989 0
-628.16608 -63.137333 -5.1714683 0
-627.86298 -63.113297 -5.1947427 0
-627.70685 -63.178432 -5.1974306 0
-630.8454 -63.007988 -5.1817865 0
-628.89685 -62.946495 -5.1699147 0
-630.40497 -62.869064 -5.1097579 0
-629.81598 -62.725166 -5.1297836 0
-629.40472 -62.709988 -5.1587143 0
-629.00244 -62.75959 -5.1709137 0
-631.25812 -62.655441 -5.1304641 0
-630.12219 -62.642883 -5.1098747 0
-627.11609 -62.670536 -5.193109 0
-631.09357 -62.518692 -5.1003065 0
-630.2113 -62.57159 -5.1050043 0
-629.61176 -62.543282 -5.150527 0
-629.55774 -62.574604 -5.1537743 0
-620.56305 -62.514854 -5.1570773 0
-629.79803 -62.460526 -5.1449275 0
-629.64606 -62.480152 -5.1419768 0
-630.41656 -62.305222 -5.1030836 0
-629.16699 -62.251335 -5.1862984 0
-630.36304 -62.122425 -5.1309643 0
-630.50275 -62.06171 -5.1304507 0
-630.40546 -62.09021 -5.1312599 0
-630.81903 -61.912548 -5.1246758 0
-631.05383 -61.707584 -5.1171751 0
-630.53052 -61.721241 -5.1714559 0
-630.93561 -61.675896 -5.178772 0
-630.90747 -61.578068 -5.170711 0
-631.14954 -61.162445 -5.1263003 0
-625.12 -58.939716 -5.1330323 0
-624.91846 -58.801487 -5.1356196 0
-625.10126 -58.643501 -5.11623 0
-617.72534 -57.320034 -5.1691666 0
-617.71106 -57.028835 -5.1348009 0
-617.64484 -55.003166 -5.1042647 0
-617.6449 -54.539574 -5.1951494 0
-617.61072 -54.008362 -5.1291556 0
-617.60596 -52.960556 -5.1507845 0
-617.53522 -50.052273 -5.1786542 0
-617.21423 -92.013664 -5.0388737 0
-629.22137 -90.869507 -5.064899 0
-635.28094 -90.738655 -5.045445 0
-634.58978 -90.77227 -5.063921 0
-639.26471 -90.569138 -5.083416 0
-621.66376 -90.502151 -5.0752397 0
-620.68646 -90.58844 -5.0984726 0
-624.91986 -90.453621 -5.0915504 0
-623.04877 -90.429047 -5.0324607 0
-622.81665 -90.405647 -5.0407643 0
-621.98645 -90.419769 -5.0339384 0
-620.74072 -90.434319 -5.0476146 0
-620.47125 -90.457863 -5.0509748 0
-618.73157 -90.467659 -5.0424747 0
-624.47485 -90.351578 -5.0639381 0
-622.88409 -90.362022 -5.0550852 0
-621.53522 -90.396988 -5.0523024 0
-643.15485 -84.532555 -5.0503416 0
-613.97223 -80.869011 -5.0383425 0
-616.1286 -74.799156 -5.0419664 0
-616.88239 -71.235893 -5.0003929 0
-627.83026 -70.583221 -5.0502377 0
-628.04205 -70.146591 -5.0200796 0
-613.67731 -70.112541 -5.0701041 0
-613.39874 -69.804024 -5.0666556 0
-620.76147 -69.394615 -5.0772347 0
-620.73151 -68.124176 -5.0307574 0
-624.36212 -67.948616 -5.0425696 0
-623.87878 -67.951485 -5.0293202 0
-629.08472 -67.810738 -5.0264921 0
-627.93365 -67.880569 -5.0584059 0
-627.85236 -67.848869 -5.0548606 0
-627.79285 -67.826141 -5.0340166 0
-626.71606 -67.847 -5.069098 0
-626.61664 -67.859291 -5.0789976 0
-626.55005 -67.85202 -5.0804586 0
-626.42987 -67.854347 -5.0773015 0
-626.37274 -67.899544 -5.0339041 0
-625.33905 -67.887009 -5.086494 0
-624.68103 -67.883446 -5.0940247 0
-624.42285 -67.865311 -5.0970588 0
-630.7049 -67.711311 -5.0209446 0
-630.40698 -67.769104 -5.0003362 0
-630.34583 -67.714066 -5.0146933 0
-629.38171 -67.714897 -5.0795126 0
-629.18628 -67.751961 -5.0012703 0
-627.93121 -67.779243 -5.0863099 0
-627.83575 -67.743782 -5.0832324 0
-627.21887 -67.768158 -5.0888376 0
-626.987 -67.78688 -5.094038 0
-634.64124 -67.663857 -5.0728502 0
-634.30444 -67.651459 -5.0750303 0
-633.92352 -67.644249 -5.0798354 0
-633.30457 -67.697426 -5.0959244 0
-633.05249 -67.619164 -5.0071435 0
-632.7843 -67.652901 -5.0990963 0
-632.12512 -67.643967 -5.0480084 0
-631.79761 -67.661507 -5.0432591 0
-631.66846 -67.653137 -5.0630774 0
-630.87317 -67.645111 -5.0889525 0
-630.73438 -67.64212 -5.0783367 0
-630.34491 -67.682205 -5.070631 0
-634.87347 -67.590157 -5.0605478 0
-632.69855 -67.553062 -5.0557575 0
-632.4317 -67.564713 -5.0501442 0
-632.21765 -67.538506 -5.0937567 0
-631.63348 -67.533119 -5.0868073 0
-630.94202 -67.599495 -5.0841365 0
-632.44977 -67.44519 -5.038744 0
-631.91681 -67.398048 -5.0529518 0
-630.22314 -67.387093 -5.099093 0
-633.36469 -67.233162 -5.0622473 0
-632.94861 -67.25164 -5.0149074 0
-632.76532 -67.227028 -5.0990419 0
-613.42328 -67.227066 -5.0097327 0
-632.3139 -67.164391 -5.022882 0
-631.44086 -67.138718 -5.047576 0
-630.46991 -67.160332 -5.0819039 0
-620.67676 -67.172874 -5.0451274 0
-613.34406 -67.182388 -5.0275021 0
-634.61664 -66.925232 -5.0391102 0
-634.42328 -66.98494 -5.0402141 0
-632.83252 -66.90863 -5.0094924 0
-630.94611 -66.969803 -5.0617061 0
-633.96796 -66.790512 -5.0234694 0
-632.00525 -66.456894 -5.0199089 0
-633.07178 -66.247635 -5.0170665 0
-628.94775 -65.890717 -5.0853882 0
-620.63092 -65.793938 -5.0062165 0
-630.5755 -65.626488 -5.0661602 0
-630.31525 -65.65818 -5.0691319 0
-629.18842 -65.620789 -5.0738096 0
-620.60852 -65.362671 -5.0652046 0
-629.6239 -65.276314 -5.0540042 0
-620.62061 -65.149361 -5.0429487 0
-620.61041 -65.026833 -5.044765 0
-631.36761 -64.809006 -5.0463362 0
-620.60303 -64.890236 -5.0248337 0
-631.44641 -64.775536 -5.0459332 0
-630.1402 -64.701118 -5.0224986 0
-631.2215 -64.662834 -5.099803 0
-632.77802 -64.204979 -5.0166631 0
-632.53894 -64.241264 -5.0297232 0
-632.28442 -64.224472 -5.0427847 0
-632.12823 -64.252747 -5.047091 0
-631.31134 -64.217232 -5.0108027 0
-631.9198 -64.066101 -5.0508204 0
-631.67108 -64.07869 -5.0641041 0
-629.62793 -63.827705 -5.0941019 0
-623.63898 -63.749355 -5.027452 0
-620.56958 -63.776382 -5.0944738 0
-633.93744 -63.606552 -5.0977359 0
-628.11029 -63.636261 -5.0725651 0
-620.55542 -63.614315 -5.0647631 0
-620.55737 -63.417496 -5.037571 0
-631.28815 -63.00843 -5.0520134 0
-630.91187 -62.952351 -5.0339684 0
-630.9447 -62.856358 -5.027566 0
-632.20081 -62.708538 -5.0374136 0
-631.02673 -62.572857 -5.0877233 0
-632.48724 -62.411377 -5.0484581 0
-634.41351 -62.36702 -5.0014372 0
-631.30658 -62.31871 -5.0667005 0
-631.36737 -62.166225 -5.0516133 0
-631.0462 -62.125511 -5.0834045 0
-631.22919 -62.097492 -5.045279 0
-623.44244 -61.866779 -5.0114717 0
-620.54932 -61.834099 -5.0761504 0
-620.53284 -61.73241 -5.0491848 0
-631.39435 -61.604374 -5.042501 0
-631.43365 -61.553707 -5.0382438 0
-631.17346 -61.58728 -5.0948305 0
-620.44495 -61.560432 -5.0845065 0
-631.61731 -61.433128 -5.0192518 0
-631.1983 -61.425716 -5.0937972 0
-635.49402 -61.379097 -5.0092468 0
-620.49146 -61.361004 -5.0307059 0
-631.47003 -61.262356 -5.0680881 0
-631.24152 -60.392548 -5.0472951 0
-620.49719 -60.261337 -5.0290303 0
-617.08301 -60.01038 -5.0887032 0
-617.72211 -58.724373 -5.0094461 0
-625.72827 -58.404858 -5.0876846 0
-626.12549 -58.011997 -5.0311265 0
-620.41284 -58.039742 -5.0619211 0
-617.70642 -56.71236 -5.0960612 0
-617.69464 -56.571358 -5.0195513 0
-617.68671 -56.163593 -5.0120273 0
-617.61865 -54.3423 -5.0203433 0
-617.54266 -51.801407 -5.0467973 0
-617.62592 -92.079292 -4.9478645 0
-625.18909 -91.012741 -4.9297447 0
-629.97229 -90.911247 -4.916677 0
-629.83929 -90.91272 -4.9174757 0
-628.6413 -90.952675 -4.9195089 0
-628.33899 -90.90966 -4.949461 0
-628.2403 -90.96151 -4.9218774 0
-627.73657 -90.975861 -4.9645958 0
-630.37231 -90.879921 -4.9194016 0
-630.25897 -90.884804 -4.9365926 0
-629.08044 -90.895523 -4.975667 0
-634.55096 -90.746254 -4.9499178 0
-633.87836 -90.768242 -4.9183564 0
-639.96277 -90.637703 -4.9511132 0
-633.83936 -90.696571 -4.9158616 0
-617.95953 -90.614098 -4.9825673 0
-621.48914 -90.516281 -4.9237928 0
-621.35913 -90.535255 -4.9244404 0
-621.24664 -90.523628 -4.9015775 0
-621.172 -90.501305 -4.9366693 0
-621.0249 -90.536354 -4.9740934 0
-620.83838 -90.539497 -4.9273973 0
-620.56238 -90.540237 -4.9239225 0
-619.2608 -90.508095 -4.9131947 0
-618.5575 -90.585411 -4.9727225 0
-643.72595 -90.491447 -4.9703588 0
-623.71124 -90.483597 -4.9111156 0
-621.83093 -90.483421 -4.9328084 0
-643.62744 -87.409973 -4.9084606 0
-613.70239 -80.324417 -4.9492068 0
-616.66925 -77.096542 -4.9764252 0
-616.00067 -74.318245 -4.9238067 0
-616.16235 -73.974403 -4.9994745 0
-613.47327 -71.416817 -4.9494834 0
-617.08777 -71.284561 -4.9545135 0
-613.44366 -70.151497 -4.9221034 0
-613.4281 -69.953743 -4.9150119 0
-613.50348 -69.603348 -4.931747 0
-613.49017 -69.408585 -4.9353285 0
-613.48138 -69.208549 -4.9336686 0
-613.49127 -68.977699 -4.9311695 0
-625.79016 -67.920998 -4.9444938 0
-625.55359 -67.940582 -4.9508452 0
-625.2594 -67.936554 -4.988256 0
-628.96289 -67.819656 -4.9455152 0
-627.8952 -67.800339 -4.950613 0
-627.64673 -67.806244 -4.9862757 0
-627.43909 -67.838768 -4.9485025 0
-627.33936 -67.867264 -4.9097533 0
-627.17499 -67.887474 -4.9143047 0
-627.09888 -67.81871 -4.9853468 0
-626.71063 -67.820305 -4.9510283 0
-626.17108 -67.841652 -4.9498644 0
-624.32849 -67.89592 -4.9627938 0
-632.48322 -67.713318 -4.9610281 0
-631.44531 -67.748741 -4.9783959 0
-631.15234 -67.708191 -4.9264264 0
-630.97443 -67.755081 -4.9047532 0
-630.43097 -67.739624 -4.9273901 0
-630.37079 -67.73848 -4.9282565 0
-630.15588 -67.747299 -4.9264326 0
-629.66357 -67.728859 -4.9234571 0
-629.32678 -67.790588 -4.9237442 0
-628.93542 -67.749619 -4.9957218 0
-627.58716 -67.79718 -4.9875908 0
-626.84979 -67.791397 -4.9805489 0
-626.49982 -67.784515 -4.9462667 0
-636.07239 -67.619156 -4.9049759 0
-635.82611 -67.631638 -4.9290733 0
-635.40082 -67.600433 -4.9349389 0
-635.39368 -67.645538 -4.9112349 0
-635.16119 -67.634995 -4.9694853 0
-635.06165 -67.639488 -4.9763684 0
-634.95563 -67.623848 -4.9278288 0
-634.77643 -67.640266 -4.9594355 0
-634.61804 -67.640793 -4.9386797 0
-634.52814 -67.659721 -4.9239435 0
-634.48212 -67.603195 -4.9989357 0
-633.98486 -67.617264 -4.9605155 0
-633.69476 -67.635559 -4.957603 0
-633.55109 -67.676842 -4.9427056 0
-632.95892 -67.665901 -4.9383316 0
-632.03815 -67.67395 -4.9305439 0
-613.54968 -67.66198 -4.9516706 0
-636.31549 -67.578293 -4.952857 0
-636.0993 -67.596489 -4.9577484 0
-635.92578 -67.544388 -4.9577389 0
-635.86383 -67.582588 -4.9116817 0
-635.72198 -67.512184 -4.9600325 0
-635.61798 -67.566154 -4.9618282 0
-635.46283 -67.581413 -4.9643078 0
-635.29242 -67.591675 -4.9753261 0
-634.32495 -67.583511 -4.9676352 0
-630.7594 -67.598312 -4.9867291 0
-635.70715 -67.242165 -4.972888 0
-635.09625 -66.923615 -4.973731 0
-632.16949 -66.700989 -4.9701519 0
-613.36603 -66.778793 -4.918067 0
-632.43921 -66.631668 -4.9695687 0
-634.92755 -66.331886 -4.9901981 0
-632.74414 -66.242966 -4.941514 0
-632.24365 -66.2463 -4.9984088 0
-632.95264 -66.171066 -4.9382052 0
-632.77838 -65.989288 -4.9798856 0
-632.65137 -65.975113 -4.9767513 0
-633.76617 -65.74752 -4.9476137 0
-633.15948 -65.798805 -4.9614463 0
-633.35669 -65.684044 -4.9123726 0
-634.31226 -65.445793 -4.9297814 0
-634.22662 -65.453659 -4.9317021 0
-623.45453 -65.473885 -4.9783196 0
-632.02899 -65.388283 -4.9576569 0
-634.99176 -65.285255 -4.9044027 0
-633.9588 -65.181839 -4.9205241 0
-620.67126 -65.014473 -4.9926968 0
-620.63452 -64.903778 -4.9250813 0
-632.59955 -64.817055 -4.9207582 0
-631.62427 -64.653633 -4.9958873 0
-631.94293 -64.422028 -4.9780712 0
-620.59479 -64.324997 -4.992794 0
-636.29541 -64.190926 -4.9200511 0
-634.02094 -64.166832 -4.9410357 0
-620.6217 -64.014534 -4.9633045 0
-636.28021 -63.913395 -4.9889841 0
-631.66089 -63.90102 -4.9835491 0
-631.76215 -63.821369 -4.9813938 0
-631.69739 -63.829292 -4.9779634 0
-630.94214 -63.85133 -4.9789786 0
-633.34308 -63.766273 -4.9758453 0
-623.71466 -63.753662 -4.9273958 0
-632.96533 -63.623447 -4.9217978 0
-627.96912 -63.65041 -4.9515414 0
-620.58423 -63.674145 -4.9239297 0
-633.04236 -63.530819 -4.9191089 0
-620.625 -63.571583 -4.9600611 0
-620.55103 -63.378384 -4.9443774 0
-634.00183 -63.162888 -4.9164424 0
-632.75403 -62.930534 -4.9156599 0
-620.6062 -62.883499 -4.9412985 0
-633.30054 -62.783833 -4.9671168 0
-633.11273 -62.654091 -4.9171386 0
-632.48566 -62.6143 -4.9852228 0
-620.54211 -62.639912 -4.922576 0
-617.18018 -62.613331 -4.9161701 0
-632.55334 -62.500603 -4.9739795 0
-620.61053 -62.581696 -4.9489064 0
-623.34888 -62.477573 -4.9011836 0
-620.57654 -62.454399 -4.9426694 0
-620.62286 -62.237438 -4.9748402 0
-620.59631 -62.271019 -4.9392114 0
-634.55615 -62.149693 -4.9829159 0
-633.20465 -62.089298 -4.984993 0
-631.66736 -62.081474 -4.978107 0
-620.57129 -62.085903 -4.9318395 0
-631.66956 -61.949547 -4.9633303 0
-620.56506 -61.939507 -4.9296145 0
-635.53876 -61.781807 -4.9207473 0
-620.56195 -61.766472 -4.9218893 0
-620.55603 -61.608978 -4.9144802 0
-620.34991 -61.609051 -4.9206867 0
-632.09576 -61.545498 -4.9393125 0
-620.466 -61.562267 -4.9166322 0
-632.151 -61.441597 -4.9325838 0
-631.86694 -61.163403 -4.9454188 0
-632.20392 -61.016239 -4.9014874 0
-631.61127 -61.022152 -4.9705162 0
-632.38409 -60.691185 -4.9263439 0
-631.44684 -60.634506 -4.9987483 0
-617.09515 -60.696674 -4.91752 0
-632.02795 -60.367718 -4.9166913 0
-631.5528 -60.355267 -4.9856982 0
-632.12201 -60.22699 -4.9021411 0
-631.31189 -59.801395 -4.9896355 0
-631.34131 -59.618019 -4.9705081 0
-631.35938 -59.554611 -4.9473267 0
-626.35101 -57.53302 -4.9865613 0
-626.42993 -57.44426 -4.9800644 0
-626.51849 -57.314091 -4.9572363 0
-626.46863 -57.355839 -4.9696336 0
-626.61548 -57.132935 -4.9435296 0
-626.66296 -56.963963 -4.9231901 0
-627.00653 -56.831875 -4.9136071 0
-626.6756 -56.800446 -4.9036059 0
-617.69415 -56.134209 -4.9194007 0
-617.59821 -53.236874 -4.9994893 0
-617.56097 -51.935192 -4.9057631 0
-617.57941 -51.662941 -4.9746113 0
-617.53644 -50.9711 -4.9400458 0
-617.29065 -92.077888 -4.8092713 0
-629.6156 -90.905716 -4.8391414 0
-629.05176 -90.938332 -4.8786941 0
-632.49005 -90.82077 -4.8608103 0
-634.07343 -90.771355 -4.8070168 0
-640.63159 -90.629875 -4.8724437 0
-639.04059 -90.638924 -4.8335996 0
-638.33563 -90.646805 -4.8202419 0
-637.11615 -90.694588 -4.8142967 0
-636.85419 -90.684685 -4.8547068 0
-618.06537 -90.60199 -4.8029637 0
-622.18634 -90.504311 -4.8734517 0
-622.06238 -90.5252 -4.8814201 0
-621.51868 -90.517174 -4.8246732 0
-620.25275 -90.515884 -4.8166137 0
-618.76819 -90.587105 -4.8281002 0
-617.95862 -90.54953 -4.8358335 0
-624.521 -90.454292 -4.821012 0
-623.5921 -90.493103 -4.8437805 0
-623.24231 -90.459137 -4.8515501 0
-623.06464 -90.418411 -4.8042603 0
-622.10321 -90.496208 -4.8337464 0
-620.95746 -90.498322 -4.8137913 0
-624.52136 -90.394798 -4.8703098 0
-643.08661 -84.456146 -4.8232937 0
-613.75787 -79.208542 -4.8997645 0
-613.73645 -78.708282 -4.8533177 0
-617.19995 -77.257492 -4.8182492 0
-613.59509 -73.108383 -4.8124914 0
-613.62402 -73.037941 -4.8547025 0
-613.47925 -72.660248 -4.8437138 0
-616.83856 -71.013611 -4.8067288 0
-616.88507 -70.867393 -4.8021665 0
-616.80792 -70.734726 -4.8103619 0
-616.23059 -70.56205 -4.8025947 0
-613.38458 -68.727211 -4.8872986 0
-629.79236 -67.810295 -4.8401966 0
-633.23083 -67.713821 -4.8209577 0
-631.62146 -67.740051 -4.8321757 0
-631.07849 -67.773201 -4.8501854 0
-630.90857 -67.772102 -4.84934 0
-630.49707 -67.725555 -4.8923073 0
-630.31543 -67.796349 -4.8595157 0
-637.091 -67.612915 -4.8461299 0
-636.35059 -67.604935 -4.8363767 0
-635.54004 -67.632835 -4.8877325 0
-635.41846 -67.639473 -4.8355136 0
-635.26086 -67.640221 -4.8368115 0
-634.65161 -67.67038 -4.8322282 0
-634.27515 -67.665871 -4.8121467 0
-634.04565 -67.682335 -4.8311443 0
-633.86328 -67.653381 -4.8044071 0
-636.84131 -67.598564 -4.8392553 0
-635.63318 -67.54995 -4.8786759 0
-635.97418 -66.204445 -4.8772058 0
-635.91528 -66.133591 -4.8509498 0
-623.72882 -65.791 -4.8618541 0
-635.67566 -65.646912 -4.8651347 0
-633.67236 -65.339775 -4.8912344 0
-620.66125 -65.341583 -4.8882732 0
-636.33881 -65.271584 -4.8095455 0
-620.59674 -64.854568 -4.8640404 0
-620.62048 -64.758942 -4.8861127 0
-636.20325 -64.657814 -4.8161416 0
-635.97949 -64.673149 -4.8627043 0
-634.95929 -64.519035 -4.8554182 0
-634.85077 -64.591362 -4.8543253 0
-634.51752 -64.53405 -4.8709016 0
-634.49103 -64.494728 -4.8630557 0
-620.60474 -64.433723 -4.81321 0
-635.06165 -64.039291 -4.8160968 0
-620.61206 -64.032135 -4.8312039 0
-634.78448 -63.952168 -4.8194156 0
-634.82068 -63.868149 -4.810925 0
-633.29541 -63.855656 -4.8657713 0
-634.75909 -63.763432 -4.8186378 0
-634.4964 -63.695667 -4.8338823 0
-628.03528 -63.661324 -4.8331852 0
-633.41754 -63.597103 -4.8519559 0
-620.59357 -63.403908 -4.8597488 0
-620.59375 -63.249359 -4.8505454 0
-620.58954 -63.109806 -4.8468113 0
-633.30688 -63.059479 -4.8866143 0
-636.25781 -62.81662 -4.8117089 0
-633.77496 -62.836815 -4.8045874 0
-620.58099 -62.830845 -4.8343439 0
-617.12616 -62.725147 -4.8405447 0
-623.63062 -62.444641 -4.8270235 0
-633.82703 -62.132401 -4.8220053 0
-617.1759 -62.142632 -4.8537059 0
-633.33228 -61.917091 -4.8098607 0
-636.22003 -61.889515 -4.8854957 0
-633.23297 -61.838844 -4.814775 0
-620.56787 -61.864426 -4.8527074 0
-633.43652 -61.748592 -4.8287721 0
-617.1496 -61.786785 -4.8791771 0
-620.31549 -61.600361 -4.8460159 0
-633.60248 -61.445934 -4.8635597 0
-632.40955 -61.278687 -4.8731589 0
-620.47131 -61.262001 -4.8546643 0
-636.17737 -60.80492 -4.8797636 0
-632.7326 -60.40905 -4.8034582 0
-632.40594 -60.440025 -4.857944 0
-632.4502 -60.399246 -4.8585176 0
-633.14722 -60.250107 -4.8605556 0
-632.13269 -60.067707 -4.8894229 0
-632.60107 -59.984989 -4.86871 0
-632.51404 -59.689659 -4.8008308 0
-632.00702 -59.227467 -4.8501287 0
-631.51294 -59.146973 -4.8804722 0
-631.75012 -59.034767 -4.8737683 0
-627.961 -58.919884 -4.8647442 0
-616.992 -58.828316 -4.8532615 0
-630.95862 -58.330799 -4.8818655 0
-631.45331 -58.198463 -4.8022399 0
-627.09973 -56.368256 -4.8574209 0
-617.6792 -55.807991 -4.8244262 0
-617.64984 -55.157028 -4.8450217 0
-617.63586 -54.450855 -4.8103013 0
-617.62146 -54.249691 -4.8000016 0
-617.53656 -51.499706 -4.8152113 0
-619.95013 -50.08231 -4.825264 0
-614.18811 -92.180893 -4.737318 0
-630.04266 -90.902748 -4.7349648 0
-627.75122 -90.969063 -4.7382202 0
-634.4303 -90.804367 -4.7376418 0
-633.04126 -90.811996 -4.7112532 0
-631.49005 -90.855659 -4.7050152 0
-626.29541 -90.890388 -4.7369733 0
-635.38678 -90.709999 -4.7550025 0
-634.70844 -90.788628 -4.7411003 0
-639.62915 -90.617012 -4.7038403 0
-638.6759 -90.644646 -4.7528987 0
-638.57367 -90.630356 -4.7508068 0
-637.85321 -90.62796 -4.7904639 0
-637.46338 -90.697838 -4.7129631 0
-623.72583 -90.409103 -4.7854414 0
-622.20721 -90.466232 -4.7582955 0
-619.26404 -90.473198 -4.7367082 0
-624.18683 -90.398987 -4.7722521 0
-643.37762 -84.440727 -4.732543 0
-643.11456 -84.420242 -4.7042942 0
-613.79547 -81.688713 -4.7290087 0
-617.51135 -78.080719 -4.7762671 0
-613.61658 -75.244217 -4.7056994 0
-613.52417 -74.187347 -4.73384 0
-613.70355 -72.117081 -4.7911048 0
-613.55286 -71.764458 -4.7571273 0
-613.60608 -69.301102 -4.711709 0
-613.44861 -68.782738 -4.7127995 0
-636.55457 -67.618919 -4.787406 0
-635.82355 -67.640244 -4.7957659 0
-635.62152 -67.622192 -4.7952747 0
-633.46411 -67.679993 -4.7935162 0
-633.38409 -67.680626 -4.7956929 0
-632.82825 -67.687904 -4.7855258 0
-623.78619 -67.511726 -4.7958822 0
-620.6698 -67.033241 -4.7236733 0
-636.28479 -65.317406 -4.7394361 0
-636.26465 -64.97683 -4.736805 0
-623.66327 -64.953552 -4.7378397 0
-620.73328 -64.942162 -4.7454824 0
-623.65009 -64.893204 -4.7450304 0
-636.28326 -64.740425 -4.7776327 0
-636.25177 -64.695534 -4.7181106 0
-620.46881 -64.512497 -4.7905512 0
-636.28119 -64.314522 -4.7498083 0
-636.28094 -63.661835 -4.7471938 0
-634.96045 -63.672817 -4.7967906 0
-634.48236 -63.624111 -4.7879119 0
-635.04333 -63.508553 -4.7847443 0
-627.88147 -63.5606 -4.7347426 0
-620.58423 -63.524036 -4.7762203 0
-620.4585 -63.518429 -4.7653022 0
-636.23865 -63.346848 -4.7618375 0
-635.01581 -63.383419 -4.7239347 0
-636.20251 -63.117393 -4.7157135 0
-635.04242 -62.93885 -4.7712927 0
-636.22467 -62.846012 -4.7230744 0
-634.70148 -62.819984 -4.7834916 0
-635.34619 -62.799694 -4.7589016 0
-634.50671 -62.756546 -4.7310343 0
-617.1438 -62.715473 -4.7970743 0
-636.21027 -62.610352 -4.7862759 0
-634.72803 -62.608547 -4.7237105 0
-620.539 -62.644688 -4.7879477 0
-635.49561 -62.545719 -4.7467198 0
-634.72113 -62.529652 -4.7625327 0
-634.84338 -62.401119 -4.7117043 0
-623.61584 -62.442482 -4.76859 0
-617.12061 -62.429108 -4.755518 0
-617.1261 -61.972511 -4.7374105 0
-617.11487 -61.749775 -4.7436018 0
-636.21045 -61.395977 -4.7582889 0
-635.75745 -61.241386 -4.7366028 0
-635.68085 -61.253281 -4.7348714 0
-617.08948 -61.289238 -4.7299986 0
-634.30078 -61.050694 -4.7031884 0
-620.48059 -60.90144 -4.7101579 0
-617.05475 -60.938461 -4.7841921 0
-635.75702 -60.815929 -4.7016215 0
-617.05328 -60.682808 -4.7779045 0
-617.02863 -60.449142 -4.7731781 0
-632.7431 -60.263123 -4.7924623 0
-617.0553 -60.215176 -4.7411528 0
-620.45056 -60.131138 -4.7553215 0
-617.09778 -59.90881 -4.7659407 0
-617.07251 -59.785248 -4.7960091 0
-617.04187 -59.622543 -4.7093687 0
-632.77148 -59.337471 -4.7301655 0
-617.06451 -59.352585 -4.7028403 0
-620.43787 -59.03167 -4.7760277 0
-632.35815 -58.998734 -4.7876554 0
-627.8689 -58.943844 -4.7730122 0
-633.13263 -58.570766 -4.7362781 0
-617.75128 -58.567913 -4.7892437 0
-633.20758 -58.336926 -4.7054801 0
-616.97778 -58.067673 -4.7736521 0
-631.41467 -57.98885 -4.7866325 0
-616.96674 -57.986824 -4.7145967 0
-631.40259 -57.796913 -4.7730899 0
-616.95367 -57.772263 -4.7098145 0
-631.74957 -57.4617 -4.7281914 0
-631.76849 -57.285072 -4.7167158 0
-633.60364 -56.667244 -4.7113967 0
-631.04016 -56.62648 -4.7377253 0
-627.10394 -55.838814 -4.7953701 0
-627.08118 -55.87738 -4.7945037 0
-627.2984 -55.576859 -4.7699571 0
-617.60315 -52.691071 -4.7312808 0
-633.1106 -90.867928 -4.618052 0
-633.06281 -90.812912 -4.6818857 0
-631.41559 -90.878021 -4.681519 0
-630.72815 -90.881538 -4.6684732 0
-631.57611 -90.769943 -4.6542072 0
-640.43695 -90.614609 -4.6410761 0
-640.29468 -90.622757 -4.6513276 0
-639.91846 -90.624779 -4.6496272 0
-639.7207 -90.646576 -4.6876769 0
-621.77795 -90.528908 -4.6481886 0
-620.89978 -90.578598 -4.6772251 0
-620.67169 -90.51754 -4.6712332 0
-623.30341 -90.444878 -4.670382 0
-623.10535 -90.469315 -4.6037898 0
-622.2525 -90.458084 -4.6875119 0
-621.85089 -90.45752 -4.6157975 0
-643.68018 -87.492683 -4.6996059 0
-643.36615 -81.36161 -4.6924901 0
-643.25128 -81.357162 -4.6939878 0
-643.14081 -81.367889 -4.6958461 0
-613.69055 -78.702682 -4.6833358 0
-613.65466 -78.123299 -4.6592631 0
-616.67438 -77.864265 -4.686676 0
-613.60144 -74.959663 -4.6965337 0
-613.57294 -74.675117 -4.6199603 0
-613.47314 -74.197876 -4.6153269 0
-617.14008 -70.966431 -4.6484036 0
-616.57574 -70.661545 -4.6272492 0
-613.5318 -70.313957 -4.6563139 0
-613.40405 -70.233223 -4.658112 0
-613.36279 -67.495232 -4.6244602 0
-623.74866 -65.042999 -4.6004229 0
-636.30304 -64.974426 -4.6164842 0
-620.58002 -64.26062 -4.6713738 0
-623.70276 -63.760235 -4.650631 0
-636.28839 -63.625748 -4.6465359 0
-623.63007 -63.682449 -4.64643 0
-636.2207 -63.126434 -4.6812534 0
-636.22394 -62.942825 -4.6627665 0
-620.69293 -62.830849 -4.6469078 0
-617.11676 -62.643272 -4.643477 0
-636.21112 -62.514671 -4.6288023 0
-623.69958 -62.46925 -4.6912684 0
-623.30896 -62.485657 -4.6130319 0
-617.11499 -62.373222 -4.6222825 0
-636.20679 -62.225006 -4.6722112 0
-620.67261 -62.158119 -4.6129794 0
-617.09821 -62.103516 -4.6012011 0
-636.18762 -61.774334 -4.6030474 0
-636.18671 -61.648834 -4.627234 0
-620.62439 -61.604321 -4.6665263 0
-636.17169 -61.562279 -4.6166477 0
-620.35883 -61.598469 -4.6094208 0
-620.28302 -61.591213 -4.6673493 0
-636.1601 -61.437077 -4.6113987 0
-635.05121 -61.405651 -4.6526399 0
-620.41022 -61.467442 -4.647644 0
-636.15338 -61.316628 -4.6008477 0
-636.12195 -61.287903 -4.620357 0
-635.54663 -61.167458 -4.6602201 0
-617.12183 -61.172279 -4.6857448 0
-635.68829 -61.081463 -4.6682153 0
-635.22314 -60.919415 -4.6960225 0
-617.06262 -60.770798 -4.6462598 0
-617.04449 -60.679874 -4.6137309 0
-636.18787 -60.531792 -4.6268816 0
-635.68445 -60.514347 -4.6183567 0
-635.19049 -60.571133 -4.6520162 0
-634.51239 -60.283463 -4.656476 0
-636.18878 -60.025253 -4.6097255 0
-617.03656 -59.00322 -4.6976461 0
-627.96155 -58.936104 -4.6642246 0
-632.83044 -58.025547 -4.6962118 0
-620.40063 -58.013592 -4.6335859 0
-636.10284 -57.923843 -4.680388 0
-633.46918 -57.820049 -4.6370082 0
-635.6687 -57.514416 -4.6402283 0
-635.2207 -57.470993 -4.6367116 0
-632.91931 -57.26461 -4.6288939 0
-632.95801 -57.036182 -4.6120272 0
-631.95038 -56.973171 -4.6513495 0
-631.20056 -56.80563 -4.6835117 0
-631.91595 -56.66217 -4.6232667 0
-631.5968 -56.574993 -4.6445632 0
-617.68591 -56.314228 -4.6875749 0
-631.10107 -56.201073 -4.6343679 0
-631.64069 -56.161224 -4.611115 0
-630.59955 -56.18214 -4.6804991 0
-616.92273 -56.115879 -4.6682124 0
-617.66168 -55.730785 -4.6391368 0
-617.6134 -54.169762 -4.6189079 0
-617.62646 -53.912636 -4.6544251 0
-617.5954 -53.603184 -4.611114 0
-617.58307 -52.760197 -4.6184745 0
-617.5697 -51.705105 -4.6921911 0
-617.51025 -50.93541 -4.600287 0
-630.72272 -90.832855 -4.53898 0
-630.0379 -90.883499 -4.5168929 0
-632.21179 -90.786026 -4.5949841 0
-631.44098 -90.791176 -4.5039277 0
-618.21783 -90.613464 -4.5891891 0
-642.34863 -90.505135 -4.5296917 0
-641.13129 -90.571289 -4.5794806 0
-622.58112 -90.522736 -4.5878491 0
-622.31152 -90.50132 -4.5876226 0
-621.85175 -90.525894 -4.5257907 0
-620.74023 -90.565086 -4.5892186 0
-620.33521 -90.556343 -4.588603 0
-619.42865 -90.592216 -4.5447068 0
-618.30548 -90.574928 -4.5686564 0
-618.29163 -90.598412 -4.5083113 0
-618.06769 -90.566925 -4.511488 0
-623.96906 -90.481628 -4.550343 0
-623.63837 -90.486305 -4.5900187 0
-622.97491 -90.493858 -4.5888267 0
-621.97009 -90.496765 -4.5274487 0
-643.73499 -90.016441 -4.5372305 0
-613.80548 -79.137596 -4.5416279 0
-613.78607 -78.895615 -4.5313101 0
-616.92413 -78.723846 -4.5148039 0
-613.51227 -73.613075 -4.5737844 0
-613.55432 -73.051567 -4.5957646 0
-616.49866 -71.641159 -4.5343609 0
-613.46649 -70.535492 -4.5629034 0
-613.44202 -70.241821 -4.5619464 0
-613.45294 -70.126503 -4.5721068 0
-613.46375 -69.896706 -4.5651598 0
-613.46887 -69.114487 -4.5536852 0
-613.42181 -68.939568 -4.539042 0
-613.43982 -68.732086 -4.5384583 0
-613.37109 -68.515068 -4.5264263 0
-624.24213 -67.924728 -4.5249281 0
-624.2868 -67.824448 -4.5673537 0
-623.65991 -66.195831 -4.5182323 0
-620.65149 -64.910255 -4.5486689 0
-623.65204 -63.687569 -4.5552669 0
-636.21442 -62.848129 -4.5997968 0
-636.24298 -62.612293 -4.5328794 0
-636.20526 -62.503883 -4.5875344 0
-617.16193 -62.366013 -4.5900435 0
-620.48962 -61.946663 -4.5162382 0
-617.10626 -61.823296 -4.5790596 0
-617.08014 -61.719315 -4.5617828 0
-623.48938 -61.676903 -4.5669785 0
-620.26447 -61.63715 -4.562479 0
-620.45532 -61.594009 -4.5191593 0
-620.39764 -61.575935 -4.5749454 0
-617.09485 -61.568871 -4.554419 0
-620.33337 -61.486294 -4.5499859 0
-617.08319 -61.30402 -4.5338383 0
-636.15906 -61.242943 -4.5725784 0
-636.15088 -61.12112 -4.5928478 0
-636.17377 -61.063324 -4.5558882 0
-617.05231 -61.06683 -4.5356374 0
-636.15814 -60.978554 -4.5563898 0
-636.16785 -60.857643 -4.5682454 0
-617.06537 -60.540859 -4.5859294 0
-636.12317 -60.265175 -4.5445437 0
-617.04114 -60.102123 -4.535708 0
-617.03973 -59.794632 -4.5198612 0
-636.14935 -59.424137 -4.5840507 0
-636.17029 -59.375179 -4.562942 0
-635.62512 -59.366108 -4.5643902 0
-635.19885 -59.339848 -4.5765109 0
-636.15021 -59.223343 -4.5766463 0
-635.14923 -59.110104 -4.5598555 0
-634.94281 -58.852222 -4.5403209 0
-617.00226 -58.851425 -4.5258718 0
-634.23462 -58.231182 -4.5210114 0
-636.11432 -58.00782 -4.5299063 0
-636.10608 -57.750664 -4.5455279 0
-633.92365 -57.698589 -4.5238881 0
-633.58295 -57.561882 -4.5718656 0
-636.09735 -57.416019 -4.5071926 0
-633.15454 -56.976768 -4.5865884 0
-620.4101 -56.918106 -4.5428867 0
-632.90344 -56.759426 -4.5851421 0
-633.54584 -56.669853 -4.5087619 0
-632.44739 -56.512463 -4.5374522 0
-636.0545 -56.378147 -4.5888963 0
-635.55054 -56.289185 -4.5501184 0
-633.34448 -56.293121 -4.5256348 0
-632.96442 -56.207142 -4.5389977 0
-632.42114 -56.293472 -4.5333004 0
-632.37909 -56.079132 -4.5056906 0
-635.9906 -55.937038 -4.5884967 0
-632.57776 -55.900536 -4.5071936 0
-632.9917 -55.883476 -4.5096521 0
-631.71173 -55.813393 -4.591382 0
-631.9588 -55.777943 -4.5534391 0
-553.64661 -55.757301 -4.5249548 0
-554.58923 -55.651623 -4.5181999 0
-631.72168 -55.464397 -4.5502024 0
-636.03131 -55.369045 -4.5099864 0
-635.97717 -55.38282 -4.5331755 0
-631.79449 -55.372795 -4.551219 0
-631.89252 -55.123013 -4.5291386 0
-630.57135 -55.157654 -4.5927048 0
-617.65411 -55.19228 -4.5305839 0
-631.95288 -54.826225 -4.5021558 0
-630.40936 -54.417053 -4.5206456 0
-627.42126 -54.093048 -4.5969081 0
-627.80304 -53.796787 -4.5791855 0
-617.57593 -52.917412 -4.5290999 0
-617.59546 -52.459309 -4.5757284 0
-616.85614 -52.486324 -4.5031595 0
-617.56177 -52.333549 -4.569068 0
-617.5647 -52.213715 -4.5493846 0
-556.19159 -52.100502 -4.5708303 0
-617.53668 -51.56477 -4.5507717 0
-617.5401 -51.428055 -4.5130248 0
-617.53186 -50.892574 -4.5713143 0
-617.50568 -50.073799 -4.5754671 0
-615.9939 -92.145363 -4.4094648 0
-614.77008 -92.13295 -4.4315276 0
-614.40717 -92.187271 -4.4869003 0
-614.28296 -92.184258 -4.4058895 0
-636.16016 -90.703339 -4.427814 0
-634.5556 -90.770355 -4.4877558 0
-633.03845 -90.749138 -4.4260759 0
-632.33344 -90.720459 -4.4601045 0
-619.15704 -90.602554 -4.4560061 0
-621.8125 -90.506561 -4.4387465 0
-621.33221 -90.517227 -4.4481535 0
-620.38812 -90.548508 -4.4681811 0
-619.95306 -90.519348 -4.4210634 0
-619.51068 -90.554489 -4.4837804 0
-619.35291 -90.517288 -4.4621172 0
-619.05719 -90.56105 -4.4832559 0
-618.5047 -90.593338 -4.4972472 0
-623.1543 -90.479088 -4.4287934 0
-621.00995 -90.494728 -4.4230399 0
-643.45062 -84.434959 -4.4445262 0
-613.58063 -73.965843 -4.4278817 0
-615.56104 -73.569885 -4.4447284 0
-613.53412 -73.506958 -4.487535 0
-616.08685 -73.345726 -4.4383049 0
-613.4801 -72.69632 -4.493278 0
-613.45593 -72.045418 -4.4935446 0
-616.02924 -71.152534 -4.4695797 0
-613.51215 -69.865585 -4.4044051 0
-628.29004 -69.559021 -4.4368367 0
-613.3797 -68.51458 -4.4759192 0
-627.96075 -67.763336 -4.438139 0
-626.91534 -67.767441 -4.4558601 0
-613.43018 -67.412018 -4.4452682 0
-613.3382 -67.229256 -4.4273682 0
-623.67688 -66.299034 -4.4299855 0
-636.28363 -65.904655 -4.4341869 0
-623.67218 -64.958305 -4.4639816 0
-620.55652 -63.851776 -4.4757991 0
-636.21173 -63.742638 -4.4756913 0
-627.90021 -63.707336 -4.4277172 0
-627.82355 -63.62347 -4.4484649 0
-627.93756 -63.571373 -4.4450068 0
-627.86017 -63.581738 -4.4487686 0
-636.25415 -62.992939 -4.4862175 0
-620.52734 -62.933533 -4.4536991 0
-636.23956 -62.648094 -4.4957557 0
-617.11023 -62.597523 -4.4507108 0
-620.5448 -62.182224 -4.474987 0
-620.54553 -61.994938 -4.4311976 0
-636.22815 -61.768002 -4.436564 0
-617.06921 -61.713135 -4.495225 0
-620.32996 -61.647324 -4.4651728 0
-620.2851 -61.604271 -4.46384 0
-620.2973 -61.591614 -4.4174776 0
-636.13025 -61.455421 -4.4938006 0
-636.21838 -61.250187 -4.4697843 0
-636.16718 -60.895588 -4.4954815 0
-617.05676 -60.771912 -4.4809608 0
-617.05334 -60.509815 -4.4672003 0
-636.1427 -60.335121 -4.4741755 0
-617.03278 -60.37883 -4.4430585 0
-617.04724 -60.264751 -4.4485421 0
-617.03583 -60.055042 -4.4637427 0
-636.10712 -59.964684 -4.4503522 0
-617.01953 -59.938805 -4.4110637 0
-636.1452 -59.812279 -4.4369531 0
-636.11823 -59.792152 -4.4436388 0
-636.14575 -59.542442 -4.4625688 0
-636.12231 -59.351086 -4.4351254 0
-617.01752 -59.338333 -4.4506969 0
-636.13306 -59.261238 -4.4132323 0
-636.10828 -59.168289 -4.4098501 0
-620.51373 -59.046432 -4.4739532 0
-617.00824 -59.031044 -4.4260092 0
-627.99518 -58.926868 -4.4789262 0
-627.85468 -58.903053 -4.472908 0
-627.95581 -58.886826 -4.461338 0
-617.008 -58.580475 -4.4811463 0
-636.07446 -58.031197 -4.4045277 0
-635.43207 -58.072376 -4.4573603 0
-620.41736 -58.017292 -4.4866657 0
-620.39703 -58.00526 -4.4531441 0
-616.99725 -57.928715 -4.475194 0
-635.35944 -57.695301 -4.4892535 0
-634.70502 -57.675797 -4.4706521 0
-635.40442 -57.538326 -4.4478507 0
-635.02167 -57.5877 -4.4611425 0
-635.17645 -57.446228 -4.4103332 0
-635.34552 -57.363811 -4.4359951 0
-635.98602 -57.279606 -4.4075956 0
-634.64349 -56.935436 -4.4822073 0
-620.40393 -56.959064 -4.4039078 0
-635.44391 -56.834942 -4.4109769 0
-633.98004 -56.8647 -4.466898 0
-634.0589 -56.664322 -4.4915056 0
-634.33179 -56.542313 -4.45889 0
-634.28235 -56.431377 -4.4221196 0
-634.58368 -56.019875 -4.4082575 0
-634.99799 -55.839462 -4.4116139 0
-620.34631 -55.893475 -4.4702482 0
-634.7561 -55.723587 -4.4106574 0
-556.02344 -55.713135 -4.4167976 0
-632.36554 -55.676346 -4.4761677 0
-555.09601 -55.684155 -4.407227 0
-633.43933 -55.401897 -4.4504924 0
-616.90112 -55.25071 -4.4930363 0
-632.38245 -55.198868 -4.4508929 0
-636.00665 -55.099174 -4.4734907 0
-631.75604 -54.825729 -4.4953933 0
-616.89978 -54.896362 -4.4009404 0
-616.89417 -54.757351 -4.4444571 0
-631.23175 -54.670105 -4.4923625 0
-635.96899 -54.515991 -4.4696212 0
-631.9892 -54.508209 -4.4704022 0
-616.88 -54.595478 -4.4300504 0
-635.99335 -54.389969 -4.4237957 0
-631.99274 -54.250977 -4.4316545 0
-627.78699 -54.285748 -4.4395623 0
-616.87451 -54.233795 -4.4456043 0
-631.2912 -54.125252 -4.4967151 0
-632.14172 -54.076302 -4.4335637 0
-616.88843 -54.049263 -4.449358 0
-616.87512 -53.807629 -4.4457788 0
-631.73639 -53.739613 -4.4034214 0
-616.85999 -53.781269 -4.4589615 0
-635.9624 -53.554359 -4.4263892 0
-629.60034 -53.222683 -4.4276333 0
-627.75171 -52.982948 -4.4871626 0
-629.71906 -52.882557 -4.4033108 0
-616.82776 -52.44495 -4.4462943 0
-617.56616 -52.313866 -4.4293027 0
-617.56873 -51.839527 -4.4698539 0
-616.83142 -51.758923 -4.4125872 0
-617.60834 -51.077274 -4.4170074 0
-617.59332 -50.744251 -4.4097576 0
-617.51562 -50.600769 -4.4328542 0
-625.36115 -91.010803 -4.3890686 0
-620.19415 -90.604912 -4.356492 0
-620.56372 -90.53717 -4.3161516 0
-619.21423 -90.534859 -4.3697004 0
-619.06653 -90.552185 -4.376411 0
-624.84052 -90.402451 -4.3783302 0
-624.35291 -90.438889 -4.3887062 0
-624.29688 -90.404053 -4.3085017 0
-623.98328 -90.45282 -4.3961158 0
-623.508 -90.492073 -4.3427696 0
-623.32074 -90.414429 -4.3021169 0
-623.12701 -90.464722 -4.3569846 0
-620.84442 -90.483162 -4.3593197 0
-616.87 -78.646484 -4.3120379 0
-642.99823 -78.389465 -4.3243699 0
-616.65887 -78.184593 -4.3747244 0
-616.78027 -78.037575 -4.3479238 0
-613.63177 -78.054619 -4.3045473 0
-613.56287 -75.910843 -4.3329978 0
-613.66241 -74.442833 -4.3293524 0
-615.24261 -73.759621 -4.375926 0
-613.58105 -73.519951 -4.3864102 0
-613.47528 -73.470825 -4.3657889 0
-613.41083 -71.348335 -4.3893347 0
-613.40527 -69.465645 -4.3781204 0
-613.43646 -68.787376 -4.3739915 0
-625.7403 -67.846237 -4.3518138 0
-625.67523 -67.856239 -4.3143086 0
-613.43011 -67.813881 -4.34515 0
-613.39459 -66.280083 -4.3948913 0
-636.26251 -64.64463 -4.3601427 0
-636.2627 -64.339386 -4.3414474 0
-636.24579 -63.889816 -4.313797 0
-636.22003 -63.663948 -4.3447418 0
-623.63147 -63.663555 -4.3555746 0
-627.87616 -63.579575 -4.3771386 0
-617.07733 -62.393299 -4.3509722 0
-620.56049 -62.224461 -4.3255515 0
-620.55316 -61.886051 -4.3263192 0
-620.44873 -61.879871 -4.3627777 0
-623.57642 -61.749546 -4.3412857 0
-623.48993 -61.736485 -4.3452458 0
-617.02795 -61.577049 -4.3440166 0
-620.61633 -61.41824 -4.3690867 0
-636.14026 -61.395527 -4.3467255 0
-636.13727 -61.260056 -4.3383851 0
-617.04193 -60.484375 -4.3292632 0
-636.17303 -60.343876 -4.3111415 0
-636.17798 -60.281975 -4.3617892 0
-636.16193 -60.162205 -4.3021617 0
-636.16162 -59.971191 -4.3127971 0
-627.94031 -58.973606 -4.3468375 0
-627.89569 -58.926323 -4.3719034 0
-616.97998 -58.814896 -4.3140764 0
-636.12286 -58.644787 -4.3990049 0
-636.1214 -58.454769 -4.3580298 0
-636.10791 -58.353977 -4.3740864 0
-617.0097 -58.098286 -4.3974338 0
-636.10144 -57.887585 -4.3715658 0
-636.06055 -57.606922 -4.3202424 0
-636.04236 -57.441742 -4.3523893 0
-616.92834 -57.306339 -4.3117905 0
-636.04236 -57.12344 -4.3526354 0
-636.04547 -57.025322 -4.3765101 0
-616.94452 -57.005489 -4.3605218 0
-635.18665 -56.729187 -4.3669229 0
-636.00787 -56.573788 -4.3493214 0
-636.03918 -56.449379 -4.3641109 0
-635.5462 -56.406143 -4.353828 0
-635.2146 -56.471771 -4.3509603 0
-635.03754 -56.24625 -4.3837218 0
-634.7251 -56.248341 -4.3973746 0
-636.05731 -56.166866 -4.3370738 0
-635.27856 -55.940678 -4.3847966 0
-616.9386 -55.988113 -4.3420944 0
-635.98376 -55.833595 -4.3275495 0
-635.47913 -55.715057 -4.3512444 0
-635.06226 -55.735043 -4.3545241 0
-635.27332 -55.461414 -4.3553257 0
-635.52081 -55.337776 -4.3309956 0
-635.29254 -55.343998 -4.3475709 0
-634.52631 -55.385574 -4.3684087 0
-635.95142 -55.184925 -4.3019524 0
-635.32806 -55.142689 -4.3363562 0
-635.52679 -54.926266 -4.3127637 0
-634.3172 -54.777824 -4.3142657 0
-634.28906 -54.633629 -4.3072739 0
-633.6665 -54.688168 -4.3712015 0
-634.69318 -54.53989 -4.3333507 0
-633.25366 -54.519249 -4.3982115 0
-633.89349 -54.447472 -4.3681011 0
-627.73853 -54.221123 -4.365756 0
-627.59253 -54.252361 -4.3740239 0
-627.67322 -54.18647 -4.3573909 0
-633.5694 -53.963005 -4.318913 0
-633.34552 -53.813068 -4.3423901 0
-632.12848 -53.756172 -4.3736162 0
-633.25769 -53.685047 -4.3080444 0
-616.83929 -53.04023 -4.3738055 0
-632.32068 -52.840778 -4.3213983 0
-631.0708 -52.887558 -4.3376961 0
-630.11926 -52.658863 -4.3572564 0
-623.31238 -52.548744 -4.3274193 0
-623.1861 -52.538261 -4.3109574 0
-620.27258 -52.536259 -4.3471799 0
-635.95178 -52.465179 -4.3682437 0
-617.56 -52.482971 -4.3852 0
-623.30286 -52.391926 -4.3070607 0
-556.11871 -52.126553 -4.3518238 0
-555.37048 -52.138145 -4.3371596 0
-554.40515 -52.144985 -4.3944087 0
-631.62476 -52.039963 -4.3012385 0
-630.41571 -52.070217 -4.3275633 0
-630.20624 -52.079338 -4.3144011 0
-623.28528 -52.000969 -4.3978291 0
-623.29828 -51.917912 -4.3164177 0
-620.26599 -51.921009 -4.3094606 0
-630.61462 -51.801006 -4.3064036 0
-629.74091 -51.895866 -4.3518424 0
-633.16681 -51.68922 -4.3776469 0
-629.82172 -51.666718 -4.327652 0
-623.26501 -51.675388 -4.3803306 0
-616.80524 -51.520493 -4.399775 0
-635.9198 -51.425522 -4.3066263 0
-623.25476 -51.344681 -4.3624964 0
-616.82861 -51.361893 -4.3317757 0
-617.53815 -51.153481 -4.3180885 0
-617.5296 -50.880829 -4.393013 0
-628.63837 -50.42519 -4.3456488 0
-628.84778 -50.036331 -4.321002 0
-617.49945 -50.015793 -4.3440628 0
-616.19672 -92.161148 -4.214407 0
-616.05206 -92.127251 -4.2243605 0
-615.90302 -92.150162 -4.2358418 0
-616.3324 -92.094948 -4.2029872 0
-625.09424 -91.015457 -4.2970233 0
-629.31085 -90.863968 -4.2264242 0
-629.19067 -90.858177 -4.2394948 0
-621.87128 -90.5149 -4.239255 0
-619.99963 -90.508133 -4.2147827 0
-622.60065 -90.459557 -4.2776775 0
-622.45325 -90.454636 -4.2600164 0
-621.59467 -90.450958 -4.2708502 0
-621.30414 -90.486763 -4.2841854 0
-624.63873 -90.372238 -4.2041841 0
-643.55151 -87.526222 -4.2350197 0
-643.50262 -81.334221 -4.2060118 0
-643.29895 -81.380547 -4.2349758 0
-613.64569 -79.874405 -4.250978 0
-613.6181 -79.635818 -4.2700706 0
-613.61023 -79.395622 -4.2861352 0
-643.073 -79.132095 -4.2763014 0
-643.04596 -78.831978 -4.2729087 0
-613.62366 -78.586143 -4.2994499 0
-617.29529 -78.295944 -4.2788873 0
-613.64728 -78.227669 -4.2212911 0
-613.66345 -78.117836 -4.2864904 0
-616.28821 -74.347931 -4.2770262 0
-615.65204 -74.240982 -4.2256746 0
-613.47107 -73.334839 -4.2492442 0
-613.5451 -72.26786 -4.2728906 0
-616.39111 -71.10759 -4.2050214 0
-613.44495 -70.421867 -4.2817292 0
-633.10431 -67.666191 -4.2171273 0
-623.72363 -67.548462 -4.2184038 0
-636.2713 -65.926682 -4.2257428 0
-636.31763 -65.891251 -4.2408524 0
-636.2641 -65.346291 -4.2034569 0
-636.2384 -64.365852 -4.2942595 0
-623.65912 -63.738758 -4.2845054 0
-627.90625 -63.635048 -4.281436 0
-627.88135 -63.663883 -4.2974973 0
-623.66394 -62.504826 -4.2376652 0
-617.06042 -62.447727 -4.2434721 0
-636.19769 -62.393524 -4.2307777 0
-617.11676 -62.274677 -4.2527981 0
-636.18665 -62.076538 -4.2799721 0
-617.06952 -62.063854 -4.286067 0
-620.33942 -61.634243 -4.2958713 0
-620.26538 -61.627441 -4.2958112 0
-617.03436 -61.63176 -4.2543445 0
-617.07812 -61.522911 -4.2897897 0
-636.15942 -61.398018 -4.2479911 0
-617.06085 -61.257633 -4.2727675 0
-617.0083 -60.840851 -4.2604237 0
-636.12286 -60.072105 -4.2033253 0
-616.98486 -59.73159 -4.2738948 0
-636.15411 -59.64592 -4.2939115 0
-616.99664 -59.232235 -4.2981539 0
-627.92902 -58.947651 -4.2693639 0
-627.89191 -58.989254 -4.2026663 0
-617.00812 -58.929253 -4.2216816 0
-636.08038 -58.883141 -4.215436 0
-627.82391 -58.899597 -4.2279406 0
-636.112 -58.758251 -4.2340903 0
-636.11432 -58.226223 -4.2142792 0
-636.05249 -56.840027 -4.234292 0
-636.02814 -56.668705 -4.2089934 0
-636.05957 -56.354477 -4.2424831 0
-636.01312 -56.045219 -4.2967658 0
-636.02307 -55.955631 -4.2483544 0
-636.01025 -55.829491 -4.2845201 0
-636.0199 -55.741119 -4.2531271 0
-635.98944 -55.393223 -4.2605991 0
-616.91095 -55.180611 -4.2036271 0
-636.09723 -55.030594 -4.2409034 0
-635.78229 -55.068584 -4.2765651 0
-635.99554 -54.946323 -4.207047 0
-635.98315 -54.881893 -4.240139 0
-635.98407 -54.637077 -4.2688684 0
-635.80737 -54.636795 -4.2666845 0
-634.98584 -54.643585 -4.2906914 0
-635.35468 -54.545734 -4.2484407 0
-635.97943 -54.445801 -4.2133183 0
-636.00055 -54.331715 -4.206141 0
-627.65662 -54.263535 -4.2570143 0
-635.98291 -54.118313 -4.2436004 0
-634.28784 -54.122841 -4.2790561 0
-627.69171 -54.184483 -4.2611065 0
-616.92102 -54.14341 -4.2679009 0
-634.41656 -53.877815 -4.2634535 0
-616.85065 -53.864815 -4.2263608 0
-635.34033 -53.735313 -4.2397161 0
-635.28339 -53.780964 -4.2515688 0
-635.5954 -53.655899 -4.2376866 0
-634.49536 -53.626503 -4.241487 0
-634.78778 -53.568787 -4.2235827 0
-634.09216 -53.521694 -4.2366819 0
-633.25037 -53.554298 -4.2922249 0
-616.84198 -53.579933 -4.2441344 0
-635.43451 -53.426933 -4.2316184 0
-635.30176 -53.416245 -4.2291207 0
-634.75391 -53.475925 -4.2171755 0
-635.34924 -53.386852 -4.2289534 0
-634.81616 -53.374775 -4.2191486 0
-616.87158 -53.337482 -4.2312136 0
-634.51715 -53.225254 -4.2234445 0
-634.26721 -53.248421 -4.2221107 0
-633.41577 -53.131489 -4.2614241 0
-616.83917 -53.196579 -4.2443857 0
-635.49634 -53.013577 -4.2095628 0
-634.54919 -53.089027 -4.2023168 0
-634.1073 -53.080322 -4.212079 0
-632.26788 -53.008968 -4.2922626 0
-616.84808 -53.059223 -4.2341604 0
-635.97241 -52.993992 -4.2672081 0
-633.54346 -52.815823 -4.2398982 0
-616.83417 -52.832409 -4.2131329 0
-635.90784 -52.79525 -4.2947154 0
-634.0155 -52.715027 -4.2141223 0
-633.41205 -52.729122 -4.2189498 0
-623.33997 -52.77562 -4.277607 0
-623.29572 -52.795174 -4.2850819 0
-634.3999 -52.651829 -4.221333 0
-635.92078 -52.516056 -4.2664485 0
-616.84882 -52.449993 -4.2691693 0
-634.18359 -52.341076 -4.2315416 0
-631.90381 -52.301773 -4.2449441 0
-631.87659 -52.3741 -4.2813129 0
-631.06702 -52.348843 -4.2950144 0
-623.25415 -52.335922 -4.2589464 0
-623.29517 -52.234673 -4.2706742 0
-631.07483 -52.158165 -4.2809663 0
-633.7569 -52.074284 -4.2085152 0
-623.25848 -52.043068 -4.2591524 0
-635.91205 -51.925213 -4.2545757 0
-631.75934 -51.909882 -4.2881045 0
-623.27753 -51.904457 -4.2843285 0
-632.4519 -51.852634 -4.2350264 0
-631.09546 -51.852615 -4.2578135 0
-630.50452 -51.897255 -4.2878232 0
-623.25525 -51.85688 -4.2735019 0
-616.86285 -51.875565 -4.2592058 0
-631.83295 -51.752129 -4.2759333 0
-629.59259 -51.774815 -4.297924 0
-623.28528 -51.767876 -4.2266202 0
-635.94666 -51.646332 -4.286303 0
-630.63721 -51.606346 -4.2912912 0
-623.30371 -51.615833 -4.2714224 0
-623.23694 -51.537231 -4.2684693 0
-631.04034 -51.330383 -4.213017 0
-623.27759 -51.342823 -4.2811246 0
-630.10681 -51.222065 -4.2410741 0
-617.53998 -51.287205 -4.2912326 0
-635.87524 -51.100155 -4.2219048 0
-632.00812 -51.15099 -4.2217941 0
-623.28235 -51.101852 -4.2528553 0
-623.14862 -51.165375 -4.2748098 0
-623.25891 -51.025589 -4.2251515 0
-629.66986 -50.911327 -4.2307854 0
-630.47992 -50.854431 -4.2360449 0
-629.7027 -50.891659 -4.2257295 0
-635.91058 -50.778698 -4.2525091 0
-623.25153 -50.777424 -4.246563 0
-629.77179 -50.638981 -4.2080488 0
-627.43561 -50.649223 -4.2087321 0
-627.24152 -50.691006 -4.2036977 0
-623.21075 -50.683933 -4.2587147 0
-620.47333 -50.625031 -4.2362466 0
-617.43091 -50.658207 -4.2662873 0
-617.40491 -50.596024 -4.25879 0
-630.69635 -50.45573 -4.2259789 0
-628.65991 -50.348145 -4.2891526 0
-623.13416 -50.341663 -4.2529359 0
-616.81189 -50.320988 -4.2674727 0
-617.52679 -50.218082 -4.2053909 0
-630.75549 -50.163536 -4.200089 0
-621.3764 -50.155952 -4.2146239 0
-616.76807 -50.117413 -4.2107615 0
-616.89642 -92.100906 -4.1615086 0
-616.74854 -92.103279 -4.172462 0
-616.60156 -92.110565 -4.1834521 0
-617.45392 -92.072403 -4.1197977 0
-617.3382 -92.059875 -4.1279278 0
-617.15808 -92.077187 -4.1416988 0
-617.03265 -92.090576 -4.1512423 0
-616.47937 -92.087685 -4.1919947 0
-625.16217 -91.046516 -4.1047087 0
-626.92419 -90.963158 -4.1244597 0
-631.4754 -90.893684 -4.1120024 0
-630.68262 -90.883224 -4.1159887 0
-632.30164 -90.761688 -4.1154189 0
-631.57947 -90.751884 -4.1565428 0
-622.89783 -90.505463 -4.102458 0
-622.79791 -90.501595 -4.1037703 0
-622.67767 -90.506935 -4.1056542 0
-622.55774 -90.502281 -4.1072555 0
-621.89502 -90.55619 -4.1731958 0
-621.75861 -90.518486 -4.1753407 0
-621.29639 -90.518402 -4.1258707 0
-621.19836 -90.529144 -4.1777081 0
-620.74225 -90.548927 -4.1501498 0
-620.56421 -90.545998 -4.1923814 0
-618.27759 -90.58287 -4.1259747 0
-624.112 -90.46656 -4.1098881 0
-623.58228 -90.405136 -4.188416 0
-623.38214 -90.400185 -4.1919136 0
-623.01874 -90.485146 -4.1001501 0
-621.45605 -90.486488 -4.1723804 0
-622.8949 -90.389145 -4.1982894 0
-643.63074 -87.503845 -4.1541805 0
-643.15173 -84.40274 -4.1316371 0
-624.75183 -83.723289 -4.154942 0
-643.19873 -78.386024 -4.149178 0
-616.63464 -78.300285 -4.1162915 0
-616.46936 -78.304947 -4.1535926 0
-613.49194 -71.951042 -4.1028247 0
-613.49927 -71.726601 -4.1011114 0
-616.42365 -71.429214 -4.1752911 0
-616.36499 -71.291199 -4.1978965 0
-613.45667 -71.071632 -4.1045504 0
-613.41138 -68.659935 -4.1354923 0
-633.16718 -67.631355 -4.1847982 0
-636.2572 -65.911133 -4.194664 0
-636.32104 -65.819511 -4.1042099 0
-636.28082 -65.805489 -4.1877804 0
-636.24707 -65.115059 -4.1593828 0
-636.24805 -64.781273 -4.1752658 0
-636.23792 -64.58889 -4.1491909 0
-636.25928 -64.047119 -4.1337309 0
-636.21161 -63.941002 -4.1006474 0
-636.25336 -63.776741 -4.1139464 0
-636.21814 -63.190319 -4.1023941 0
-617.13605 -62.624275 -4.1210918 0
-617.11554 -62.529957 -4.1732464 0
-617.15552 -62.175152 -4.19908 0
-617.06708 -62.167187 -4.1528649 0
-617.08752 -61.98563 -4.146688 0
-636.17169 -61.636684 -4.1902552 0
-620.27698 -61.627388 -4.183681 0
-617.1156 -61.569592 -4.1885252 0
-636.151 -61.309525 -4.1496406 0
-636.15717 -61.219551 -4.1474161 0
-617.11493 -60.937809 -4.1772976 0
-636.15045 -60.644089 -4.1114254 0
-616.99646 -60.63105 -4.1432209 0
-616.99091 -59.977661 -4.1505494 0
-636.10596 -59.825466 -4.1825581 0
-636.14496 -59.487461 -4.1432776 0
-636.09631 -58.570065 -4.13657 0
-617.03967 -58.32225 -4.1381516 0
-636.07806 -58.147972 -4.1183505 0
-636.06915 -57.886871 -4.1098814 0
-636.09344 -57.712433 -4.1788063 0
-616.98914 -57.712444 -4.1855974 0
-636.11389 -57.555134 -4.1953921 0
-636.08093 -57.44104 -4.1254959 0
-636.08856 -57.223045 -4.1436014 0
-636.02679 -57.108532 -4.1282043 0
-636.08313 -57.048996 -4.1180987 0
-636.02441 -56.998268 -4.1236248 0
-636.06964 -56.511841 -4.1172342 0
-636.02673 -55.964912 -4.1335168 0
-616.91846 -55.637615 -4.1901217 0
-636.0354 -55.522858 -4.1695585 0
-616.90735 -55.55592 -4.1575556 0
-616.9389 -55.173458 -4.1948032 0
-636.01605 -55.031372 -4.1874409 0
-636.01764 -54.90807 -4.1237278 0
-620.39929 -54.921467 -4.1523147 0
-620.35706 -54.769535 -4.1268449 0
-616.88843 -54.71788 -4.1630068 0
-635.99133 -54.546432 -4.1523943 0
-635.89996 -54.369862 -4.1872482 0
-616.87592 -54.375813 -4.1511536 0
-627.62311 -54.233299 -4.1515684 0
-627.57983 -54.214882 -4.1545005 0
-635.98901 -54.155014 -4.155046 0
-635.97479 -54.081791 -4.1612501 0
-635.99811 -53.865997 -4.1253529 0
-636.00055 -53.730316 -4.1626267 0
-635.75812 -53.684448 -4.1914153 0
-635.92303 -53.441933 -4.152986 0
-635.86005 -53.194416 -4.1424193 0
-616.84869 -53.161552 -4.1436605 0
-634.55389 -52.978813 -4.1976471 0
-635.91553 -52.820461 -4.1343112 0
-635.80432 -52.857769 -4.1827846 0
-635.8941 -52.710232 -4.1401877 0
-623.35193 -52.742088 -4.1584911 0
-616.93787 -52.776394 -4.115674 0
-635.9549 -52.610291 -4.1820292 0
-634.89862 -52.687164 -4.1883721 0
-634.77197 -52.676048 -4.184258 0
-635.91168 -52.529495 -4.119812 0
-635.60388 -52.586575 -4.1031322 0
-635.56519 -52.509533 -4.1792736 0
-635.38049 -52.557678 -4.143455 0
-634.96509 -52.555481 -4.1799107 0
-634.77307 -52.532078 -4.176517 0
-623.01691 -52.59985 -4.1103315 0
-616.83112 -52.513428 -4.1116905 0
-635.87799 -52.402855 -4.113554 0
-634.07874 -52.490719 -4.1765022 0
-620.26959 -52.44754 -4.1168652 0
-616.83142 -52.477867 -4.1505179 0
-635.92902 -52.383274 -4.1113667 0
-635.4754 -52.307407 -4.1395259 0
-622.96545 -52.377159 -4.1899319 0
-620.26288 -52.345924 -4.1257505 0
-616.86066 -52.378342 -4.1097493 0
-635.91687 -52.274376 -4.1394329 0
-635.87231 -52.246437 -4.1345348 0
-635.55035 -52.229996 -4.1575742 0
-635.49011 -52.242298 -4.1583848 0
-634.93732 -52.275478 -4.1883659 0
-634.84631 -52.232441 -4.1614027 0
-635.92719 -52.057133 -4.1169505 0
-635.84106 -52.004173 -4.1434031 0
-635.48669 -52.060226 -4.1702814 0
-616.7879 -52.077263 -4.153523 0
-635.73389 -51.967449 -4.1530523 0
-635.46899 -51.93766 -4.1212935 0
-635.08936 -51.902176 -4.1374955 0
-634.93616 -51.986862 -4.14189 0
-634.89368 -51.90234 -4.1387157 0
-635.28735 -51.827255 -4.1277914 0
-635.07733 -51.800617 -4.1340208 0
-634.76935 -51.833138 -4.106863 0
-634.14435 -51.883667 -4.1482978 0
-616.84845 -51.878979 -4.1031494 0
-634.75366 -51.711128 -4.1376147 0
-634.0097 -51.74387 -4.1858215 0
-616.81287 -51.745964 -4.1073637 0
-635.94025 -51.694263 -4.1297574 0
-616.79541 -51.678104 -4.1530728 0
-635.77777 -51.586559 -4.1061726 0
-635.93939 -51.445393 -4.1179852 0
-635.7774 -51.481373 -4.1209927 0
-634.10474 -51.482498 -4.1672554 0
-623.26025 -51.40049 -4.1969957 0
-635.77905 -51.346565 -4.1146703 0
-634.14526 -51.339035 -4.1577139 0
-632.58923 -51.329849 -4.1919861 0
-631.78259 -51.360283 -4.1858835 0
-635.77515 -51.220074 -4.103394 0
-634.73212 -51.216824 -4.1134658 0
-632.64203 -51.277634 -4.1896777 0
-632.17432 -51.283855 -4.1738586 0
-631.93481 -51.200199 -4.1984739 0
-623.27026 -51.286976 -4.1529436 0
-635.92719 -51.188702 -4.1004434 0
-632.66614 -51.198917 -4.182632 0
-616.76611 -51.130173 -4.156795 0
-635.31726 -51.096279 -4.11343 0
-632.72443 -51.041931 -4.1732793 0
-631.05103 -51.0242 -4.1925521 0
-623.2243 -51.018055 -4.123117 0
-634.05493 -50.950699 -4.1282525 0
-631.97913 -50.951565 -4.1811519 0
-631.80725 -50.973877 -4.1779089 0
-623.27216 -50.96582 -4.1413651 0
-634.24323 -50.867802 -4.123312 0
-632.35474 -50.866047 -4.1974049 0
-631.83069 -50.853149 -4.1715922 0
-635.89142 -50.728149 -4.1707973 0
-634.28357 -50.729332 -4.1139092 0
-632.01874 -50.708244 -4.1639366 0
-632.19501 -50.631104 -4.1657548 0
-631.82715 -50.601997 -4.1506233 0
-627.18988 -50.654049 -4.1947422 0
-626.99152 -50.603088 -4.1734648 0
-616.74866 -50.630638 -4.1467795 0
-627.33936 -50.524113 -4.1919932 0
-626.91351 -50.567471 -4.1660743 0
-616.75037 -50.567574 -4.1072879 0
-635.89331 -50.471184 -4.1201582 0
-632.26178 -50.489601 -4.1245952 0
-635.82977 -50.390553 -4.1737366 0
-632.96265 -50.314396 -4.1189771 0
-632.09564 -50.342072 -4.1353464 0
-626.68024 -50.374977 -4.1316309 0
-623.22607 -50.39613 -4.1416063 0
-616.73657 -50.348316 -4.1140075 0
-635.85638 -50.256237 -4.1646824 0
-632.68573 -50.240486 -4.1428013 0
-623.15845 -50.269199 -4.1810384 0
-623.19653 -50.10614 -4.1305594 0
-616.76141 -50.13509 -4.1358352 0
-635.88501 -50.013153 -4.1014142 0
-632.16614 -50.031429 -4.117228 0
-631.03076 -50.061638 -4.1234479 0
-630.0105 -50.00909 -4.1662221 0
-627.18384 -50.05748 -4.1275616 0
-623.22644 -50.060413 -4.1260767 0
-621.4325 -50.011345 -4.1918135 0
-616.87384 -92.120338 -4.0029373 0
-616.34406 -92.080276 -4.0904002 0
-629.19507 -90.934723 -4.0243282 0
-628.36908 -90.947701 -4.0365448 0
-626.1933 -90.950165 -4.0749216 0
-633.77704 -90.822746 -4.0175824 0
-630.79346 -90.888443 -4.0647235 0
-630.69379 -90.887848 -4.0009151 0
-643.76019 -90.46566 -4.0344267 0
-620.67224 -90.489822 -4.0483847 0
-643.09235 -81.367073 -4.0127296 0
-616.06512 -78.313606 -4.0979104 0
-613.57141 -74.860313 -4.0468612 0
-613.55438 -74.617271 -4.0457354 0
-613.55719 -74.388344 -4.0468574 0
-613.54712 -74.146751 -4.0485935 0
-613.52765 -73.874557 -4.0158277 0
-613.52057 -73.048203 -4.0084734 0
-616.52997 -71.596817 -4.0464258 0
-615.9278 -71.484299 -4.012445 0
-613.49902 -71.495636 -4.0996366 0
-613.47711 -71.305298 -4.0992117 0
-613.46216 -71.114433 -4.0985246 0
-615.66345 -71.064713 -4.0045886 0
-613.47986 -70.885674 -4.0964065 0
-613.45056 -70.710716 -4.0850019 0
-613.45221 -70.667328 -4.065237 0
-613.45276 -70.493095 -4.0948672 0
-613.43134 -70.309799 -4.0944667 0
-613.44885 -70.091553 -4.0788841 0
-613.44147 -69.701736 -4.0878625 0
-613.43982 -69.48674 -4.0841303 0
-613.35571 -68.785851 -4.0307908 0
-613.38544 -68.535782 -4.0847316 0
-613.45959 -68.334839 -4.0568342 0
-613.33655 -68.166328 -4.0437269 0
-636.27582 -65.184341 -4.0498638 0
-636.26782 -65.079689 -4.0836267 0
-636.29785 -64.9161 -4.0348907 0
-636.26813 -64.805458 -4.0903115 0
-636.27478 -64.609444 -4.0676246 0
-627.96979 -63.718407 -4.040277 0
-636.2085 -63.690529 -4.094614 0
-627.91797 -63.610348 -4.0581293 0
-627.88458 -63.641659 -4.0255613 0
-636.17218 -62.95533 -4.0425978 0
-636.22858 -62.89286 -4.0886965 0
-617.05493 -62.633072 -4.0442939 0
-636.20648 -62.383415 -4.0347867 0
-636.16028 -62.17099 -4.0461111 0
-636.17334 -62.040619 -4.0393901 0
-617.03235 -62.046261 -4.0144582 0
-636.16077 -61.866859 -4.0134468 0
-636.15826 -61.740509 -4.0050769 0
-636.24066 -61.338699 -4.0084953 0
-636.1665 -61.285667 -4.0260921 0
-636.1001 -61.159695 -4.0516777 0
-636.15057 -60.784512 -4.0068574 0
-636.14276 -60.654305 -4.0023146 0
-617.078 -60.662918 -4.0553131 0
-636.13416 -60.121727 -4.0887532 0
-617.04962 -60.043598 -4.0456185 0
-616.9939 -59.845844 -4.017241 0
-617.0473 -59.670132 -4.0337505 0
-636.1037 -59.286274 -4.0655918 0
-636.0838 -58.760124 -4.0641694 0
-636.08972 -58.461063 -4.0272999 0
-636.0921 -58.343636 -4.0061765 0
-636.11298 -58.252491 -4.0782461 0
-636.04578 -57.426537 -4.0226045 0
-636.04102 -57.384674 -4.0819206 0
-616.93591 -57.281693 -4.0794191 0
-636.07056 -56.877014 -4.04496 0
-636.02423 -56.695473 -4.0065184 0
-636.04303 -56.219086 -4.0478806 0
-616.9342 -56.221622 -4.0725684 0
-636.05206 -55.955463 -4.0549736 0
-635.99371 -55.810276 -4.0672317 0
-616.92133 -55.735157 -4.0532489 0
-555.81873 -55.799435 -4.0485191 0
-636.05035 -55.671013 -4.0548244 0
-636.02783 -55.590927 -4.0085902 0
-636.01404 -55.081665 -4.0718241 0
-635.98743 -54.774712 -4.0155821 0
-636.00342 -54.204815 -4.0966272 0
-627.70624 -54.26265 -4.0188684 0
-635.995 -54.191624 -4.0713081 0
-635.93597 -54.03133 -4.0413923 0
-635.97931 -53.754967 -4.0690222 0
-635.97302 -53.651031 -4.0574808 0
-616.86359 -53.624905 -4.0821924 0
-616.85577 -53.571262 -4.0350389 0
-635.97394 -53.255142 -4.0048728 0
-635.98401 -53.147385 -4.0297794 0
-635.96075 -53.007156 -4.0837526 0
-616.83801 -52.842934 -4.0254717 0
-635.92151 -52.737762 -4.0869155 0
-623.01825 -52.725628 -4.0603814 0
-622.95178 -52.729725 -4.0050278 0
-620.26953 -52.788452 -4.0977087 0
-635.93256 -52.56485 -4.0772109 0
-623.26892 -52.591721 -4.0495334 0
-623.00433 -52.545544 -4.0100555 0
-635.9375 -52.415333 -4.0549693 0
-620.30823 -52.439877 -4.0299416 0
-620.24072 -52.461197 -4.0737286 0
-619.9989 -52.304089 -4.099834 0
-623.23694 -52.244747 -4.0102758 0
-555.2251 -52.20295 -4.0453029 0
-554.28748 -52.217915 -4.0108485 0
-635.9151 -52.127724 -4.027256 0
-616.84125 -52.128803 -4.0042281 0
-635.91858 -51.965115 -4.0680189 0
-623.35919 -51.913517 -4.0894709 0
-623.23792 -51.916115 -4.048358 0
-620.22754 -51.978298 -4.0031991 0
-635.91876 -51.83987 -4.0672259 0
-623.29889 -51.840378 -4.0437837 0
-620.23279 -51.872025 -4.0259194 0
-619.98346 -51.883434 -4.0853777 0
-635.90735 -51.732784 -4.0521774 0
-623.24347 -51.780125 -4.0246887 0
-635.88232 -51.680786 -4.07938 0
-623.34918 -51.670479 -4.0787668 0
-635.90155 -51.532215 -4.0479484 0
-623.23505 -51.569744 -4.0290608 0
-620.19891 -51.523926 -4.0790272 0
-619.96661 -51.543339 -4.0766306 0
-616.78827 -51.551247 -4.0986543 0
-623.33997 -51.443207 -4.0690694 0
-620.2309 -51.469379 -4.0365539 0
-616.85809 -51.488533 -4.0304027 0
-636.01166 -51.377041 -4.0340247 0
-635.90973 -51.333096 -4.0094509 0
-635.89789 -51.245289 -4.030901 0
-623.33826 -51.207737 -4.0586438 0
-623.26703 -51.225513 -4.0443249 0
-620.21863 -51.217686 -4.0285144 0
-635.87781 -51.070293 -4.0629296 0
-635.71918 -51.035564 -4.0981541 0
-616.88739 -51.095058 -4.0673428 0
-635.87512 -50.924927 -4.020792 0
-623.31653 -50.987595 -4.0447407 0
-620.2373 -50.912777 -4.0147691 0
-616.77863 -50.996395 -4.0469961 0
-635.21716 -50.867416 -4.0994992 0
-616.78418 -50.893436 -4.0553789 0
-635.63873 -50.761925 -4.0374789 0
-633.9082 -50.766426 -4.08321 0
-623.31769 -50.742538 -4.0336318 0
-620.32465 -50.75552 -4.0617218 0
-620.20831 -50.735569 -4.0601125 0
-616.8324 -50.779346 -4.0290184 0
-635.6911 -50.660759 -4.0573173 0
-635.27441 -50.606586 -4.045886 0
-635.17334 -50.697544 -4.0872025 0
-633.92395 -50.678101 -4.0764728 0
-623.19647 -50.619717 -4.061079 0
-635.86108 -50.553799 -4.0418868 0
-635.16028 -50.557415 -4.0831747 0
-634.51379 -50.588097 -4.0723996 0
-634.02942 -50.507992 -4.0758362 0
-633.95251 -50.521629 -4.0705404 0
-633.89856 -50.564098 -4.0719137 0
-623.22589 -50.53167 -4.018014 0
-635.13196 -50.40741 -4.0748076 0
-623.21631 -50.459133 -4.0204349 0
-616.76917 -50.463013 -4.0260882 0
-635.85315 -50.350792 -4.0061417 0
-633.98065 -50.360199 -4.0650449 0
-623.18921 -50.362999 -4.0659251 0
-620.22601 -50.316822 -4.0934443 0
-635.07806 -50.232754 -4.0628781 0
-620.22473 -50.207516 -4.048954 0
-634.27008 -50.163849 -4.0734687 0
-633.88202 -50.160995 -4.0506148 0
-623.29883 -50.17828 -4.0070839 0
-620.41284 -50.107601 -4.0082059 0
-635.06006 -50.097523 -4.0537324 0
-633.83911 -50.022682 -4.0387878 0
-632.97961 -50.085239 -4.0993953 0
-620.87885 -50.0966 -4.0135808 0
-620.32568 -50.017086 -4.023778 0
-615.43988 -92.172386 -3.9104354 0
-627.74408 -90.928665 -3.9606354 0
-635.35327 -90.766853 -3.959156 0
-633.71649 -90.791229 -3.9156191 0
-622.71106 -90.783714 -3.9044189 0
-619.50244 -90.545921 -3.9366052 0
-618.76007 -90.582977 -3.9187238 0
-618.38495 -90.575279 -3.9308081 0
-643.67877 -90.389351 -3.9965951 0
-643.41858 -87.514755 -3.936502 0
-643.38806 -87.539467 -3.9480259 0
-643.24878 -81.446793 -3.9430268 0
-613.69849 -79.790611 -3.927947 0
-613.51575 -74.27742 -3.9005377 0
-613.55585 -73.796089 -3.9449799 0
-613.49982 -72.974686 -3.9708736 0
-613.50146 -72.129372 -3.9682856 0
-613.46619 -71.497009 -3.9652801 0
-613.47418 -71.378395 -3.9430666 0
-613.42303 -69.145454 -3.977843 0
-636.30975 -65.857872 -3.9092 0
-636.28436 -65.771683 -3.9512129 0
-636.28607 -65.614822 -3.9568288 0
-636.22949 -65.019943 -3.919832 0
-636.24341 -64.75116 -3.9176829 0
-636.26147 -64.563721 -3.9080989 0
-636.26892 -64.004074 -3.9954545 0
-636.22961 -63.565022 -3.9717145 0
-636.2467 -63.46841 -3.9945638 0
-636.17377 -63.452133 -3.9203622 0
-636.24506 -63.312794 -3.9951811 0
-636.22754 -63.210079 -3.9974806 0
-636.23383 -63.080933 -3.947998 0
-636.22723 -62.845631 -3.9715705 0
-636.22076 -62.668026 -3.9545908 0
-636.20752 -62.527988 -3.9599955 0
-636.1778 -62.580288 -3.9722114 0
-636.19189 -61.802341 -3.9995835 0
-617.06097 -61.82687 -3.9078054 0
-636.19141 -61.68544 -3.9145529 0
-636.17676 -61.576084 -3.9185076 0
-617.09381 -61.505569 -3.9484732 0
-636.27533 -61.479168 -3.9306843 0
-617.08649 -61.482018 -3.930783 0
-636.17224 -61.225891 -3.9695573 0
-636.12183 -61.036636 -3.9252043 0
-616.99158 -61.041927 -3.9634356 0
-636.24774 -60.884209 -3.9220319 0
-617.07971 -60.663624 -3.9247582 0
-636.11694 -60.477451 -3.9509842 0
-636.09918 -60.461212 -3.9246125 0
-617.01257 -60.379715 -3.9003067 0
-636.11865 -60.238964 -3.9817934 0
-636.08002 -60.261032 -3.9240592 0
-636.11542 -60.092541 -3.9738934 0
-636.10565 -59.98806 -3.9307365 0
-636.11517 -59.743504 -3.9196949 0
-617.0011 -59.706684 -3.9264925 0
-616.96613 -59.751076 -3.9805677 0
-617.00336 -59.59774 -3.9030709 0
-627.86493 -58.87392 -3.9223907 0
-636.08759 -58.765549 -3.9252892 0
-636.02399 -58.532928 -3.9850197 0
-617.01294 -58.333466 -3.9568031 0
-636.02057 -57.941601 -3.9731832 0
-636.06567 -57.707355 -3.9184682 0
-616.91864 -57.454285 -3.9181271 0
-636.06848 -57.126602 -3.9644752 0
-616.97534 -57.185043 -3.9995172 0
-616.93414 -57.090157 -3.9328113 0
-636.10638 -56.648758 -3.9324675 0
-636.03076 -56.607693 -3.9525847 0
-636.04742 -56.373169 -3.9713242 0
-556.12164 -55.84964 -3.9530237 0
-555.76526 -55.850765 -3.9775712 0
-616.90381 -55.726425 -3.9805636 0
-555.1554 -55.702736 -3.982271 0
-554.15594 -55.723537 -3.9809928 0
-635.99219 -55.11763 -3.9006312 0
-636.02081 -54.93985 -3.9824491 0
-616.90582 -54.989666 -3.9423983 0
-636.01654 -54.601734 -3.9613745 0
-616.9129 -54.663383 -3.9337559 0
-636.04224 -54.504559 -3.903861 0
-636.01697 -54.367275 -3.9574277 0
-627.62231 -54.272942 -3.9673848 0
-616.86456 -54.252594 -3.9041708 0
-635.96521 -54.00975 -3.9718935 0
-616.84894 -53.91925 -3.9769351 0
-635.93542 -53.8461 -3.9201939 0
-635.95422 -53.726669 -3.9652257 0
-616.86932 -53.789257 -3.9710293 0
-635.9436 -53.37159 -3.9400928 0
-635.92383 -53.013382 -3.9879138 0
-616.86578 -53.04882 -3.9222562 0
-635.93176 -52.948959 -3.9625866 0
-623.30676 -52.759979 -3.9307621 0
-635.93945 -52.641117 -3.9626398 0
-616.81915 -52.693096 -3.9339631 0
-623.27979 -52.552502 -3.9424908 0
-620.35925 -52.525055 -3.9970884 0
-616.83362 -52.51799 -3.9678109 0
-623.24518 -52.483566 -3.9126389 0
-616.8172 -52.443832 -3.9221044 0
-635.92291 -52.397453 -3.9064679 0
-635.89423 -52.356468 -3.934617 0
-620.27332 -52.335224 -3.9390106 0
-635.93207 -52.24239 -3.9376216 0
-616.82812 -52.238472 -3.9063814 0
-555.30646 -52.208233 -3.9490874 0
-635.90479 -52.151821 -3.9025452 0
-623.21155 -52.125534 -3.9469986 0
-616.80878 -52.161297 -3.975322 0
-555.06152 -52.172741 -3.9919491 0
-620.34399 -52.034752 -3.9831128 0
-623.25146 -51.800102 -3.9435503 0
-635.88361 -51.709229 -3.9185007 0
-623.20044 -51.776649 -3.9506397 0
-620.2616 -51.782784 -3.9836645 0
-623.24371 -51.65432 -3.9379051 0
-623.2038 -51.503059 -3.9065967 0
-620.28406 -51.552902 -3.9225609 0
-616.82672 -51.528194 -3.9903986 0
-620.24603 -51.42942 -3.9467547 0
-623.2843 -51.379509 -3.9780221 0
-620.17206 -51.215107 -3.9122267 0
-635.88812 -51.197807 -3.9187779 0
-635.91437 -51.049953 -3.9121881 0
-635.87329 -51.031567 -3.9483156 0
-623.24146 -51.097122 -3.98791 0
-620.2135 -51.064495 -3.9327881 0
-620.21448 -50.916695 -3.9468527 0
-616.81604 -50.971008 -3.9223909 0
-623.16693 -50.823296 -3.960959 0
-635.89093 -50.716789 -3.9871376 0
-620.16669 -50.734596 -3.9380434 0
-616.80426 -50.787407 -3.9381769 0
-620.18225 -50.692051 -3.9850781 0
-616.77722 -50.619286 -3.9355848 0
-635.89337 -50.500374 -3.9600756 0
-635.87573 -50.486774 -3.9270802 0
-623.22821 -50.466805 -3.92658 0
-616.72961 -50.411446 -3.9810443 0
-635.87061 -50.381626 -3.9656665 0
-620.22449 -50.304722 -3.9070568 0
-620.1181 -50.336758 -3.932214 0
-635.86371 -50.249187 -3.9994252 0
-621.27985 -50.210258 -3.9527774 0
-635.85791 -50.14489 -3.9657924 0
-623.2326 -50.187344 -3.9464319 0
-622.56329 -50.149529 -3.9134378 0
-622.47711 -50.101673 -3.9104013 0
-622.07886 -50.169243 -3.9284427 0
-621.80231 -50.155163 -3.9450982 0
-621.70667 -50.162998 -3.952316 0
-621.664 -50.130047 -3.9526079 0
-621.28424 -50.114162 -3.9764035 0
-621.13794 -50.197353 -3.9661541 0
-620.89465 -50.173576 -3.9694884 0
-620.78467 -50.192726 -3.9699321 0
-620.51404 -50.16045 -3.9753954 0
-620.35364 -50.133701 -3.9819708 0
-620.17535 -50.125484 -3.9003685 0
-616.7323 -50.120991 -3.9942307 0
-622.57318 -50.058346 -3.9343498 0
-622.30438 -50.060856 -3.9343915 0
-621.93115 -50.089165 -3.9526942 0
-621.0509 -50.079014 -3.9823322 0
-620.91571 -50.079216 -3.9861476 0
-620.742 -50.049896 -3.9855006 0
-620.33551 -50.037823 -3.9900603 0
-617.63586 -92.106728 -3.8156412 0
-617.27698 -92.146324 -3.82318 0
-615.32916 -92.196175 -3.8431747 0
-618.11627 -91.459755 -3.8610363 0
-626.86005 -90.98864 -3.8637855 0
-636.06909 -90.728996 -3.8625877 0
-633.83569 -90.740242 -3.8236792 0
-622.42468 -90.723137 -3.874578 0
-620.64404 -90.711006 -3.8915131 0
-638.38641 -90.658401 -3.8414526 0
-637.6687 -90.698471 -3.8677549 0
-642.9292 -90.542114 -3.8171809 0
-641.31238 -90.508965 -3.8106463 0
-620.73053 -90.517563 -3.8456926 0
-620.31934 -90.549149 -3.8720775 0
-620.0528 -90.533623 -3.8958607 0
-619.92169 -90.54454 -3.8783698 0
-619.776 -90.573624 -3.8228934 0
-619.10706 -90.5961 -3.83303 0
-623.72711 -90.481506 -3.8912103 0
-622.7832 -90.468033 -3.8153496 0
-622.52966 -90.493828 -3.8223159 0
-622.27124 -90.472443 -3.8282931 0
-643.10706 -83.422203 -3.8046567 0
-617.45947 -78.487709 -3.831944 0
-615.09497 -73.298958 -3.8971741 0
-613.50171 -73.05088 -3.8330984 0
-616.61505 -70.855423 -3.8477888 0
-613.41345 -69.853874 -3.8230162 0
-613.40845 -69.063515 -3.8740377 0
-613.39703 -69.034714 -3.8209896 0
-613.37683 -68.156784 -3.8675568 0
-613.38806 -67.960884 -3.863142 0
-613.34424 -67.200256 -3.8164277 0
-636.22229 -65.917671 -3.8159597 0
-636.27185 -65.031166 -3.8315961 0
-636.24335 -64.123001 -3.886167 0
-636.24274 -64.098526 -3.8991106 0
-636.19348 -63.829105 -3.8809311 0
-628.0412 -63.698498 -3.802562 0
-627.96405 -63.686321 -3.8031027 0
-627.65045 -63.569702 -3.8398647 0
-636.18457 -63.497395 -3.8698833 0
-628.25531 -63.474571 -3.8588536 0
-628.17773 -63.493248 -3.8566544 0
-636.22162 -63.352085 -3.8738506 0
-636.24323 -63.08672 -3.8933935 0
-636.17834 -62.820431 -3.8210506 0
-636.19287 -62.794609 -3.8560035 0
-617.14819 -62.50111 -3.8325751 0
-636.18689 -62.496391 -3.8322885 0
-617.12677 -62.39526 -3.8281727 0
-617.12946 -62.027615 -3.808126 0
-636.15973 -61.998207 -3.8290014 0
-617.03833 -61.89566 -3.8647914 0
-636.19141 -61.725815 -3.8329163 0
-617.09473 -61.757103 -3.8164191 0
-636.17316 -61.584816 -3.8760931 0
-636.19153 -61.421608 -3.8966916 0
-636.1781 -61.141621 -3.8774643 0
-617.10333 -61.129265 -3.8849838 0
-636.1095 -61.022438 -3.8481681 0
-617.03247 -61.093391 -3.8615384 0
-636.16766 -60.842232 -3.8920732 0
-636.1261 -60.621132 -3.8303556 0
-636.12573 -60.527004 -3.8592148 0
-636.14331 -60.476082 -3.8645163 0
-617.0141 -60.465168 -3.8518565 0
-636.14062 -60.219715 -3.8098643 0
-636.15057 -59.91515 -3.8272495 0
-636.10071 -59.897583 -3.8123121 0
-636.11005 -59.789574 -3.8477981 0
-617.02679 -59.772549 -3.8922033 0
-617.00824 -59.677788 -3.8393121 0
-636.10022 -59.575603 -3.807745 0
-636.08099 -59.113247 -3.8130264 0
-636.1026 -59.038105 -3.8135936 0
-616.96466 -59.035011 -3.8621187 0
-627.95099 -58.942856 -3.8634703 0
-616.98474 -58.948036 -3.823873 0
-627.84827 -58.884109 -3.8511264 0
-627.7569 -58.788528 -3.8110008 0
-636.06946 -58.659386 -3.8749781 0
-636.03833 -58.395069 -3.853627 0
-636.05115 -58.076694 -3.8579907 0
-636.0639 -57.964985 -3.8899996 0
-636.03375 -57.896355 -3.8498547 0
-636.04248 -57.785877 -3.8933659 0
-636.06989 -57.538246 -3.8836071 0
-636.04871 -57.350395 -3.8709223 0
-636.0481 -57.235889 -3.8688161 0
-636.02283 -56.534321 -3.8429744 0
-616.97845 -56.410496 -3.8382325 0
-636.00702 -56.388924 -3.8313401 0
-636.00262 -56.0634 -3.8276215 0
-636.02808 -55.985889 -3.8826339 0
-636.0022 -55.833855 -3.8119633 0
-616.89661 -55.711617 -3.849885 0
-635.98279 -55.612457 -3.8114526 0
-636.00781 -55.391079 -3.8800087 0
-616.88116 -55.235619 -3.8243456 0
-635.96118 -54.98032 -3.8621073 0
-616.86133 -54.897507 -3.8630931 0
-635.9624 -54.628635 -3.8098674 0
-635.94934 -54.449219 -3.8418205 0
-635.98016 -54.31461 -3.8597839 0
-627.64148 -54.305164 -3.8063855 0
-627.60223 -54.251076 -3.8604302 0
-616.86407 -54.201645 -3.874136 0
-616.86835 -54.06897 -3.8103306 0
-635.93213 -53.653534 -3.8027589 0
-616.83789 -53.671532 -3.8658817 0
-635.94562 -53.456818 -3.860049 0
-635.92456 -53.350807 -3.8083086 0
-635.97986 -53.205345 -3.8732898 0
-635.95996 -53.137756 -3.881568 0
-616.87415 -53.106354 -3.8890424 0
-635.92889 -53.07272 -3.8147204 0
-616.87909 -53.046806 -3.8552694 0
-616.83356 -52.924519 -3.8338983 0
-635.96826 -52.85482 -3.8537617 0
-620.27649 -52.851067 -3.8405662 0
-616.82837 -52.803535 -3.8262351 0
-620.26453 -52.715611 -3.8256609 0
-635.93311 -52.55056 -3.8280294 0
-623.28851 -52.519287 -3.847307 0
-635.91669 -52.479004 -3.8100858 0
-620.26129 -52.474937 -3.8092225 0
-635.90582 -52.374996 -3.8369074 0
-635.86334 -52.388485 -3.8319104 0
-635.95135 -52.249241 -3.8122537 0
-635.91412 -52.11578 -3.8746941 0
-623.25415 -52.105141 -3.8885524 0
-556.17859 -52.154987 -3.8951006 0
-635.99347 -52.097965 -3.8813195 0
-616.79846 -52.094627 -3.8472464 0
-635.87964 -51.944832 -3.840425 0
-616.80756 -51.924156 -3.8535225 0
-620.31989 -51.872242 -3.8106933 0
-620.24823 -51.808025 -3.8837581 0
-616.79449 -51.80492 -3.8242989 0
-622.97876 -51.737576 -3.8617086 0
-616.8432 -51.73399 -3.8124385 0
-616.78687 -51.769409 -3.8415565 0
-635.91803 -51.651367 -3.8972902 0
-623.25665 -51.644428 -3.8334408 0
-616.82739 -51.67651 -3.8508165 0
-620.23499 -51.520657 -3.8630619 0
-616.78699 -51.557362 -3.857003 0
-635.97571 -51.480377 -3.8375754 0
-635.89307 -51.449596 -3.8764811 0
-623.2558 -51.414288 -3.8230135 0
-616.81958 -51.415081 -3.8572369 0
-635.93054 -51.385582 -3.8741834 0
-635.87573 -51.218948 -3.8643684 0
-623.22766 -51.227249 -3.8965876 0
-616.78973 -51.296356 -3.840626 0
-635.95813 -51.14978 -3.8639646 0
-622.95844 -51.100704 -3.8100393 0
-616.76593 -51.198528 -3.8509352 0
-635.93933 -51.003052 -3.8730628 0
-635.8786 -51.071777 -3.8653848 0
-623.32483 -51.00647 -3.8555615 0
-623.23059 -51.028458 -3.8657799 0
-620.22754 -50.930969 -3.8706222 0
-623.22162 -50.818455 -3.8798118 0
-622.98602 -50.829601 -3.8898056 0
-620.19421 -50.8255 -3.805222 0
-635.87964 -50.734257 -3.8521478 0
-623.30475 -50.776329 -3.8494377 0
-623.19421 -50.717133 -3.8254275 0
-622.95837 -50.760853 -3.8197052 0
-620.18512 -50.754463 -3.8462908 0
-620.21417 -50.606716 -3.8558791 0
-616.83875 -50.644676 -3.8029075 0
-556.77979 -50.617229 -3.8744962 0
-635.86475 -50.559647 -3.8672295 0
-623.30457 -50.526218 -3.8420737 0
-623.23285 -50.528248 -3.864558 0
-623.18658 -50.564861 -3.8390644 0
-635.89557 -50.454029 -3.878556 0
-620.20703 -50.496483 -3.8552258 0
-620.19873 -50.473129 -3.8358791 0
-616.75409 -50.34882 -3.8460188 0
-635.90619 -50.251694 -3.8361335 0
-635.87201 -50.225208 -3.8959551 0
-623.18744 -50.282585 -3.8024707 0
-622.95068 -50.249554 -3.8063319 0
-635.86053 -50.163452 -3.8459535 0
-635.86401 -50.018169 -3.8980091 0
-620.1933 -50.048428 -3.8777339 0
-615.02942 -92.170883 -3.7399917 0
-617.21283 -92.089951 -3.7631679 0
-634.50751 -90.757423 -3.744602 0
-633.89819 -90.7323 -3.7376072 0
-621.22778 -90.723854 -3.7944582 0
-636.02008 -90.689156 -3.7147403 0
-619.10516 -90.600349 -3.7752733 0
-618.19305 -90.61438 -3.7587168 0
-642.1911 -90.576942 -3.7126222 0
-639.84979 -90.546188 -3.7394433 0
-620.04004 -90.520035 -3.7028873 0
-619.67603 -90.583138 -3.7698681 0
-619.56512 -90.568764 -3.7000515 0
-619.35272 -90.580139 -3.7397003 0
-618.43817 -90.582924 -3.732095 0
-618.14142 -90.58107 -3.713609 0
-623.69067 -90.448631 -3.7921655 0
-622.72363 -90.499413 -3.7932844 0
-622.60779 -90.482887 -3.7070949 0
-622.59296 -90.497841 -3.7929158 0
-643.20654 -87.131058 -3.7360559 0
-613.63251 -78.851036 -3.7910795 0
-613.60699 -78.602379 -3.7989955 0
-616.15179 -78.360985 -3.7187483 0
-616.4433 -77.979912 -3.7765479 0
-613.43396 -69.673523 -3.7612216 0
-613.34082 -67.150444 -3.708571 0
-636.25006 -65.454346 -3.7756016 0
-636.24548 -64.727226 -3.7837934 0
-636.23425 -64.446991 -3.771559 0
-636.19464 -64.020226 -3.7938085 0
-636.20044 -63.897823 -3.7917593 0
-636.20282 -63.796265 -3.7917483 0
-627.75598 -63.711773 -3.7774863 0
-636.18439 -63.086483 -3.7829049 0
-617.10767 -62.695244 -3.7642031 0
-636.18835 -62.356876 -3.7219253 0
-636.21497 -62.112705 -3.7534916 0
-617.07025 -62.182964 -3.7897243 0
-617.05713 -62.092487 -3.7564225 0
-617.06824 -61.696873 -3.7885652 0
-636.18317 -61.557674 -3.7840879 0
-617.05841 -61.533306 -3.7624955 0
-617.05231 -61.333454 -3.7744901 0
-617.02887 -61.211845 -3.7507892 0
-636.1333 -61.169899 -3.7724981 0
-617.09753 -60.956291 -3.7443557 0
-636.15814 -60.83947 -3.7577429 0
-617.02899 -60.670086 -3.7549229 0
-617.08057 -60.455776 -3.7406573 0
-617.03168 -60.271023 -3.7441533 0
-636.08368 -59.950363 -3.7612433 0
-616.99261 -59.995747 -3.7421453 0
-616.987 -59.750465 -3.7362919 0
-636.10309 -59.613754 -3.7513852 0
-636.08514 -59.501644 -3.7648702 0
-616.98529 -59.498775 -3.7263527 0
-636.11652 -59.209442 -3.7832172 0
-636.12366 -59.183174 -3.7717941 0
-636.08649 -59.133751 -3.7396781 0
-636.11139 -59.066002 -3.7385998 0
-636.06537 -59.040863 -3.7591705 0
-627.84857 -59.003223 -3.708101 0
-636.10016 -58.923035 -3.7551079 0
-628.06519 -58.908936 -3.7849884 0
-627.91913 -58.954296 -3.7773755 0
-627.88251 -58.951927 -3.7540548 0
-616.97266 -58.926071 -3.7073753 0
-627.89227 -58.826462 -3.7465091 0
-636.10583 -58.756821 -3.7475464 0
-636.06531 -58.748783 -3.770277 0
-648.9201 -58.698505 -3.7686818 0
-636.06409 -58.543976 -3.7333026 0
-636.03894 -58.428429 -3.7163262 0
-636.06879 -58.390835 -3.747659 0
-636.10608 -58.200577 -3.796051 0
-636.05072 -58.109837 -3.7634022 0
-616.95172 -58.174053 -3.7591717 0
-636.10138 -58.098953 -3.7334194 0
-636.0675 -58.082607 -3.7282465 0
-636.04095 -57.979923 -3.7639005 0
-636.05072 -57.889763 -3.7645614 0
-636.04034 -57.705147 -3.7640746 0
-636.0213 -57.61797 -3.7353942 0
-636.09143 -57.519329 -3.7320685 0
-616.96521 -57.486504 -3.7522345 0
-636.04285 -57.34869 -3.7399402 0
-648.95465 -57.203144 -3.7846513 0
-648.86932 -57.201256 -3.7849417 0
-636.04865 -57.106735 -3.7376246 0
-635.99426 -57.019459 -3.7193546 0
-636.02228 -56.996948 -3.7652864 0
-616.92993 -56.991932 -3.7255323 0
-636.00977 -56.830601 -3.7655714 0
-636.00543 -56.670387 -3.79884 0
-636.013 -56.581272 -3.7041299 0
-635.99103 -56.52293 -3.7948313 0
-636.00647 -56.45089 -3.7015784 0
-616.90961 -56.457062 -3.7070899 0
-636.0163 -56.339909 -3.7452352 0
-635.9892 -56.37756 -3.7900531 0
-649.80957 -56.112797 -3.7072387 0
-636.00018 -56.101959 -3.7695582 0
-636.04407 -55.831238 -3.7271369 0
-635.99457 -55.824596 -3.7761891 0
-616.91736 -55.74754 -3.7390051 0
-616.92297 -55.651882 -3.7050834 0
-635.97925 -55.584946 -3.7609613 0
-636.00214 -55.462101 -3.7864659 0
-649.26666 -55.244675 -3.7488294 0
-616.88641 -55.184151 -3.7018409 0
-636.021 -54.942211 -3.7246015 0
-635.96729 -54.961708 -3.7659137 0
-635.96741 -54.793987 -3.7860348 0
-635.98022 -54.653095 -3.764364 0
-616.88037 -54.470989 -3.778425 0
-635.95142 -54.356796 -3.7918568 0
-635.96442 -54.264904 -3.7941642 0
-627.74615 -54.212303 -3.7101254 0
-616.8573 -54.263073 -3.7770853 0
-635.96399 -54.162342 -3.7711983 0
-616.89093 -54.008587 -3.7082036 0
-635.96033 -53.953949 -3.7706251 0
-616.84918 -53.842304 -3.7698796 0
-635.9502 -53.754166 -3.7637198 0
-616.89471 -53.62991 -3.7192354 0
-635.97827 -53.594067 -3.7203505 0
-616.83563 -53.576046 -3.7397215 0
-635.98724 -53.453728 -3.7205775 0
-635.9577 -53.388878 -3.7499967 0
-635.96918 -53.264473 -3.719358 0
-616.83075 -53.111866 -3.7635274 0
-635.94409 -53.004498 -3.7268808 0
-616.87848 -52.935001 -3.7388213 0
-620.30884 -52.845058 -3.7116303 0
-620.27258 -52.80505 -3.7062149 0
-623.29089 -52.77293 -3.7153738 0
-635.93152 -52.640114 -3.7086513 0
-635.89899 -52.692963 -3.7340374 0
-616.8349 -52.62632 -3.7034323 0
-649.64819 -52.319603 -3.7269316 0
-649.74939 -52.226044 -3.7630839 0
-649.53357 -52.261292 -3.7232289 0
-620.27563 -52.244133 -3.7643414 0
-554.42224 -52.205799 -3.7517002 0
-623.24866 -52.135471 -3.7162726 0
-620.28168 -52.118088 -3.7022302 0
-616.81586 -52.066887 -3.722755 0
-635.90234 -51.955421 -3.7966924 0
-622.92297 -51.904278 -3.7692451 0
-620.23871 -51.923317 -3.7642546 0
-620.1308 -51.827797 -3.7993028 0
-616.82343 -51.879528 -3.7234635 0
-616.75385 -51.84605 -3.7667034 0
-635.91229 -51.718807 -3.7662225 0
-620.28632 -51.747116 -3.7491522 0
-620.26526 -51.651608 -3.7278023 0
-620.19946 -51.655918 -3.7284677 0
-616.78033 -51.601505 -3.773679 0
-635.9068 -51.582371 -3.7744443 0
-620.23901 -51.582146 -3.7362547 0
-635.92334 -51.440849 -3.7992914 0
-620.24512 -51.43174 -3.717602 0
-616.83325 -51.480564 -3.7241344 0
-620.22601 -51.361591 -3.7193747 0
-623.25928 -51.214317 -3.7321527 0
-623.17035 -51.289036 -3.7121179 0
-620.21429 -51.224613 -3.7929943 0
-623.17828 -51.16803 -3.7150586 0
-622.97314 -51.133503 -3.7542515 0
-620.22363 -51.191044 -3.7054451 0
-635.90057 -51.050152 -3.7259793 0
-635.87036 -51.066624 -3.7271035 0
-623.2475 -51.097607 -3.7943728 0
-623.14771 -51.082253 -3.7162302 0
-635.8996 -50.986984 -3.7380884 0
-623.22162 -50.985218 -3.7966163 0
-622.98077 -50.923691 -3.7437491 0
-635.90057 -50.855095 -3.7045863 0
-620.22601 -50.802544 -3.7277486 0
-616.77777 -50.845081 -3.7627401 0
-635.90814 -50.762341 -3.7217524 0
-635.81921 -50.652851 -3.7871773 0
-620.22705 -50.685448 -3.7173173 0
-623.2309 -50.525948 -3.7521844 0
-635.89105 -50.437366 -3.7072408 0
-620.18231 -50.41861 -3.7009923 0
-635.86334 -50.341858 -3.7774131 0
-623.18469 -50.386246 -3.746011 0
-620.20599 -50.334927 -3.7755888 0
-616.79022 -50.326122 -3.7176046 0
-622.96014 -50.260994 -3.7151828 0
-620.21362 -50.221672 -3.7059 0
-620.16876 -50.242123 -3.7206235 0
-635.85962 -50.115738 -3.7651222 0
-623.18951 -50.080471 -3.7205579 0
-622.99268 -50.023056 -3.7015016 0
-616.31714 -92.130669 -3.6776743 0
-616.0022 -92.118057 -3.6927288 0
-614.65784 -92.168098 -3.607928 0
-628.42682 -90.981003 -3.6864884 0
-632.66516 -90.81971 -3.6982002 0
-634.69464 -90.704857 -3.6986692 0
-622.41693 -90.707047 -3.6047852 0
-622.34521 -90.704391 -3.6457942 0
-619.40912 -90.743179 -3.6038833 0
-639.04803 -90.609093 -3.6525466 0
-638.75574 -90.650085 -3.6344256 0
-619.47607 -90.667542 -3.6920898 0
-621.24512 -90.509415 -3.6515744 0
-621.05615 -90.591835 -3.6005485 0
-620.89099 -90.511238 -3.6032426 0
-620.68317 -90.534103 -3.6678789 0
-620.23187 -90.549751 -3.6808965 0
-620.09589 -90.589706 -3.6505275 0
-619.71002 -90.53875 -3.6690638 0
-619.63159 -90.585045 -3.6713059 0
-618.96722 -90.580307 -3.6355727 0
-643.73065 -90.418304 -3.6407857 0
-623.44666 -90.421829 -3.6063466 0
-622.92816 -90.485275 -3.6036625 0
-622.62921 -90.432739 -3.613416 0
-622.48694 -90.455711 -3.6125329 0
-622.3584 -90.445312 -3.6118417 0
-621.69525 -90.497383 -3.6079204 0
-621.57227 -90.450897 -3.6184638 0
-621.1618 -90.498772 -3.6048503 0
-620.87708 -90.458649 -3.6356008 0
-643.3396 -87.511353 -3.6451783 0
-643.11359 -83.933586 -3.6707308 0
-615.92651 -78.919563 -3.6751804 0
-615.1098 -73.131096 -3.6751981 0
-613.46686 -72.656578 -3.6101015 0
-616.1839 -71.149376 -3.6633155 0
-613.4635 -70.224014 -3.652828 0
-613.41675 -70.065681 -3.6581817 0
-613.44611 -69.814095 -3.6596601 0
-613.23212 -69.235588 -3.6431892 0
-613.41064 -68.738922 -3.6769145 0
-635.86304 -65.948914 -3.6219075 0
-636.26929 -65.590897 -3.6506517 0
-636.30969 -65.388832 -3.6213269 0
-636.24286 -65.321053 -3.6677589 0
-635.76196 -65.295723 -3.628885 0
-635.86432 -65.086388 -3.6078346 0
-636.23004 -64.461937 -3.6065011 0
-628.164 -63.76152 -3.6561611 0
-636.18982 -63.659363 -3.6054428 0
-628.09259 -63.598083 -3.6798182 0
-636.1759 -63.066246 -3.6593657 0
-636.15723 -62.779373 -3.6878695 0
-617.10352 -62.686821 -3.6653666 0
-617.10223 -62.547752 -3.698457 0
-636.14252 -62.328369 -3.6702032 0
-617.09235 -62.197193 -3.6044717 0
-617.0614 -61.407013 -3.6716838 0
-635.76007 -61.172958 -3.6441214 0
-617.03119 -61.101704 -3.6065035 0
-636.15027 -61.014969 -3.648591 0
-617.01721 -61.045311 -3.6839864 0
-636.10284 -60.93063 -3.6242635 0
-617.04034 -60.886551 -3.6490054 0
-636.15332 -60.655216 -3.6879783 0
-617.03595 -60.669998 -3.6049612 0
-636.0791 -60.520012 -3.609942 0
-636.1499 -60.47884 -3.6798456 0
-649.01196 -59.942146 -3.6447749 0
-636.10419 -59.806995 -3.678767 0
-617.02582 -59.864094 -3.6912131 0
-636.09863 -59.691692 -3.6756573 0
-636.09625 -59.525192 -3.6499116 0
-636.05981 -59.355812 -3.6694045 0
-627.93225 -58.885788 -3.6732929 0
-627.72882 -58.826836 -3.6066053 0
-636.08386 -58.645847 -3.626945 0
-627.19147 -58.66497 -3.6600554 0
-616.95813 -58.68811 -3.6786392 0
-627.27045 -58.579716 -3.6804218 0
-627.06183 -58.517281 -3.6836646 0
-616.9671 -58.522842 -3.6383941 0
-636.04462 -58.154839 -3.655782 0
-636.05005 -57.856022 -3.6964624 0
-636.06909 -57.719353 -3.6433554 0
-616.96783 -57.586048 -3.6431084 0
-636.05499 -57.443821 -3.6758838 0
-636.04449 -57.390316 -3.6724613 0
-636.01068 -57.273022 -3.6847658 0
-636.02295 -57.143116 -3.6798155 0
-636.03906 -56.945316 -3.66733 0
-635.99554 -56.715576 -3.670068 0
-636.04565 -56.627438 -3.6819534 0
-616.96539 -56.418354 -3.6824675 0
-636.01434 -56.345867 -3.6982317 0
-616.97681 -56.399708 -3.6847987 0
-636.03345 -56.201935 -3.6593087 0
-636.02875 -56.125717 -3.6242404 0
-616.90161 -56.163113 -3.6073303 0
-643.13696 -56.033287 -3.6337698 0
-636.02765 -56.020046 -3.6450477 0
-636.01758 -55.757416 -3.6353848 0
-635.98767 -55.71703 -3.6527028 0
-554.72235 -55.738434 -3.6564136 0
-635.97351 -55.660934 -3.636487 0
-636.0014 -55.556854 -3.6294081 0
-635.99628 -55.425327 -3.6174853 0
-616.89252 -55.495773 -3.659699 0
-636.01495 -55.365517 -3.6240504 0
-635.99158 -55.205597 -3.6319859 0
-635.97632 -55.138927 -3.616173 0
-642.91473 -55.044662 -3.651135 0
-635.96545 -55.022633 -3.6860788 0
-616.87103 -54.925438 -3.6615081 0
-635.94757 -54.86758 -3.6236262 0
-635.97791 -54.766922 -3.615813 0
-635.95575 -54.543606 -3.6095631 0
-635.94055 -54.448292 -3.6199849 0
-635.94659 -54.35273 -3.6046236 0
-605.58264 -54.362488 -3.6002886 0
-649.63116 -54.282547 -3.6385076 0
-627.62823 -54.240429 -3.6864932 0
-627.54108 -54.24979 -3.6205158 0
-607.04626 -54.280735 -3.6344104 0
-635.96497 -54.127525 -3.6420231 0
-627.65845 -54.180359 -3.6848211 0
-635.92694 -54.024055 -3.6045582 0
-616.87805 -54.046242 -3.6643836 0
-616.86157 -53.94136 -3.6824279 0
-635.93665 -53.804562 -3.6938844 0
-616.82477 -53.69138 -3.6153398 0
-635.92139 -53.571365 -3.6039248 0
-616.87067 -53.534359 -3.6896462 0
-635.88318 -53.472923 -3.6550732 0
-635.93976 -53.323109 -3.6833839 0
-616.83838 -53.133163 -3.6536942 0
-635.91187 -52.915092 -3.6713328 0
-635.86847 -52.932854 -3.6363122 0
-623.2597 -52.81517 -3.6668029 0
-616.82507 -52.819454 -3.6130786 0
-619.99817 -52.723194 -3.6425402 0
-635.91156 -52.633286 -3.6706607 0
-623.25854 -52.625942 -3.6230688 0
-620.28046 -52.697968 -3.6126552 0
-635.89471 -52.511906 -3.6508105 0
-623.29773 -52.593113 -3.6587646 0
-611.51862 -52.594063 -3.6456528 0
-635.9162 -52.3508 -3.6534557 0
-616.78058 -52.330753 -3.6863427 0
-635.93231 -52.26442 -3.6186888 0
-623.24438 -52.277489 -3.6338868 0
-642.80609 -52.121513 -3.6026666 0
-635.92578 -52.154884 -3.6333413 0
-635.89771 -52.111576 -3.6300828 0
-620.2395 -52.109074 -3.6026375 0
-555.28436 -52.186947 -3.6863565 0
-635.91345 -52.035091 -3.6697564 0
-635.89441 -52.062004 -3.6565504 0
-623.27594 -52.001175 -3.6045012 0
-616.83807 -52.014584 -3.6406627 0
-623.27411 -51.976265 -3.63063 0
-635.91357 -51.868542 -3.6518364 0
-623.28839 -51.878319 -3.6530926 0
-620.27136 -51.852829 -3.6299725 0
-616.82947 -51.833122 -3.6394873 0
-635.90973 -51.710064 -3.6507015 0
-635.89087 -51.791199 -3.6463335 0
-623.27289 -51.798908 -3.6396499 0
-635.88977 -51.661114 -3.6231115 0
-623.26416 -51.673916 -3.6514087 0
-620.31036 -51.616512 -3.6933887 0
-616.79138 -51.659389 -3.6531553 0
-635.90454 -51.542492 -3.6403627 0
-635.87067 -51.528522 -3.6323843 0
-623.20721 -51.512642 -3.6634784 0
-622.94409 -51.541195 -3.6587756 0
-620.21509 -51.591328 -3.6309202 0
-635.89716 -51.496784 -3.6029737 0
-623.24823 -51.475677 -3.6019704 0
-622.97162 -51.448235 -3.6366301 0
-635.90076 -51.357006 -3.6248119 0
-635.86542 -51.350418 -3.6377907 0
-622.98346 -51.380264 -3.699414 0
-616.84332 -51.318867 -3.6487794 0
-616.77844 -51.363285 -3.6858561 0
-635.88385 -51.239555 -3.6480358 0
-623.22668 -51.256012 -3.6898265 0
-620.22101 -51.251255 -3.6646395 0
-616.7738 -51.225285 -3.6906192 0
-635.89117 -51.191788 -3.6147995 0
-623.22498 -51.155075 -3.6768034 0
-623.19934 -51.153831 -3.6669369 0
-620.21588 -51.105175 -3.6545575 0
-635.86664 -51.039806 -3.6604726 0
-623.24042 -51.044945 -3.6007144 0
-620.24524 -51.022495 -3.6987767 0
-620.19897 -51.004303 -3.6662025 0
-616.75873 -51.071056 -3.6403453 0
-635.87634 -50.995388 -3.6050124 0
-620.211 -50.979881 -3.6627192 0
-635.85425 -50.836697 -3.6131659 0
-620.20886 -50.838291 -3.6334832 0
-616.75305 -50.880863 -3.6408699 0
-649.54944 -50.705254 -3.6648648 0
-635.90063 -50.776237 -3.6963825 0
-623.20306 -50.716545 -3.6129091 0
-620.22046 -50.720177 -3.6525345 0
-620.18994 -50.711262 -3.6378219 0
-635.88861 -50.685783 -3.6896276 0
-623.01453 -50.629898 -3.692085 0
-620.2226 -50.69207 -3.6858072 0
-620.1853 -50.670265 -3.627471 0
-616.74255 -50.696182 -3.6367319 0
-635.86139 -50.520355 -3.6579328 0
-620.20215 -50.566425 -3.6125793 0
-620.15735 -50.595024 -3.6097169 0
-619.94281 -50.57621 -3.6024361 0
-649.59552 -50.491707 -3.6221159 0
-635.85077 -50.464645 -3.6334834 0
-622.97449 -50.475681 -3.6430774 0
-620.1723 -50.420872 -3.6132312 0
-616.74567 -50.443748 -3.6789117 0
-635.85944 -50.364655 -3.6420417 0
-622.9812 -50.31065 -3.642741 0
-620.18701 -50.385765 -3.6268396 0
-635.85596 -50.252144 -3.6363006 0
-623.21912 -50.265797 -3.6638129 0
-620.23132 -50.239964 -3.6729391 0
-616.73035 -50.242687 -3.6449003 0
-635.88531 -50.181351 -3.6860068 0
-623.17908 -50.113682 -3.6771626 0
-622.94189 -50.130878 -3.6019173 0
-620.17194 -50.101185 -3.617677 0
-635.87994 -50.061005 -3.6827502 0
-616.90564 -92.125 -3.5221682 0
-616.83502 -92.12812 -3.5066717 0
-616.38318 -92.103691 -3.5545449 0
-616.13855 -92.162933 -3.5030475 0
-615.54718 -92.157539 -3.523515 0
-625.45258 -91.001305 -3.5096445 0
-625.31689 -91.00975 -3.5469413 0
-629.17426 -90.935181 -3.5721436 0
-626.9043 -90.956108 -3.5052257 0
-621.60974 -90.901321 -3.5348356 0
-622.93237 -90.737839 -3.5092785 0
-622.54547 -90.738113 -3.5239341 0
-622.48566 -90.731392 -3.5816095 0
-621.62341 -90.71553 -3.5169399 0
-633.90631 -90.678322 -3.5449679 0
-622.81726 -90.686821 -3.5101855 0
-622.75903 -90.687119 -3.5796695 0
-622.68018 -90.697182 -3.5109334 0
-622.53809 -90.694336 -3.5117848 0
-620.96619 -90.692024 -3.5208316 0
-640.58234 -90.580009 -3.5177822 0
-638.78998 -90.581894 -3.5967069 0
-623.37372 -90.484337 -3.5910811 0
-622.98169 -90.414452 -3.5838156 0
-619.66382 -90.458374 -3.5244477 0
-623.79736 -90.396889 -3.5351121 0
-613.56519 -80.86763 -3.5073133 0
-615.87158 -78.038406 -3.5815487 0
-613.52094 -77.864967 -3.5104461 0
-616.38037 -77.388405 -3.557987 0
-613.58618 -76.688713 -3.5162411 0
-613.41827 -75.346161 -3.5859032 0
-616.09167 -73.635735 -3.5701942 0
-636.2511 -65.640137 -3.5403495 0
-636.30933 -65.105385 -3.5710549 0
-636.2771 -64.809853 -3.5262406 0
-636.25616 -63.94899 -3.5632553 0
-636.23376 -63.737267 -3.5608504 0
-627.48181 -63.777775 -3.5411475 0
-627.90106 -63.615387 -3.5729091 0
-627.71881 -63.560631 -3.5716925 0
-628.40857 -63.422947 -3.5110068 0
-636.16022 -63.150581 -3.5212257 0
-635.82458 -62.802063 -3.5599866 0
-617.1142 -62.627106 -3.5854347 0
-617.08801 -62.585331 -3.5745988 0
-636.17548 -62.283138 -3.52719 0
-636.17499 -62.16811 -3.5226927 0
-617.09955 -62.164627 -3.583391 0
-636.16284 -62.018585 -3.5186346 0
-635.78455 -61.985516 -3.5264831 0
-636.15741 -61.896515 -3.5320427 0
-636.1604 -61.758564 -3.5098 0
-636.1405 -61.482292 -3.5638547 0
-617.02661 -60.729935 -3.5938573 0
-617.00891 -60.402336 -3.5799942 0
-617.02655 -60.243954 -3.5897987 0
-636.11707 -60.144878 -3.5323462 0
-617.01617 -60.069122 -3.5147414 0
-616.99701 -60.065285 -3.5713494 0
-636.12665 -59.955406 -3.594152 0
-636.07831 -59.894463 -3.5224929 0
-635.71759 -59.84454 -3.5855727 0
-617.00385 -59.843815 -3.5761099 0
-636.11285 -59.622265 -3.5192251 0
-616.97931 -59.587616 -3.5446343 0
-617.00623 -59.441799 -3.5668409 0
-616.98792 -59.369835 -3.5092967 0
-627.89044 -59.005501 -3.5347838 0
-627.20337 -59.081963 -3.5248153 0
-616.98425 -59.051617 -3.5536013 0
-627.93701 -58.958466 -3.5313001 0
-636.08679 -58.761776 -3.502336 0
-627.43384 -58.749653 -3.5628867 0
-627.48865 -58.670265 -3.5626006 0
-616.94543 -58.69817 -3.5853925 0
-627.44751 -58.558987 -3.5087383 0
-627.3186 -58.593193 -3.5136459 0
-636.07062 -58.313759 -3.5426826 0
-616.96033 -57.993431 -3.5581262 0
-636.07733 -57.877953 -3.5933752 0
-616.94739 -57.781322 -3.5595331 0
-635.99896 -57.670128 -3.5257843 0
-616.92883 -57.497322 -3.5096829 0
-635.99731 -57.354462 -3.5161541 0
-636.01929 -56.812782 -3.542196 0
-636.00806 -56.452316 -3.5223877 0
-616.92517 -56.345974 -3.5734339 0
-636.00006 -56.271843 -3.5175147 0
-616.9101 -56.29459 -3.5450835 0
-636.0014 -56.106888 -3.5079362 0
-636.02307 -55.868885 -3.5420761 0
-635.62488 -55.342327 -3.5373797 0
-616.8811 -55.169231 -3.5009804 0
-635.98224 -54.866676 -3.5905163 0
-616.89563 -54.716682 -3.5795205 0
-635.97595 -54.544041 -3.5608802 0
-635.96136 -54.489204 -3.5952353 0
-649.59558 -54.322029 -3.5980442 0
-635.97241 -54.363544 -3.5695999 0
-649.6723 -54.297646 -3.5032418 0
-635.57239 -54.249241 -3.5377147 0
-627.66528 -54.245781 -3.5348303 0
-627.5968 -54.23465 -3.5611789 0
-635.92914 -54.173176 -3.5829632 0
-635.9444 -53.947067 -3.566854 0
-635.95221 -53.845341 -3.5070019 0
-635.94617 -53.742035 -3.5843687 0
-635.95282 -53.666122 -3.5702391 0
-635.93408 -53.583298 -3.5901721 0
-635.50995 -53.519539 -3.5291193 0
-616.84778 -53.535683 -3.5561483 0
-635.95013 -53.378822 -3.5374899 0
-616.83026 -53.322258 -3.5842614 0
-635.93701 -53.17432 -3.555567 0
-635.92053 -53.060032 -3.541595 0
-635.92865 -52.951187 -3.5548589 0
-635.91296 -52.845779 -3.5489359 0
-616.83331 -52.870564 -3.5229793 0
-635.92664 -52.765381 -3.523098 0
-623.30328 -52.754475 -3.5113428 0
-623.20612 -52.720753 -3.5906081 0
-635.8576 -52.646381 -3.5652857 0
-635.73987 -52.610924 -3.5361919 0
-635.90851 -52.572525 -3.5365925 0
-635.89124 -52.552959 -3.570832 0
-623.30505 -52.563393 -3.5785184 0
-623.24731 -52.45055 -3.5692856 0
-616.81409 -52.42416 -3.5711088 0
-635.90411 -52.364311 -3.5357423 0
-623.27521 -52.341839 -3.5581102 0
-635.89691 -52.18504 -3.5590477 0
-616.78497 -52.140011 -3.5463471 0
-620.2771 -52.063087 -3.5954912 0
-635.89301 -51.907291 -3.5941503 0
-635.88013 -51.851517 -3.5366912 0
-623.02112 -51.854702 -3.5573554 0
-622.9519 -51.853825 -3.5156727 0
-616.78564 -51.864025 -3.5817723 0
-635.89978 -51.787148 -3.5829265 0
-623.0437 -51.791058 -3.5021009 0
-619.97205 -51.796738 -3.5226893 0
-616.79102 -51.741299 -3.549479 0
-635.91394 -51.674072 -3.576251 0
-623.20953 -51.664734 -3.5576341 0
-635.90674 -51.525589 -3.5658178 0
-635.86743 -51.579273 -3.5285778 0
-623.16046 -51.54776 -3.5313659 0
-620.25854 -51.568241 -3.5889356 0
-620.17902 -51.511837 -3.5553861 0
-635.84705 -51.449234 -3.5563226 0
-623.23059 -51.493366 -3.5175753 0
-622.90112 -51.455349 -3.5744221 0
-620.23682 -51.405964 -3.5447872 0
-620.0166 -51.464344 -3.5471513 0
-635.89246 -51.362942 -3.5557799 0
-616.77441 -51.356522 -3.5259421 0
-635.87469 -51.210888 -3.546051 0
-620.21704 -51.26157 -3.5834339 0
-616.78442 -51.284943 -3.5073955 0
-623.21973 -51.106548 -3.5197933 0
-635.85992 -51.056026 -3.5590827 0
-623.22607 -51.068516 -3.5426013 0
-623.18414 -51.076412 -3.5921984 0
-620.21759 -51.040916 -3.5336339 0
-616.77649 -51.060493 -3.5402539 0
-635.87457 -50.94223 -3.5293825 0
-620.21814 -50.968933 -3.5140901 0
-620.19446 -50.977623 -3.5790484 0
-616.90063 -50.905869 -3.5980682 0
-635.86908 -50.834583 -3.5948498 0
-620.16058 -50.844624 -3.5528176 0
-616.77509 -50.866272 -3.5293813 0
-635.85583 -50.779388 -3.5297594 0
-623.18927 -50.793064 -3.5452814 0
-635.86359 -50.668533 -3.543973 0
-623.23132 -50.66143 -3.5776188 0
-622.98431 -50.665253 -3.5354321 0
-620.18591 -50.654926 -3.5603313 0
-616.71893 -50.685436 -3.5629759 0
-635.8631 -50.508297 -3.5688696 0
-623.17047 -50.519794 -3.5704675 0
-620.17786 -50.554012 -3.5129547 0
-619.99414 -50.551117 -3.5377316 0
-642.91223 -50.42989 -3.5227559 0
-623.20544 -50.493752 -3.5237718 0
-620.23083 -50.483536 -3.5811853 0
-620.16345 -50.449608 -3.5526559 0
-635.86798 -50.36953 -3.5629487 0
-620.00323 -50.315605 -3.5377491 0
-635.82269 -50.264339 -3.5841861 0
-623.17352 -50.220486 -3.5936475 0
-623.00238 -50.23019 -3.599319 0
-622.92542 -50.291225 -3.5691185 0
-620.21094 -50.292503 -3.5142899 0
-619.97455 -50.22456 -3.5910802 0
-635.84375 -50.153358 -3.5654132 0
-620.1366 -50.114803 -3.5444744 0
-616.79431 -50.110027 -3.5718489 0
-649.58148 -50.030933 -3.5828075 0
-635.83539 -50.042221 -3.5323803 0
-620.21143 -50.061359 -3.5796158 0
-617.51569 -92.102394 -3.4262438 0
-616.94092 -92.12941 -3.4460213 0
-616.62671 -92.101639 -3.4615402 0
-616.59601 -92.143509 -3.4549632 0
-616.25098 -92.142792 -3.4694345 0
-616.00934 -92.130013 -3.4969552 0
-627.17346 -91.014442 -3.4467258 0
-626.81171 -91.012108 -3.4104919 0
-626.41565 -91.022186 -3.4061058 0
-630.29633 -90.832436 -3.4732466 0
-630.13867 -90.874176 -3.4651759 0
-629.89014 -90.887466 -3.4433393 0
-629.16498 -90.881065 -3.4559443 0
-620.78247 -90.812187 -3.4462979 0
-618.98157 -90.828781 -3.4657052 0
-622.35028 -90.785713 -3.4054983 0
-620.83539 -90.786354 -3.4311099 0
-619.46661 -90.786476 -3.4321592 0
-621.27484 -90.644478 -3.4530315 0
-617.90802 -90.614143 -3.4855731 0
-641.16791 -90.515465 -3.4854369 0
-623.22131 -90.525681 -3.4847159 0
-620.03394 -90.539154 -3.4273117 0
-643.46686 -87.465309 -3.416991 0
-623.66235 -85.326691 -3.458132 0
-643.44556 -84.447655 -3.4626 0
-613.70068 -82.627525 -3.4742637 0
-613.40741 -75.076103 -3.4006076 0
-613.30005 -72.841125 -3.4375267 0
-613.28418 -71.681023 -3.4066753 0
-613.4425 -71.366798 -3.4614565 0
-613.34717 -69.879379 -3.4765778 0
-613.25739 -69.090828 -3.4971662 0
-636.24878 -65.415962 -3.4452713 0
-636.24542 -65.260681 -3.4416707 0
-636.23694 -64.634445 -3.4273825 0
-636.2066 -64.508888 -3.4631512 0
-636.19043 -64.388412 -3.4547055 0
-636.19653 -64.228065 -3.4532919 0
-636.30621 -64.124443 -3.4378688 0
-635.83673 -64.151237 -3.4636159 0
-627.45819 -63.90921 -3.4370317 0
-627.9043 -63.658237 -3.4993114 0
-626.84564 -63.644184 -3.4030597 0
-627.52393 -63.517288 -3.4239538 0
-636.17322 -63.441044 -3.4245682 0
-627.83636 -63.423306 -3.4039195 0
-627.46906 -63.373306 -3.4286489 0
-636.17169 -63.286221 -3.4242792 0
-636.18549 -63.185875 -3.422477 0
-635.83844 -63.116875 -3.46071 0
-636.1698 -62.940388 -3.4055324 0
-635.81921 -62.722691 -3.4887247 0
-636.23236 -62.531731 -3.4452598 0
-636.18683 -62.510666 -3.4106579 0
-636.21533 -62.270061 -3.4709432 0
-636.19861 -62.248627 -3.4847081 0
-617.09253 -61.837124 -3.4275763 0
-635.78357 -61.728237 -3.4561939 0
-617.03394 -61.214306 -3.4984279 0
-636.16327 -60.990494 -3.426578 0
-635.74457 -60.846897 -3.470978 0
-636.1344 -60.243088 -3.4067292 0
-617.04364 -60.143501 -3.4372981 0
-635.70081 -60.053501 -3.452029 0
-648.41327 -59.966549 -3.4610481 0
-616.97717 -59.728123 -3.4132075 0
-617.01849 -59.679363 -3.4805422 0
-616.99237 -59.623013 -3.4679418 0
-636.06866 -59.02161 -3.4371309 0
-627.91632 -58.908703 -3.4276583 0
-627.84955 -58.922073 -3.4321518 0
-627.42737 -58.754837 -3.4690938 0
-616.96344 -58.794914 -3.4597938 0
-636.21863 -58.520016 -3.4232824 0
-636.22034 -58.14407 -3.4080102 0
-627.13562 -58.081429 -3.4043615 0
-627.69714 -57.993092 -3.4175482 0
-616.95349 -57.94104 -3.4333847 0
-636.04852 -57.639072 -3.4740083 0
-616.93719 -57.557529 -3.4422522 0
-636.05389 -57.488865 -3.473691 0
-635.62903 -57.303535 -3.4741025 0
-636.02008 -57.237972 -3.4068267 0
-616.92047 -57.186741 -3.4219239 0
-616.91284 -57.081367 -3.4052005 0
-636.02032 -56.752228 -3.4213266 0
-636.0144 -56.456413 -3.4473829 0
-616.9057 -56.449017 -3.4707303 0
-636.01447 -56.310844 -3.4470019 0
-616.88019 -56.377918 -3.4698653 0
-649.68768 -56.075855 -3.4722099 0
-643.04395 -56.053638 -3.4723322 0
-635.96143 -56.073513 -3.403162 0
-635.98035 -55.936958 -3.4869738 0
-635.59967 -55.946266 -3.4373837 0
-616.92834 -55.96394 -3.4242003 0
-616.88068 -55.916157 -3.430567 0
-635.98969 -55.761265 -3.4935472 0
-616.84601 -55.615849 -3.4317243 0
-635.98102 -55.595917 -3.4841034 0
-635.97736 -55.430767 -3.4745891 0
-616.90863 -55.405479 -3.4782255 0
-636.01575 -55.392899 -3.4815452 0
-635.99835 -55.305283 -3.429234 0
-635.96893 -55.260281 -3.4699967 0
-616.86902 -55.214493 -3.4362841 0
-635.96527 -55.095131 -3.4604797 0
-616.86957 -55.05719 -3.404201 0
-635.95728 -54.922638 -3.4501536 0
-635.56659 -54.854485 -3.432411 0
-635.95142 -54.743366 -3.4278374 0
-616.88483 -54.796249 -3.4918139 0
-635.95587 -54.513248 -3.4601843 0
-635.59949 -54.571789 -3.4999282 0
-616.86133 -54.491619 -3.4109857 0
-635.58893 -54.326874 -3.4881277 0
-605.85065 -54.310158 -3.4215407 0
-635.94318 -54.238884 -3.4221265 0
-627.65021 -54.219868 -3.409112 0
-635.9552 -54.106789 -3.4029505 0
-610.17834 -54.194572 -3.4283872 0
-635.58276 -54.076485 -3.4758756 0
-635.94769 -53.925568 -3.4038093 0
-635.89917 -53.822067 -3.4012218 0
-635.57874 -53.845966 -3.4645276 0
-635.56818 -53.601051 -3.4527338 0
-616.87183 -53.572609 -3.4903297 0
-635.9281 -53.351715 -3.4822288 0
-635.56311 -53.360596 -3.4409394 0
-616.8382 -53.363518 -3.4304273 0
-635.93793 -53.102329 -3.4906781 0
-635.55463 -53.135551 -3.4300506 0
-635.9325 -53.071426 -3.4480174 0
-616.84375 -53.074509 -3.4758673 0
-635.93005 -52.866405 -3.4315279 0
-623.30945 -52.723305 -3.4634624 0
-616.81573 -52.595821 -3.4856331 0
-635.91754 -52.485252 -3.4341836 0
-635.52618 -52.424957 -3.449007 0
-623.2467 -52.459846 -3.4777846 0
-620.23688 -52.427692 -3.4148767 0
-616.80731 -52.415276 -3.4805613 0
-623.19666 -52.355145 -3.4522316 0
-620.25348 -52.331512 -3.4471829 0
-635.73346 -52.225544 -3.4631314 0
-623.21063 -52.20047 -3.4644995 0
-616.79999 -52.249664 -3.4746616 0
-635.56476 -52.172234 -3.4653292 0
-556.23657 -52.085228 -3.4304838 0
-635.88336 -51.933514 -3.4449537 0
-623.27057 -51.982288 -3.4449425 0
-623.0249 -51.964119 -3.4799597 0
-619.95697 -51.968639 -3.4209406 0
-635.88135 -51.824261 -3.4245625 0
-620.22729 -51.860729 -3.4482505 0
-635.87524 -51.760078 -3.4805269 0
-635.90527 -51.67931 -3.4566469 0
-620.1712 -51.605347 -3.465112 0
-649.6272 -51.505821 -3.425072 0
-623.21362 -51.576626 -3.4409759 0
-622.95435 -51.552937 -3.4123423 0
-620.22614 -51.519234 -3.4353561 0
-616.79547 -51.515049 -3.4561005 0
-635.88293 -51.426857 -3.4404497 0
-635.87604 -51.352459 -3.4622734 0
-623.2478 -51.394749 -3.4771566 0
-620.21033 -51.399883 -3.4338505 0
-649.55096 -51.255749 -3.4114568 0
-635.86578 -51.238346 -3.4977686 0
-623.17236 -51.201759 -3.4626729 0
-642.89923 -51.133739 -3.4064598 0
-635.85107 -51.151432 -3.4427471 0
-620.25122 -51.164795 -3.406817 0
-620.17542 -51.151684 -3.419971 0
-616.76343 -51.151974 -3.4532492 0
-635.8537 -51.024303 -3.4635658 0
-623.1897 -51.04694 -3.4876821 0
-620.20819 -51.064571 -3.4778628 0
-616.77814 -51.083477 -3.4375732 0
-635.84644 -50.965221 -3.4197397 0
-620.21875 -50.98925 -3.4370186 0
-635.85425 -50.845142 -3.4517975 0
-620.1626 -50.848942 -3.4751296 0
-635.86096 -50.741962 -3.4362826 0
-623.22833 -50.779877 -3.4662273 0
-623.17194 -50.725567 -3.4187675 0
-620.1795 -50.701408 -3.4601018 0
-635.84521 -50.622753 -3.4508681 0
-623.20172 -50.688461 -3.4104161 0
-623.15314 -50.653133 -3.4393446 0
-620.19147 -50.50592 -3.4966121 0
-635.85211 -50.469166 -3.4410419 0
-623.15491 -50.486176 -3.4727578 0
-620.19098 -50.414619 -3.4701312 0
-616.76233 -50.424637 -3.4015052 0
-635.83722 -50.382435 -3.4527233 0
-620.20844 -50.381462 -3.4437673 0
-616.74615 -50.365391 -3.4386866 0
-605.41449 -50.3797 -3.4284623 0
-635.82129 -50.226448 -3.4364774 0
-623.13031 -50.209644 -3.4641249 0
-616.742 -50.269707 -3.4809799 0
-616.69855 -50.232208 -3.4861972 0
-635.83301 -50.12323 -3.4381659 0
-623.16394 -50.152538 -3.4035869 0
-620.16992 -50.131027 -3.4098394 0
-605.39771 -50.127724 -3.414896 0
-635.90033 -50.036495 -3.4037459 0
-635.85144 -50.061226 -3.4747725 0
-623.22131 -50.040222 -3.4708898 0
-622.99677 -50.071346 -3.4912786 0
-616.83337 -92.141373 -3.3735573 0
-615.99304 -92.145035 -3.3157389 0
-615.87787 -92.11293 -3.3523543 0
-615.08105 -92.134697 -3.3712678 0
-616.03699 -92.091576 -3.3470552 0
-626.93982 -91.049431 -3.3135972 0
-625.8075 -91.049652 -3.3600979 0
-625.50916 -91.024109 -3.3640003 0
-629.20447 -90.932045 -3.3694108 0
-629.18866 -90.939194 -3.3391502 0
-626.7915 -90.968628 -3.3032541 0
-631.20959 -90.864273 -3.3875582 0
-619.05133 -90.862633 -3.3679519 0
-618.72632 -90.871521 -3.3765326 0
-635.89502 -90.736969 -3.3376708 0
-635.75684 -90.755203 -3.3474491 0
-630.78003 -90.758636 -3.396719 0
-623.01135 -90.720932 -3.3842208 0
-622.03351 -90.78997 -3.3995562 0
-618.70081 -90.780594 -3.3320901 0
-618.63214 -90.769341 -3.3585503 0
-636.76251 -90.688988 -3.3593161 0
-636.06604 -90.654617 -3.3585596 0
-618.06866 -90.620033 -3.3679733 0
-617.92535 -90.63443 -3.3762355 0
-638.45551 -90.548645 -3.3995357 0
-620.37299 -90.556244 -3.3226211 0
-619.97516 -90.562469 -3.3795984 0
-618.2215 -90.564003 -3.3588531 0
-624.17926 -90.450462 -3.370548 0
-624.06818 -90.462997 -3.3770394 0
-623.99402 -90.49292 -3.3675506 0
-623.83667 -90.471931 -3.3757355 0
-623.74518 -90.490837 -3.381609 0
-623.28613 -90.49781 -3.3736722 0
-613.50061 -79.390564 -3.3534544 0
-616.04529 -78.537346 -3.3168447 0
-613.32025 -77.817368 -3.3086624 0
-616.07928 -73.977684 -3.3059859 0
-614.90204 -73.886337 -3.3335023 0
-613.29138 -72.941643 -3.3322573 0
-613.26056 -71.830505 -3.3746903 0
-613.31482 -71.146904 -3.312407 0
-613.30457 -70.036774 -3.3201118 0
-613.22107 -68.106079 -3.3914578 0
-613.21295 -67.614243 -3.344059 0
-613.15771 -66.557373 -3.3852077 0
-635.86981 -66.092957 -3.355299 0
-636.1983 -65.330353 -3.3426962 0
-627.24432 -64.857567 -3.329093 0
-635.83728 -64.453232 -3.3008077 0
-642.81506 -64.351212 -3.3636899 0
-626.95416 -64.374649 -3.3258438 0
-643.24976 -64.284691 -3.3546703 0
-635.82605 -64.066765 -3.3099167 0
-626.87109 -64.013161 -3.3929536 0
-626.79303 -64.055557 -3.3909726 0
-626.58038 -64.077438 -3.3689108 0
-627.38318 -63.813286 -3.3760889 0
-636.17578 -63.739273 -3.3510783 0
-626.59277 -63.731644 -3.3564427 0
-627.53326 -63.594009 -3.3360851 0
-628.76886 -63.246403 -3.3589964 0
-636.1886 -62.851578 -3.3910432 0
-626.81378 -62.890411 -3.3382924 0
-636.15137 -62.438908 -3.3868821 0
-636.13763 -62.106064 -3.3773875 0
-636.13971 -61.908813 -3.3939972 0
-617.03705 -61.664867 -3.3880596 0
-635.7843 -61.363335 -3.3374162 0
-636.17029 -61.216827 -3.3525183 0
-617.04181 -61.119061 -3.360672 0
-617.08136 -60.077717 -3.3755469 0
-648.52405 -59.990505 -3.3642642 0
-648.49005 -59.970821 -3.3637481 0
-635.73883 -59.972939 -3.3981073 0
-636.13062 -59.801453 -3.353452 0
-617.22467 -59.869469 -3.3818579 0
-617.07501 -59.822662 -3.355989 0
-616.98041 -59.642307 -3.332901 0
-617.05902 -59.582291 -3.3428864 0
-636.06757 -59.335407 -3.312604 0
-635.70319 -59.34864 -3.3125384 0
-616.97546 -59.342278 -3.3976681 0
-616.96149 -59.023449 -3.3912122 0
-627.93494 -58.948792 -3.3592775 0
-627.82147 -58.931591 -3.3747478 0
-627.75903 -58.995991 -3.3855865 0
-626.9726 -58.948341 -3.3869476 0
-636.14941 -58.897503 -3.3655403 0
-627.83984 -58.897324 -3.3580439 0
-626.98151 -58.641525 -3.3642066 0
-626.84326 -58.620728 -3.3505681 0
-626.74084 -58.665298 -3.3106043 0
-627.18799 -58.557373 -3.378535 0
-626.73071 -58.526932 -3.3490682 0
-616.94635 -58.455803 -3.3005679 0
-635.82587 -58.308601 -3.3383701 0
-627.18689 -58.354336 -3.3550599 0
-616.90692 -58.394653 -3.3440332 0
-635.98431 -58.146069 -3.3801129 0
-627.17548 -58.168594 -3.3367586 0
-616.95203 -58.027496 -3.3530927 0
-636.06134 -57.921627 -3.3735294 0
-626.97717 -57.824165 -3.377681 0
-636.21851 -57.793381 -3.3930068 0
-636.07977 -57.480869 -3.3573093 0
-636.00726 -57.115025 -3.3978631 0
-616.92151 -57.135208 -3.3260951 0
-616.89923 -57.168575 -3.3589456 0
-635.99799 -57.097069 -3.3998823 0
-636.02118 -56.978252 -3.3434987 0
-636.14789 -56.655106 -3.351824 0
-635.98956 -56.613415 -3.3896406 0
-636.0155 -56.33844 -3.3213038 0
-635.98907 -56.288399 -3.365416 0
-649.81763 -56.092995 -3.3369112 0
-649.6767 -56.066936 -3.3011289 0
-616.89227 -56.007854 -3.3002017 0
-555.91101 -55.833454 -3.3947217 0
-635.99347 -55.764053 -3.3693178 0
-635.90692 -55.660416 -3.3557105 0
-635.98126 -55.132545 -3.3562939 0
-635.64166 -55.051575 -3.3588717 0
-616.87262 -55.026501 -3.3300042 0
-616.85492 -54.846394 -3.3895869 0
-635.56885 -54.71315 -3.3376055 0
-635.94885 -54.527557 -3.3006907 0
-616.8476 -54.42836 -3.3853788 0
-649.61884 -54.323116 -3.3664737 0
-627.62488 -54.31171 -3.3471208 0
-616.88458 -54.375721 -3.385859 0
-607.03131 -54.329384 -3.3392069 0
-635.95953 -54.266953 -3.3484955 0
-608.71118 -54.201908 -3.3814113 0
-608.5611 -54.222965 -3.3771813 0
-607.47656 -54.240181 -3.3482833 0
-607.17651 -54.298935 -3.3529165 0
-607.02502 -54.283882 -3.3511319 0
-605.80829 -54.292782 -3.3689122 0
-635.92603 -54.195278 -3.3330216 0
-635.9939 -54.021786 -3.3047152 0
-616.84839 -54.049599 -3.3541369 0
-635.92236 -53.626328 -3.3393383 0
-635.92865 -53.365662 -3.3654015 0
-635.91479 -53.287262 -3.3812282 0
-635.9281 -53.115524 -3.3896346 0
-616.82397 -53.165604 -3.3444538 0
-605.49719 -53.123447 -3.3147333 0
-635.92017 -53.062325 -3.3510568 0
-616.81653 -53.028847 -3.3525031 0
-635.9082 -52.936935 -3.3616326 0
-616.84357 -52.932526 -3.3510833 0
-616.7782 -52.953548 -3.3108211 0
-635.90381 -52.730129 -3.3677409 0
-635.91296 -52.638477 -3.3572016 0
-616.80939 -52.649174 -3.3299928 0
-623.27087 -52.569118 -3.3094709 0
-616.80914 -52.596004 -3.3517058 0
-635.87372 -52.485619 -3.3254855 0
-623.25446 -52.483231 -3.3024809 0
-616.80927 -52.426125 -3.3603117 0
-635.48053 -52.300186 -3.3250525 0
-623.24884 -52.380493 -3.3849158 0
-616.73688 -52.398834 -3.3084259 0
-642.93457 -52.292286 -3.3940294 0
-635.88336 -52.233345 -3.3731141 0
-623.23206 -52.285809 -3.3225436 0
-616.80414 -52.287437 -3.31709 0
-635.9068 -52.191154 -3.3682063 0
-616.81348 -52.105484 -3.3870978 0
-616.79663 -52.169258 -3.3380251 0
-554.40417 -52.192944 -3.3486574 0
-635.88873 -52.097656 -3.3918538 0
-623.24115 -52.058758 -3.3251297 0
-620.2417 -52.012173 -3.3720393 0
-635.87158 -51.939888 -3.3195996 0
-623.23566 -51.974258 -3.3125551 0
-616.83649 -51.926277 -3.3563995 0
-616.76544 -51.927151 -3.3715165 0
-635.89575 -51.884975 -3.3816657 0
-616.79639 -51.89048 -3.3053918 0
-635.94 -51.775208 -3.3712428 0
-623.23401 -51.734089 -3.3569527 0
-616.83411 -51.753246 -3.3931146 0
-616.78241 -51.788555 -3.3259339 0
-635.84247 -51.624607 -3.3515816 0
-623.21466 -51.669334 -3.3033683 0
-616.79138 -51.673603 -3.3273907 0
-635.84985 -51.539185 -3.3188314 0
-616.77814 -51.523659 -3.3133562 0
-620.22278 -51.443501 -3.3133516 0
-619.97125 -51.495274 -3.3583369 0
-616.80072 -51.454525 -3.315501 0
-616.7832 -51.427979 -3.3351157 0
-635.86151 -51.331371 -3.3420787 0
-616.78711 -51.323315 -3.319886 0
-619.95935 -51.296707 -3.3592849 0
-616.77441 -51.2188 -3.3113155 0
-620.2157 -51.158539 -3.3679857 0
-616.77972 -51.138077 -3.3116353 0
-623.22211 -51.026413 -3.3926482 0
-616.77362 -51.043163 -3.3126554 0
-635.83301 -50.945915 -3.3525026 0
-616.7724 -50.948017 -3.3085506 0
-623.18518 -50.84198 -3.3657098 0
-616.77997 -50.840057 -3.3479538 0
-620.20349 -50.732498 -3.3871834 0
-620.19983 -50.789345 -3.3504169 0
-616.80511 -50.731548 -3.3002043 0
-616.76514 -50.757957 -3.3054631 0
-635.862 -50.641773 -3.350563 0
-623.17755 -50.660622 -3.3120039 0
-616.76434 -50.697857 -3.3026083 0
-635.86627 -50.548428 -3.3394446 0
-619.92517 -50.550655 -3.3208866 0
-616.76587 -50.566471 -3.3558388 0
-605.54498 -50.5014 -3.3186889 0
-649.54492 -50.43586 -3.3310452 0
-635.86206 -50.498318 -3.3388386 0
-620.20074 -50.475479 -3.390933 0
-649.58099 -50.384613 -3.3566341 0
-635.84045 -50.348793 -3.3439291 0
-622.99402 -50.348049 -3.3159578 0
-616.7569 -50.363068 -3.3026538 0
-642.85773 -50.201416 -3.390533 0
-635.87109 -50.251305 -3.346869 0
-623.22205 -50.286743 -3.3450372 0
-623.18787 -50.291088 -3.3963478 0
-620.25793 -50.244827 -3.357482 0
-620.16266 -50.264957 -3.3911369 0
-605.42236 -50.237003 -3.3672161 0
-635.90179 -50.143597 -3.3194728 0
-635.8465 -50.138752 -3.3638086 0
-605.40497 -50.132835 -3.3274319 0
-622.94843 -50.042969 -3.32587 0
-616.72668 -50.046894 -3.3663206 0
-605.40546 -50.081005 -3.3637998 0
-617.51904 -92.116364 -3.2459843 0
-615.82623 -92.139008 -3.2609484 0
-615.57953 -92.155403 -3.2722719 0
-614.2641 -92.183502 -3.2103956 0
-614.01416 -92.178345 -3.2178135 0
-617.17358 -92.094566 -3.2268779 0
-616.57855 -92.098755 -3.2029998 0
-626.16754 -91.000259 -3.2676089 0
-625.51227 -91.040756 -3.2622721 0
-625.35187 -91.034218 -3.233073 0
-625.12329 -91.048477 -3.2414088 0
-627.63776 -90.939987 -3.2536266 0
-633.01215 -90.800751 -3.2148848 0
-632.94678 -90.859489 -3.2755961 0
-632.35522 -90.849678 -3.2800124 0
-631.45172 -90.837364 -3.2933707 0
-631.34583 -90.845123 -3.2949266 0
-629.95306 -90.867584 -3.204073 0
-635.4342 -90.740387 -3.2611561 0
-634.84106 -90.782089 -3.2639563 0
-633.80627 -90.798485 -3.2693295 0
-633.3761 -90.795547 -3.2759974 0
-622.86292 -90.736511 -3.298449 0
-622.69177 -90.798714 -3.26581 0
-621.58588 -90.761894 -3.2922664 0
-620.5473 -90.768669 -3.2278574 0
-639.07245 -90.631042 -3.2404399 0
-638.26593 -90.606293 -3.2182074 0
-637.32129 -90.611122 -3.2883768 0
-638.65509 -90.587997 -3.2075937 0
-624.23743 -90.455032 -3.2444649 0
-643.53204 -87.522614 -3.2605278 0
-643.41455 -87.543594 -3.2210374 0
-643.53119 -87.450523 -3.2498128 0
-643.21124 -84.414337 -3.2119143 0
-613.56897 -83.597282 -3.2554469 0
-613.50916 -80.654839 -3.2633786 0
-613.53137 -79.513115 -3.204926 0
-613.43909 -79.502602 -3.2949357 0
-613.56787 -79.142311 -3.2056141 0
-613.30347 -75.303764 -3.2237484 0
-613.28558 -74.282188 -3.2463515 0
-613.29895 -74.102776 -3.2775431 0
-616.06952 -74.021187 -3.2734256 0
-615.39856 -73.524025 -3.2943752 0
-613.40198 -73.460182 -3.2247689 0
-613.3255 -73.471764 -3.2923291 0
-613.24902 -73.43203 -3.2408285 0
-613.37012 -72.899239 -3.2521284 0
-613.37866 -72.619125 -3.2534599 0
-613.383 -72.374115 -3.2547483 0
-613.26581 -72.148903 -3.2967424 0
-616.18085 -71.202042 -3.2398047 0
-616.19672 -71.191513 -3.2662146 0
-613.18512 -70.483299 -3.2950099 0
-613.29761 -69.930199 -3.25542 0
-613.2959 -69.887306 -3.2734976 0
-613.18738 -66.915306 -3.219156 0
-635.88281 -66.070694 -3.2397828 0
-635.79871 -64.434471 -3.2023385 0
-635.78949 -63.962589 -3.2926705 0
-635.87805 -63.801605 -3.2306485 0
-627.28162 -63.850708 -3.2780473 0
-627.82605 -63.728416 -3.2866554 0
-629.59155 -63.270737 -3.2058942 0
-629.03455 -63.149536 -3.2278116 0
-627.81268 -63.103455 -3.2723165 0
-626.78229 -63.007347 -3.2727954 0
-635.77789 -62.91188 -3.2779105 0
-635.7923 -62.600819 -3.2497082 0
-617.10669 -62.554554 -3.2066967 0
-617.06104 -62.282448 -3.2501836 0
-635.76056 -62.005566 -3.2521021 0
-617.21008 -62.005177 -3.2931998 0
-617.03168 -62.076469 -3.2918367 0
-617.17157 -61.973377 -3.2821002 0
-617.05133 -61.929672 -3.2181249 0
-617.04156 -61.756393 -3.2900224 0
-635.72516 -61.626694 -3.2824602 0
-617.17999 -61.514645 -3.2897844 0
-635.72229 -61.490192 -3.2289217 0
-617.00891 -61.411819 -3.2933171 0
-617.11548 -61.117622 -3.2772064 0
-635.70929 -60.912842 -3.2792957 0
-635.7226 -60.774662 -3.2194426 0
-617.00079 -60.741714 -3.28912 0
-617.00739 -60.480103 -3.247123 0
-617.09186 -60.391609 -3.2757068 0
-617.01233 -60.264347 -3.2858343 0
-617.00812 -60.134258 -3.2863765 0
-617.02203 -60.021603 -3.2246447 0
-617.02515 -59.975056 -3.2881515 0
-616.99878 -59.904495 -3.269227 0
-635.69159 -59.881611 -3.2921 0
-616.97455 -59.84214 -3.2805758 0
-635.67346 -59.747261 -3.2709541 0
-616.98541 -59.700943 -3.2539573 0
-635.66919 -59.550037 -3.2816255 0
-617.07092 -59.53524 -3.2707303 0
-626.81848 -59.243137 -3.2295992 0
-626.73022 -59.249191 -3.2451947 0
-616.96265 -59.207157 -3.277282 0
-635.69971 -59.055733 -3.2862411 0
-627.63141 -59.03825 -3.287298 0
-627.44342 -59.030071 -3.2282894 0
-627.9173 -58.910728 -3.242708 0
-627.87866 -58.900352 -3.2833803 0
-627.74799 -58.971935 -3.2366097 0
-617.0506 -58.98444 -3.2672093 0
-616.9491 -58.982208 -3.2658749 0
-628.39996 -58.846401 -3.2102573 0
-627.79321 -58.870209 -3.2671516 0
-627.66058 -58.794933 -3.2503266 0
-616.95929 -58.572876 -3.2725914 0
-635.61908 -58.438824 -3.2428162 0
-635.65881 -58.338585 -3.2547333 0
-627.23193 -58.311443 -3.2636814 0
-616.94336 -58.330765 -3.220423 0
-635.92999 -58.217468 -3.2617896 0
-617.07465 -58.291367 -3.2583556 0
-635.63965 -58.086235 -3.2125964 0
-616.93213 -57.920181 -3.285954 0
-635.6319 -57.836079 -3.2152061 0
-635.62909 -57.642006 -3.2781284 0
-635.64532 -57.574284 -3.2207057 0
-617.0545 -57.545681 -3.2470419 0
-616.9231 -57.534588 -3.2161295 0
-635.61005 -57.314449 -3.2001607 0
-616.92926 -57.371803 -3.2666912 0
-635.60608 -57.270809 -3.2018845 0
-635.6178 -56.965034 -3.2096136 0
-635.63147 -56.704418 -3.2670267 0
-635.65576 -56.446072 -3.2436504 0
-616.88416 -56.448166 -3.2459428 0
-616.96094 -56.205757 -3.2521594 0
-649.72467 -56.048176 -3.2487314 0
-635.62262 -56.053288 -3.2588663 0
-616.85022 -55.810669 -3.2833602 0
-554.8114 -55.780155 -3.281323 0
-554.75928 -55.730518 -3.2672663 0
-553.94543 -55.731781 -3.2157035 0
-635.60767 -55.592457 -3.2480075 0
-635.98627 -55.414684 -3.2908611 0
-636.00824 -55.257401 -3.250828 0
-635.93414 -55.267643 -3.2476621 0
-635.83099 -55.273598 -3.2687869 0
-635.72162 -55.270859 -3.2381289 0
-635.65637 -55.274181 -3.235229 0
-635.57336 -55.265869 -3.2313716 0
-616.93127 -55.21685 -3.2302697 0
-616.87128 -55.232567 -3.2125103 0
-635.58813 -55.146915 -3.2416167 0
-616.98456 -55.137932 -3.2232215 0
-635.94733 -54.845093 -3.2882512 0
-635.57196 -54.845467 -3.2451036 0
-635.55286 -54.712578 -3.2226696 0
-616.96454 -54.462212 -3.2138658 0
-649.64819 -54.352253 -3.2538941 0
-635.53717 -54.364109 -3.2363465 0
-616.85693 -54.321339 -3.2690587 0
-605.83069 -54.335968 -3.2864087 0
-635.9231 -54.221416 -3.289614 0
-635.5401 -54.289642 -3.2357633 0
-627.60284 -54.213482 -3.2170124 0
-616.90222 -54.24855 -3.2132657 0
-608.92285 -54.239914 -3.2341399 0
-608.7785 -54.225586 -3.2363989 0
-611.50989 -54.076183 -3.2562816 0
-635.54321 -53.739006 -3.2227616 0
-616.8363 -53.549652 -3.27579 0
-635.88721 -53.462818 -3.277173 0
-635.53198 -53.479034 -3.250963 0
-635.95532 -53.392654 -3.2818635 0
-635.53552 -53.393608 -3.2537141 0
-616.83691 -53.285957 -3.2686243 0
-635.69934 -53.128845 -3.2606339 0
-635.53644 -53.124882 -3.2116497 0
-616.9248 -53.18557 -3.2023628 0
-635.5387 -53.06847 -3.21278 0
-620.26251 -52.889366 -3.2194362 0
-616.82312 -52.870968 -3.2122579 0
-635.51996 -52.75853 -3.2071276 0
-620.25745 -52.777237 -3.2197356 0
-635.50647 -52.601128 -3.2359149 0
-635.49475 -52.636562 -3.2109835 0
-623.27264 -52.51897 -3.2057033 0
-620.2439 -52.576908 -3.2100818 0
-620.086 -52.548588 -3.2818322 0
-616.81964 -52.505398 -3.2240272 0
-623.24658 -52.471779 -3.2353935 0
-620.23987 -52.416039 -3.2054543 0
-605.51996 -52.494946 -3.2739782 0
-635.49628 -52.355885 -3.2059808 0
-623.24402 -52.350033 -3.2260287 0
-620.23639 -52.356064 -3.209723 0
-635.72797 -52.236061 -3.2049599 0
-635.66504 -52.23381 -3.2109473 0
-635.52942 -52.252579 -3.2318573 0
-635.48041 -52.292587 -3.2468317 0
-620.24841 -52.202106 -3.2541354 0
-616.81854 -52.294613 -3.2457972 0
-616.7619 -52.24968 -3.2018027 0
-635.93781 -52.147255 -3.2873721 0
-635.89221 -52.183701 -3.2313609 0
-635.78027 -52.176464 -3.2957568 0
-635.61127 -52.188889 -3.2216773 0
-623.25104 -52.108967 -3.2414217 0
-616.79779 -52.132774 -3.283247 0
-554.34027 -52.192822 -3.2373927 0
-620.23474 -51.989201 -3.2024305 0
-620.06451 -51.958065 -3.2790799 0
-635.88025 -51.889061 -3.217526 0
-620.2229 -51.859016 -3.2682078 0
-635.86737 -51.717888 -3.2121313 0
-623.21991 -51.76931 -3.2795739 0
-616.79504 -51.763222 -3.2148843 0
-611.5741 -51.755844 -3.2976084 0
-635.88452 -51.616936 -3.2085364 0
-623.20081 -51.629814 -3.2688737 0
-616.8479 -51.633465 -3.2676034 0
-635.87115 -51.562836 -3.2021561 0
-616.8681 -51.540707 -3.2450159 0
-616.78259 -51.552334 -3.2387884 0
-623.27295 -51.488335 -3.200345 0
-616.78406 -51.461353 -3.2986453 0
-649.57318 -51.326736 -3.2165673 0
-635.87671 -51.319038 -3.2941663 0
-623.20935 -51.37339 -3.2942896 0
-620.22833 -51.204971 -3.2947059 0
-635.87695 -51.144073 -3.2044659 0
-620.18976 -51.107853 -3.2823851 0
-616.77228 -51.140606 -3.2884655 0
-623.19843 -51.001831 -3.2302108 0
-623.01892 -51.038734 -3.2084846 0
-620.21735 -51.089584 -3.2867181 0
-616.7663 -51.01532 -3.2799571 0
-635.9007 -50.940407 -3.280087 0
-620.21442 -50.900444 -3.2863951 0
-605.69812 -50.976318 -3.2488213 0
-623.19769 -50.854137 -3.2622004 0
-616.76416 -50.833195 -3.2168705 0
-623.19238 -50.761894 -3.2753417 0
-616.77087 -50.730904 -3.2980399 0
-635.84064 -50.638336 -3.2348902 0
-622.98706 -50.624996 -3.2043698 0
-616.75488 -50.626213 -3.2840314 0
-605.5285 -50.648033 -3.261673 0
-635.84796 -50.543903 -3.2369604 0
-620.19055 -50.529427 -3.2138715 0
-620.01953 -50.521416 -3.2779453 0
-616.75757 -50.55275 -3.2979212 0
-620.17969 -50.425938 -3.2128835 0
-616.75647 -50.462688 -3.2961354 0
-635.91479 -50.39819 -3.2785065 0
-635.84698 -50.349285 -3.2560756 0
-616.74969 -50.365952 -3.2808886 0
-623.1922 -50.234776 -3.2439868 0
-622.93005 -50.299191 -3.201102 0
-620.16998 -50.29792 -3.2913549 0
-616.74255 -50.271503 -3.2410746 0
-616.7561 -50.147274 -3.2613361 0
-623.1687 -50.010033 -3.264915 0
-620.21429 -50.07217 -3.2440519 0
-620.18439 -50.052097 -3.2698212 0
-616.7428 -50.097565 -3.2685637 0
-605.41852 -50.070141 -3.2026954 0
-616.80725 -92.133553 -3.1996043 0
-616.70361 -92.107529 -3.1389978 0
-614.82196 -92.144608 -3.1673257 0
-617.33234 -92.092873 -3.1194909 0
-628.43427 -90.925377 -3.1504195 0
-627.56732 -90.930565 -3.1815765 0
-625.35736 -90.992287 -3.1069791 0
-630.64227 -90.879997 -3.1282876 0
-634.35297 -90.759033 -3.1540709 0
-623.20056 -90.750351 -3.19733 0
-623.01416 -90.753479 -3.1184683 0
-622.89758 -90.754852 -3.1157167 0
-622.75922 -90.763786 -3.1396224 0
-622.64905 -90.776115 -3.1211078 0
-622.53448 -90.783218 -3.123502 0
-620.68054 -90.717339 -3.196969 0
-620.45966 -90.796867 -3.1630538 0
-619.30164 -90.783951 -3.1047754 0
-618.52795 -90.74044 -3.1976469 0
-640.24786 -90.616425 -3.1452656 0
-617.95636 -90.618736 -3.1112497 0
-639.85895 -90.595253 -3.1550326 0
-620.11298 -90.552063 -3.1663494 0
-618.39178 -90.593224 -3.1366544 0
-623.35742 -90.454796 -3.1019673 0
-643.55927 -87.454887 -3.1324625 0
-643.62451 -87.372688 -3.1757362 0
-624.29364 -85.893806 -3.1650915 0
-643.15997 -84.480217 -3.1907594 0
-613.21265 -76.284393 -3.105247 0
-613.24628 -73.825562 -3.1805973 0
-615.49548 -73.444885 -3.1896253 0
-613.20941 -73.099403 -3.1590703 0
-613.19702 -70.560875 -3.1597786 0
-613.17328 -68.599754 -3.111665 0
-613.05627 -67.528282 -3.1159551 0
-635.86548 -65.270828 -3.1637285 0
-635.83868 -64.768509 -3.1283853 0
-635.83374 -64.367653 -3.1933799 0
-627.8783 -63.712704 -3.1407015 0
-627.73389 -63.776249 -3.1409113 0
-635.80286 -63.401321 -3.1186111 0
-635.79913 -62.550053 -3.1435945 0
-635.73779 -62.235218 -3.1578248 0
-635.74622 -62.108997 -3.1281238 0
-617.06665 -62.032391 -3.1139221 0
-635.75366 -61.805069 -3.1330757 0
-617.09064 -61.841507 -3.1737602 0
-635.76349 -61.461853 -3.1491177 0
-617.06848 -61.454414 -3.1343179 0
-636.07245 -61.340355 -3.1202631 0
-635.85199 -61.316174 -3.108742 0
-617.11407 -61.289658 -3.1168363 0
-617.03436 -61.006744 -3.1009848 0
-635.74915 -60.955109 -3.184962 0
-635.75696 -60.833126 -3.1314824 0
-617.03503 -60.655724 -3.1459756 0
-635.73981 -60.489719 -3.1267891 0
-617.00549 -60.393719 -3.1640291 0
-616.99713 -60.372528 -3.1372209 0
-635.69568 -60.15921 -3.1503808 0
-617.08704 -60.18404 -3.1219926 0
-635.69934 -60.073189 -3.1530609 0
-617.03375 -60.03899 -3.1915717 0
-616.98969 -60.058506 -3.12075 0
-617.03284 -59.884129 -3.1601291 0
-635.94281 -59.55962 -3.1103859 0
-616.99634 -59.523087 -3.1500785 0
-616.99921 -59.392311 -3.1276989 0
-635.65955 -59.205742 -3.1638472 0
-617.01099 -59.157223 -3.116739 0
-627.11493 -59.002827 -3.1136875 0
-635.64209 -58.954777 -3.1735065 0
-627.76782 -58.968262 -3.1379611 0
-627.91229 -58.8638 -3.1684551 0
-627.75537 -58.899635 -3.1409171 0
-627.1701 -58.818844 -3.1446216 0
-626.98047 -58.840435 -3.1132972 0
-635.65796 -58.781322 -3.1721578 0
-626.3811 -58.763359 -3.1797242 0
-617.01099 -58.797119 -3.1614163 0
-635.65967 -58.67778 -3.1663926 0
-627.50397 -58.665115 -3.1978564 0
-617.01752 -58.524818 -3.1301363 0
-616.99127 -58.561394 -3.1445758 0
-616.94836 -58.439053 -3.1219087 0
-635.66693 -58.361824 -3.1843922 0
-626.8316 -58.149315 -3.1405771 0
-635.64075 -57.935829 -3.1414092 0
-616.94794 -57.962868 -3.1472042 0
-627.31848 -57.801483 -3.1221108 0
-616.96271 -57.805538 -3.1785703 0
-616.9212 -57.791004 -3.104749 0
-616.95337 -57.632618 -3.1609292 0
-616.91931 -57.366112 -3.1290035 0
-635.63446 -57.157837 -3.1981342 0
-635.599 -57.053585 -3.1391623 0
-635.6076 -56.961731 -3.1949413 0
-635.59528 -56.959942 -3.1180723 0
-616.91174 -56.962357 -3.1117716 0
-635.61957 -56.741096 -3.1755385 0
-635.59979 -56.713425 -3.1767509 0
-616.93353 -56.774399 -3.1712239 0
-635.64032 -56.623577 -3.1366401 0
-635.59003 -56.538914 -3.1903901 0
-635.58588 -56.453697 -3.1858528 0
-616.9342 -56.444141 -3.1902139 0
-635.5791 -56.332489 -3.1828899 0
-616.88654 -56.391411 -3.108125 0
-635.58466 -56.247387 -3.1785874 0
-649.6217 -56.101227 -3.1848655 0
-635.58221 -56.130424 -3.1471143 0
-649.80518 -56.024311 -3.1691 0
-649.73315 -56.009838 -3.1724041 0
-649.65491 -56.089321 -3.1802902 0
-635.64966 -56.092552 -3.1967585 0
-555.99969 -55.83493 -3.199579 0
-635.57709 -55.725254 -3.1323266 0
-554.50769 -55.756893 -3.1401935 0
-635.61462 -55.689335 -3.1335952 0
-616.927 -55.540131 -3.1281462 0
-616.87732 -55.587803 -3.1636868 0
-616.87964 -55.469704 -3.1998899 0
-616.90894 -55.080521 -3.1787558 0
-616.86267 -55.084042 -3.1508479 0
-635.56024 -54.919334 -3.1151743 0
-627.5675 -54.735855 -3.1263344 0
-616.93182 -54.736317 -3.156549 0
-616.85046 -54.605633 -3.1390963 0
-635.53491 -54.512501 -3.1528151 0
-616.91821 -54.533592 -3.1808677 0
-616.84692 -54.441589 -3.1910086 0
-635.58679 -54.354725 -3.1709287 0
-627.59155 -54.346321 -3.1127932 0
-607.19165 -54.3559 -3.106802 0
-635.5575 -54.26339 -3.1289165 0
-627.67169 -54.297676 -3.109683 0
-627.57886 -54.290295 -3.1417637 0
-611.46704 -54.207233 -3.1488161 0
-605.66559 -54.284691 -3.138973 0
-605.52136 -54.269413 -3.1601126 0
-616.84271 -54.13269 -3.1274467 0
-611.18372 -54.150211 -3.1400032 0
-611.03864 -54.179604 -3.1353517 0
-616.84399 -54.002819 -3.1638482 0
-616.83771 -53.78207 -3.1608546 0
-616.82709 -53.689068 -3.1174371 0
-616.83209 -53.571281 -3.1573036 0
-635.50409 -53.325607 -3.13641 0
-616.82648 -53.360493 -3.1537468 0
-616.81946 -53.255951 -3.1330338 0
-616.79553 -53.273911 -3.1230929 0
-616.81665 -53.16003 -3.1497924 0
-635.50586 -52.934029 -3.1243765 0
-616.82697 -52.933685 -3.1388462 0
-623.26483 -52.718655 -3.1001489 0
-620.24298 -52.71479 -3.1948075 0
-616.80811 -52.773571 -3.1457217 0
-623.23932 -52.626698 -3.1034911 0
-620.22351 -52.67218 -3.1551912 0
-620.2406 -52.548294 -3.12328 0
-616.83386 -52.586456 -3.13428 0
-635.48553 -52.450527 -3.1183381 0
-623.26056 -52.420605 -3.1029723 0
-616.80029 -52.419815 -3.1358371 0
-635.51642 -52.390949 -3.1901023 0
-620.01263 -52.386219 -3.1699169 0
-616.90491 -52.314499 -3.1921706 0
-616.83624 -52.390522 -3.1832006 0
-635.83972 -52.230938 -3.1886652 0
-635.68243 -52.243355 -3.1872814 0
-635.50519 -52.207203 -3.1970177 0
-622.9939 -52.2673 -3.1538095 0
-620.23828 -52.220104 -3.1969557 0
-616.81299 -52.272366 -3.1573541 0
-635.89709 -52.189106 -3.1861494 0
-635.66333 -52.196529 -3.1046002 0
-635.58563 -52.19994 -3.119231 0
-623.31091 -52.140575 -3.1155126 0
-635.88171 -52.05175 -3.1832457 0
-623.2121 -52.068295 -3.1308448 0
-620.23022 -52.043766 -3.1879318 0
-616.80359 -52.073631 -3.1044047 0
-635.8866 -51.955437 -3.174871 0
-620.22498 -51.903008 -3.1876681 0
-620.16675 -51.981167 -3.1766996 0
-616.82855 -51.866714 -3.1431229 0
-616.79498 -51.888508 -3.1852682 0
-635.86987 -51.783127 -3.1457133 0
-622.97046 -51.799072 -3.1382992 0
-620.22125 -51.736984 -3.1782165 0
-616.79309 -51.739243 -3.1530025 0
-611.62903 -51.765312 -3.1789145 0
-611.47729 -51.752407 -3.190376 0
-635.87543 -51.63026 -3.1689024 0
-623.21576 -51.682438 -3.1680453 0
-623.19379 -51.683758 -3.1282046 0
-616.78967 -51.664364 -3.127912 0
-635.87451 -51.525444 -3.1356535 0
-620.37598 -51.582447 -3.1321533 0
-620.21899 -51.551189 -3.1744061 0
-616.82379 -51.533382 -3.1870959 0
-635.84503 -51.458015 -3.1247685 0
-620.21851 -51.481518 -3.1849666 0
-616.79395 -51.47681 -3.1942005 0
-635.86523 -51.361809 -3.152972 0
-623.28192 -51.389381 -3.1143575 0
-623.18585 -51.308872 -3.1254306 0
-620.1366 -51.380985 -3.1823885 0
-616.78271 -51.350163 -3.1630359 0
-635.86743 -51.248756 -3.1553292 0
-623.21161 -51.289124 -3.1113231 0
-622.95453 -51.25985 -3.1186812 0
-620.34589 -51.244137 -3.1207867 0
-635.85883 -51.134899 -3.1341355 0
-623.19794 -51.13979 -3.1118538 0
-620.2641 -51.141338 -3.1754293 0
-616.8089 -51.152424 -3.1662812 0
-616.76709 -51.118958 -3.1309147 0
-649.52979 -51.032364 -3.1024523 0
-635.8429 -51.071308 -3.1434212 0
-620.26215 -51.036083 -3.1716788 0
-620.1803 -51.065895 -3.1668193 0
-616.76392 -51.01107 -3.161485 0
-649.57581 -50.906425 -3.1442373 0
-635.86414 -50.97105 -3.1517622 0
-623.25903 -50.96381 -3.114367 0
-620.25513 -50.925953 -3.1729803 0
-635.85577 -50.845036 -3.1666608 0
-623.15521 -50.862381 -3.1905298 0
-622.92963 -50.891685 -3.1491656 0
-620.25317 -50.82074 -3.174226 0
-620.17151 -50.81575 -3.1431532 0
-605.50165 -50.818588 -3.1077695 0
-635.86218 -50.721245 -3.1427765 0
-623.18964 -50.713989 -3.1948178 0
-622.94629 -50.711266 -3.1477089 0
-620.1344 -50.778236 -3.129123 0
-616.76721 -50.709206 -3.172945 0
-623.22467 -50.683678 -3.1963079 0
-623.17804 -50.648834 -3.1215427 0
-620.14935 -50.618732 -3.1412299 0
-616.84521 -50.662437 -3.1699734 0
-623.19531 -50.552414 -3.180752 0
-622.91724 -50.540134 -3.1229012 0
-616.72913 -50.538059 -3.1720881 0
-635.83478 -50.462017 -3.1312747 0
-620.224 -50.445786 -3.1187043 0
-620.1698 -50.456966 -3.180172 0
-616.74878 -50.410057 -3.1238818 0
-616.66998 -50.446716 -3.1827397 0
-635.92102 -50.245743 -3.1409926 0
-635.84479 -50.249775 -3.1300354 0
-620.15546 -50.286694 -3.1088679 0
-635.84161 -50.146431 -3.1928537 0
-620.23657 -50.189468 -3.1716926 0
-620.10504 -50.102242 -3.1932242 0
-616.74048 -50.169109 -3.1284707 0
-635.95398 -50.051613 -3.1050935 0
-635.83289 -50.043633 -3.1284447 0
-622.97925 -50.017567 -3.1837583 0
-620.21967 -50.084515 -3.1729369 0
-616.72913 -50.008987 -3.1604283 0
-617.00769 -92.042519 -3.025398 0
-616.83673 -92.084221 -3.0380042 0
-625.36584 -91.05648 -3.0377545 0
-627.77686 -90.937759 -3.0731595 0
-626.93768 -90.976753 -3.0374222 0
-632.05835 -90.843163 -3.0229053 0
-631.1593 -90.82312 -3.0358155 0
-631.06598 -90.853188 -3.0765042 0
-621.77191 -90.803497 -3.0395458 0
-622.50043 -90.718369 -3.0658672 0
-622.39624 -90.715683 -3.0945652 0
-622.26471 -90.702103 -3.0932333 0
-622.13989 -90.702805 -3.0918221 0
-620.71606 -90.743149 -3.0798881 0
-620.53174 -90.761543 -3.0779414 0
-620.44275 -90.768936 -3.0998452 0
-619.46704 -90.757164 -3.0741332 0
-637.59418 -90.637535 -3.0283363 0
-618.35596 -90.624161 -3.0972753 0
-643.51587 -90.527397 -3.0184846 0
-643.36304 -90.501663 -3.0221972 0
-642.64526 -90.513016 -3.0507927 0
-641.49744 -90.515175 -3.0978277 0
-619.9502 -90.551758 -3.0787117 0
-618.30841 -90.593056 -3.0829933 0
-643.65021 -90.485764 -3.0334105 0
-624.33777 -90.427261 -3.0273173 0
-623.14136 -90.451782 -3.0522332 0
-643.31281 -87.539482 -3.0091791 0
-643.64264 -87.492996 -3.026525 0
-643.26019 -81.373917 -3.0365384 0
-613.11554 -70.009956 -3.0506845 0
-613.17523 -69.570641 -3.000958 0
-613.06183 -68.950127 -3.0165498 0
-636.25879 -65.577576 -3.0186441 0
-627.47778 -64.871552 -3.0068855 0
-627.39612 -64.737709 -3.0254295 0
-626.36829 -64.581635 -3.0308707 0
-626.50073 -64.348412 -3.0230598 0
-628.7605 -64.081863 -3.0694144 0
-627.94373 -63.746048 -3.0629065 0
-636.19757 -63.666962 -3.0287309 0
-628.05975 -63.642849 -3.027997 0
-627.89319 -63.69207 -3.0034785 0
-626.79932 -63.632607 -3.0530305 0
-606.03906 -63.173103 -3.0253241 0
-636.13452 -62.770603 -3.0909793 0
-617.05524 -62.314331 -3.036612 0
-617.03986 -62.103245 -3.0513663 0
-617.03174 -61.924976 -3.0310495 0
-617.05817 -61.630749 -3.0819442 0
-617.02325 -61.540665 -3.0255289 0
-635.78815 -61.420769 -3.089231 0
-617.05316 -61.460423 -3.0026424 0
-636.14252 -61.342899 -3.0769296 0
-635.8316 -61.360512 -3.0476701 0
-635.70911 -61.381912 -3.0720334 0
-617.04388 -61.352238 -3.0159695 0
-636.32135 -61.243271 -3.0784528 0
-635.95331 -61.284924 -3.0375538 0
-635.73395 -61.29702 -3.0212421 0
-636.18933 -61.116089 -3.0302069 0
-617.02679 -61.190819 -3.0951679 0
-636.12152 -61.052536 -3.0742714 0
-616.99799 -60.912098 -3.0735152 0
-636.11194 -60.50034 -3.0690506 0
-617.02698 -60.578712 -3.0689116 0
-616.99493 -60.446095 -3.0358813 0
-616.99768 -60.37273 -3.0087891 0
-636.15747 -60.04842 -3.0502465 0
-617.00793 -60.049919 -3.0530989 0
-616.99908 -60.059856 -3.0430167 0
-616.99854 -59.681026 -3.0887337 0
-636.07831 -59.542606 -3.0585139 0
-616.99683 -59.536198 -3.0749967 0
-627.6449 -59.471363 -3.0486498 0
-616.96783 -59.449825 -3.0255604 0
-616.98962 -59.350857 -3.085633 0
-636.10046 -59.294167 -3.0493379 0
-626.89838 -59.242943 -3.0408397 0
-616.98969 -59.203888 -3.0023675 0
-626.73724 -59.114162 -3.0407004 0
-627.73999 -59.016407 -3.0311623 0
-626.89246 -59.036057 -3.0451467 0
-616.98053 -59.005695 -3.0830584 0
-627.94708 -58.911701 -3.0505471 0
-627.86273 -58.857403 -3.0053673 0
-616.97357 -58.834476 -3.0071723 0
-628.177 -58.794205 -3.0008304 0
-626.39313 -58.732166 -3.0354452 0
-627.45587 -58.665829 -3.04757 0
-616.96686 -58.685745 -3.0847225 0
-627.3139 -58.550079 -3.0615652 0
-636.10443 -58.330196 -3.0187993 0
-635.92334 -58.303329 -3.0565243 0
-635.70837 -58.325329 -3.0755913 0
-616.95251 -58.364906 -3.0503025 0
-636.10712 -58.21854 -3.0195189 0
-635.68225 -58.282974 -3.0445626 0
-616.96832 -58.145813 -3.0730917 0
-626.65497 -58.08242 -3.0156069 0
-616.93982 -58.052223 -3.0825305 0
-636.05219 -57.896664 -3.0799158 0
-636.08459 -57.637177 -3.0037796 0
-616.9151 -57.61253 -3.0097506 0
-635.96442 -57.595325 -3.0622108 0
-616.90985 -57.484562 -3.09693 0
-616.91785 -57.233162 -3.0770419 0
-616.90338 -57.19875 -3.0885708 0
-635.98962 -56.96973 -3.0822105 0
-616.9209 -56.929859 -3.0679424 0
-636.05408 -56.662437 -3.0354121 0
-636.03491 -56.433296 -3.0280838 0
-616.91815 -56.4944 -3.0121789 0
-616.98956 -56.398552 -3.0598044 0
-636.01617 -56.244091 -3.0296767 0
-616.91016 -56.271248 -3.0216453 0
-616.89069 -56.23571 -3.0720718 0
-649.77167 -56.10886 -3.0075178 0
-635.59039 -56.197624 -3.0970182 0
-616.89673 -56.159542 -3.0607855 0
-649.81879 -56.029915 -3.0068355 0
-649.71045 -56.042526 -3.0205562 0
-635.60376 -55.907986 -3.0938101 0
-616.87054 -55.963032 -3.0842426 0
-635.85077 -55.859425 -3.0204506 0
-616.86737 -55.738159 -3.0576162 0
-635.56775 -55.642574 -3.0835445 0
-635.62494 -55.530315 -3.0859847 0
-635.55957 -55.576874 -3.0931892 0
-616.88464 -55.559311 -3.0573044 0
-616.90448 -55.452099 -3.0306633 0
-616.87744 -55.430782 -3.061327 0
-635.57446 -55.306877 -3.0118654 0
-616.86377 -55.327316 -3.0814135 0
-636.04736 -55.202255 -3.0191159 0
-635.97412 -55.237083 -3.0352647 0
-635.89722 -55.238949 -3.0189583 0
-635.72321 -55.265778 -3.0686345 0
-635.65436 -55.265957 -3.0188553 0
-635.5697 -55.258587 -3.0634086 0
-635.69226 -55.10146 -3.0711675 0
-616.85913 -55.140045 -3.0996683 0
-616.91064 -55.053993 -3.019439 0
-616.87299 -54.999054 -3.0524013 0
-616.85474 -54.718056 -3.0961027 0
-636.03381 -54.694038 -3.0652111 0
-635.94922 -54.663021 -3.0264716 0
-616.86853 -54.609497 -3.0404763 0
-635.82239 -54.528561 -3.0613661 0
-635.60004 -54.546177 -3.0973818 0
-628.00464 -54.441196 -3.0250928 0
-616.87909 -54.491287 -3.0176799 0
-627.82825 -54.369995 -3.025466 0
-627.58386 -54.394482 -3.0991702 0
-616.90302 -54.335361 -3.0578017 0
-616.7616 -54.311577 -3.0293334 0
-607.35925 -54.344223 -3.051342 0
-605.67755 -54.305187 -3.0172825 0
-627.70581 -54.243755 -3.0283484 0
-627.62695 -54.225456 -3.0538559 0
-627.59277 -54.228745 -3.0208516 0
-616.841 -54.235615 -3.0789521 0
-627.61926 -54.186794 -3.066618 0
-616.89252 -54.109356 -3.0579057 0
-611.38977 -54.172585 -3.0412521 0
-610.06775 -54.192245 -3.0231905 0
-635.99188 -54.021786 -3.0446999 0
-635.7348 -54.082977 -3.080523 0
-616.83386 -54.064423 -3.0653667 0
-635.9024 -53.97118 -3.0464735 0
-616.84509 -53.840988 -3.0450282 0
-635.78918 -53.716896 -3.0744286 0
-616.83026 -53.728008 -3.0985773 0
-635.89832 -53.639267 -3.0614808 0
-635.91638 -53.483505 -3.0380561 0
-635.87891 -53.445141 -3.0552645 0
-616.81427 -53.445232 -3.0059111 0
-635.91168 -53.333309 -3.0321426 0
-635.90875 -53.208031 -3.0313563 0
-635.87878 -53.209438 -3.0289612 0
-616.82709 -53.243374 -3.0356359 0
-635.90918 -53.161385 -3.0493572 0
-616.78986 -53.1922 -3.0872469 0
-635.90973 -53.067478 -3.0254211 0
-635.6687 -53.093548 -3.0719819 0
-616.81 -52.996067 -3.0790277 0
-635.90076 -52.850578 -3.0389626 0
-623.28033 -52.809628 -3.0919247 0
-620.26453 -52.875984 -3.0971513 0
-616.8092 -52.857964 -3.0879288 0
-623.22705 -52.792641 -3.0813804 0
-622.98676 -52.718086 -3.0867484 0
-622.9906 -52.650879 -3.0774572 0
-620.23425 -52.674759 -3.0777013 0
-635.68646 -52.513527 -3.0330136 0
-623.21808 -52.522732 -3.0747919 0
-616.80383 -52.579487 -3.0721555 0
-616.73505 -52.551193 -3.0986099 0
-622.99792 -52.367504 -3.0754387 0
-616.81476 -52.321846 -3.0248704 0
-616.7915 -52.304642 -3.0252411 0
-635.64929 -52.234604 -3.0209103 0
-635.55023 -52.219986 -3.0120461 0
-623.22925 -52.282711 -3.0359464 0
-622.987 -52.279903 -3.0825384 0
-620.27747 -52.245537 -3.0610738 0
-616.79053 -52.262756 -3.0813129 0
-635.83759 -52.166054 -3.0204756 0
-635.72552 -52.195347 -3.0166016 0
-635.55023 -52.173042 -3.0220165 0
-635.45667 -52.162224 -3.0305781 0
-623.01599 -52.175781 -3.0416303 0
-616.79144 -52.156387 -3.021445 0
-623.20325 -52.012726 -3.0624135 0
-616.78845 -52.036709 -3.0515659 0
-635.85425 -51.932735 -3.0196607 0
-622.97894 -51.858349 -3.0443661 0
-620.22266 -51.643639 -3.0809877 0
-620.1958 -51.671379 -3.0852511 0
-635.86157 -51.516537 -3.0362227 0
-623.21619 -51.565701 -3.0345922 0
-616.78186 -51.537968 -3.022151 0
-623.18378 -51.412941 -3.0478468 0
-616.77441 -51.421265 -3.0559964 0
-642.91516 -51.348499 -3.0471277 0
-635.89532 -51.330608 -3.0499978 0
-623.21741 -51.395248 -3.0006344 0
-623.18018 -51.333092 -3.0459201 0
-620.18536 -51.342827 -3.0025744 0
-635.86908 -51.263077 -3.0135632 0
-623.23291 -51.240662 -3.0022624 0
-623.18988 -51.23671 -3.0435636 0
-622.96588 -51.243298 -3.0927777 0
-620.19702 -51.296604 -3.0873909 0
-616.7511 -51.230106 -3.0745432 0
-623.04828 -51.150875 -3.0670817 0
-616.76068 -51.139202 -3.0525036 0
-635.88599 -51.058125 -3.0459244 0
-622.95233 -51.093052 -3.0885541 0
-635.86688 -50.904026 -3.0382564 0
-623.19427 -50.985924 -3.0420225 0
-616.7536 -50.965343 -3.0116451 0
-572.56512 -50.906166 -3.0443022 0
-572.4165 -50.920269 -3.0024605 0
-572.39795 -50.907848 -3.0339904 0
-572.25226 -50.945217 -3.0051861 0
-571.83008 -50.908386 -3.0616889 0
-571.12402 -50.955429 -3.0354774 0
-571.03107 -50.929314 -3.0808239 0
-570.73395 -50.970463 -3.0346546 0
-570.63818 -50.945702 -3.0541847 0
-570.32947 -50.996571 -3.029283 0
-570.15082 -50.947857 -3.0294831 0
-635.83691 -50.822075 -3.0280542 0
-622.96436 -50.852127 -3.0558269 0
-620.1756 -50.841442 -3.0084584 0
-616.75513 -50.808689 -3.0515144 0
-572.67822 -50.875332 -3.0431199 0
-572.54401 -50.894093 -3.0399821 0
-571.84198 -50.860146 -3.0433414 0
-620.18372 -50.702465 -3.0380864 0
-616.95746 -50.787006 -3.0738044 0
-635.83362 -50.69339 -3.0214877 0
-616.73877 -50.609192 -3.0452216 0
-622.94794 -50.59692 -3.0897994 0
-620.17023 -50.582779 -3.0927126 0
-635.82202 -50.499126 -3.0182755 0
-620.18402 -50.435139 -3.066473 0
-616.7403 -50.433411 -3.0381806 0
-649.77399 -50.339413 -3.0125172 0
-623.18964 -50.394371 -3.0530593 0
-620.31763 -50.325504 -3.0914233 0
-620.16742 -50.3764 -3.0155253 0
-616.73682 -50.350075 -3.0431519 0
-623.11926 -50.22139 -3.0738411 0
-623.00647 -50.216431 -3.047574 0
-616.91888 -50.220737 -3.0528889 0
-649.67987 -50.132793 -3.0319266 0
-649.58441 -50.156784 -3.0927708 0
-635.84247 -50.172245 -3.0776062 0
-622.8576 -50.189278 -3.0482013 0
-616.73645 -50.145439 -3.0548618 0
-649.76471 -50.066952 -3.0054157 0
-649.67212 -50.083 -3.0285699 0
-635.8938 -50.027939 -3.025099 0
-622.96375 -50.048576 -3.0583801 0
-620.15491 -50.077938 -3.0774689 0
-616.74603 -50.06237 -3.0068154 0
-616.42798 -92.116211 -2.9651439 0
-615.79584 -92.175179 -2.9024911 0
-614.14874 -92.18795 -2.9954662 0
-617.63098 -92.048019 -2.9978309 0
-617.38782 -92.079117 -2.9404817 0
-626.03235 -91.098312 -2.9111617 0
-625.8985 -91.051758 -2.9243 0
-622.6767 -91.014442 -2.9965463 0
-629.14868 -90.924896 -2.9893844 0
-628.44598 -90.913895 -2.9904852 0
-626.25049 -90.97213 -2.9232035 0
-632.29095 -90.879547 -2.9513538 0
-629.99304 -90.854416 -2.9391074 0
-625.08386 -90.826576 -2.939194 0
-622.25415 -90.86412 -2.9667571 0
-621.26294 -90.802757 -2.9948924 0
-620.56372 -90.818291 -2.9625762 0
-620.48187 -90.80687 -2.9100127 0
-619.42889 -90.828789 -2.9274368 0
-618.62854 -90.860153 -2.9333298 0
-634.89038 -90.725037 -2.9260514 0
-623.12219 -90.782188 -2.9673789 0
-623.01263 -90.714066 -2.9685285 0
-622.94885 -90.779053 -2.9625766 0
-620.73224 -90.776512 -2.9089308 0
-620.49603 -90.704697 -2.933871 0
-618.61865 -90.730583 -2.9277821 0
-623.10986 -90.650581 -2.9391539 0
-620.10461 -90.571655 -2.9777174 0
-619.91711 -90.534729 -2.9156318 0
-618.37311 -90.568619 -2.9411564 0
-618.18872 -90.592865 -2.9373047 0
-617.95374 -90.588745 -2.9406111 0
-624.48126 -90.414352 -2.9452717 0
-623.97253 -90.491982 -2.908052 0
-623.85083 -90.457642 -2.9137278 0
-623.60156 -90.451241 -2.9230137 0
-643.68878 -90.067535 -2.9050772 0
-643.56323 -84.354233 -2.9445171 0
-613.51245 -83.510124 -2.959523 0
-643.19061 -81.410301 -2.9004221 0
-613.02472 -67.739815 -2.974992 0
-636.30267 -65.730865 -2.9320996 0
-636.25159 -64.609306 -2.9951952 0
-626.39124 -64.127327 -2.9981554 0
-636.2276 -64.037659 -2.9220724 0
-626.81903 -63.890846 -2.9935427 0
-626.35895 -63.894215 -2.9433768 0
-627.86731 -63.735439 -2.9836285 0
-628.06488 -63.616356 -2.9682889 0
-627.78064 -63.69595 -2.9832208 0
-627.46564 -63.698792 -2.9004304 0
-626.22974 -63.238079 -2.9221342 0
-626.74707 -63.118221 -2.9853082 0
-629.33081 -63.038651 -2.9244602 0
-626.31238 -62.952808 -2.9210508 0
-627.98322 -62.726395 -2.9716601 0
-636.15613 -62.638767 -2.9584968 0
-617.08527 -62.570229 -2.917773 0
-628.07288 -62.284042 -2.9396677 0
-617.10986 -62.191555 -2.981612 0
-628.41333 -61.867626 -2.9269903 0
-617.06439 -61.797661 -2.9217045 0
-616.99255 -61.728313 -2.9737539 0
-635.72131 -61.444477 -2.9403136 0
-635.94629 -61.354431 -2.9587097 0
-635.94397 -61.295975 -2.9053476 0
-617.03033 -61.120544 -2.9949358 0
-616.9895 -61.076801 -2.9078705 0
-636.1803 -60.992203 -2.9496913 0
-616.97925 -60.808922 -2.918066 0
-617.0683 -60.795006 -2.9758382 0
-636.13873 -60.61927 -2.9144356 0
-636.18787 -60.599983 -2.9709568 0
-617.00012 -60.43821 -2.9657292 0
-616.98248 -60.484283 -2.9030523 0
-617.02026 -60.367218 -2.9909754 0
-636.14966 -60.281097 -2.9669538 0
-627.33887 -59.95134 -2.9116554 0
-617.03394 -59.993217 -2.942718 0
-648.38385 -59.85078 -2.9561889 0
-617.00433 -59.897583 -2.9598708 0
-628.604 -59.709808 -2.945107 0
-616.98328 -59.724724 -2.924732 0
-636.03906 -59.616627 -2.9239385 0
-636.07477 -59.562588 -2.9102721 0
-616.99799 -59.592594 -2.9877298 0
-636.01398 -59.484913 -2.9035301 0
-627.29395 -59.417294 -2.9328475 0
-626.82043 -59.445034 -2.9352336 0
-616.98181 -59.403236 -2.9594822 0
-616.97241 -59.303009 -2.9884105 0
-626.26978 -59.218899 -2.934639 0
-636.10999 -59.113911 -2.960216 0
-636.07611 -59.155708 -2.9415975 0
-626.7735 -59.169071 -2.9778743 0
-628.05518 -59.076054 -2.9031429 0
-626.40411 -59.08474 -2.9261882 0
-616.94873 -59.003078 -2.9972358 0
-628.11243 -58.937618 -2.9665749 0
-627.95673 -58.912956 -2.9699483 0
-627.8739 -58.936321 -2.9012663 0
-627.68658 -58.977661 -2.9237759 0
-627.94653 -58.858551 -2.9742942 0
-617.01434 -58.811588 -2.9672716 0
-616.94708 -58.810871 -2.9756846 0
-627.97083 -58.74181 -2.9301982 0
-627.75366 -58.753166 -2.9073555 0
-616.94537 -58.797474 -2.989233 0
-627.84283 -58.693974 -2.9683323 0
-627.453 -58.601669 -2.9006226 0
-616.97583 -58.698078 -2.993314 0
-616.95349 -58.418446 -2.9617832 0
-636.12616 -58.32188 -2.950731 0
-636.07227 -58.314194 -2.9061162 0
-635.93896 -58.309399 -2.9393671 0
-635.77356 -58.310379 -2.9660351 0
-635.61823 -58.359985 -2.9451702 0
-636.15997 -58.195511 -2.9638538 0
-616.96204 -58.192265 -2.9842658 0
-636.09235 -57.909637 -2.917253 0
-636.14984 -57.899017 -2.9360836 0
-616.92871 -57.846375 -2.9501355 0
-616.94543 -57.755173 -2.9618473 0
-636.07239 -57.436531 -2.9984083 0
-616.91357 -57.281639 -2.9421744 0
-636.06689 -57.198574 -2.9523325 0
-616.82977 -57.106297 -2.931529 0
-616.91467 -57.018211 -2.9233124 0
-616.87115 -56.941784 -2.9646616 0
-616.81006 -56.836903 -2.939821 0
-636.02399 -56.658527 -2.9503939 0
-616.9035 -56.446732 -2.9571669 0
-616.82312 -56.417698 -2.9525385 0
-616.91345 -56.369324 -2.9988205 0
-616.89648 -56.283222 -2.9280002 0
-616.90088 -56.132294 -2.9366875 0
-616.90436 -56.000214 -2.921592 0
-616.89545 -56.00005 -2.9146254 0
-616.90399 -55.958408 -2.9540944 0
-616.93152 -55.873383 -2.990942 0
-616.88641 -55.893147 -2.9223595 0
-616.85675 -55.708374 -2.9326298 0
-616.87524 -55.658329 -2.9202504 0
-554.7514 -55.684017 -2.9017003 0
-554.6123 -55.69165 -2.9032748 0
-616.90649 -55.56813 -2.912755 0
-616.88458 -55.467701 -2.932478 0
-635.5849 -55.366039 -2.9568017 0
-568.7843 -55.389355 -2.9667835 0
-635.72089 -55.289967 -2.989387 0
-616.87109 -55.262272 -2.9311576 0
-566.61426 -55.274384 -2.9165308 0
-616.86237 -55.147827 -2.9475598 0
-636.01685 -54.876026 -2.9471202 0
-636.02374 -54.756248 -2.9721084 0
-616.85101 -54.787819 -2.9785321 0
-635.96515 -54.581451 -2.9673202 0
-649.552 -54.320217 -2.9883871 0
-627.62012 -54.321022 -2.9952004 0
-627.33521 -54.384941 -2.9274449 0
-635.98981 -54.251713 -2.9473796 0
-608.78522 -54.261715 -2.922601 0
-607.23077 -54.266682 -2.9063549 0
-607.07593 -54.284256 -2.9713886 0
-605.6936 -54.292515 -2.972734 0
-605.54413 -54.210537 -2.9797773 0
-635.9892 -54.186337 -2.9444437 0
-627.72137 -54.106083 -2.9197981 0
-627.64331 -54.137596 -2.9162333 0
-627.36462 -54.116478 -2.9486125 0
-616.85199 -54.144329 -2.9604533 0
-636.00153 -54.081841 -2.9474969 0
-635.98138 -54.010113 -2.9451628 0
-627.86523 -53.962074 -2.9783859 0
-616.84393 -53.993855 -2.9930584 0
-616.82312 -53.837944 -2.9826529 0
-627.69238 -53.776627 -2.9159966 0
-616.83917 -53.777374 -2.920125 0
-616.82965 -53.416306 -2.9795625 0
-635.95264 -53.325855 -2.9336293 0
-635.92572 -53.234974 -2.9592254 0
-616.81586 -53.114719 -2.9126227 0
-635.92206 -53.03582 -2.9632726 0
-635.90277 -52.917744 -2.9609528 0
-616.82825 -52.934322 -2.9643822 0
-635.91583 -52.836323 -2.9046099 0
-616.81976 -52.861103 -2.9100587 0
-616.79773 -52.870117 -2.9603829 0
-620.2381 -52.604015 -2.9470603 0
-616.8078 -52.603657 -2.918685 0
-616.80676 -52.599998 -2.9870439 0
-635.5069 -52.35083 -2.9831088 0
-635.84528 -52.222469 -2.9344394 0
-635.7428 -52.235008 -2.9466763 0
-635.53632 -52.247547 -2.9393344 0
-620.22571 -52.262383 -2.9782939 0
-635.81787 -52.183609 -2.9427447 0
-620.22766 -52.187099 -2.9658697 0
-635.90637 -52.047112 -2.9481721 0
-620.21246 -52.073059 -2.9588449 0
-635.90637 -51.965565 -2.9527137 0
-635.86554 -51.978748 -2.935683 0
-616.81982 -51.970249 -2.9892294 0
-616.78711 -51.987785 -2.9308298 0
-620.20197 -51.842583 -2.9955621 0
-616.78137 -51.842041 -2.9377112 0
-635.87842 -51.738724 -2.9847326 0
-620.20789 -51.778244 -2.9685807 0
-620.06049 -51.752388 -2.9229801 0
-616.78595 -51.773739 -2.9817436 0
-635.90479 -51.634605 -2.9653926 0
-635.83075 -51.679459 -2.9229732 0
-635.89667 -51.534355 -2.9493067 0
-635.89868 -51.479507 -2.9599936 0
-620.21033 -51.458721 -2.9654343 0
-616.77405 -51.451401 -2.9626696 0
-635.89545 -51.328491 -2.9544222 0
-616.81067 -51.333553 -2.9011323 0
-635.85107 -51.141434 -2.9692087 0
-620.20844 -51.164379 -2.9633188 0
-616.77576 -51.154404 -2.9481454 0
-635.86267 -51.046158 -2.9676375 0
-622.9743 -51.001965 -2.9828146 0
-620.19452 -51.006153 -2.9622295 0
-616.76086 -51.056328 -2.979563 0
-635.84045 -50.930473 -2.9811506 0
-623.18494 -50.974033 -2.983567 0
-616.77716 -50.946117 -2.9200826 0
-572.67194 -50.95047 -2.9032435 0
-572.56317 -50.943321 -2.9337499 0
-572.35107 -50.952213 -2.9234414 0
-572.23541 -50.929569 -2.9016309 0
-570.14099 -50.963299 -2.9022391 0
-635.88257 -50.87138 -2.9329028 0
-623.21393 -50.819977 -2.9403672 0
-620.19562 -50.865566 -2.9522417 0
-616.73694 -50.877811 -2.9134433 0
-575.51068 -50.82225 -2.9617348 0
-574.43585 -50.861259 -2.9047492 0
-574.02643 -50.868107 -2.9854245 0
-573.88885 -50.873619 -2.988203 0
-573.37402 -50.868481 -2.9905739 0
-572.67493 -50.898922 -2.9027996 0
-635.8562 -50.743603 -2.932801 0
-623.3053 -50.718143 -2.9673007 0
-623.17987 -50.755726 -2.962564 0
-616.76984 -50.740952 -2.9635265 0
-573.39032 -50.783257 -2.9442234 0
-649.56238 -50.69368 -2.9162192 0
-620.1748 -50.619255 -2.9458442 0
-616.73108 -50.627144 -2.9375978 0
-635.84039 -50.543732 -2.9508874 0
-620.18866 -50.580544 -2.9462073 0
-635.93091 -50.432167 -2.9072542 0
-635.86853 -50.421238 -2.9115074 0
-616.75342 -50.462177 -2.903605 0
-635.94434 -50.352631 -2.9276431 0
-635.84735 -50.369923 -2.966351 0
-620.16504 -50.351089 -2.938777 0
-616.74744 -50.382496 -2.9543595 0
-635.94092 -50.270504 -2.9062924 0
-623.17334 -50.261166 -2.9657791 0
-620.08014 -50.201767 -2.9344859 0
-627.65448 -50.102856 -2.9612212 0
-620.14191 -50.176453 -2.9348657 0
-616.74744 -50.173191 -2.9520745 0
-616.73492 -50.02702 -2.975739 0
-615.6579 -92.129242 -2.8999543 0
-626.18152 -91.105049 -2.8959396 0
-628.45312 -90.951599 -2.8784058 0
-627.63196 -90.937164 -2.8250768 0
-626.90961 -90.965286 -2.8430307 0
-629.25934 -90.895859 -2.8304093 0
-629.11377 -90.843513 -2.8368702 0
-622.31354 -90.8172 -2.8806272 0
-635.65601 -90.715454 -2.8900976 0
-635.32605 -90.72094 -2.8990421 0
-622.45099 -90.742813 -2.8518505 0
-622.32391 -90.783302 -2.8827965 0
-622.20386 -90.783638 -2.8845398 0
-621.73346 -90.760292 -2.8100832 0
-621.17511 -90.733727 -2.8979723 0
-637.57343 -90.665726 -2.8611586 0
-636.91016 -90.650055 -2.8063912 0
-620.2207 -90.662552 -2.8417926 0
-619.69708 -90.615997 -2.8507228 0
-619.84027 -90.583359 -2.8266079 0
-624.43146 -90.448799 -2.8972428 0
-624.38391 -90.432915 -2.8485053 0
-624.21973 -90.427353 -2.8985384 0
-624.07605 -90.431259 -2.8994675 0
-623.91907 -90.419884 -2.8548131 0
-623.58093 -90.496796 -2.8617942 0
-620.42865 -90.458702 -2.8265452 0
-625.80481 -84.731728 -2.8390565 0
-643.48346 -81.229141 -2.8434267 0
-613.11176 -70.643944 -2.8835952 0
-613.10425 -70.312698 -2.800215 0
-636.3338 -65.548332 -2.870558 0
-628.21472 -63.471252 -2.8624005 0
-626.36243 -63.408119 -2.8586605 0
-626.28363 -63.397736 -2.8641906 0
-626.19867 -63.276516 -2.8678222 0
-626.41339 -63.056053 -2.8163331 0
-626.38684 -63.071941 -2.8730309 0
-629.7298 -62.870632 -2.8012679 0
-626.70746 -62.506165 -2.8621404 0
-636.15515 -62.482773 -2.8665426 0
-617.07819 -62.494061 -2.8150709 0
-636.14801 -62.390636 -2.8271959 0
-617.04572 -62.043095 -2.8571725 0
-616.98584 -61.563202 -2.858232 0
-636.29755 -61.316162 -2.8694127 0
-635.94861 -61.300617 -2.8455384 0
-635.8186 -61.360165 -2.8776805 0
-635.77087 -61.343742 -2.8438652 0
-636.16742 -61.2789 -2.8423223 0
-635.98767 -61.296467 -2.8632321 0
-617.01685 -61.148575 -2.8841321 0
-636.19446 -61.025158 -2.8510017 0
-617.06354 -61.006447 -2.8082829 0
-636.17419 -60.938931 -2.8076952 0
-617.0213 -60.755474 -2.8145289 0
-616.99915 -60.713161 -2.802496 0
-616.95007 -60.562515 -2.8275011 0
-616.96167 -60.355827 -2.8877721 0
-616.98279 -60.274574 -2.8266785 0
-616.98322 -60.077232 -2.8182316 0
-617.10999 -59.934139 -2.8820226 0
-616.98535 -59.918018 -2.8098068 0
-616.96802 -59.767162 -2.8582399 0
-636.08759 -59.532742 -2.8482578 0
-628.50635 -59.523571 -2.8150165 0
-616.8924 -59.395702 -2.8480527 0
-616.8963 -59.232166 -2.8539126 0
-617.00195 -59.128006 -2.8388309 0
-616.953 -59.140808 -2.864856 0
-626.88025 -59.019897 -2.80304 0
-616.8775 -59.090672 -2.8586481 0
-628.18683 -58.969772 -2.8096957 0
-627.96619 -58.924927 -2.838398 0
-627.82574 -58.84433 -2.8420753 0
-627.45514 -58.883301 -2.8525076 0
-616.96588 -58.837837 -2.8219357 0
-626.07373 -58.675629 -2.8018241 0
-616.94562 -58.559635 -2.8507056 0
-617.04065 -58.444946 -2.8003259 0
-636.07611 -58.30397 -2.8915207 0
-635.96356 -58.313663 -2.8702753 0
-635.71875 -58.325188 -2.8390393 0
-635.68488 -58.322277 -2.8771496 0
-627.90631 -58.356861 -2.8035049 0
-616.95776 -58.360855 -2.8567126 0
-636.13263 -58.296535 -2.8561289 0
-636.02704 -58.274895 -2.8723738 0
-635.95776 -58.245064 -2.8292046 0
-635.77081 -58.282879 -2.8565693 0
-627.85919 -58.143398 -2.8345454 0
-636.10803 -57.920422 -2.8936408 0
-616.91803 -57.869362 -2.8092756 0
-626.85583 -57.713055 -2.899312 0
-616.98126 -57.750206 -2.8299012 0
-616.91309 -57.685394 -2.8457599 0
-616.92419 -57.090221 -2.8573768 0
-616.896 -57.09964 -2.8977807 0
-636.00128 -56.525845 -2.8142362 0
-616.93811 -56.447754 -2.8452125 0
-616.88446 -56.393856 -2.8534913 0
-635.98669 -56.174316 -2.8870051 0
-616.92377 -55.845791 -2.8161399 0
-556.2912 -55.81657 -2.8454409 0
-556.15546 -55.836769 -2.8478348 0
-555.28595 -55.732475 -2.8704166 0
-555.13513 -55.717655 -2.8718839 0
-635.5611 -55.324535 -2.8733661 0
-635.974 -55.253822 -2.8779895 0
-635.72101 -55.265167 -2.8574166 0
-635.68201 -55.265358 -2.8079228 0
-635.59387 -55.251198 -2.8734748 0
-616.85474 -55.259743 -2.8495829 0
-626.92957 -55.104115 -2.8247461 0
-616.86737 -55.144077 -2.8660326 0
-636.02765 -55.091553 -2.8676162 0
-636.04395 -54.938896 -2.8561251 0
-616.85754 -54.996212 -2.8660798 0
-636.00623 -54.898502 -2.8968449 0
-616.84314 -54.819675 -2.88517 0
-627.14838 -54.754314 -2.8294528 0
-616.85547 -54.658371 -2.866045 0
-636.05328 -54.541443 -2.8417761 0
-627.22241 -54.528641 -2.8957267 0
-627.04468 -54.533108 -2.8423214 0
-627.90967 -54.448807 -2.8081963 0
-626.55829 -54.419552 -2.8412573 0
-649.6015 -54.338989 -2.8573017 0
-627.44604 -54.37458 -2.876076 0
-616.83984 -54.342201 -2.8023889 0
-608.13647 -54.392273 -2.8889489 0
-649.68097 -54.253933 -2.8221772 0
-649.50488 -54.279087 -2.8608565 0
-627.6239 -54.23381 -2.8672111 0
-627.58899 -54.296143 -2.8232057 0
-616.84003 -54.203728 -2.88833 0
-611.22882 -54.206711 -2.8472018 0
-627.37189 -54.15506 -2.8969643 0
-616.82758 -54.127396 -2.8631656 0
-611.46875 -54.153206 -2.8310077 0
-605.5235 -54.141083 -2.8005672 0
-627.77655 -54.041851 -2.8000004 0
-627.6792 -54.053371 -2.857233 0
-616.83521 -54.060497 -2.8652151 0
-616.82111 -53.979969 -2.8548834 0
-627.70148 -53.889771 -2.8525362 0
-616.82227 -53.767021 -2.8521657 0
-635.92578 -53.650249 -2.8622282 0
-635.93463 -53.587234 -2.8934777 0
-616.82104 -53.512634 -2.8355584 0
-635.95947 -53.478748 -2.8526886 0
-616.85535 -53.434456 -2.8952038 0
-635.92981 -53.363785 -2.8800256 0
-616.85931 -53.30265 -2.8039827 0
-635.92279 -53.26194 -2.8109698 0
-616.79456 -53.264492 -2.8396063 0
-635.94312 -53.128563 -2.8643007 0
-635.8985 -53.107952 -2.8075743 0
-635.92291 -53.067463 -2.8947046 0
-635.88916 -53.039433 -2.8366838 0
-616.84247 -53.022614 -2.8892398 0
-616.79218 -53.032822 -2.8312299 0
-616.79651 -52.702648 -2.8196273 0
-616.84802 -52.668449 -2.8361025 0
-616.79694 -52.553226 -2.8938916 0
-616.80157 -52.463703 -2.8227026 0
-635.51453 -52.335228 -2.8653197 0
-616.77551 -52.316074 -2.8124211 0
-635.83008 -52.230835 -2.8703837 0
-635.75287 -52.22934 -2.8491631 0
-635.65369 -52.233223 -2.8646688 0
-635.55249 -52.240768 -2.8307154 0
-635.49664 -52.248051 -2.8285642 0
-616.82428 -52.29697 -2.8981028 0
-635.88361 -52.167545 -2.8471973 0
-635.78766 -52.140549 -2.8534377 0
-635.68286 -52.197704 -2.8271139 0
-616.77667 -52.13176 -2.8157978 0
-635.87634 -52.002842 -2.8515565 0
-616.80029 -52.064785 -2.8974662 0
-616.79987 -52.051708 -2.852293 0
-635.87262 -51.946796 -2.8617659 0
-616.77344 -51.934624 -2.8583367 0
-605.47119 -51.902607 -2.8124835 0
-635.85974 -51.838642 -2.8717804 0
-622.97748 -51.834614 -2.8765564 0
-635.87952 -51.730389 -2.861037 0
-616.80286 -51.779903 -2.897928 0
-616.77576 -51.767876 -2.8434196 0
-616.77484 -51.674603 -2.8279054 0
-635.86188 -51.55352 -2.8551083 0
-616.7702 -51.519009 -2.8115878 0
-635.86761 -51.42017 -2.8516521 0
-616.77423 -51.441425 -2.865741 0
-622.97357 -51.308945 -2.8656414 0
-635.85852 -51.242619 -2.8582125 0
-622.94739 -51.233555 -2.8818212 0
-616.75848 -51.216721 -2.8199055 0
-635.86749 -51.102421 -2.8262835 0
-605.4939 -51.107872 -2.8611019 0
-635.84344 -51.072113 -2.8424873 0
-616.75897 -51.05904 -2.8628247 0
-570.61157 -51.000378 -2.8451278 0
-569.88672 -51.053905 -2.8578982 0
-635.83557 -50.949516 -2.876945 0
-616.74396 -50.999817 -2.8619981 0
-571.52032 -50.930439 -2.8921728 0
-571.14191 -50.947575 -2.894263 0
-570.95758 -50.972435 -2.8966556 0
-570.70203 -50.980907 -2.8986671 0
-570.3092 -50.937836 -2.8206863 0
-570.24786 -50.974701 -2.8229764 0
-649.55432 -50.828953 -2.8062191 0
-635.8501 -50.824112 -2.8682907 0
-616.72241 -50.828728 -2.8747258 0
-575.38397 -50.875767 -2.8456044 0
-575.23938 -50.852123 -2.8296127 0
-575.01532 -50.825588 -2.8614295 0
-573.25287 -50.881485 -2.8654315 0
-572.06982 -50.8657 -2.8065462 0
-623.10229 -50.796612 -2.8473992 0
-616.75159 -50.757954 -2.8554144 0
-577.14478 -50.751453 -2.8140445 0
-635.87085 -50.641483 -2.8469477 0
-623.1438 -50.619568 -2.8422127 0
-616.75958 -50.667229 -2.8866224 0
-581.30273 -50.663818 -2.8222811 0
-580.19269 -50.688938 -2.887656 0
-649.55688 -50.552887 -2.8222229 0
-635.85443 -50.55629 -2.8549111 0
-616.73395 -50.513519 -2.8280065 0
-585.6283 -50.517307 -2.8353181 0
-584.96448 -50.545654 -2.8316514 0
-582.40973 -50.595203 -2.8069904 0
-649.52161 -50.491161 -2.832341 0
-635.94855 -50.429768 -2.806546 0
-635.83649 -50.462479 -2.8422954 0
-622.99658 -50.475632 -2.8616893 0
-616.73932 -50.474995 -2.8301635 0
-585.4613 -50.440891 -2.8641512 0
-635.93396 -50.384285 -2.8653355 0
-635.86066 -50.372356 -2.8581402 0
-616.73364 -50.337078 -2.8637364 0
-623.1377 -50.287491 -2.8561039 0
-622.93903 -50.212723 -2.852478 0
-616.74329 -50.287758 -2.8303502 0
-616.7196 -50.115761 -2.8375301 0
-642.86957 -50.067104 -2.8013933 0
-635.91132 -50.009129 -2.8625467 0
-627.47229 -50.025867 -2.886071 0
-627.0354 -50.082813 -2.8372161 0
-616.74365 -50.044846 -2.8420255 0
-616.4491 -92.112633 -2.7920907 0
-615.78699 -92.117348 -2.7817295 0
-629.12762 -90.933693 -2.7062008 0
-629.06989 -90.990601 -2.7720623 0
-628.30707 -90.995743 -2.7819121 0
-632.39392 -90.799286 -2.7871928 0
-623.13989 -90.721367 -2.7754543 0
-622.18677 -90.714012 -2.7854764 0
-622.06097 -90.715446 -2.7884254 0
-620.56183 -90.740479 -2.7915556 0
-619.55304 -90.794151 -2.7306716 0
-639.18115 -90.655617 -2.7920384 0
-624.12567 -90.430458 -2.7994831 0
-623.65601 -90.47332 -2.7127924 0
-643.49316 -82.728668 -2.7383313 0
-642.74115 -64.501526 -2.7760832 0
-636.22101 -64.286919 -2.7993011 0
-626.46558 -64.234352 -2.7717643 0
-627.84491 -63.695656 -2.7124517 0
-627.43347 -63.630562 -2.7290137 0
-628.15576 -63.204151 -2.7148685 0
-626.60663 -63.140518 -2.7106695 0
-626.61493 -62.781277 -2.7985108 0
-636.18353 -62.639343 -2.7393663 0
-617.11951 -62.69799 -2.767731 0
-626.74005 -62.568718 -2.7397311 0
-617.05304 -62.310623 -2.7532511 0
-616.96759 -62.326515 -2.7522736 0
-617.07776 -62.069241 -2.7771287 0
-616.94757 -61.84 -2.7699158 0
-617.03162 -61.564495 -2.7779741 0
-635.74261 -61.400375 -2.7719469 0
-617.06671 -61.414936 -2.7028461 0
-636.1756 -61.387226 -2.7167587 0
-635.81677 -61.362648 -2.7255983 0
-636.22229 -61.279118 -2.7580154 0
-617.02087 -61.005337 -2.7281971 0
-617.02148 -60.966721 -2.7210798 0
-616.99744 -60.881241 -2.7963345 0
-617.00903 -60.622097 -2.7738793 0
-616.979 -59.905327 -2.774045 0
-649.33557 -59.887852 -2.7765286 0
-617.01019 -59.843391 -2.7931201 0
-616.98401 -59.824547 -2.7805512 0
-636.08081 -59.634476 -2.7609296 0
-628.6449 -59.667744 -2.7699776 0
-636.06335 -59.569336 -2.778785 0
-636.07648 -59.407887 -2.7816508 0
-616.97217 -59.218971 -2.7724361 0
-627.32123 -59.139656 -2.7453887 0
-617.00262 -59.126968 -2.7138016 0
-627.51263 -59.019737 -2.7846637 0
-616.93799 -59.06295 -2.7652936 0
-628.83997 -58.979549 -2.7499135 0
-617.01263 -58.885307 -2.7123492 0
-616.94342 -58.845245 -2.7522326 0
-627.85815 -58.789452 -2.7494497 0
-616.99341 -58.650986 -2.7173934 0
-616.9856 -58.435886 -2.7173693 0
-636.05609 -58.307228 -2.7635934 0
-616.87732 -58.367393 -2.7515221 0
-636.17981 -58.217842 -2.7447562 0
-636.0036 -58.23724 -2.745343 0
-635.93127 -58.251049 -2.7824156 0
-635.85797 -58.261559 -2.764859 0
-616.94537 -58.282375 -2.7507451 0
-627.02679 -58.120213 -2.779547 0
-617.00012 -58.188831 -2.7155921 0
-616.91809 -58.175503 -2.725816 0
-636.22229 -58.056137 -2.7586844 0
-616.94843 -58.076683 -2.7621553 0
-616.91016 -57.627647 -2.7639327 0
-616.88428 -57.65752 -2.7240574 0
-636.12231 -57.585003 -2.7432222 0
-636.07489 -57.574322 -2.7315617 0
-616.89563 -57.390415 -2.7697065 0
-616.91595 -57.112312 -2.7476325 0
-616.99274 -57.014774 -2.7215917 0
-636.01123 -56.567272 -2.7703872 0
-636.02246 -56.471985 -2.7175794 0
-616.96161 -56.480843 -2.7450957 0
-616.93268 -56.382023 -2.7528026 0
-616.89331 -56.384163 -2.7732935 0
-636.03223 -56.247494 -2.7034523 0
-635.99854 -56.261955 -2.7384522 0
-616.9104 -56.212242 -2.7361138 0
-636.00476 -56.089638 -2.7639019 0
-616.87854 -55.961689 -2.7862494 0
-616.91254 -55.677074 -2.7269773 0
-635.65472 -55.539337 -2.7927427 0
-635.59637 -55.403534 -2.7640913 0
-635.56445 -55.30212 -2.7340636 0
-635.9873 -55.236374 -2.7596493 0
-635.83386 -55.276207 -2.7408957 0
-635.74738 -55.289791 -2.7101567 0
-635.65112 -55.265583 -2.7251413 0
-635.57886 -55.244915 -2.7267389 0
-636.44476 -55.172504 -2.7106724 0
-636.18402 -55.166187 -2.7671378 0
-636.04333 -55.179188 -2.7620811 0
-635.81512 -55.191723 -2.7188566 0
-627.06012 -54.811478 -2.7448592 0
-616.85638 -54.837749 -2.7184112 0
-627.07361 -54.779587 -2.740597 0
-616.84467 -54.649387 -2.7655063 0
-627.27283 -54.539238 -2.7753637 0
-626.90167 -54.532955 -2.7848339 0
-636.00598 -54.497837 -2.7844515 0
-616.84375 -54.434032 -2.7850449 0
-649.5708 -54.318604 -2.7499115 0
-616.86932 -54.310928 -2.7249088 0
-627.58728 -54.264904 -2.7716339 0
-616.83691 -54.20359 -2.7876003 0
-609.85016 -54.200466 -2.7828929 0
-627.7019 -54.195942 -2.7464414 0
-627.48914 -54.105438 -2.7431395 0
-616.84534 -54.1409 -2.7455122 0
-627.67133 -54.070248 -2.7993314 0
-627.23553 -54.063248 -2.7939334 0
-627.17706 -54.059048 -2.7543426 0
-627.98669 -53.897564 -2.7440534 0
-627.84229 -53.828468 -2.7410812 0
-627.7085 -53.830837 -2.7484584 0
-616.84808 -53.810883 -2.7283974 0
-628.09863 -53.723206 -2.7602673 0
-616.82892 -53.795044 -2.7229896 0
-616.79858 -53.793446 -2.7183826 0
-616.83063 -53.62236 -2.7873991 0
-616.74701 -53.644115 -2.7289128 0
-616.83441 -53.321136 -2.7188435 0
-616.82062 -53.247395 -2.7650173 0
-605.49158 -53.180107 -2.7756331 0
-616.81787 -53.092484 -2.700629 0
-635.94171 -52.875488 -2.7703245 0
-616.81934 -52.810032 -2.719058 0
-616.79187 -52.754829 -2.7750378 0
-616.78638 -52.545406 -2.7424552 0
-616.8031 -52.468204 -2.7256856 0
-635.48035 -52.327003 -2.762665 0
-616.78485 -52.378742 -2.7186852 0
-635.84894 -52.230511 -2.7708309 0
-635.71796 -52.215096 -2.7893884 0
-635.56403 -52.226364 -2.738553 0
-616.80634 -52.204414 -2.7945328 0
-616.74048 -52.249031 -2.738997 0
-635.9007 -52.161865 -2.7407999 0
-635.8501 -52.143181 -2.7777534 0
-635.66406 -52.161854 -2.7569835 0
-616.76416 -52.045746 -2.7342165 0
-605.44647 -52.024994 -2.7466018 0
-635.90338 -51.986931 -2.728528 0
-635.86127 -51.97097 -2.7392175 0
-635.85004 -51.827564 -2.796026 0
-635.90643 -51.753796 -2.7960036 0
-635.87811 -51.71875 -2.7643316 0
-616.78094 -51.733273 -2.7416 0
-635.87512 -51.681259 -2.762392 0
-616.84424 -51.606224 -2.7991364 0
-616.78107 -51.618916 -2.7663989 0
-616.77228 -51.548401 -2.7669218 0
-635.87476 -51.444077 -2.7783453 0
-616.78046 -51.409721 -2.7378974 0
-616.68597 -51.409882 -2.752203 0
-635.84784 -51.30381 -2.7915354 0
-616.77643 -51.375984 -2.778172 0
-605.44232 -51.382339 -2.726917 0
-649.56049 -51.213371 -2.7714608 0
-636.00128 -51.202072 -2.7477543 0
-616.77167 -51.275127 -2.7847459 0
-605.40656 -51.236603 -2.7383165 0
-616.80164 -51.160942 -2.723073 0
-616.75488 -51.137589 -2.7850094 0
-635.84692 -51.053429 -2.7472122 0
-616.81995 -51.010323 -2.7582364 0
-616.76196 -51.056625 -2.7913392 0
-635.86865 -50.92334 -2.7821894 0
-572.18848 -50.917152 -2.7776029 0
-571.76343 -50.932365 -2.7881618 0
-571.60681 -50.931797 -2.7956462 0
-571.32111 -50.920483 -2.7342248 0
-570.95221 -50.964985 -2.7393122 0
-570.53406 -50.973316 -2.744612 0
-570.46912 -50.970226 -2.7465606 0
-648.20044 -50.827942 -2.7911642 0
-635.83771 -50.882908 -2.785955 0
-616.77673 -50.886387 -2.7398405 0
-575.60474 -50.855221 -2.7286162 0
-575.31531 -50.839531 -2.7277813 0
-575.17792 -50.84827 -2.758532 0
-574.63995 -50.82753 -2.7480533 0
-574.23303 -50.851891 -2.771209 0
-572.34698 -50.891094 -2.7775733 0
-635.85522 -50.743515 -2.749382 0
-616.72876 -50.748436 -2.7729688 0
-578.81708 -50.719437 -2.7030883 0
-573.52209 -50.763741 -2.7640929 0
-649.5896 -50.678387 -2.7378945 0
-635.82898 -50.6987 -2.787843 0
-616.74072 -50.660095 -2.7568541 0
-581.06531 -50.654903 -2.7327273 0
-635.86273 -50.563198 -2.7348859 0
-616.78339 -50.525112 -2.7228701 0
-605.41925 -50.510818 -2.7512977 0
-635.87396 -50.445015 -2.7595649 0
-588.70117 -50.445465 -2.7135346 0
-586.76025 -50.489662 -2.7097042 0
-586.68842 -50.493752 -2.7833796 0
-635.84192 -50.375412 -2.7992773 0
-627.55072 -50.353951 -2.7459848 0
-586.01605 -50.390823 -2.7016194 0
-649.53302 -50.254055 -2.7948127 0
-627.7066 -50.281689 -2.770299 0
-627.64294 -50.291004 -2.7043355 0
-616.72845 -50.281254 -2.7577424 0
-605.42487 -50.222805 -2.7181249 0
-649.48889 -50.132942 -2.7967403 0
-627.52991 -50.128471 -2.7517018 0
-627.00641 -50.126324 -2.785913 0
-616.75391 -50.063633 -2.7287791 0
-616.63898 -50.023792 -2.7668023 0
-614.53992 -92.227196 -2.6028366 0
-615.59497 -92.120689 -2.6011367 0
-615.44281 -92.13562 -2.60179 0
-615.32092 -92.132294 -2.6023164 0
-615.16541 -92.164925 -2.6030483 0
-614.70587 -92.158508 -2.6108735 0
-614.58087 -92.156754 -2.614367 0
-613.87341 -92.188591 -2.6349084 0
-625.38617 -91.063293 -2.6108606 0
-631.35345 -90.932999 -2.613245 0
-618.98615 -90.775261 -2.6518221 0
-620.28943 -90.571396 -2.6964672 0
-643.65985 -90.497253 -2.645736 0
-643.66968 -87.364166 -2.6411819 0
-636.13165 -65.927269 -2.6220536 0
-636.27014 -65.574944 -2.6820335 0
-636.24164 -64.038834 -2.6959155 0
-627.83154 -63.743805 -2.6263819 0
-636.26379 -63.667858 -2.6957061 0
-636.13788 -62.614773 -2.6303501 0
-626.50922 -62.695175 -2.6843948 0
-617.10767 -62.681915 -2.6106684 0
-617.05188 -62.587029 -2.6846459 0
-616.96997 -62.570988 -2.6394465 0
-636.18243 -62.422764 -2.6929898 0
-617.06934 -62.476143 -2.6500649 0
-617.07056 -62.370636 -2.6081469 0
-616.96417 -62.396305 -2.6412377 0
-617.04108 -62.232517 -2.6915185 0
-617.02325 -62.07325 -2.6214254 0
-617.05054 -61.739182 -2.6860011 0
-617.01971 -61.539646 -2.6830451 0
-616.99841 -61.429039 -2.6302299 0
-636.05603 -61.352413 -2.6041412 0
-617.02216 -61.13031 -2.6819937 0
-616.91058 -60.564713 -2.659842 0
-626.86932 -60.266121 -2.6668985 0
-648.43335 -60.010544 -2.6386607 0
-648.37274 -59.96077 -2.6303322 0
-646.80865 -59.972816 -2.6263473 0
-627.98016 -59.978081 -2.6974308 0
-616.96185 -59.925735 -2.6468015 0
-628.31775 -59.891621 -2.6418457 0
-636.08344 -59.642036 -2.605201 0
-616.95959 -59.687057 -2.6404281 0
-636.08368 -59.589542 -2.601748 0
-616.94214 -59.306484 -2.6555281 0
-636.09509 -59.249939 -2.6798685 0
-636.08032 -59.193699 -2.6222498 0
-627.52319 -59.024715 -2.6481493 0
-627.56488 -58.966476 -2.6782613 0
-627.48315 -58.987526 -2.602442 0
-616.85822 -58.997852 -2.6758683 0
-616.96893 -58.864975 -2.6509054 0
-627.76001 -58.768093 -2.605119 0
-616.95422 -58.788448 -2.6737852 0
-626.35297 -58.629303 -2.668937 0
-616.94525 -58.64328 -2.6510391 0
-616.91565 -58.531773 -2.6926374 0
-635.67261 -58.441849 -2.685874 0
-627.26282 -58.429924 -2.6808031 0
-626.94446 -58.471828 -2.6560981 0
-636.10864 -58.34444 -2.6630263 0
-635.98865 -58.302193 -2.6008363 0
-635.73389 -58.318855 -2.6416013 0
-636.18018 -58.235306 -2.666415 0
-616.94788 -58.227097 -2.6346874 0
-616.94098 -58.183502 -2.6025329 0
-649.58801 -57.975204 -2.6612663 0
-616.92316 -57.762627 -2.6900907 0
-636.11969 -57.578991 -2.6488214 0
-616.93018 -57.516361 -2.6361127 0
-616.82526 -57.341118 -2.6922956 0
-616.92822 -57.218002 -2.6661119 0
-616.93713 -57.07671 -2.6730077 0
-616.95422 -56.923702 -2.6861138 0
-616.85724 -56.944016 -2.6771028 0
-604.93073 -56.946842 -2.6091092 0
-616.89197 -56.846752 -2.6214688 0
-616.8811 -56.60466 -2.6892531 0
-636.02087 -56.504234 -2.6892977 0
-617.00287 -56.431236 -2.6913543 0
-636.01819 -56.373146 -2.62309 0
-616.89636 -56.332157 -2.692776 0
-635.98846 -56.207718 -2.6416276 0
-616.85431 -56.14085 -2.6694345 0
-616.97357 -56.034393 -2.6703491 0
-616.96594 -55.899559 -2.6650484 0
-616.8905 -55.601498 -2.6852939 0
-568.6673 -55.422615 -2.6631806 0
-568.28931 -55.422127 -2.611748 0
-635.54578 -55.347122 -2.681416 0
-635.93921 -55.257732 -2.6920047 0
-635.71387 -55.2892 -2.6593628 0
-635.61993 -55.288624 -2.6828578 0
-635.55682 -55.262436 -2.6564105 0
-616.88251 -55.285252 -2.6909211 0
-567.44244 -55.275097 -2.6746545 0
-636.05884 -55.162731 -2.6755331 0
-616.86829 -55.151505 -2.6150341 0
-616.80994 -55.035828 -2.6341739 0
-648.34705 -54.936386 -2.6077673 0
-635.9743 -54.906799 -2.6464515 0
-627.04327 -54.957584 -2.6480889 0
-616.82385 -54.923565 -2.6182275 0
-636.03387 -54.893593 -2.6708949 0
-635.99506 -54.86438 -2.6638641 0
-616.85803 -54.855553 -2.6626658 0
-616.86304 -54.741631 -2.6530986 0
-616.86884 -54.617706 -2.6982527 0
-636.06848 -54.505554 -2.6273036 0
-626.80109 -54.482491 -2.6788371 0
-626.64526 -54.450672 -2.6494219 0
-649.61011 -54.383068 -2.6176765 0
-649.5506 -54.318512 -2.6241145 0
-605.70081 -54.320885 -2.610657 0
-648.21698 -54.261684 -2.6412513 0
-627.72498 -54.284588 -2.6482346 0
-627.53864 -54.293133 -2.6573415 0
-627.14563 -54.2547 -2.6348538 0
-616.85931 -54.210987 -2.6852272 0
-611.40118 -54.218166 -2.6488333 0
-611.28778 -54.209908 -2.619669 0
-627.60907 -54.141609 -2.6736567 0
-627.46661 -54.178974 -2.6645701 0
-627.36176 -54.123978 -2.6079509 0
-627.28912 -54.181843 -2.6319132 0
-609.87817 -54.199413 -2.6171384 0
-616.85712 -54.016018 -2.6871769 0
-627.75592 -53.912239 -2.6603558 0
-627.20465 -53.983486 -2.6041369 0
-616.83234 -53.930115 -2.6693926 0
-627.65472 -53.857159 -2.6198292 0
-616.85492 -53.821049 -2.6891246 0
-627.78699 -53.737946 -2.6586444 0
-616.8429 -53.646179 -2.6906257 0
-605.48956 -53.637711 -2.6240799 0
-635.92908 -53.541008 -2.6069524 0
-627.67188 -53.525425 -2.6067166 0
-635.8866 -53.401516 -2.6964109 0
-616.81628 -53.335487 -2.6105983 0
-616.78107 -53.280373 -2.6917219 0
-635.91455 -53.053493 -2.6513958 0
-616.82581 -53.021446 -2.6981742 0
-616.78363 -53.041172 -2.626658 0
-616.80725 -52.838017 -2.6041663 0
-605.45709 -52.629593 -2.6325059 0
-616.83496 -52.538673 -2.6481476 0
-616.81519 -52.442966 -2.6461871 0
-635.48749 -52.300922 -2.6483259 0
-635.81793 -52.216167 -2.6867213 0
-635.62842 -52.222874 -2.6830804 0
-635.56677 -52.249821 -2.6520009 0
-635.48065 -52.219982 -2.6865327 0
-616.76605 -52.260956 -2.6386936 0
-554.46887 -52.228027 -2.6939616 0
-635.82269 -52.1394 -2.6415403 0
-635.73151 -52.178391 -2.6216655 0
-635.5343 -52.191486 -2.6654317 0
-635.48248 -52.176636 -2.6418824 0
-616.7829 -52.175739 -2.6260984 0
-616.77539 -52.026089 -2.64604 0
-635.8999 -51.904827 -2.6057396 0
-616.80206 -51.719311 -2.6813049 0
-611.83972 -51.735149 -2.631561 0
-635.84448 -51.493614 -2.6891701 0
-635.96851 -51.367405 -2.673476 0
-635.87091 -51.378582 -2.6202254 0
-642.92993 -51.218613 -2.6829634 0
-635.78882 -51.207649 -2.6898713 0
-649.61578 -51.1618 -2.6929877 0
-635.83142 -51.14254 -2.6516097 0
-616.76099 -51.163296 -2.6476023 0
-616.76117 -51.032524 -2.6405802 0
-570.54907 -51.009132 -2.6664803 0
-642.91455 -50.993996 -2.6763897 0
-635.86462 -50.954628 -2.6427741 0
-616.77759 -50.99118 -2.6725376 0
-572.26624 -50.968174 -2.6033535 0
-572.02148 -50.980587 -2.6181979 0
-571.67847 -50.947659 -2.6318054 0
-571.35907 -50.977386 -2.6432223 0
-571.06842 -50.996918 -2.638685 0
-570.73492 -50.977165 -2.6644974 0
-635.83112 -50.814743 -2.6786609 0
-616.72668 -50.810905 -2.6886346 0
-576.21979 -50.803864 -2.6661801 0
-576.1015 -50.831142 -2.6687372 0
-574.91364 -50.813335 -2.6916683 0
-635.81268 -50.71413 -2.6072311 0
-616.75464 -50.779217 -2.6780159 0
-605.3988 -50.776516 -2.6461813 0
-580.5921 -50.719475 -2.6099949 0
-578.57446 -50.765762 -2.6209323 0
-577.82245 -50.756847 -2.6538074 0
-635.85498 -50.687275 -2.6210299 0
-584.60962 -50.614716 -2.6223938 0
-582.37366 -50.638412 -2.6232028 0
-582.17285 -50.686539 -2.6355183 0
-581.81781 -50.673203 -2.6625054 0
-581.76611 -50.643677 -2.6365843 0
-581.50214 -50.639359 -2.6534851 0
-581.1911 -50.600723 -2.6514149 0
-580.94019 -50.63636 -2.6826293 0
-580.27979 -50.685127 -2.6287053 0
-635.84753 -50.555573 -2.6258917 0
-616.75104 -50.587997 -2.644515 0
-586.04565 -50.527706 -2.6522691 0
-585.74164 -50.554451 -2.6472027 0
-649.58917 -50.415035 -2.6870637 0
-648.19464 -50.494434 -2.6029088 0
-635.86096 -50.415157 -2.6639724 0
-585.5658 -50.498798 -2.6886044 0
-649.57715 -50.318375 -2.6569102 0
-635.93701 -50.31292 -2.6546786 0
-616.76501 -50.327934 -2.6629195 0
-626.80377 -50.225285 -2.6332998 0
-605.39636 -50.227318 -2.692153 0
-626.92352 -50.150982 -2.6181319 0
-627.04291 -50.077999 -2.6137497 0
-626.98187 -50.094387 -2.6153557 0
-616.75635 -50.062649 -2.6493535 0
-605.37195 -50.052376 -2.652983 0
-614.70215 -92.219139 -2.5918148 0
-616.72168 -92.102097 -2.5855103 0
-616.64685 -92.134201 -2.5134513 0
-615.63837 -92.133728 -2.5891209 0
-615.47894 -92.170387 -2.5660837 0
-617.04816 -92.074692 -2.5532713 0
-616.99335 -92.077606 -2.5952649 0
-626.23169 -91.051727 -2.5484204 0
-626.05304 -91.082985 -2.5530467 0
-630.9444 -90.919556 -2.5425515 0
-628.39148 -90.948357 -2.5570459 0
-626.8811 -90.998955 -2.5314293 0
-632.3584 -90.809395 -2.5549662 0
-632.06976 -90.822556 -2.5715384 0
-630.70673 -90.86969 -2.5596604 0
-619.4798 -90.825729 -2.5038121 0
-636.79028 -90.719902 -2.5128191 0
-621.53564 -90.694382 -2.5957656 0
-620.13849 -90.582062 -2.5326195 0
-620.01825 -90.564499 -2.5374289 0
-624.67377 -90.455635 -2.5354729 0
-624.2724 -90.44252 -2.5135307 0
-623.91083 -90.452133 -2.561307 0
-623.76599 -90.458862 -2.5618846 0
-623.62518 -90.436707 -2.5623477 0
-643.08484 -84.489479 -2.5456634 0
-643.01471 -81.469193 -2.5682151 0
-636.22162 -64.312164 -2.5134525 0
-636.24927 -64.266212 -2.5976775 0
-636.17303 -64.04071 -2.5102289 0
-648.46558 -63.6292 -2.5263181 0
-636.20673 -63.675652 -2.5139 0
-626.42676 -62.620758 -2.5207915 0
-626.4812 -62.546276 -2.5428259 0
-617.12665 -62.357002 -2.5273042 0
-617.05682 -62.381756 -2.5822532 0
-617.04633 -62.162819 -2.5250187 0
-628.18579 -61.929943 -2.5906811 0
-617.07404 -61.667194 -2.5153923 0
-636.11322 -61.326862 -2.5581796 0
-636.03204 -61.348789 -2.5605989 0
-635.9906 -61.341736 -2.5840552 0
-635.89941 -61.358753 -2.5414999 0
-635.77441 -61.399746 -2.5930045 0
-636.46075 -61.295097 -2.5765641 0
-635.96558 -61.217751 -2.5333855 0
-635.82776 -61.291546 -2.5433116 0
-636.22247 -61.178211 -2.5474682 0
-617.06073 -60.964775 -2.5021081 0
-636.146 -60.636162 -2.5787747 0
-617.03796 -60.566925 -2.5778592 0
-616.97528 -60.573608 -2.5659909 0
-617.0094 -60.408928 -2.5972688 0
-648.53973 -60.008091 -2.5412786 0
-648.48907 -60.022049 -2.5376813 0
-617.12329 -60.011326 -2.5756171 0
-616.96387 -60.026886 -2.5010917 0
-649.31171 -59.947441 -2.5370855 0
-648.60223 -59.956562 -2.5605252 0
-648.56567 -59.986412 -2.5471411 0
-648.40686 -59.750412 -2.5856252 0
-617.06915 -59.609222 -2.5660646 0
-636.00641 -59.586746 -2.5260949 0
-636.01501 -59.357052 -2.5373137 0
-616.96289 -59.337601 -2.5094404 0
-636.12531 -59.262447 -2.5001218 0
-627.49463 -59.09753 -2.5034204 0
-626.6748 -59.024368 -2.53864 0
-627.67035 -58.905567 -2.5283642 0
-627.94354 -58.872032 -2.5996125 0
-627.36499 -58.82304 -2.5311289 0
-617.08966 -58.816925 -2.5420196 0
-616.9823 -58.886238 -2.581907 0
-627.43701 -58.712368 -2.5244346 0
-616.93787 -58.769203 -2.5073562 0
-627.50751 -58.609379 -2.5461326 0
-627.49664 -58.487801 -2.5321677 0
-616.96851 -58.47271 -2.5020785 0
-636.03839 -58.301239 -2.5593362 0
-635.88013 -58.32029 -2.5258064 0
-635.69495 -58.375034 -2.5154779 0
-636.12775 -58.222733 -2.518014 0
-636.08948 -58.267464 -2.5573537 0
-635.93127 -58.258698 -2.5075459 0
-635.89569 -58.288658 -2.5696628 0
-635.79181 -58.2752 -2.5276937 0
-616.9281 -58.204693 -2.5051517 0
-617.03717 -58.121704 -2.5245407 0
-648.39099 -58.088783 -2.5458899 0
-649.62512 -57.955818 -2.5400031 0
-636.14874 -57.960648 -2.5590856 0
-616.86658 -57.914665 -2.5703175 0
-616.90869 -57.876724 -2.5436075 0
-648.35083 -57.705383 -2.5954652 0
-616.92957 -57.787064 -2.5407891 0
-648.29572 -57.674931 -2.5494897 0
-616.90979 -57.660858 -2.5034993 0
-636.09052 -57.598412 -2.5575652 0
-616.99872 -57.429504 -2.5022628 0
-648.31616 -57.236153 -2.5906785 0
-616.927 -57.115253 -2.5150399 0
-636.01276 -56.493355 -2.5561316 0
-616.88037 -56.446339 -2.5660818 0
-636.00659 -56.359997 -2.5288115 0
-636.02203 -56.283691 -2.5498793 0
-616.89191 -56.288544 -2.5141261 0
-635.97418 -56.18409 -2.5440245 0
-616.90753 -56.102024 -2.5687091 0
-616.87061 -56.123203 -2.5850863 0
-636.06598 -56.069084 -2.550477 0
-616.85455 -55.917702 -2.5642662 0
-648.37799 -55.874462 -2.5991874 0
-616.85883 -55.562347 -2.5930774 0
-635.57806 -55.315521 -2.550205 0
-635.84534 -55.247154 -2.5456998 0
-635.69916 -55.240875 -2.5433185 0
-635.5957 -55.227875 -2.5391562 0
-616.86542 -55.218002 -2.5335948 0
-635.79382 -55.197979 -2.5248432 0
-616.86975 -55.080124 -2.5509028 0
-636.05975 -54.901356 -2.5401573 0
-635.99353 -54.901882 -2.5310636 0
-636.01196 -54.88739 -2.5042763 0
-616.86273 -54.859226 -2.5317652 0
-616.87347 -54.697563 -2.5281489 0
-635.95111 -54.510235 -2.5522544 0
-616.93207 -54.569271 -2.5950105 0
-616.8161 -54.545746 -2.5381894 0
-627.84039 -54.407776 -2.5594187 0
-627.46356 -54.412102 -2.5490084 0
-626.69318 -54.484074 -2.5053921 0
-616.95227 -54.405647 -2.585335 0
-616.8717 -54.450432 -2.5435686 0
-649.6723 -54.324108 -2.5370946 0
-628.26752 -54.324814 -2.5945077 0
-628.01062 -54.391258 -2.5633883 0
-626.41089 -54.359306 -2.5291958 0
-605.72125 -54.364193 -2.5540276 0
-605.68756 -54.326656 -2.5075896 0
-649.63373 -54.269329 -2.5162818 0
-649.59967 -54.257515 -2.5640278 0
-648.21625 -54.266521 -2.5364997 0
-627.64862 -54.22477 -2.5461907 0
-626.41156 -54.29319 -2.5419016 0
-607.07648 -54.267818 -2.5556755 0
-627.63776 -54.115868 -2.5307856 0
-627.12183 -54.146324 -2.5060959 0
-627.80402 -54.09911 -2.5478952 0
-627.26794 -54.056625 -2.5689061 0
-627.69659 -53.930481 -2.5367503 0
-627.50323 -53.96946 -2.5303018 0
-616.83698 -53.935436 -2.5458856 0
-628.00226 -53.826851 -2.5365114 0
-627.67053 -53.831528 -2.5284536 0
-627.88934 -53.798794 -2.523772 0
-627.60345 -53.738258 -2.5772717 0
-635.98901 -53.477211 -2.5810628 0
-627.71429 -53.458858 -2.543123 0
-627.64856 -53.414253 -2.5929976 0
-616.83521 -53.44989 -2.571564 0
-635.93048 -53.325035 -2.5572958 0
-616.82495 -53.342197 -2.5613494 0
-635.94189 -53.221012 -2.5936396 0
-616.91663 -53.276028 -2.5273683 0
-616.82129 -53.245678 -2.5836444 0
-605.54602 -53.268372 -2.5759537 0
-627.7002 -53.149498 -2.5329943 0
-616.83539 -53.127895 -2.5226021 0
-616.76172 -53.124798 -2.5636244 0
-635.92023 -53.006676 -2.5710444 0
-635.89014 -53.021637 -2.5035815 0
-648.23431 -52.991146 -2.5451434 0
-648.14441 -52.822594 -2.560447 0
-616.75879 -52.51004 -2.5387485 0
-616.77722 -52.475536 -2.5503657 0
-635.6236 -52.229649 -2.5450532 0
-635.56262 -52.223457 -2.5757782 0
-635.4989 -52.282581 -2.5687551 0
-616.79956 -52.290817 -2.5471601 0
-635.88745 -52.128616 -2.5560112 0
-635.73541 -52.198914 -2.5165634 0
-616.80688 -52.083164 -2.5535221 0
-616.77386 -52.003063 -2.5640295 0
-635.90704 -51.938637 -2.5420439 0
-616.76056 -51.95142 -2.5498383 0
-648.17932 -51.812401 -2.5027993 0
-635.86938 -51.841179 -2.5510855 0
-635.85864 -51.795792 -2.5216551 0
-616.75928 -51.746445 -2.5961468 0
-635.84546 -51.696964 -2.5574446 0
-616.76978 -51.636101 -2.5761242 0
-635.84924 -51.526287 -2.541816 0
-648.19696 -51.479729 -2.5835242 0
-635.8501 -51.430706 -2.532773 0
-648.20435 -51.301537 -2.5660288 0
-635.854 -51.36311 -2.5402751 0
-616.73114 -51.305496 -2.5546913 0
-648.15619 -51.286377 -2.5069134 0
-635.83173 -51.140869 -2.5567367 0
-616.76581 -51.110802 -2.5959134 0
-635.8222 -51.053261 -2.5208638 0
-616.74866 -51.060158 -2.5740657 0
-572.6698 -51.002487 -2.5578308 0
-635.8537 -50.947144 -2.5256562 0
-616.75049 -50.903027 -2.5331662 0
-605.47955 -50.967083 -2.5878417 0
-572.35767 -50.958614 -2.5771673 0
-648.13696 -50.810577 -2.5080221 0
-575.73413 -50.843056 -2.5232792 0
-572.02997 -50.877399 -2.548748 0
-635.82507 -50.789364 -2.5210247 0
-616.74786 -50.762703 -2.596874 0
-581.89136 -50.702797 -2.5410304 0
-581.17645 -50.717285 -2.5160542 0
-580.41809 -50.707447 -2.547611 0
-580.26971 -50.737965 -2.5266898 0
-577.28186 -50.774555 -2.5962291 0
-616.73346 -50.64439 -2.5547388 0
-581.44775 -50.6315 -2.5349286 0
-581.22998 -50.667839 -2.5792813 0
-580.90082 -50.698792 -2.5940771 0
-580.61957 -50.682755 -2.5449202 0
-580.47278 -50.697697 -2.5111182 0
-635.80811 -50.538097 -2.517664 0
-605.39325 -50.521061 -2.5269866 0
-586.67969 -50.50341 -2.5733864 0
-585.30084 -50.547794 -2.5992291 0
-635.94214 -50.402355 -2.5123324 0
-616.74841 -50.498638 -2.5440068 0
-635.84778 -50.365379 -2.5349655 0
-616.73663 -50.38406 -2.5691323 0
-605.44531 -50.381641 -2.5910594 0
-626.8902 -50.253124 -2.5052826 0
-605.43774 -50.240143 -2.5541124 0
-643.17236 -50.140213 -2.5012212 0
-626.96844 -50.142002 -2.592577 0
-616.7265 -50.12199 -2.5240178 0
-605.45459 -50.186508 -2.5745575 0
-599.22638 -50.123505 -2.5478692 0
-643.10034 -50.04274 -2.5795679 0
-635.90869 -50.011223 -2.5470943 0
-627.2771 -50.032318 -2.5992215 0
-627.073 -50.054321 -2.5836477 0
-616.71655 -50.033493 -2.5079315 0
-617.12042 -92.109489 -2.4967325 0
-617.0788 -92.051689 -2.4559526 0
-632.39575 -91.062172 -2.4367263 0
-625.19147 -91.023117 -2.472909 0
-631.00732 -90.91787 -2.4877503 0
-626.75183 -90.979141 -2.4994483 0
-625.50879 -90.984932 -2.4668622 0
-629.97925 -90.882996 -2.4432859 0
-619.02753 -90.824791 -2.4276345 0
-618.58099 -90.807426 -2.4455996 0
-622.90021 -90.703003 -2.4321527 0
-622.6416 -90.777069 -2.4507844 0
-622.42407 -90.756508 -2.4082217 0
-622.3855 -90.788765 -2.4470801 0
-622.28094 -90.734352 -2.4647248 0
-622.12213 -90.766289 -2.45315 0
-622.03217 -90.736229 -2.4368229 0
-621.99969 -90.759651 -2.4560699 0
-621.86102 -90.734032 -2.4589381 0
-621.73419 -90.74691 -2.4624248 0
-621.64526 -90.770615 -2.4738545 0
-621.47363 -90.735229 -2.4686878 0
-619.36401 -90.774857 -2.4124599 0
-640.56323 -90.617699 -2.4027476 0
-634.55774 -90.684334 -2.4337738 0
-618.35693 -90.618034 -2.4542327 0
-619.97113 -90.577492 -2.4119444 0
-619.82178 -90.552277 -2.4590092 0
-618.39551 -90.588501 -2.4409096 0
-623.5282 -90.457726 -2.415633 0
-643.64886 -90.082642 -2.4736049 0
-643.54596 -87.50489 -2.4727054 0
-643.37225 -87.539246 -2.4522715 0
-643.62323 -87.283508 -2.4565268 0
-643.32385 -81.413567 -2.4109552 0
-636.19684 -64.10051 -2.4168084 0
-636.19446 -64.094604 -2.4480631 0
-636.20984 -63.70668 -2.4744382 0
-627.10767 -63.616928 -2.4478481 0
-626.86713 -63.528484 -2.4484406 0
-626.72211 -63.527157 -2.486973 0
-626.44885 -63.401867 -2.4407146 0
-625.70465 -62.770123 -2.4447477 0
-617.08008 -62.670887 -2.4170723 0
-626.50781 -62.594688 -2.4970157 0
-626.36371 -62.518761 -2.4230313 0
-617.06708 -62.553539 -2.4839714 0
-617.09045 -62.281116 -2.4410789 0
-617.05804 -62.152599 -2.4253731 0
-616.99579 -62.001652 -2.4133883 0
-627.75824 -61.986313 -2.4732661 0
-627.5564 -61.935627 -2.491888 0
-617.04675 -61.782131 -2.44961 0
-635.87158 -61.357197 -2.4835341 0
-635.76434 -61.376198 -2.4083717 0
-636.44958 -61.282867 -2.4490709 0
-636.16357 -61.118412 -2.4061351 0
-636.21173 -60.969402 -2.4578242 0
-617.05176 -60.926132 -2.4448171 0
-616.9574 -60.757221 -2.4296646 0
-626.64435 -60.620049 -2.4372873 0
-616.98694 -60.614548 -2.428813 0
-617.03113 -60.546265 -2.4926879 0
-627.03204 -60.431446 -2.4900212 0
-616.99854 -60.490974 -2.4013758 0
-626.81244 -60.368279 -2.4367924 0
-617.00024 -60.218529 -2.4571602 0
-628.93304 -60.049431 -2.4120131 0
-649.3407 -59.942978 -2.472019 0
-648.57776 -59.973713 -2.4173925 0
-627.63831 -59.93832 -2.4642601 0
-649.30298 -59.899925 -2.48943 0
-648.39258 -59.889977 -2.4921913 0
-628.755 -59.839859 -2.4948575 0
-617.03088 -59.860428 -2.4368937 0
-616.97791 -59.748497 -2.4586825 0
-636.06 -59.603443 -2.4730437 0
-636.08221 -59.401951 -2.4061024 0
-616.97144 -59.251686 -2.4017248 0
-648.39276 -59.155067 -2.4582157 0
-627.42499 -59.157421 -2.4047854 0
-628.94092 -59.02129 -2.4963474 0
-627.96521 -59.08252 -2.4325316 0
-616.94434 -59.034637 -2.4794371 0
-628.03876 -58.957623 -2.4111149 0
-627.36328 -58.972073 -2.4041553 0
-628.82068 -58.813324 -2.4504049 0
-627.10925 -58.873753 -2.4300513 0
-628.88208 -58.789764 -2.4649844 0
-628.73663 -58.789883 -2.467608 0
-628.10333 -58.777996 -2.4709306 0
-627.5791 -58.708153 -2.405539 0
-627.23145 -58.788673 -2.4535444 0
-648.40869 -58.645004 -2.4220879 0
-628.13464 -58.663746 -2.492084 0
-628.08838 -58.68185 -2.4928293 0
-627.28162 -58.639473 -2.4444838 0
-616.94702 -58.6483 -2.4697766 0
-627.60242 -58.581921 -2.4795928 0
-626.08704 -58.588593 -2.4959803 0
-625.99896 -58.557533 -2.498534 0
-648.39655 -58.417027 -2.4218357 0
-635.62634 -58.407066 -2.446223 0
-636.08771 -58.307571 -2.4394772 0
-635.73059 -58.317543 -2.4596243 0
-636.22546 -58.207794 -2.4216442 0
-636.09015 -58.248966 -2.4709795 0
-635.95898 -58.286484 -2.4661632 0
-635.83917 -58.281723 -2.4217253 0
-635.78046 -58.266678 -2.4924769 0
-616.96777 -58.297665 -2.461447 0
-648.39532 -58.120361 -2.4130321 0
-636.15594 -58.198071 -2.4232938 0
-627.71692 -58.167191 -2.4138744 0
-616.92493 -58.109646 -2.4021184 0
-616.88605 -58.068218 -2.4652393 0
-649.73767 -57.967628 -2.405345 0
-636.04102 -57.904339 -2.4299138 0
-648.40369 -57.737396 -2.406179 0
-648.29773 -57.749336 -2.4448981 0
-636.06158 -57.615524 -2.4497192 0
-616.93567 -57.65992 -2.4962068 0
-636.07642 -57.576813 -2.4286294 0
-626.57031 -57.483681 -2.4249907 0
-616.94055 -57.358459 -2.4548457 0
-616.86969 -57.353424 -2.4749429 0
-616.90784 -57.067413 -2.4226458 0
-616.85645 -57.067318 -2.4498198 0
-635.9762 -56.529812 -2.4562771 0
-636.00421 -56.487125 -2.4508834 0
-648.34283 -56.239548 -2.4016929 0
-648.3316 -56.026169 -2.4755788 0
-616.88159 -56.057556 -2.4937952 0
-648.32355 -55.824829 -2.4373388 0
-648.29797 -55.839272 -2.4772515 0
-635.75275 -55.737888 -2.4144869 0
-554.71246 -55.782345 -2.448745 0
-554.12811 -55.771862 -2.4892952 0
-648.31287 -55.506336 -2.4878104 0
-648.33911 -55.430328 -2.4251432 0
-616.9024 -55.437634 -2.410816 0
-635.78717 -55.300564 -2.4308109 0
-626.77234 -55.318291 -2.4444396 0
-616.86823 -55.309944 -2.4903979 0
-635.93079 -55.255009 -2.4255035 0
-635.83667 -55.257332 -2.4773512 0
-635.75684 -55.252495 -2.4070454 0
-635.5766 -55.278343 -2.4256701 0
-636.27179 -55.193199 -2.4337766 0
-626.86755 -55.186378 -2.4838638 0
-616.8385 -55.128517 -2.4045925 0
-636.00824 -54.918686 -2.4039929 0
-616.84546 -54.909019 -2.4086599 0
-648.25836 -54.706726 -2.4287124 0
-648.23517 -54.670284 -2.4880571 0
-636.00134 -54.566074 -2.4048457 0
-627.68524 -54.548939 -2.4280055 0
-626.64185 -54.56361 -2.4461942 0
-616.94153 -54.577164 -2.4186099 0
-616.83905 -54.41663 -2.4253721 0
-649.56903 -54.329578 -2.436841 0
-628.38031 -54.379803 -2.478745 0
-627.66614 -54.302711 -2.480423 0
-627.48657 -54.360058 -2.4051743 0
-607.05261 -54.307827 -2.495707 0
-605.64746 -54.376564 -2.4557197 0
-649.63525 -54.252335 -2.4596128 0
-610.02478 -54.235237 -2.4313889 0
-609.88544 -54.235302 -2.4267612 0
-609.05267 -54.211437 -2.4615686 0
-607.19421 -54.286903 -2.493154 0
-627.0531 -54.136536 -2.4432006 0
-611.05078 -54.155163 -2.4298458 0
-610.55347 -54.173115 -2.437696 0
-610.4115 -54.199009 -2.4401376 0
-610.16656 -54.191833 -2.4231048 0
-609.41083 -54.174381 -2.4603353 0
-627.67444 -54.051079 -2.4808652 0
-627.18311 -54.007755 -2.4346485 0
-616.79688 -54.076851 -2.4982965 0
-627.22375 -53.909363 -2.4164257 0
-627.15295 -53.974285 -2.4749157 0
-616.81989 -53.928387 -2.4590456 0
-616.82721 -53.858768 -2.4605548 0
-616.81787 -53.647442 -2.4746308 0
-635.92371 -53.538292 -2.4438405 0
-616.84399 -53.577278 -2.4317594 0
-635.87152 -53.442814 -2.4101186 0
-627.82812 -53.497776 -2.4330275 0
-616.81464 -53.416496 -2.4904234 0
-635.90491 -53.339008 -2.41413 0
-635.84399 -53.312012 -2.480613 0
-616.78809 -53.327915 -2.4250808 0
-627.66144 -53.24242 -2.4133401 0
-616.83588 -53.202427 -2.4620316 0
-648.2843 -53.148464 -2.4449162 0
-635.89734 -53.188366 -2.4973505 0
-616.81012 -53.179661 -2.4068904 0
-635.89325 -53.043808 -2.4338853 0
-616.81165 -53.026611 -2.4325867 0
-616.81189 -52.9431 -2.4767828 0
-611.56335 -52.974949 -2.4412367 0
-616.83069 -52.892246 -2.4680839 0
-616.80591 -52.735283 -2.4176645 0
-616.76306 -52.563328 -2.4150991 0
-611.52466 -52.589798 -2.4498532 0
-605.61444 -52.49847 -2.4266212 0
-635.48846 -52.319355 -2.4753947 0
-616.78229 -52.395496 -2.4345465 0
-648.15472 -52.287247 -2.4710789 0
-635.75354 -52.228226 -2.4544244 0
-635.65619 -52.211594 -2.4831591 0
-635.55469 -52.237434 -2.4353981 0
-616.78662 -52.239578 -2.4057057 0
-635.84967 -52.192513 -2.4536016 0
-635.78864 -52.176929 -2.4243829 0
-635.89374 -52.026436 -2.4852812 0
-616.78326 -51.944046 -2.4126019 0
-616.78009 -51.871826 -2.4085674 0
-635.86218 -51.766747 -2.4161022 0
-616.76599 -51.751007 -2.4610167 0
-611.50165 -51.777229 -2.4705782 0
-635.91083 -51.633644 -2.4188166 0
-616.76715 -51.678642 -2.4249971 0
-616.75226 -51.567368 -2.4366174 0
-616.80084 -51.403584 -2.484977 0
-616.74878 -51.451363 -2.4382393 0
-635.81244 -51.310028 -2.4460406 0
-616.76978 -51.397877 -2.4227393 0
-605.44 -51.372574 -2.465102 0
-616.77118 -51.155624 -2.4485891 0
-635.85248 -50.90395 -2.4328175 0
-616.7439 -50.936493 -2.4377017 0
-605.46198 -50.991016 -2.4846001 0
-575.24731 -50.91716 -2.4144771 0
-573.35272 -50.941887 -2.4255793 0
-570.8111 -50.951263 -2.4146268 0
-635.88678 -50.897396 -2.4234903 0
-616.74847 -50.83572 -2.4522574 0
-648.18829 -50.708458 -2.4931843 0
-616.73883 -50.721096 -2.4210939 0
-616.68896 -50.79229 -2.4778726 0
-580.82874 -50.709427 -2.4991233 0
-577.92944 -50.733006 -2.4252727 0
-577.49323 -50.730373 -2.4100859 0
-577.3443 -50.768826 -2.4031668 0
-635.82532 -50.64521 -2.4819655 0
-581.34509 -50.658897 -2.4577844 0
-581.25 -50.693314 -2.4056408 0
-580.93823 -50.690903 -2.4093368 0
-580.1601 -50.693001 -2.415617 0
-586.15167 -50.557846 -2.4742136 0
-584.32141 -50.56641 -2.4951792 0
-635.82068 -50.43782 -2.4192905 0
-616.74255 -50.466492 -2.4280496 0
-589.95898 -50.421452 -2.4223337 0
-589.39441 -50.455486 -2.4391189 0
-588.57849 -50.473209 -2.4468758 0
-585.38861 -50.47541 -2.486346 0
-635.9458 -50.323723 -2.4526281 0
-616.74194 -50.347931 -2.4698749 0
-626.9165 -50.216724 -2.4674556 0
-626.89948 -50.284752 -2.4588888 0
-626.75989 -50.219933 -2.4859955 0
-616.73999 -50.266384 -2.4671247 0
-616.73621 -50.162292 -2.4376459 0
-616.69592 -50.173782 -2.4563184 0
-626.97729 -50.025581 -2.4301107 0
-616.67627 -50.045761 -2.4510374 0
-615.88538 -92.106514 -2.3508618 0
-617.18811 -92.065704 -2.3767378 0
-616.5462 -92.061333 -2.3193932 0
-617.34784 -91.427734 -2.3238292 0
-627.61041 -91.023445 -2.3052931 0
-625.12091 -91.050583 -2.3131213 0
-629.23383 -90.953857 -2.3264604 0
-628.39703 -90.931831 -2.3846722 0
-635.98657 -90.737495 -2.3979318 0
-622.25629 -90.751801 -2.344794 0
-636.10577 -90.680756 -2.340054 0
-635.90509 -90.694366 -2.3094738 0
-619.68176 -90.603432 -2.3940332 0
-618.50641 -90.686226 -2.3986495 0
-618.22498 -90.632698 -2.3450983 0
-641.34161 -90.536987 -2.3101559 0
-623.18439 -90.572166 -2.3796136 0
-620.38934 -90.52951 -2.3919289 0
-619.81775 -90.585098 -2.3336432 0
-624.42517 -90.481033 -2.3963125 0
-624.33173 -90.444153 -2.3764138 0
-623.90747 -90.467293 -2.3700264 0
-623.4245 -90.481468 -2.3171744 0
-643.44891 -87.532341 -2.3905349 0
-643.02734 -81.39547 -2.3469317 0
-628.27527 -65.162781 -2.3343801 0
-627.26465 -64.441689 -2.3433919 0
-636.22754 -64.3563 -2.3192425 0
-629.41437 -64.342674 -2.3209114 0
-627.8205 -63.825787 -2.332634 0
-627.82764 -63.774014 -2.366888 0
-627.50507 -63.778648 -2.3857234 0
-636.1814 -63.656429 -2.3850274 0
-627.80231 -63.695404 -2.3644772 0
-627.05249 -63.57214 -2.357784 0
-626.49451 -63.503479 -2.373997 0
-627.1286 -63.418198 -2.3763814 0
-628.4566 -62.637817 -2.3597066 0
-627.70807 -62.604969 -2.3409612 0
-617.04626 -62.681423 -2.3628764 0
-626.4472 -62.535076 -2.3846886 0
-626.39893 -62.492332 -2.3933015 0
-627.1543 -62.326801 -2.3030658 0
-636.14648 -61.370667 -2.3656247 0
-635.91351 -61.32164 -2.3824797 0
-635.87646 -61.347595 -2.3341966 0
-636.5531 -61.285156 -2.38152 0
-636.18835 -61.260242 -2.3270061 0
-636.18402 -60.949471 -2.30002 0
-626.77856 -60.411373 -2.3927987 0
-629.57587 -60.245213 -2.3983519 0
-628.87573 -60.200203 -2.3561757 0
-648.54608 -60.070301 -2.3343 0
-649.95496 -59.913891 -2.3088279 0
-649.35315 -59.971291 -2.3113554 0
-649.08844 -59.916836 -2.392045 0
-616.96997 -59.473206 -2.326225 0
-636.03741 -59.346695 -2.3639152 0
-628.08734 -59.04818 -2.3237545 0
-629.46313 -58.971992 -2.3629885 0
-627.96997 -58.844563 -2.3290999 0
-627.26184 -58.59346 -2.3470185 0
-627.34637 -58.423401 -2.3688805 0
-627.29059 -58.405918 -2.3703299 0
-616.93964 -58.437508 -2.3282957 0
-648.4093 -58.338871 -2.3649366 0
-635.71942 -58.329872 -2.3790512 0
-616.9342 -58.335281 -2.3044798 0
-636.42633 -58.243656 -2.3140111 0
-636.08264 -58.264442 -2.3651185 0
-635.93481 -58.239929 -2.3964491 0
-635.75134 -58.282215 -2.3569872 0
-609.34155 -58.220245 -2.3088224 0
-616.93829 -58.131588 -2.3939612 0
-649.72302 -58.025688 -2.3333035 0
-649.64807 -58.016457 -2.3279572 0
-616.92896 -58.099876 -2.3833575 0
-649.76526 -57.979214 -2.3195071 0
-649.67096 -57.98307 -2.3975449 0
-636.12836 -57.978786 -2.3950121 0
-627.9187 -57.886536 -2.3838816 0
-648.44312 -57.790737 -2.374465 0
-616.91589 -57.733082 -2.3910093 0
-628.02563 -57.503582 -2.3768778 0
-616.89972 -56.95097 -2.354291 0
-616.91034 -56.899944 -2.3199508 0
-616.88605 -56.795704 -2.3871419 0
-616.96838 -56.483585 -2.3266621 0
-616.87549 -56.26757 -2.3864932 0
-616.88489 -56.169834 -2.3496313 0
-643.02698 -56.005943 -2.3600547 0
-635.85425 -55.975552 -2.3627837 0
-616.86993 -55.98875 -2.3075378 0
-616.90552 -55.883308 -2.3099432 0
-616.87622 -55.677319 -2.349298 0
-626.99689 -55.503189 -2.3640263 0
-626.84155 -55.41209 -2.3031781 0
-626.44299 -55.432846 -2.3500814 0
-626.31592 -55.488091 -2.3003829 0
-616.87219 -55.355217 -2.3741965 0
-636.1554 -55.235153 -2.3012488 0
-635.98901 -55.246689 -2.3712711 0
-635.84949 -55.248642 -2.3272667 0
-635.78235 -55.2104 -2.3739638 0
-635.6452 -55.259617 -2.3578644 0
-635.58813 -55.255722 -2.3875911 0
-616.85547 -55.247231 -2.3827705 0
-635.68048 -55.194149 -2.3524196 0
-616.85327 -55.122463 -2.3869591 0
-616.86871 -55.082909 -2.3786228 0
-636.08191 -54.954708 -2.3922689 0
-635.98224 -54.931274 -2.3886144 0
-616.85254 -54.975212 -2.3466399 0
-627.93445 -54.843517 -2.397197 0
-616.85699 -54.830406 -2.3709965 0
-616.85754 -54.701153 -2.3799601 0
-616.8457 -54.636009 -2.3096671 0
-635.98352 -54.542553 -2.3902652 0
-627.3302 -54.50404 -2.3081105 0
-616.84058 -54.444019 -2.3936539 0
-649.63666 -54.353935 -2.3953564 0
-649.57434 -54.332001 -2.395999 0
-627.63049 -54.30452 -2.3974791 0
-627.5788 -54.330582 -2.3816676 0
-616.84351 -54.317005 -2.3980262 0
-649.55194 -54.272121 -2.3410833 0
-628.41779 -54.207806 -2.361413 0
-627.73804 -54.27956 -2.3967144 0
-627.51636 -54.295841 -2.3925571 0
-626.98816 -54.233459 -2.3072422 0
-616.90552 -54.221977 -2.3454812 0
-616.76843 -54.295204 -2.3021445 0
-610.10272 -54.205284 -2.3423402 0
-609.81317 -54.229534 -2.3518968 0
-608.4093 -54.289433 -2.3031738 0
-605.9928 -54.293633 -2.3028116 0
-627.00525 -54.14629 -2.3966606 0
-605.66901 -54.118202 -2.3882177 0
-628.55243 -54.080475 -2.3590782 0
-628.38977 -54.032074 -2.3574975 0
-627.70032 -54.044979 -2.3799391 0
-626.76392 -54.005146 -2.3062487 0
-626.68134 -54.041634 -2.3063321 0
-616.82367 -54.044834 -2.3275073 0
-616.85083 -53.928047 -2.357224 0
-627.03894 -53.807377 -2.3640137 0
-616.82758 -53.737957 -2.3814492 0
-635.92352 -53.659225 -2.3953755 0
-616.81567 -53.691109 -2.3846734 0
-635.91199 -53.55188 -2.3380535 0
-635.89124 -53.576538 -2.3448741 0
-628.22656 -53.550827 -2.386375 0
-616.85693 -53.52335 -2.3093991 0
-616.73224 -53.525322 -2.3243618 0
-635.91644 -53.473625 -2.3757124 0
-635.89612 -53.404873 -2.3021281 0
-627.76514 -53.49913 -2.3130033 0
-627.68427 -53.428982 -2.3862031 0
-635.93811 -53.312267 -2.3165827 0
-616.81323 -53.335129 -2.3878424 0
-635.90295 -53.240269 -2.3946157 0
-635.88977 -53.284904 -2.3065846 0
-635.9104 -53.115154 -2.3618982 0
-616.85205 -53.171028 -2.378201 0
-635.89972 -53.028019 -2.3661063 0
-616.78876 -53.026241 -2.3274083 0
-605.53345 -53.041138 -2.3038316 0
-616.79791 -52.973461 -2.370518 0
-635.86609 -52.887146 -2.35344 0
-616.83203 -52.872929 -2.3752496 0
-616.79333 -52.753929 -2.3719039 0
-605.53845 -52.633987 -2.3164036 0
-616.79718 -52.54565 -2.3854718 0
-616.74957 -52.419983 -2.3759601 0
-635.46307 -52.308968 -2.3699877 0
-616.80505 -52.341492 -2.3461494 0
-635.87555 -52.241032 -2.3569899 0
-635.74146 -52.216423 -2.3457513 0
-635.66193 -52.243111 -2.3641765 0
-635.57281 -52.244938 -2.3685327 0
-635.45593 -52.236561 -2.3155603 0
-616.80103 -52.278431 -2.3500469 0
-616.72076 -52.257763 -2.354352 0
-554.5589 -52.220493 -2.3236694 0
-616.78955 -52.170525 -2.3821878 0
-555.73035 -52.106823 -2.3346503 0
-555.56421 -52.149502 -2.3083842 0
-555.49884 -52.159573 -2.3095891 0
-555.35272 -52.122509 -2.3386664 0
-554.9765 -52.163361 -2.3385518 0
-554.7655 -52.169487 -2.3325367 0
-635.86285 -52.059113 -2.3558912 0
-616.771 -52.012993 -2.3291397 0
-635.83667 -51.993774 -2.3895323 0
-616.78467 -51.978672 -2.3561943 0
-635.85712 -51.855915 -2.3526878 0
-616.87592 -51.833485 -2.3386726 0
-616.77698 -51.899197 -2.3240664 0
-612.10724 -51.846939 -2.3225551 0
-588.20258 -51.878639 -2.3600068 0
-635.84692 -51.739864 -2.3423529 0
-611.60016 -51.756847 -2.3231919 0
-616.7868 -51.634995 -2.3369803 0
-612.33649 -51.656452 -2.3079796 0
-635.8587 -51.530151 -2.3535824 0
-616.77399 -51.547836 -2.3603058 0
-635.84912 -51.474415 -2.3543901 0
-616.74622 -51.42094 -2.3783069 0
-635.88342 -51.300682 -2.3141766 0
-635.84857 -51.248524 -2.3425424 0
-616.77698 -51.242241 -2.3510487 0
-605.49158 -51.206059 -2.3418691 0
-635.83087 -51.193428 -2.3480554 0
-616.85095 -51.11396 -2.3158379 0
-635.8432 -51.036633 -2.3570702 0
-616.77643 -51.035622 -2.3615479 0
-570.4563 -51.072403 -2.3541386 0
-570.2309 -51.014832 -2.3708625 0
-570.18719 -51.009789 -2.3589704 0
-635.85242 -50.952427 -2.3444443 0
-616.75165 -50.939342 -2.3715196 0
-616.68158 -50.939339 -2.3858202 0
-570.08899 -50.994247 -2.3727939 0
-569.94336 -50.994007 -2.3700373 0
-648.18787 -50.809364 -2.3202386 0
-635.83606 -50.848988 -2.3694968 0
-576.17749 -50.858864 -2.360218 0
-575.86902 -50.844963 -2.3796172 0
-575.55963 -50.851063 -2.3992255 0
-574.75623 -50.867344 -2.3572266 0
-574.63727 -50.809738 -2.3616388 0
-574.32312 -50.835102 -2.360522 0
-574.08667 -50.884804 -2.320719 0
-635.8385 -50.787796 -2.3633296 0
-616.71155 -50.732826 -2.3237305 0
-577.21442 -50.761852 -2.3955081 0
-635.7948 -50.658421 -2.3632076 0
-616.72327 -50.600239 -2.3842249 0
-605.43384 -50.663296 -2.3550761 0
-581.89624 -50.611557 -2.3173711 0
-581.58881 -50.648224 -2.3212552 0
-580.90375 -50.673584 -2.3268962 0
-580.65527 -50.680809 -2.3742275 0
-580.59412 -50.639683 -2.3370314 0
-635.82709 -50.54953 -2.347692 0
-616.66876 -50.594696 -2.3939195 0
-586.89868 -50.574722 -2.3201439 0
-586.73206 -50.539268 -2.3009629 0
-585.78003 -50.571213 -2.3174911 0
-585.39923 -50.559921 -2.3134823 0
-616.74896 -50.468365 -2.3487394 0
-590.20245 -50.407818 -2.3210483 0
-589.63348 -50.407181 -2.3215072 0
-588.46228 -50.449745 -2.3567162 0
-648.17902 -50.37117 -2.3393545 0
-635.95593 -50.354805 -2.3720014 0
-626.71423 -50.345085 -2.3084264 0
-616.75928 -50.37434 -2.3790808 0
-616.68506 -50.327003 -2.3104291 0
-591.56354 -50.3922 -2.3385627 0
-626.84448 -50.209557 -2.376349 0
-626.67218 -50.276054 -2.3973773 0
-616.74524 -50.293865 -2.3565831 0
-616.73206 -50.116482 -2.3264318 0
-586.03308 -50.161701 -2.3624141 0
-645.82898 -50.028366 -2.392175 0
-645.29834 -50.016846 -2.3941817 0
-644.25562 -50.047352 -2.3361971 0
-644.19635 -50.030674 -2.3566861 0
-643.93805 -50.019718 -2.3489039 0
-643.43274 -50.05444 -2.3480873 0
-643.14777 -50.015556 -2.3648555 0
-616.75604 -50.023029 -2.3337901 0
-617.34894 -92.115616 -2.2493756 0
-617.64697 -92.096436 -2.2689266 0
-628.48022 -90.967285 -2.2387326 0
-627.70905 -90.982033 -2.2200842 0
-626.7644 -90.997063 -2.2873189 0
-631.03589 -90.860954 -2.2176123 0
-630.84369 -90.881004 -2.2271435 0
-630.59363 -90.86869 -2.2893114 0
-618.63959 -90.812759 -2.2960618 0
-622.21558 -90.721428 -2.2282386 0
-622.19208 -90.726791 -2.2514782 0
-622.0769 -90.737648 -2.206593 0
-621.86255 -90.773643 -2.2875752 0
-618.63684 -90.775116 -2.2277608 0
-637.49286 -90.682365 -2.2696974 0
-620.37018 -90.561264 -2.2581463 0
-624.36792 -90.431969 -2.2940967 0
-623.31854 -90.470619 -2.2055092 0
-648.51514 -66.616646 -2.2257378 0
-636.2038 -65.617409 -2.2658973 0
-627.56799 -65.455788 -2.2958007 0
-627.19092 -64.810516 -2.2076566 0
-636.22845 -64.332062 -2.2389424 0
-627.81989 -63.738998 -2.2692661 0
-627.72461 -63.768936 -2.2717116 0
-626.61932 -63.713795 -2.2211771 0
-648.50208 -63.633282 -2.2929454 0
-626.01459 -62.626038 -2.2234247 0
-617.24713 -62.689224 -2.2688415 0
-617.13782 -62.407101 -2.2791948 0
-627.11438 -62.372307 -2.2844737 0
-626.91211 -62.364437 -2.2262793 0
-636.13696 -62.113144 -2.2540221 0
-617.21967 -61.876125 -2.2560298 0
-628.21014 -61.619389 -2.2770116 0
-617.05347 -61.69875 -2.2947955 0
-628.11017 -61.561501 -2.2792218 0
-617.03766 -61.529289 -2.2717125 0
-635.96509 -61.316105 -2.2449687 0
-635.82056 -61.337566 -2.2331567 0
-635.76288 -61.379898 -2.2459457 0
-617.07733 -61.365513 -2.2384353 0
-636.19794 -61.203442 -2.2179728 0
-617.01971 -61.170712 -2.2490747 0
-636.15137 -60.943401 -2.2428982 0
-617.18005 -60.938789 -2.245393 0
-617.0047 -60.762547 -2.2922626 0
-617.18103 -60.45269 -2.2384167 0
-616.97119 -60.331848 -2.2541268 0
-617.01685 -60.123405 -2.2271428 0
-648.47083 -60.005508 -2.2818949 0
-617.00897 -60.042137 -2.2755282 0
-616.99158 -60.057999 -2.2374096 0
-649.91882 -59.939007 -2.2999582 0
-649.27252 -59.964512 -2.2387948 0
-648.8764 -59.980888 -2.2083509 0
-616.9519 -59.90897 -2.2676997 0
-616.97882 -59.707718 -2.2322762 0
-636.08484 -59.537262 -2.2507381 0
-616.98615 -59.525925 -2.2407844 0
-627.81445 -59.433723 -2.2963417 0
-617.01025 -59.438225 -2.2786064 0
-616.99994 -59.475887 -2.2879136 0
-636.10901 -59.372646 -2.2592878 0
-627.29541 -59.318649 -2.2394588 0
-617.02856 -59.383896 -2.2023137 0
-616.96582 -59.240742 -2.286485 0
-617.02051 -59.113899 -2.2087741 0
-616.95392 -59.157909 -2.2476015 0
-628.89807 -59.038265 -2.2128336 0
-617.00043 -59.017662 -2.2612965 0
-616.94977 -59.059216 -2.2429733 0
-617.02191 -58.969227 -2.214916 0
-627.86511 -58.881393 -2.2436934 0
-627.79761 -58.897964 -2.2529163 0
-617.10107 -58.823456 -2.213434 0
-617.01245 -58.843899 -2.2152305 0
-616.93439 -58.729771 -2.2349389 0
-628.22919 -58.641682 -2.2216191 0
-627.30176 -58.691597 -2.2426071 0
-616.93536 -58.627876 -2.2190092 0
-627.19684 -58.558582 -2.2976627 0
-626.99719 -58.579937 -2.2835104 0
-635.72644 -58.482864 -2.2324841 0
-628.43378 -58.464985 -2.2476974 0
-635.85645 -58.308407 -2.2027087 0
-635.75104 -58.362358 -2.2434337 0
-616.91302 -58.388786 -2.2368717 0
-635.93372 -58.277557 -2.2268379 0
-635.83905 -58.267551 -2.2441273 0
-635.6568 -58.287231 -2.2192967 0
-635.59985 -58.248936 -2.2516947 0
-636.10132 -58.183899 -2.2636402 0
-626.95135 -58.117973 -2.2002573 0
-616.94305 -58.125591 -2.2633502 0
-626.97595 -58.043739 -2.2479372 0
-626.80884 -58.02232 -2.2878346 0
-616.9256 -57.942944 -2.2407997 0
-616.95459 -57.814018 -2.2097619 0
-616.91644 -57.766361 -2.2542984 0
-616.91626 -57.644211 -2.213181 0
-616.9209 -57.546127 -2.2475033 0
-616.948 -57.347641 -2.2419078 0
-616.88629 -57.340721 -2.2880528 0
-648.26611 -57.286457 -2.2185185 0
-616.91528 -57.13031 -2.2780938 0
-616.94659 -57.048977 -2.2662513 0
-616.8916 -57.03706 -2.2724388 0
-616.914 -56.885967 -2.2179322 0
-636.02069 -56.450779 -2.2701478 0
-616.95508 -56.400291 -2.2836616 0
-616.87592 -56.48317 -2.2635281 0
-617.00769 -56.383942 -2.2921424 0
-635.97095 -56.229637 -2.2568574 0
-616.96075 -56.270805 -2.2891302 0
-616.85675 -56.299789 -2.2802827 0
-648.35083 -56.126232 -2.2373528 0
-636.08636 -56.143364 -2.2963433 0
-616.92426 -56.151104 -2.2780788 0
-616.86249 -56.105423 -2.2429607 0
-648.3642 -56.0257 -2.2075396 0
-616.9411 -56.035336 -2.2940707 0
-616.87854 -56.03297 -2.2571828 0
-616.92249 -55.94313 -2.2630985 0
-616.88129 -55.94841 -2.2722135 0
-636.00647 -55.866291 -2.2233436 0
-616.86981 -55.775692 -2.2719331 0
-617.03473 -55.659012 -2.2510912 0
-616.91241 -55.637012 -2.2893806 0
-616.88464 -55.586056 -2.2364204 0
-566.22778 -55.531967 -2.2627053 0
-565.97858 -55.566681 -2.2702713 0
-616.85175 -55.463924 -2.2493334 0
-626.85144 -55.37748 -2.2554619 0
-626.60541 -55.342213 -2.2140298 0
-616.86188 -55.312298 -2.2858872 0
-567.5722 -55.367065 -2.260524 0
-636.44965 -55.233528 -2.2670045 0
-635.83875 -55.260666 -2.2523065 0
-635.78003 -55.2686 -2.2567072 0
-635.64136 -55.258484 -2.2727849 0
-635.55078 -55.288624 -2.2707999 0
-616.86963 -55.295273 -2.2720504 0
-636.03467 -55.106544 -2.2679048 0
-616.88342 -55.15247 -2.2873933 0
-648.33374 -55.079639 -2.2369781 0
-616.8327 -55.06517 -2.2000155 0
-636.0556 -54.915722 -2.2016709 0
-616.85376 -54.964951 -2.2525525 0
-627.75726 -54.743767 -2.2360594 0
-627.30109 -54.763477 -2.2479787 0
-616.87207 -54.597263 -2.2836823 0
-627.37903 -54.423309 -2.2257302 0
-616.83942 -54.480053 -2.2898889 0
-628.07269 -54.328663 -2.2421677 0
-608.58862 -54.307289 -2.2245784 0
-607.3056 -54.301418 -2.256742 0
-607.03809 -54.305649 -2.2821469 0
-605.86737 -54.361649 -2.2340729 0
-605.78387 -54.346745 -2.2668216 0
-648.21454 -54.292305 -2.2716117 0
-627.62579 -54.267899 -2.2277279 0
-627.57092 -54.228508 -2.239542 0
-616.85577 -54.279644 -2.2542739 0
-610.04907 -54.237972 -2.2736819 0
-607.41919 -54.290966 -2.2890587 0
-605.95587 -54.294548 -2.2605224 0
-628.47913 -54.120098 -2.2335107 0
-616.84509 -54.183468 -2.262615 0
-611.56274 -54.186478 -2.2150865 0
-609.87189 -54.157616 -2.2480907 0
-628.71344 -54.069221 -2.2126391 0
-627.79138 -54.060341 -2.2016459 0
-616.82471 -54.027206 -2.2508016 0
-611.5351 -54.097511 -2.2379093 0
-628.10706 -53.988804 -2.2520792 0
-627.49341 -53.919182 -2.23315 0
-627.07751 -53.913177 -2.2711589 0
-627.12787 -53.888401 -2.2369127 0
-627.08734 -53.854565 -2.2428682 0
-616.8291 -53.895397 -2.2341599 0
-627.83813 -53.7616 -2.2027178 0
-616.84064 -53.735283 -2.2962046 0
-628.45789 -53.642021 -2.2606993 0
-616.83734 -53.652527 -2.2690709 0
-635.88556 -53.535446 -2.2252748 0
-616.96106 -53.530434 -2.2655015 0
-605.5517 -53.521671 -2.2899613 0
-628.39874 -53.424816 -2.2574451 0
-616.82501 -53.43663 -2.2437055 0
-627.74506 -53.327003 -2.2564714 0
-611.55225 -53.342228 -2.2022121 0
-627.81238 -53.296181 -2.2611439 0
-616.80957 -53.11842 -2.2127559 0
-616.82123 -53.091343 -2.2418592 0
-648.21161 -52.910892 -2.2168186 0
-648.17865 -52.905849 -2.2218716 0
-616.84875 -52.955605 -2.2433944 0
-648.18298 -52.870419 -2.226954 0
-616.80939 -52.873402 -2.2558255 0
-616.78552 -52.803398 -2.2322168 0
-642.97223 -52.79023 -2.2280087 0
-635.56458 -52.596107 -2.2626648 0
-635.49146 -52.351833 -2.203373 0
-616.79242 -52.323357 -2.2793307 0
-635.85223 -52.271278 -2.270092 0
-635.71057 -52.233517 -2.2501349 0
-635.66187 -52.217262 -2.2420857 0
-635.53802 -52.211548 -2.2964318 0
-616.78644 -52.287594 -2.2330081 0
-635.99622 -52.120422 -2.2992694 0
-635.82977 -52.138397 -2.2719913 0
-635.58264 -52.18343 -2.296973 0
-554.38739 -52.141678 -2.2918806 0
-635.86365 -52.073093 -2.2725921 0
-635.88037 -51.987541 -2.2165937 0
-616.91217 -51.932652 -2.2747245 0
-611.51294 -51.973553 -2.2309895 0
-616.78186 -51.84877 -2.2816679 0
-648.20074 -51.798649 -2.2744396 0
-616.77985 -51.739876 -2.2604978 0
-612.31812 -51.715576 -2.2422979 0
-611.8584 -51.757626 -2.2338948 0
-635.961 -51.65284 -2.2991114 0
-635.84943 -51.63007 -2.2644525 0
-616.77148 -51.659019 -2.2571633 0
-648.20099 -51.547859 -2.2048295 0
-635.87268 -51.463249 -2.2190583 0
-616.77661 -51.363316 -2.2707396 0
-648.17389 -51.253475 -2.2508447 0
-635.88208 -51.287308 -2.2503309 0
-616.76917 -51.240238 -2.2943015 0
-635.87341 -51.107258 -2.2045951 0
-616.77625 -51.125938 -2.2749314 0
-635.82648 -51.066631 -2.2328999 0
-616.75311 -51.023853 -2.2864528 0
-571.00195 -51.021534 -2.2866054 0
-570.88239 -51.054844 -2.2024381 0
-570.40924 -51.007969 -2.2976849 0
-570.36334 -51.027012 -2.2100642 0
-616.73035 -50.901283 -2.2564864 0
-572.56195 -50.935535 -2.2164385 0
-572.45264 -50.968571 -2.2341683 0
-572.211 -50.942825 -2.2534077 0
-572.06818 -50.911755 -2.2738008 0
-571.9245 -50.985806 -2.2689099 0
-571.70135 -50.953133 -2.274137 0
-571.52527 -50.987709 -2.2632632 0
-571.00983 -50.945427 -2.2212017 0
-570.49017 -50.954483 -2.2867494 0
-635.93463 -50.88398 -2.2551904 0
-635.86377 -50.846539 -2.2223322 0
-616.73358 -50.846718 -2.2843037 0
-605.44739 -50.824848 -2.2529664 0
-648.13824 -50.711998 -2.2188573 0
-635.85034 -50.76247 -2.2224307 0
-616.74524 -50.754425 -2.24365 0
-580.98767 -50.713486 -2.2136111 0
-575.93549 -50.791306 -2.2728672 0
-635.80609 -50.677078 -2.2336342 0
-616.75659 -50.661255 -2.2538407 0
-582.39777 -50.651466 -2.2342432 0
-580.8728 -50.664455 -2.2633865 0
-648.18506 -50.58263 -2.2054315 0
-616.72797 -50.57843 -2.2288096 0
-586.85425 -50.52507 -2.234153 0
-586.53546 -50.531197 -2.2532284 0
-586.22107 -50.540188 -2.2408433 0
-586.16077 -50.533394 -2.2060409 0
-635.92401 -50.458672 -2.2505493 0
-626.67395 -50.427021 -2.2854671 0
-616.74084 -50.456478 -2.2292111 0
-589.50256 -50.489277 -2.2506516 0
-588.53296 -50.483189 -2.2300341 0
-586.28906 -50.477219 -2.2162786 0
-586.09619 -50.498943 -2.2015698 0
-635.92401 -50.336582 -2.2473037 0
-635.82635 -50.394955 -2.2719591 0
-616.75421 -50.348518 -2.2790997 0
-589.84583 -50.396919 -2.2572691 0
-589.77979 -50.368073 -2.2042713 0
-616.73676 -50.264996 -2.2375114 0
-616.66949 -50.299057 -2.2491367 0
-626.48273 -50.118603 -2.2519767 0
-616.70709 -50.15271 -2.2420671 0
-643.98853 -50.062096 -2.2570891 0
-643.49725 -50.06181 -2.2651422 0
-643.22174 -50.070065 -2.2646539 0
-635.91443 -50.019337 -2.2978041 0
-635.86603 -50.005531 -2.2642224 0
-616.71362 -50.075382 -2.2532425 0
-616.52496 -92.126091 -2.1334574 0
-615.58167 -92.160522 -2.1385117 0
-614.75 -92.155571 -2.1931276 0
-614.06787 -92.188301 -2.1214826 0
-617.28235 -92.096703 -2.1421056 0
-617.05341 -92.079422 -2.1304679 0
-625.26685 -91.062027 -2.1221766 0
-625.07465 -91.038376 -2.1206613 0
-626.91083 -90.962402 -2.1382565 0
-633.75543 -90.806908 -2.1484158 0
-632.84381 -90.801231 -2.1194236 0
-631.0498 -90.864563 -2.1360984 0
-629.25104 -90.893066 -2.1603978 0
-628.1911 -90.880585 -2.1224055 0
-618.76324 -90.82402 -2.1859047 0
-635.72272 -90.766151 -2.1909149 0
-632.99646 -90.774536 -2.1256192 0
-622.76666 -90.723213 -2.1783025 0
-622.41479 -90.779274 -2.1069987 0
-622.24573 -90.734383 -2.175343 0
-622.10217 -90.764282 -2.1744266 0
-621.97076 -90.749733 -2.1737242 0
-635.36011 -90.691101 -2.1901808 0
-620.44434 -90.632622 -2.1190624 0
-618.56604 -90.643387 -2.1776876 0
-617.95685 -90.627419 -2.1331515 0
-643.61639 -90.516373 -2.1802864 0
-620.36505 -90.540298 -2.1650667 0
-618.21332 -90.562935 -2.1522253 0
-643.65173 -90.466812 -2.1736665 0
-624.4812 -90.424339 -2.1478212 0
-624.39301 -90.440826 -2.1887736 0
-624.25037 -90.434433 -2.1633914 0
-624.1413 -90.436516 -2.1444979 0
-623.9964 -90.428413 -2.1549354 0
-623.58575 -90.48278 -2.1017368 0
-643.28485 -84.46357 -2.1499817 0
-643.52069 -84.129204 -2.164145 0
-642.97351 -81.472458 -2.157557 0
-643.11609 -78.485344 -2.1153984 0
-636.23267 -64.027672 -2.1453104 0
-626.901 -63.556087 -2.1750841 0
-626.61652 -63.454174 -2.1031351 0
-617.10474 -62.697666 -2.1011641 0
-617.0639 -62.607414 -2.1543128 0
-636.16431 -62.576206 -2.1307647 0
-617.06781 -62.564316 -2.1893873 0
-617.25659 -62.464687 -2.1941061 0
-625.72388 -62.305767 -2.1139157 0
-625.70752 -62.255577 -2.1084385 0
-617.03497 -61.860691 -2.1079793 0
-628.1427 -61.65905 -2.1029909 0
-628.2608 -61.516445 -2.1232448 0
-635.70752 -61.428902 -2.1662774 0
-636.51855 -61.364193 -2.1705744 0
-636.15039 -61.338417 -2.1703227 0
-636.02374 -61.387619 -2.1643176 0
-635.82184 -61.387169 -2.1305466 0
-617.06201 -61.355061 -2.1258302 0
-616.95837 -61.396122 -2.1213212 0
-617.01855 -61.232578 -2.1498916 0
-636.16858 -61.07061 -2.1370597 0
-617.07263 -61.011101 -2.153343 0
-617.10284 -60.859734 -2.1643894 0
-617.06769 -60.753349 -2.1639421 0
-636.18134 -60.600925 -2.1474521 0
-636.13818 -60.587952 -2.1747639 0
-617.07593 -60.45409 -2.1717043 0
-617.03595 -60.342724 -2.176475 0
-617.03204 -60.237801 -2.1497855 0
-616.99274 -60.273937 -2.1226127 0
-649.90314 -59.942383 -2.1185098 0
-616.90784 -59.936008 -2.1592734 0
-636.07178 -59.659519 -2.1789746 0
-616.9928 -59.681709 -2.1919582 0
-617.04364 -59.49424 -2.1976223 0
-636.05322 -59.235104 -2.164361 0
-616.95398 -59.220211 -2.1990762 0
-627.17584 -59.080429 -2.1448872 0
-616.95984 -59.096367 -2.1407425 0
-627.90533 -58.983894 -2.1402881 0
-627.87354 -58.927269 -2.1260879 0
-626.78815 -58.948788 -2.1521294 0
-616.95764 -58.905571 -2.1610816 0
-616.88605 -58.986515 -2.182261 0
-627.13586 -58.889515 -2.1346803 0
-627.78601 -58.771503 -2.1569092 0
-626.90228 -58.76223 -2.1317623 0
-626.8653 -58.773811 -2.1453459 0
-616.94855 -58.745636 -2.1451943 0
-627.24255 -58.675507 -2.1896391 0
-626.82745 -58.677628 -2.1524477 0
-616.94104 -58.613575 -2.1497695 0
-628.34564 -58.554314 -2.1243856 0
-626.85577 -58.597038 -2.1552238 0
-616.98145 -58.489799 -2.1781266 0
-635.86646 -58.361156 -2.1169724 0
-635.71985 -58.380684 -2.1960526 0
-635.66675 -58.32547 -2.1380129 0
-626.95026 -58.356071 -2.1068575 0
-636.11017 -58.22036 -2.1680322 0
-636.04163 -58.283127 -2.1112044 0
-635.92529 -58.264755 -2.1398103 0
-616.94708 -58.258003 -2.1909237 0
-628.02863 -58.180714 -2.110791 0
-636.02136 -57.905098 -2.1877499 0
-627.90393 -57.973915 -2.1122963 0
-616.9057 -57.828125 -2.1065361 0
-648.32507 -57.713875 -2.1416965 0
-616.91583 -57.760456 -2.1331434 0
-636.09143 -57.609146 -2.1483924 0
-616.90247 -57.688702 -2.1222987 0
-636.05573 -57.598873 -2.1708992 0
-616.8938 -57.508419 -2.1584477 0
-616.87921 -57.426807 -2.1005294 0
-636.00482 -56.615013 -2.1940119 0
-636.00659 -56.500603 -2.1945462 0
-636.01111 -56.442463 -2.1605971 0
-616.91595 -56.472557 -2.1305811 0
-636.00214 -56.350666 -2.195287 0
-635.97461 -56.168671 -2.1587381 0
-616.87219 -55.949654 -2.1657457 0
-616.82892 -55.729328 -2.1191781 0
-635.85297 -55.593166 -2.1348269 0
-616.83533 -55.578583 -2.1332104 0
-635.86334 -55.255253 -2.1116078 0
-635.79645 -55.277256 -2.1708856 0
-635.5708 -55.264503 -2.1732323 0
-616.85217 -55.265839 -2.1956215 0
-636.14856 -55.1185 -2.1063066 0
-616.99738 -55.16634 -2.1513455 0
-616.83197 -55.167969 -2.1879501 0
-635.97131 -54.972103 -2.1031721 0
-627.67786 -54.927086 -2.1650558 0
-616.86005 -54.941776 -2.1435046 0
-627.60083 -54.857327 -2.1406128 0
-635.99683 -54.734669 -2.1171083 0
-627.99146 -54.726292 -2.1442487 0
-627.48022 -54.718544 -2.1240649 0
-648.25592 -54.642662 -2.1630721 0
-627.27496 -54.634811 -2.1473951 0
-616.83325 -54.686012 -2.1285012 0
-636.00769 -54.557995 -2.1684549 0
-635.97229 -54.508316 -2.1087704 0
-649.63623 -54.335373 -2.1361711 0
-649.57178 -54.333565 -2.1495967 0
-628.13348 -54.390514 -2.1490741 0
-627.9931 -54.398846 -2.1881485 0
-627.62048 -54.319851 -2.1791615 0
-616.83936 -54.346561 -2.1500609 0
-607.19977 -54.342045 -2.1864192 0
-605.58307 -54.346809 -2.1061366 0
-627.90454 -54.239105 -2.1648335 0
-627.59052 -54.249062 -2.1819685 0
-611.31769 -54.209167 -2.1710722 0
-610.11633 -54.210983 -2.1357152 0
-609.888 -54.234783 -2.1039972 0
-609.65759 -54.242107 -2.1126375 0
-608.6499 -54.276676 -2.152657 0
-608.37732 -54.284134 -2.1536164 0
-627.44409 -54.120014 -2.1727734 0
-627.10718 -54.117004 -2.1527429 0
-628.74829 -54.084095 -2.1605341 0
-627.84296 -54.09502 -2.1837616 0
-627.82764 -53.971146 -2.1141372 0
-627.08234 -53.922249 -2.1804476 0
-616.79041 -53.967098 -2.1374512 0
-628.13977 -53.867786 -2.1467357 0
-627.80127 -53.798309 -2.1570971 0
-616.81091 -53.684826 -2.1982052 0
-627.86151 -53.513947 -2.1874061 0
-635.93274 -53.463631 -2.1576533 0
-627.78772 -53.425327 -2.1919463 0
-616.8443 -53.45755 -2.136143 0
-635.92535 -53.370312 -2.1697936 0
-635.91833 -53.292408 -2.1758649 0
-627.77002 -53.299965 -2.1958413 0
-648.26001 -53.158249 -2.1039016 0
-635.89191 -53.120094 -2.103585 0
-616.76868 -53.085899 -2.1466756 0
-648.17145 -52.919479 -2.1424367 0
-627.83997 -52.987164 -2.1614428 0
-616.81299 -52.92276 -2.1686537 0
-616.79346 -52.997635 -2.1465559 0
-648.1474 -52.853172 -2.1508238 0
-635.85834 -52.865273 -2.1791141 0
-616.7832 -52.697121 -2.1129959 0
-635.46875 -52.381874 -2.142993 0
-616.80573 -52.314137 -2.1620564 0
-616.77795 -52.346512 -2.1347244 0
-635.8338 -52.227997 -2.1158082 0
-635.72009 -52.245918 -2.1814938 0
-635.62848 -52.234386 -2.1540046 0
-635.52582 -52.244034 -2.1320786 0
-616.91724 -52.278996 -2.1927843 0
-616.83051 -52.288807 -2.1186459 0
-616.77045 -52.21405 -2.1987591 0
-635.81207 -52.182648 -2.1414244 0
-635.68768 -52.190773 -2.1316144 0
-605.43652 -52.106831 -2.1357999 0
-635.95227 -52.08485 -2.1220644 0
-635.89044 -52.067127 -2.1237478 0
-616.76379 -52.083622 -2.1481094 0
-635.88477 -51.969311 -2.1845272 0
-616.8125 -51.967575 -2.1811624 0
-648.21301 -51.849583 -2.1561592 0
-648.18359 -51.826633 -2.1718633 0
-635.86731 -51.838142 -2.136821 0
-616.76703 -51.888084 -2.1573966 0
-611.69208 -51.803436 -2.1974673 0
-648.15918 -51.764519 -2.1856766 0
-616.76074 -51.72229 -2.16048 0
-635.88623 -51.667374 -2.1212032 0
-616.80035 -51.69529 -2.1115036 0
-648.20306 -51.550659 -2.1001022 0
-635.86761 -51.598907 -2.1073108 0
-616.77759 -51.587456 -2.1570909 0
-635.90039 -51.441456 -2.159426 0
-616.78638 -51.462391 -2.1862252 0
-648.18768 -51.310104 -2.1993749 0
-635.8399 -51.314034 -2.1023121 0
-635.8338 -51.200397 -2.1826379 0
-616.75037 -51.238083 -2.1927462 0
-635.84338 -51.063419 -2.1796024 0
-616.75861 -51.021141 -2.1909497 0
-605.4989 -51.085976 -2.1498728 0
-571.09546 -51.003395 -2.1578972 0
-570.86115 -51.009995 -2.1786611 0
-570.21429 -51.001682 -2.1398396 0
-635.85626 -50.945385 -2.1297963 0
-616.75476 -50.919449 -2.1453257 0
-573.69019 -50.922852 -2.1918657 0
-573.52466 -50.943295 -2.1653993 0
-572.11658 -50.920906 -2.1140184 0
-571.6178 -50.957027 -2.1307659 0
-571.36383 -50.988178 -2.1502368 0
-570.90417 -50.971352 -2.1307025 0
-605.44873 -50.885296 -2.1475649 0
-577.23566 -50.825672 -2.1293716 0
-576.03815 -50.815868 -2.13922 0
-575.86658 -50.829762 -2.1536171 0
-575.04254 -50.820011 -2.1669457 0
-574.66925 -50.846706 -2.1742263 0
-579.86816 -50.753815 -2.1160071 0
-576.40649 -50.794304 -2.132149 0
-576.21222 -50.770012 -2.1399744 0
-635.82623 -50.60228 -2.1753938 0
-582.35651 -50.622616 -2.157269 0
-581.06238 -50.633595 -2.143163 0
-635.84406 -50.586174 -2.1990466 0
-635.78674 -50.590675 -2.1917226 0
-626.57782 -50.526512 -2.190263 0
-635.95428 -50.425999 -2.1417773 0
-635.849 -50.481419 -2.1420755 0
-616.71082 -50.437645 -2.1590104 0
-605.43372 -50.410492 -2.144233 0
-589.61749 -50.450893 -2.1214952 0
-586.58929 -50.469528 -2.1965668 0
-635.9361 -50.369232 -2.1453135 0
-590.05322 -50.3908 -2.107969 0
-616.74927 -50.280487 -2.1421144 0
-616.71948 -50.14352 -2.1237669 0
-643.23566 -50.067879 -2.1405978 0
-635.92737 -50.020363 -2.1547766 0
-628.11957 -50.057922 -2.144304 0
-627.35571 -50.024254 -2.1478486 0
-627.05927 -50.017712 -2.186841 0
-616.74304 -50.04039 -2.1478536 0
-605.38385 -50.085217 -2.1430688 0
-617.50513 -92.113258 -2.0179625 0
-616.40485 -92.128616 -2.0609274 0
-615.78729 -92.110008 -2.0560369 0
-629.23254 -90.949768 -2.0703275 0
-628.37158 -90.965179 -2.0709641 0
-626.83844 -90.94384 -2.0375216 0
-633.09259 -90.81163 -2.0222359 0
-632.22803 -90.823051 -2.0704546 0
-631.41296 -90.864532 -2.0583549 0
-619.3324 -90.843727 -2.058068 0
-619.01526 -90.827209 -2.0882227 0
-635.62415 -90.701538 -2.081357 0
-635.34619 -90.730438 -2.0844235 0
-622.69196 -90.741081 -2.0158932 0
-620.12476 -90.574745 -2.0530262 0
-619.99542 -90.573242 -2.0662787 0
-619.85065 -90.57663 -2.0761561 0
-623.84009 -90.479568 -2.0968013 0
-624.41199 -90.394974 -2.0219979 0
-643.47949 -84.407669 -2.0414274 0
-643.32922 -84.487328 -2.0076301 0
-643.08411 -81.371841 -2.0826676 0
-636.2467 -65.591339 -2.0811112 0
-636.21185 -64.354309 -2.0954533 0
-627.77643 -63.812443 -2.0951338 0
-636.17383 -63.726971 -2.0618289 0
-627.85339 -63.79298 -2.0926702 0
-636.25525 -63.674664 -2.0362368 0
-626.23431 -63.092712 -2.0836658 0
-626.25952 -62.994987 -2.0889571 0
-625.95026 -62.810165 -2.0761018 0
-617.04486 -62.525993 -2.0583935 0
-617.07434 -62.443642 -2.047895 0
-617.05945 -62.35437 -2.0109286 0
-617.03143 -62.270115 -2.0315182 0
-616.97552 -62.230679 -2.0943816 0
-617.03113 -62.043236 -2.0936852 0
-625.81665 -61.98576 -2.0368605 0
-635.74634 -61.598873 -2.0938241 0
-636.10126 -61.345345 -2.0306442 0
-636.04761 -61.33601 -2.0225184 0
-635.77802 -61.304424 -2.0714567 0
-617.02216 -61.390556 -2.0667522 0
-616.99902 -61.351864 -2.0969248 0
-636.3075 -61.207752 -2.0067654 0
-617.02814 -61.250717 -2.0106602 0
-636.27759 -61.123222 -2.0497384 0
-616.98065 -61.187164 -2.0565073 0
-617.04205 -61.067703 -2.0302215 0
-617.02148 -60.816109 -2.0454087 0
-629.22363 -60.421749 -2.0941761 0
-616.95123 -60.038513 -2.0586903 0
-649.29608 -59.990238 -2.0386801 0
-616.97003 -59.92392 -2.0724595 0
-616.96436 -59.748089 -2.0968132 0
-636.08008 -59.53904 -2.049767 0
-626.94666 -59.503639 -2.012866 0
-626.79803 -59.535892 -2.0219688 0
-626.62982 -59.574512 -2.0236475 0
-616.93481 -59.449539 -2.0843377 0
-616.97559 -59.315495 -2.0024717 0
-616.95355 -59.250126 -2.0475016 0
-648.42419 -59.127945 -2.008038 0
-616.96588 -59.148376 -2.0067837 0
-636.03613 -59.080933 -2.0716228 0
-627.55212 -59.089916 -2.0907445 0
-627.13672 -59.036083 -2.0997925 0
-626.71973 -59.037781 -2.0180023 0
-627.86371 -58.932037 -2.0404189 0
-627.77167 -58.825542 -2.0963998 0
-626.97748 -58.886494 -2.0010366 0
-626.63568 -58.840019 -2.024955 0
-626.58569 -58.730606 -2.0954556 0
-626.3728 -58.660904 -2.0076573 0
-616.94891 -58.558044 -2.0809052 0
-616.93829 -58.446548 -2.0182848 0
-648.36835 -58.315342 -2.0280166 0
-636.08582 -58.321747 -2.0329425 0
-635.9032 -58.323284 -2.0606411 0
-635.84192 -58.307056 -2.0679927 0
-635.78131 -58.314697 -2.0330284 0
-626.63904 -58.360432 -2.0885491 0
-608.72711 -58.319695 -2.0856268 0
-636.41821 -58.263042 -2.0832829 0
-636.14929 -58.243233 -2.0948443 0
-636.08801 -58.24654 -2.0079248 0
-635.96582 -58.273872 -2.0261595 0
-636.40442 -58.147133 -2.0815213 0
-627.44531 -58.152885 -2.0233364 0
-626.60114 -58.054256 -2.0743122 0
-649.73535 -57.963467 -2.0597899 0
-616.88373 -57.849754 -2.0357785 0
-648.34674 -57.740429 -2.0399082 0
-648.28479 -57.726765 -2.0115969 0
-616.93927 -57.689388 -2.0395033 0
-636.12079 -57.550453 -2.0867627 0
-616.88885 -57.542381 -2.048116 0
-648.23993 -57.313675 -2.0541112 0
-616.91473 -56.776798 -2.0155799 0
-635.98218 -56.597351 -2.0070205 0
-636.02588 -56.365337 -2.0769324 0
-616.89703 -56.335045 -2.0037124 0
-635.96973 -56.261082 -2.0515995 0
-616.91113 -56.257515 -2.0721152 0
-648.31897 -56.171551 -2.0600121 0
-636.04358 -56.190571 -2.058099 0
-616.87817 -56.07111 -2.0621696 0
-648.3111 -55.912586 -2.0603952 0
-616.92267 -55.908978 -2.0864413 0
-626.81488 -55.6637 -2.0348694 0
-626.72284 -55.614578 -2.0063806 0
-616.89008 -55.604683 -2.0363202 0
-616.86987 -55.439129 -2.0551863 0
-635.5401 -55.333466 -2.0167129 0
-636.32483 -55.235435 -2.0318265 0
-636.11194 -55.240932 -2.0963128 0
-635.97754 -55.228569 -2.0995405 0
-635.83093 -55.26366 -2.0825179 0
-635.7677 -55.201393 -2.0829375 0
-635.54382 -55.25082 -2.098896 0
-616.87079 -55.23933 -2.0632813 0
-616.8866 -55.146793 -2.0327842 0
-627.62708 -54.936749 -2.0098746 0
-616.8584 -54.758091 -2.0915828 0
-648.23169 -54.66468 -2.0483189 0
-616.82117 -54.680378 -2.0199559 0
-636.02008 -54.545788 -2.002893 0
-627.23456 -54.412849 -2.0881641 0
-616.83771 -54.478516 -2.0372655 0
-649.61597 -54.312416 -2.0803595 0
-649.55164 -54.370277 -2.0985796 0
-616.84735 -54.343998 -2.0682445 0
-608.5304 -54.300312 -2.0801203 0
-605.85693 -54.318657 -2.0351939 0
-649.52026 -54.268288 -2.0590978 0
-648.21002 -54.28207 -2.009125 0
-627.60101 -54.217194 -2.0041554 0
-627.57422 -54.254311 -2.0192885 0
-616.84863 -54.273048 -2.0892363 0
-616.79608 -54.252831 -2.0457907 0
-611.34595 -54.205433 -2.0866716 0
-608.57153 -54.299107 -2.0871906 0
-627.54633 -54.180431 -2.0146885 0
-616.79962 -54.126575 -2.0285487 0
-609.9184 -54.187695 -2.0901222 0
-642.9657 -54.03616 -2.0105443 0
-627.85748 -54.09008 -2.0594904 0
-616.76532 -54.033043 -2.0105264 0
-605.51691 -54.046932 -2.0781856 0
-628.10309 -53.991844 -2.0728903 0
-627.72009 -53.951 -2.0849495 0
-605.52692 -53.977673 -2.0853908 0
-626.96747 -53.807087 -2.0096645 0
-616.83203 -53.878994 -2.0841815 0
-611.54462 -53.885239 -2.0150235 0
-616.85406 -53.700962 -2.0669522 0
-635.91919 -53.600307 -2.0725644 0
-616.81787 -53.673431 -2.0165312 0
-635.93707 -53.549625 -2.0448964 0
-616.82416 -53.545475 -2.0679629 0
-635.90411 -53.44643 -2.099165 0
-616.80896 -53.452538 -2.0045931 0
-635.88934 -53.211906 -2.0337892 0
-616.79651 -53.218578 -2.0854459 0
-635.92358 -53.138306 -2.0687683 0
-627.69171 -53.167679 -2.0940733 0
-616.76843 -53.193012 -2.0319812 0
-648.25739 -53.007267 -2.0488329 0
-616.79211 -53.082207 -2.054667 0
-635.92493 -52.979156 -2.0743799 0
-635.87061 -52.978367 -2.0637782 0
-616.81036 -52.990528 -2.0410714 0
-648.21185 -52.884308 -2.0352883 0
-648.13232 -52.709869 -2.0909839 0
-648.18805 -52.51757 -2.0175495 0
-635.49402 -52.377102 -2.0343001 0
-616.78461 -52.348503 -2.0565929 0
-635.89954 -52.245777 -2.0944817 0
-635.71051 -52.207935 -2.0043447 0
-635.672 -52.228405 -2.0607054 0
-635.51587 -52.248116 -2.0328748 0
-635.49323 -52.295834 -2.0930948 0
-635.88202 -52.111492 -2.091059 0
-616.80688 -52.137272 -2.0195124 0
-635.8606 -52.015522 -2.0642951 0
-616.77344 -52.015583 -2.0945773 0
-635.94611 -51.948269 -2.0138688 0
-616.89606 -51.748352 -2.0805829 0
-635.86523 -51.615349 -2.0739179 0
-616.77509 -51.607151 -2.0961878 0
-635.85791 -51.506817 -2.0961728 0
-605.44171 -51.540184 -2.0543551 0
-635.83752 -51.360558 -2.0326295 0
-616.78937 -51.275562 -2.0548549 0
-648.18799 -51.135643 -2.0202701 0
-616.76276 -51.062057 -2.0476561 0
-573.47699 -51.025169 -2.0289633 0
-572.11066 -51.005196 -2.095036 0
-572.0459 -51.000435 -2.0990801 0
-570.61804 -51.004707 -2.0322056 0
-635.85333 -50.926327 -2.0813293 0
-575.20856 -50.931824 -2.0488961 0
-574.06305 -50.922146 -2.0709248 0
-573.06226 -50.992275 -2.0579576 0
-572.26245 -50.994629 -2.0854177 0
-572.17059 -50.969944 -2.0960646 0
-570.06451 -50.958851 -2.0659466 0
-616.7486 -50.885651 -2.0170829 0
-575.70007 -50.832527 -2.031409 0
-575.69244 -50.825825 -2.0081391 0
-575.53821 -50.820942 -2.0285301 0
-575.44965 -50.823143 -2.0429988 0
-575.14532 -50.833817 -2.0146053 0
-574.87469 -50.844917 -2.0375755 0
-574.10034 -50.881702 -2.0746415 0
-571.43829 -50.899658 -2.0672791 0
-648.16974 -50.700787 -2.049396 0
-635.82532 -50.752319 -2.0975423 0
-579.89423 -50.735588 -2.0327382 0
-579.08838 -50.721394 -2.0830824 0
-578.9787 -50.754597 -2.0817506 0
-575.74005 -50.769821 -2.0811894 0
-575.42804 -50.799416 -2.0186589 0
-635.84094 -50.634186 -2.0498567 0
-616.73273 -50.690102 -2.027024 0
-581.53235 -50.662315 -2.0702059 0
-581.46906 -50.680767 -2.0781653 0
-580.86206 -50.673836 -2.0424018 0
-635.81525 -50.526344 -2.0529466 0
-635.7973 -50.530579 -2.0357747 0
-605.33362 -50.596298 -2.0561121 0
-586.83344 -50.504604 -2.0356891 0
-586.72028 -50.541328 -2.0977678 0
-635.77197 -50.404617 -2.0402248 0
-616.74268 -50.44838 -2.074404 0
-590.54431 -50.417618 -2.0468917 0
-590.3761 -50.435715 -2.094013 0
-589.77002 -50.422237 -2.0240607 0
-586.59894 -50.463287 -2.0307848 0
-585.40839 -50.469578 -2.0055282 0
-635.85498 -50.377213 -2.0380335 0
-590.57599 -50.342995 -2.0324161 0
-590.37335 -50.373585 -2.0401542 0
-589.57141 -50.398586 -2.0452385 0
-588.29236 -50.380123 -2.0567515 0
-635.85046 -50.298176 -2.082406 0
-643.8938 -50.120781 -2.038871 0
-627.90393 -50.110588 -2.0119047 0
-627.35175 -50.163895 -2.0399814 0
-616.7243 -50.180229 -2.0813653 0
-644.6123 -50.040695 -2.0720706 0
-644.58246 -50.044781 -2.0212209 0
-644.43933 -50.07288 -2.0406175 0
-644.31744 -50.049614 -2.0278049 0
-644.28265 -50.063549 -2.0433495 0
-643.8623 -50.033558 -2.046942 0
-643.40338 -50.078094 -2.0527892 0
-605.3717 -50.039364 -2.0377686 0
-616.00531 -92.103897 -1.9279372 0
-615.86298 -92.114914 -1.9126662 0
-615.71307 -92.135246 -1.9194913 0
-615.2926 -92.172371 -1.9539142 0
-614.5509 -92.150154 -1.9525361 0
-614.15533 -92.190788 -1.9836825 0
-616.12793 -92.079781 -1.9006116 0
-626.01508 -90.994576 -1.9855078 0
-632.23602 -90.856911 -1.993291 0
-628.4541 -90.881142 -1.9149977 0
-620.58875 -90.842834 -1.9192302 0
-619.03906 -90.823784 -1.9801751 0
-632.90826 -90.794434 -1.9497913 0
-623.03821 -90.736473 -1.9546 0
-621.55127 -90.778145 -1.9649429 0
-618.56799 -90.735886 -1.9970362 0
-617.94965 -90.602623 -1.9034162 0
-618.08679 -90.578651 -1.9037571 0
-624.77417 -90.481079 -1.9288431 0
-643.40143 -84.44799 -1.9753854 0
-636.31268 -64.2229 -1.902308 0
-627.83752 -63.698784 -1.9431252 0
-626.76123 -63.529736 -1.9300115 0
-628.87646 -62.707325 -1.9029462 0
-636.15503 -62.64043 -1.9988796 0
-636.15735 -62.515213 -1.9989631 0
-617.09058 -62.481358 -1.9300427 0
-616.97565 -62.021996 -1.9646708 0
-626.59814 -61.981255 -1.9062467 0
-626.27014 -61.963921 -1.9696259 0
-617.03723 -61.413963 -1.9177091 0
-635.91095 -61.350498 -1.9352378 0
-635.75024 -61.374504 -1.9655316 0
-617.01923 -61.212124 -1.959308 0
-616.99756 -61.180523 -1.9652723 0
-617.02679 -60.288628 -1.9083931 0
-617.00159 -60.083134 -1.9848962 0
-616.95764 -60.004925 -1.9643928 0
-649.92059 -59.984768 -1.9368892 0
-649.64917 -59.946308 -1.9460336 0
-649.45728 -59.981354 -1.9769683 0
-649.38135 -59.980293 -1.9864062 0
-648.59418 -59.971012 -1.9870441 0
-616.97791 -59.915226 -1.9434009 0
-617.01422 -59.830074 -1.9615136 0
-616.99988 -59.841675 -1.9625349 0
-636.00372 -59.628918 -1.952325 0
-626.86292 -59.606468 -1.9309188 0
-616.98816 -59.558113 -1.9154863 0
-636.0766 -59.458744 -1.9481153 0
-627.3053 -59.429413 -1.915156 0
-636.05377 -59.384781 -1.9549398 0
-616.93481 -59.313541 -1.9635279 0
-628.04376 -59.225414 -1.9937848 0
-627.28894 -59.215496 -1.9420698 0
-627.677 -59.125572 -1.9581711 0
-616.95068 -59.152107 -1.9799358 0
-616.9884 -59.083424 -1.9318917 0
-627.92279 -58.922035 -1.9645323 0
-627.84412 -58.965611 -1.9881998 0
-648.36353 -58.817879 -1.9846045 0
-626.64288 -58.832027 -1.9868746 0
-616.92365 -58.842155 -1.9779806 0
-616.97491 -58.748371 -1.9861512 0
-616.95673 -58.664978 -1.9245075 0
-626.2146 -58.550381 -1.9506234 0
-626.15973 -58.581261 -1.9167106 0
-616.96198 -58.581303 -1.9998338 0
-635.84772 -58.319504 -1.9842504 0
-635.70782 -58.332355 -1.9727358 0
-648.40601 -58.243313 -1.9842657 0
-636.13647 -58.225422 -1.9659586 0
-627.36218 -58.248848 -1.9904647 0
-608.46136 -58.24604 -1.9286587 0
-636.13806 -58.10902 -1.9482189 0
-628.39337 -58.171001 -1.9827032 0
-636.14514 -57.980167 -1.9756789 0
-616.91687 -57.832436 -1.9533578 0
-648.36346 -57.733528 -1.9949548 0
-636.09375 -57.706547 -1.9781576 0
-627.73578 -57.720928 -1.9046731 0
-616.94379 -57.763416 -1.9695915 0
-648.32135 -57.662834 -1.9453543 0
-627.8349 -57.634644 -1.9050595 0
-616.92383 -57.656441 -1.9690187 0
-627.72797 -57.536968 -1.9138018 0
-648.25708 -57.311371 -1.9064636 0
-616.92224 -57.360065 -1.9732182 0
-648.27887 -57.299809 -1.9201514 0
-616.89508 -57.284611 -1.9121081 0
-616.89136 -56.937508 -1.9566073 0
-636.00854 -56.688568 -1.9440147 0
-636.03387 -56.490433 -1.9496858 0
-616.97473 -56.445511 -1.9831558 0
-616.88507 -56.354168 -1.9738032 0
-636.02039 -56.174191 -1.9724226 0
-648.33221 -56.053047 -1.9581752 0
-636.01416 -55.917435 -1.9412956 0
-616.87262 -55.941757 -1.9237726 0
-616.85071 -55.72805 -1.9494987 0
-616.85577 -55.632954 -1.9538597 0
-648.32147 -55.531139 -1.9814543 0
-626.70422 -55.58326 -1.9405568 0
-648.28979 -55.40694 -1.9726835 0
-635.67133 -55.486237 -1.9691818 0
-635.44348 -55.433788 -1.9907143 0
-635.88 -55.303734 -1.9117341 0
-636.20453 -55.2477 -1.9860044 0
-636.00964 -55.273819 -1.9751387 0
-635.94861 -55.260101 -1.9682671 0
-635.74194 -55.249088 -1.975103 0
-635.66327 -55.285412 -1.9830543 0
-635.9884 -55.161091 -1.930952 0
-616.8443 -55.141823 -1.9429497 0
-636.12982 -55.097225 -1.9922237 0
-616.84265 -55.049732 -1.9153177 0
-636.02905 -54.98571 -1.97159 0
-616.90765 -54.925472 -1.9003559 0
-616.83783 -54.953728 -1.9208357 0
-627.57709 -54.840656 -1.9141465 0
-648.23621 -54.624092 -1.9190265 0
-616.83655 -54.625942 -1.9556379 0
-636.01129 -54.566204 -1.9793686 0
-616.82355 -54.556187 -1.959392 0
-636.0025 -54.451889 -1.9050558 0
-649.53693 -54.340748 -1.9297159 0
-627.40747 -54.342342 -1.9786859 0
-649.55994 -54.260818 -1.9079088 0
-648.22955 -54.210342 -1.923655 0
-627.61395 -54.271152 -1.9306066 0
-627.54041 -54.261703 -1.9231367 0
-608.59912 -54.285744 -1.9582505 0
-608.45374 -54.288181 -1.9611511 0
-627.62103 -54.127056 -1.9646455 0
-642.87421 -54.053741 -1.9368024 0
-616.83093 -54.045464 -1.996067 0
-627.83923 -53.924412 -1.9292959 0
-616.79425 -53.908936 -1.9041458 0
-627.77838 -53.808979 -1.9439229 0
-616.77313 -53.896526 -1.992463 0
-627.76154 -53.77692 -1.9344653 0
-616.83978 -53.635326 -1.9568993 0
-635.91345 -53.581478 -1.967541 0
-611.56793 -53.570057 -1.9101079 0
-636.03345 -53.427376 -1.9049877 0
-635.90283 -53.49522 -1.9983189 0
-635.90723 -53.342667 -1.9479003 0
-635.89685 -53.35146 -1.9985192 0
-616.81616 -53.399368 -1.9590458 0
-635.92969 -53.209831 -1.927682 0
-635.88098 -53.258377 -1.9175084 0
-627.68018 -53.273441 -1.9580643 0
-616.82501 -53.186184 -1.9203411 0
-635.89545 -53.043278 -1.9733572 0
-627.85645 -52.922764 -1.9003466 0
-648.14252 -52.842445 -1.9543575 0
-611.54675 -52.79393 -1.9448307 0
-616.77148 -52.629536 -1.9377495 0
-648.16284 -52.474709 -1.9307755 0
-616.76526 -52.421032 -1.9057443 0
-635.49597 -52.389587 -1.9335583 0
-616.77002 -52.306107 -1.9118414 0
-635.86499 -52.244404 -1.9606215 0
-635.7644 -52.25042 -1.9842014 0
-635.64728 -52.230957 -1.9638476 0
-635.56354 -52.211739 -1.9577157 0
-635.49823 -52.291771 -1.9238945 0
-616.79626 -52.242538 -1.9034808 0
-642.9115 -52.109501 -1.9936427 0
-635.90173 -52.176754 -1.9754376 0
-635.54016 -52.130581 -1.9160272 0
-616.7746 -52.147629 -1.9740069 0
-611.52594 -52.067913 -1.9758339 0
-635.89111 -51.912537 -1.965932 0
-616.80273 -51.933392 -1.9609011 0
-635.89435 -51.881561 -1.9069749 0
-616.76489 -51.868279 -1.9665232 0
-616.7326 -51.743828 -1.9572941 0
-611.68231 -51.734013 -1.9429785 0
-611.5885 -51.721951 -1.9890927 0
-648.19543 -51.622597 -1.9833559 0
-635.87567 -51.649757 -1.9353787 0
-612.03357 -51.667976 -1.9563144 0
-635.86328 -51.546539 -1.9534013 0
-616.74432 -51.565327 -1.9326661 0
-642.89612 -51.415615 -1.9915115 0
-635.84595 -51.461864 -1.9813851 0
-616.76624 -51.499352 -1.9679577 0
-635.87463 -51.367722 -1.9832524 0
-616.74982 -51.357956 -1.979925 0
-635.85223 -51.245823 -1.9414806 0
-616.73022 -51.237835 -1.9382855 0
-648.14221 -51.149986 -1.9010359 0
-635.86346 -51.106007 -1.9840953 0
-635.86304 -51.007359 -1.9284809 0
-616.76477 -51.097794 -1.9405628 0
-571.67108 -51.010849 -1.9681917 0
-616.74103 -50.964985 -1.9966184 0
-571.8609 -50.997856 -1.9566848 0
-635.85382 -50.846943 -1.9613248 0
-616.76031 -50.812603 -1.9543525 0
-576.60498 -50.815739 -1.9541686 0
-575.71265 -50.830727 -1.9909415 0
-635.86615 -50.793785 -1.9874901 0
-627.2262 -50.786701 -1.9900163 0
-616.73767 -50.703388 -1.9598767 0
-582.15741 -50.706356 -1.9567509 0
-581.65106 -50.711311 -1.9783342 0
-580.7403 -50.738811 -1.9668473 0
-580.01208 -50.714958 -1.9716048 0
-576.26471 -50.755199 -1.9864453 0
-648.13409 -50.638432 -1.9257352 0
-635.83197 -50.623631 -1.9365987 0
-616.71539 -50.613922 -1.9541163 0
-585.30731 -50.628101 -1.9901226 0
-584.0166 -50.625702 -1.9437965 0
-583.8667 -50.637276 -1.9399686 0
-583.27924 -50.650242 -1.9994196 0
-582.60577 -50.622158 -1.9474019 0
-582.28644 -50.677784 -1.9456545 0
-582.16638 -50.687241 -1.9534115 0
-582.03143 -50.690735 -1.9639151 0
-581.90173 -50.666977 -1.9751563 0
-581.77094 -50.692768 -1.9743967 0
-581.56335 -50.608273 -1.9643735 0
-580.67883 -50.636356 -1.9914346 0
-635.85327 -50.535667 -1.938895 0
-635.79279 -50.531921 -1.9905927 0
-616.73016 -50.534729 -1.9704847 0
-587.69501 -50.501423 -1.921733 0
-587.37933 -50.534351 -1.9321626 0
-586.88348 -50.568272 -1.943472 0
-586.68915 -50.548901 -1.9547703 0
-586.56738 -50.562191 -1.9410027 0
-586.27832 -50.510834 -1.9466863 0
-585.87842 -50.580811 -1.9763598 0
-585.04437 -50.59938 -1.9667523 0
-584.96252 -50.542526 -1.9222494 0
-642.86511 -50.430202 -1.9843055 0
-635.81519 -50.487289 -1.9997241 0
-616.70477 -50.404785 -1.9639688 0
-587.52789 -50.464199 -1.9043704 0
-586.86371 -50.44418 -1.9117897 0
-586.32562 -50.485756 -1.966437 0
-635.92542 -50.324589 -1.913529 0
-648.22797 -50.263752 -1.9335928 0
-627.00897 -50.265869 -1.9018387 0
-616.71716 -50.246162 -1.9800287 0
-628.4751 -50.147434 -1.9761603 0
-627.87848 -50.180077 -1.9339768 0
-627.2937 -50.16341 -1.9940729 0
-626.08203 -50.035427 -1.9917861 0
-616.71094 -50.092045 -1.9135585 0
-616.68561 -50.036007 -1.9964925 0
-617.41449 -92.130974 -1.8729571 0
-616.8194 -92.104027 -1.8170416 0
-615.01099 -92.129166 -1.8200848 0
-614.18976 -92.181709 -1.8296059 0
-617.45477 -92.058395 -1.8013289 0
-625.30957 -91.113731 -1.829892 0
-624.98883 -91.029373 -1.8595506 0
-626.94324 -90.974747 -1.8580959 0
-629.28973 -90.86483 -1.8426114 0
-628.71545 -90.833221 -1.8125591 0
-618.65356 -90.856186 -1.8792787 0
-635.70935 -90.759499 -1.876478 0
-622.49988 -90.756599 -1.8566989 0
-622.38446 -90.735207 -1.8087271 0
-622.26801 -90.772812 -1.8071826 0
-622.1438 -90.73555 -1.8132682 0
-621.21783 -90.755432 -1.8639611 0
-621.16669 -90.760895 -1.886111 0
-620.64246 -90.74826 -1.8200024 0
-620.43793 -90.765236 -1.8560468 0
-618.5191 -90.660995 -1.8967905 0
-624.10327 -90.414856 -1.8923396 0
-623.94897 -90.482872 -1.8912221 0
-623.80597 -90.482666 -1.8116552 0
-623.79797 -90.460808 -1.8892779 0
-636.23206 -65.921318 -1.8317772 0
-636.21326 -65.829674 -1.8121555 0
-642.82605 -64.285919 -1.8135258 0
-627.39075 -64.096046 -1.8610237 0
-636.22534 -63.993916 -1.8656837 0
-626.97772 -63.691986 -1.8815566 0
-626.58643 -63.53698 -1.8024458 0
-626.9552 -63.369774 -1.8925945 0
-626.39069 -63.314838 -1.886668 0
-626.33435 -62.509907 -1.8266615 0
-617.04279 -62.233101 -1.8536801 0
-626.59656 -61.992836 -1.8615329 0
-625.71307 -61.910034 -1.8764524 0
-617.02704 -61.916534 -1.8755089 0
-617.02789 -61.830883 -1.8587772 0
-617.03271 -61.54882 -1.837216 0
-617.02148 -61.455624 -1.8684043 0
-636.1131 -61.338665 -1.8050438 0
-636.05176 -61.334591 -1.8201318 0
-635.97351 -61.342636 -1.8506968 0
-635.78217 -61.360645 -1.8203224 0
-636.26703 -61.239525 -1.8001291 0
-636.17719 -61.274094 -1.807776 0
-636.15436 -61.032536 -1.8300362 0
-616.99976 -61.017765 -1.894877 0
-636.16302 -60.959877 -1.8088758 0
-617.03668 -60.47588 -1.8331684 0
-649.88928 -59.959305 -1.8863693 0
-649.76917 -59.941284 -1.8589466 0
-649.46436 -59.928001 -1.8798859 0
-649.27771 -59.946163 -1.8086083 0
-627.27722 -59.584217 -1.8051181 0
-635.87219 -59.415005 -1.8567038 0
-626.69928 -59.405418 -1.8300865 0
-648.36987 -59.11668 -1.8751904 0
-636.06335 -59.150589 -1.8500981 0
-627.89368 -59.13821 -1.8979777 0
-628.1972 -59.018711 -1.8529705 0
-628.14044 -58.95306 -1.8539555 0
-627.99884 -58.911934 -1.8576035 0
-627.83044 -58.904072 -1.8547921 0
-616.9649 -58.992294 -1.8139454 0
-627.78015 -58.854317 -1.8528502 0
-648.40869 -58.762833 -1.8741611 0
-627.93011 -58.792946 -1.8894159 0
-616.92969 -58.61343 -1.8362135 0
-635.46857 -58.574955 -1.8863091 0
-626.59851 -58.485947 -1.876685 0
-636.04846 -58.301449 -1.8030535 0
-635.93823 -58.307709 -1.858686 0
-635.86688 -58.313251 -1.849959 0
-635.63245 -58.321526 -1.8922082 0
-627.9649 -58.375568 -1.8831103 0
-626.46466 -58.34795 -1.8516216 0
-626.354 -58.310211 -1.8570879 0
-636.38647 -58.238407 -1.8871753 0
-636.13098 -58.236111 -1.8921793 0
-635.74365 -58.286522 -1.8777924 0
-629.13092 -58.220188 -1.808035 0
-627.14838 -58.150753 -1.8844523 0
-616.94629 -58.055656 -1.8993815 0
-649.70996 -57.937031 -1.8287404 0
-636.03522 -57.954716 -1.8050429 0
-627.70325 -57.954227 -1.8991243 0
-627.71814 -57.641258 -1.804161 0
-627.67841 -57.679989 -1.8439305 0
-616.89825 -57.665203 -1.8412343 0
-636.08258 -57.586918 -1.848699 0
-628.11554 -57.469719 -1.8278611 0
-627.79944 -57.466751 -1.8655952 0
-616.92572 -57.34972 -1.8738732 0
-616.896 -57.28355 -1.8481683 0
-616.85925 -57.11771 -1.8280903 0
-636.03784 -56.636692 -1.8612492 0
-636.02997 -56.455944 -1.866371 0
-616.84955 -56.382912 -1.8427171 0
-636.02203 -56.275337 -1.8664951 0
-648.36029 -56.16684 -1.8166209 0
-616.85156 -56.183525 -1.8866587 0
-636.01886 -56.099918 -1.8666918 0
-616.8349 -56.029861 -1.8857745 0
-616.84302 -55.897949 -1.8944205 0
-616.9187 -55.789341 -1.8042109 0
-616.84265 -55.775158 -1.8778207 0
-616.83551 -55.687084 -1.8188106 0
-616.86023 -55.571823 -1.8073196 0
-648.34186 -55.312557 -1.8618082 0
-635.56775 -55.360756 -1.8926486 0
-616.84186 -55.346466 -1.8921393 0
-635.94824 -55.249588 -1.8877804 0
-635.89056 -55.293247 -1.8812312 0
-635.74634 -55.272537 -1.8876959 0
-635.62299 -55.271866 -1.86095 0
-616.83228 -55.251907 -1.8838589 0
-636.03082 -55.158516 -1.8755356 0
-635.96533 -54.930378 -1.8117081 0
-616.83691 -54.603493 -1.884164 0
-616.83673 -54.541016 -1.8508716 0
-649.64441 -54.354042 -1.8106347 0
-649.59644 -54.348804 -1.8765485 0
-628.16534 -54.367203 -1.8486036 0
-627.85004 -54.382324 -1.8003244 0
-627.54999 -54.348354 -1.8270768 0
-616.82294 -54.381985 -1.8911148 0
-627.55975 -54.257061 -1.8254604 0
-616.84351 -54.23671 -1.8239185 0
-610.00885 -54.242516 -1.852412 0
-609.96216 -54.248615 -1.851993 0
-627.77734 -54.114632 -1.8378154 0
-611.40723 -54.128296 -1.8677729 0
-628.06763 -54.048996 -1.8296833 0
-616.80658 -53.949554 -1.8554878 0
-627.86438 -53.804924 -1.8513899 0
-605.4989 -53.804409 -1.8290673 0
-626.87122 -53.718731 -1.8112316 0
-616.81274 -53.736267 -1.8582189 0
-627.70795 -53.6558 -1.8088622 0
-616.82715 -53.683533 -1.8449084 0
-627.99738 -53.567043 -1.825667 0
-636.00256 -53.462292 -1.8808864 0
-635.94843 -53.436832 -1.8941534 0
-627.97614 -53.47253 -1.8187063 0
-635.94165 -53.379124 -1.8061825 0
-616.81464 -53.313217 -1.8614854 0
-616.80011 -53.286194 -1.8958259 0
-635.93213 -53.085564 -1.894688 0
-616.81604 -52.961109 -1.8786041 0
-611.50836 -52.907028 -1.8569949 0
-648.19263 -52.877048 -1.8569227 0
-616.75085 -52.749268 -1.8009343 0
-616.82477 -52.62521 -1.8630698 0
-616.77057 -52.645321 -1.8338914 0
-611.52991 -52.537148 -1.823369 0
-611.49835 -52.413811 -1.8878751 0
-635.4881 -52.372993 -1.8892945 0
-635.73218 -52.232452 -1.8311052 0
-635.65216 -52.231583 -1.8681654 0
-635.573 -52.230064 -1.8225434 0
-616.76959 -52.210083 -1.8043875 0
-635.87598 -52.177807 -1.8861485 0
-616.75684 -52.184357 -1.8628891 0
-635.94012 -52.04599 -1.827026 0
-616.76501 -52.041351 -1.8414179 0
-611.52582 -52.065926 -1.8359176 0
-635.87097 -51.921791 -1.8638144 0
-616.80499 -51.973652 -1.893173 0
-616.77356 -51.950115 -1.8489344 0
-616.76013 -51.871288 -1.8819858 0
-605.44043 -51.839737 -1.8338257 0
-635.841 -51.752247 -1.8304832 0
-616.76465 -51.779457 -1.8788921 0
-648.15491 -51.686588 -1.8773383 0
-635.90985 -51.695404 -1.8445061 0
-616.7829 -51.651306 -1.8105628 0
-648.20923 -51.575901 -1.8675047 0
-635.90155 -51.58099 -1.8492411 0
-616.75098 -51.546719 -1.8522482 0
-635.89557 -51.471535 -1.8187615 0
-616.7973 -51.452271 -1.8992652 0
-616.7475 -51.370132 -1.8303065 0
-648.18402 -51.249207 -1.8595051 0
-635.85138 -51.204128 -1.858029 0
-616.79279 -51.252426 -1.8445421 0
-605.41821 -51.299484 -1.8600807 0
-635.84241 -51.045639 -1.8407607 0
-616.75659 -51.041473 -1.8373671 0
-616.73157 -50.993839 -1.8480139 0
-616.63892 -50.947674 -1.8325026 0
-635.86255 -50.840839 -1.8275179 0
-627.22662 -50.841805 -1.8639715 0
-616.74689 -50.847355 -1.8606842 0
-582.20264 -50.70068 -1.8000737 0
-580.40417 -50.703743 -1.878966 0
-616.7207 -50.638222 -1.8598768 0
-605.41321 -50.646294 -1.876106 0
-583.33929 -50.607841 -1.8132828 0
-581.58154 -50.644268 -1.8313978 0
-581.48907 -50.618618 -1.8927206 0
-581.29169 -50.659321 -1.8090463 0
-580.64001 -50.678303 -1.8926789 0
-580.55225 -50.680508 -1.8448591 0
-580.04138 -50.679298 -1.8994776 0
-635.84412 -50.528751 -1.8458953 0
-616.72333 -50.53907 -1.8500295 0
-586.71942 -50.51358 -1.8733181 0
-586.30524 -50.54137 -1.8751767 0
-586.17035 -50.553761 -1.8805635 0
-586.03003 -50.551258 -1.8811319 0
-585.89484 -50.553665 -1.8815081 0
-635.88391 -50.418858 -1.8857934 0
-627.22009 -50.472408 -1.889751 0
-616.71405 -50.439056 -1.8373996 0
-589.50037 -50.467022 -1.8625345 0
-589.12555 -50.463581 -1.8748326 0
-588.69061 -50.463787 -1.889057 0
-635.9093 -50.369392 -1.851746 0
-627.76825 -50.357231 -1.8568832 0
-627.00879 -50.310844 -1.897244 0
-616.72919 -50.351158 -1.8683344 0
-590.76135 -50.356285 -1.8527871 0
-590.20459 -50.362106 -1.8681097 0
-616.71405 -50.260677 -1.8457761 0
-628.44708 -50.112602 -1.8427877 0
-627.15881 -50.147419 -1.803462 0
-616.71527 -50.142479 -1.8790848 0
-598.37421 -50.192104 -1.8883218 0
-635.92914 -50.099445 -1.8088239 0
-635.87512 -50.031784 -1.8325289 0
-628.42389 -50.030384 -1.8442816 0
-628.22333 -50.032276 -1.8697919 0
-626.9021 -50.034393 -1.89139 0
-616.71655 -50.079636 -1.8279855 0
-614.24078 -92.222237 -1.7308773 0
-613.76654 -92.238815 -1.7177545 0
-613.64111 -92.23362 -1.7552848 0
-616.04156 -92.12529 -1.7425669 0
-615.70105 -92.136894 -1.722993 0
-615.68427 -92.173264 -1.703257 0
-614.84174 -92.192818 -1.7066451 0
-614.67682 -92.170975 -1.7895939 0
-614.32086 -92.196724 -1.7193546 0
-617.6571 -92.042068 -1.7334454 0
-616.93225 -92.047592 -1.7520483 0
-616.50256 -92.075554 -1.7229567 0
-625.08112 -91.104523 -1.7816817 0
-625.98169 -91.056374 -1.7122303 0
-632.25812 -90.82225 -1.7644804 0
-631.44836 -90.879028 -1.7627145 0
-629.16144 -90.884735 -1.7399145 0
-621.46881 -90.811684 -1.7355446 0
-618.62207 -90.816254 -1.7292084 0
-635.93683 -90.735207 -1.770815 0
-633.09326 -90.791595 -1.7963843 0
-631.44867 -90.793678 -1.7297845 0
-623.2066 -90.735703 -1.7337644 0
-622.88647 -90.774132 -1.7504774 0
-622.07385 -90.731117 -1.7420243 0
-620.50507 -90.770775 -1.7337445 0
-618.11072 -90.623123 -1.743714 0
-642.88293 -90.502754 -1.7161167 0
-623.52417 -90.515694 -1.7543405 0
-620.21722 -90.551987 -1.7296903 0
-618.36682 -90.583336 -1.7571793 0
-618.29266 -90.573158 -1.7822281 0
-624.33221 -90.424263 -1.7052251 0
-624.18732 -90.422646 -1.7121983 0
-623.75482 -90.453186 -1.7744662 0
-623.44373 -90.457726 -1.7304568 0
-623.33966 -90.467117 -1.7267152 0
-620.33472 -90.484779 -1.7055799 0
-643.59106 -87.277992 -1.7614439 0
-627.72925 -64.043617 -1.7643603 0
-627.79407 -63.722427 -1.7321718 0
-627.88354 -63.631294 -1.7633042 0
-629.26892 -63.438362 -1.7400451 0
-626.54089 -63.498653 -1.7747022 0
-629.49005 -63.106739 -1.7209253 0
-617.04706 -62.655804 -1.7423722 0
-626.26575 -62.287964 -1.7186874 0
-635.87207 -61.361774 -1.7965674 0
-635.758 -61.342865 -1.794476 0
-617.00269 -61.386086 -1.7889091 0
-636.11865 -61.283195 -1.7370565 0
-636.07288 -61.224751 -1.7171918 0
-635.85071 -61.288334 -1.7633841 0
-617.04419 -61.160885 -1.774753 0
-616.99255 -60.769474 -1.7081046 0
-616.97064 -60.551147 -1.7400301 0
-616.92242 -60.458347 -1.7679907 0
-616.97986 -60.333057 -1.7262233 0
-617.04407 -60.239075 -1.7216637 0
-649.35431 -60.001938 -1.7355727 0
-616.95258 -60.012348 -1.7248781 0
-649.99225 -59.931553 -1.7794409 0
-648.58453 -59.966736 -1.7884214 0
-617.02039 -59.999935 -1.7411746 0
-616.93555 -59.74157 -1.760655 0
-627.29224 -59.632668 -1.7809721 0
-616.92834 -59.56694 -1.7453514 0
-648.46332 -59.468071 -1.7631935 0
-616.93079 -59.411407 -1.7285037 0
-636.1394 -59.352531 -1.7081095 0
-627.05646 -59.286655 -1.7656687 0
-629.21765 -59.027882 -1.7707776 0
-627.71332 -59.014999 -1.786929 0
-616.89795 -58.84581 -1.7419375 0
-616.93445 -58.70792 -1.7919661 0
-616.92273 -58.58754 -1.7932668 0
-626.46704 -58.487598 -1.7231568 0
-636.0603 -58.310074 -1.7575861 0
-635.80566 -58.32946 -1.7389916 0
-635.74164 -58.331375 -1.7235212 0
-635.67151 -58.335098 -1.7936388 0
-616.90161 -58.312111 -1.79494 0
-636.19037 -58.242981 -1.7396078 0
-635.92175 -58.297951 -1.7075409 0
-649.68402 -57.998714 -1.7727721 0
-616.91345 -57.913979 -1.752113 0
-636.10638 -57.578438 -1.7928656 0
-636.0838 -57.50338 -1.7600098 0
-616.93634 -57.453594 -1.7906829 0
-648.28906 -57.34219 -1.7414485 0
-616.88513 -57.236088 -1.7758384 0
-636.01636 -56.5616 -1.7949891 0
-635.96381 -56.475826 -1.7987599 0
-616.97345 -56.431374 -1.798173 0
-636.06384 -56.180042 -1.7147249 0
-635.95728 -55.9431 -1.749384 0
-616.84296 -55.932743 -1.7551548 0
-648.33356 -55.842701 -1.7296637 0
-616.76111 -55.780025 -1.7031742 0
-616.86908 -55.699379 -1.7164391 0
-648.27826 -55.570198 -1.7734578 0
-616.91565 -55.417496 -1.7030717 0
-635.58026 -55.302856 -1.7821435 0
-635.97998 -55.258091 -1.7815868 0
-635.84827 -55.251221 -1.7419097 0
-635.59473 -55.279308 -1.7675668 0
-616.87488 -55.227188 -1.7524133 0
-616.81726 -55.163979 -1.7312956 0
-616.84027 -55.08215 -1.7464545 0
-635.96655 -54.916801 -1.7325461 0
-627.65509 -54.992851 -1.7911811 0
-616.88904 -54.872963 -1.7322427 0
-616.86633 -54.700401 -1.7385203 0
-636.00958 -54.538837 -1.7678157 0
-628.71686 -54.546886 -1.7595711 0
-627.44781 -54.50502 -1.7836373 0
-648.23364 -54.451412 -1.7445613 0
-627.89117 -54.419262 -1.7814846 0
-649.57849 -54.354729 -1.7340163 0
-628.45569 -54.390884 -1.7621152 0
-628.2326 -54.390133 -1.7592973 0
-627.45569 -54.393879 -1.7901506 0
-616.85596 -54.322845 -1.7351756 0
-606.94025 -54.322083 -1.764647 0
-605.66388 -54.361889 -1.7341413 0
-648.20667 -54.251904 -1.780534 0
-627.54834 -54.242401 -1.7752321 0
-616.73431 -54.293499 -1.7427951 0
-616.8443 -54.158138 -1.7510786 0
-611.52704 -54.189987 -1.7575431 0
-628.2843 -54.09631 -1.7704384 0
-627.79468 -54.016293 -1.7865403 0
-627.83008 -53.807152 -1.7256041 0
-626.89465 -53.733597 -1.7497646 0
-616.81201 -53.709816 -1.7105798 0
-616.82343 -53.656914 -1.7667371 0
-605.48987 -53.636696 -1.7675216 0
-616.70068 -53.510559 -1.765906 0
-616.81415 -53.433315 -1.7374763 0
-616.78046 -53.405216 -1.7454892 0
-635.88721 -53.384659 -1.7795947 0
-616.79199 -53.351639 -1.7471561 0
-605.48535 -53.306629 -1.7779483 0
-635.91797 -53.224972 -1.7595193 0
-635.8457 -53.280758 -1.729302 0
-648.25555 -53.197948 -1.7673243 0
-627.64624 -53.107201 -1.715627 0
-616.80042 -53.117966 -1.7084733 0
-627.83405 -53.060814 -1.7546293 0
-648.2124 -52.933956 -1.7487482 0
-648.19928 -52.951195 -1.7261807 0
-635.87445 -52.975437 -1.7949122 0
-616.85718 -52.850163 -1.7615939 0
-616.79266 -52.829983 -1.7389522 0
-616.82141 -52.752846 -1.7577281 0
-616.76898 -52.608814 -1.7423103 0
-616.82825 -52.592106 -1.7393731 0
-616.76807 -52.400257 -1.7892673 0
-616.82788 -52.345551 -1.7607532 0
-616.78851 -52.348438 -1.7520527 0
-635.86914 -52.23077 -1.7330183 0
-635.75043 -52.225838 -1.7827705 0
-635.67944 -52.238155 -1.7826481 0
-635.54077 -52.232677 -1.771659 0
-635.47522 -52.233143 -1.737072 0
-635.82812 -52.102921 -1.7500771 0
-616.67938 -52.134186 -1.7999586 0
-635.87518 -52.057392 -1.7810515 0
-616.81836 -52.065651 -1.7506299 0
-635.89764 -51.859207 -1.7712376 0
-616.81329 -51.868156 -1.7583842 0
-635.82178 -51.714352 -1.7781457 0
-616.75775 -51.715202 -1.7230803 0
-612.03101 -51.772549 -1.7450848 0
-648.17267 -51.685829 -1.7541553 0
-635.87354 -51.620316 -1.7602606 0
-616.74756 -51.541893 -1.7482234 0
-648.19244 -51.458599 -1.705465 0
-635.87079 -51.485382 -1.7658583 0
-635.86304 -51.350548 -1.7715398 0
-616.75067 -51.331692 -1.7764778 0
-648.18347 -51.247345 -1.7448879 0
-635.87659 -51.248367 -1.7577031 0
-635.85767 -51.08567 -1.7825305 0
-648.17828 -50.989548 -1.7499658 0
-635.83228 -50.960297 -1.7807591 0
-626.99023 -50.938107 -1.7602361 0
-635.84229 -50.821003 -1.7936856 0
-635.84485 -50.700947 -1.7985876 0
-635.79559 -50.618633 -1.7752597 0
-616.72485 -50.658722 -1.7013944 0
-648.16132 -50.561146 -1.7881378 0
-635.78033 -50.502254 -1.7002536 0
-586.27454 -50.521954 -1.7898848 0
-585.80811 -50.581425 -1.7929546 0
-582.40405 -50.587418 -1.7537321 0
-635.92004 -50.405174 -1.7988734 0
-605.44482 -50.414238 -1.7929139 0
-589.57153 -50.463047 -1.7555239 0
-588.90735 -50.455208 -1.7904469 0
-587.8822 -50.424583 -1.7196213 0
-586.60565 -50.47937 -1.7907183 0
-627.25385 -50.393448 -1.70388 0
-589.84155 -50.375813 -1.7825769 0
-589.74915 -50.387371 -1.7554651 0
-627.08246 -50.20763 -1.7071685 0
-643.9494 -50.10865 -1.7089818 0
-643.40662 -50.132771 -1.744626 0
-643.15875 -50.122066 -1.7153412 0
-628.83746 -50.136425 -1.7512314 0
-628.4671 -50.110573 -1.7483561 0
-616.65967 -50.127834 -1.7667557 0
-644.00885 -50.079105 -1.7414314 0
-643.87158 -50.096172 -1.7364503 0
-643.56995 -50.085945 -1.7432491 0
-643.26788 -50.085617 -1.7491907 0
-643.11725 -50.082882 -1.7499236 0
-628.5307 -50.022072 -1.7920896 0
-628.39221 -50.05381 -1.778235 0
-627.57123 -50.049622 -1.7344482 0
-626.9339 -50.07605 -1.7621051 0
-616.76367 -50.01762 -1.7782296 0
-615.09784 -92.200134 -1.616773 0
-614.57892 -92.218498 -1.6282054 0
-613.79553 -92.240913 -1.643231 0
-615.90125 -92.183189 -1.6061021 0
-615.62683 -92.182144 -1.6101773 0
-615.36743 -92.166214 -1.6149784 0
-615.22217 -92.150795 -1.6930774 0
-617.21558 -92.061607 -1.6591773 0
-616.85864 -92.093399 -1.6470546 0
-616.62225 -92.087547 -1.666252 0
-628.4024 -91.003235 -1.6627253 0
-625.42474 -91.042091 -1.6854838 0
-624.98193 -91.017868 -1.6834503 0
-630.75439 -90.90258 -1.6174911 0
-629.23956 -90.903458 -1.638876 0
-629.1098 -90.914268 -1.6699746 0
-628.37482 -90.909279 -1.6764816 0
-626.88959 -90.970665 -1.6855366 0
-631.09875 -90.822754 -1.6036316 0
-621.23254 -90.803062 -1.6502142 0
-620.68658 -90.843575 -1.6435598 0
-619.51575 -90.815254 -1.6726738 0
-622.9679 -90.796425 -1.6699567 0
-622.89905 -90.705002 -1.6537334 0
-622.57971 -90.784157 -1.6657089 0
-622.13153 -90.748795 -1.6629654 0
-622.0816 -90.764145 -1.6401391 0
-621.96069 -90.784462 -1.6424494 0
-621.1076 -90.774033 -1.657418 0
-622.93121 -90.697159 -1.6277757 0
-621.97308 -90.649971 -1.6730376 0
-620.47778 -90.628395 -1.6769942 0
-619.55981 -90.641098 -1.6781363 0
-618.3371 -90.608208 -1.6193582 0
-617.99011 -90.617805 -1.6012272 0
-617.89008 -90.615326 -1.6836554 0
-619.69525 -90.570694 -1.6227186 0
-618.02002 -90.578888 -1.600827 0
-624.53302 -90.42482 -1.6300973 0
-624.28357 -90.4403 -1.6890476 0
-624.14087 -90.436447 -1.644097 0
-624.01123 -90.464943 -1.6577655 0
-623.94763 -90.40242 -1.6417373 0
-623.89117 -90.459892 -1.6843563 0
-624.77576 -90.373871 -1.688414 0
-627.44623 -64.252853 -1.6816032 0
-627.71381 -64.040321 -1.6150947 0
-627.74371 -63.701759 -1.6785342 0
-636.2915 -63.677711 -1.6888875 0
-627.81494 -63.688751 -1.6317917 0
-629.39563 -63.588177 -1.6444812 0
-628.20905 -63.169239 -1.6724566 0
-629.57135 -63.029251 -1.6545893 0
-636.19281 -62.62801 -1.6302822 0
-617.05298 -62.64785 -1.6430004 0
-617.03802 -62.336445 -1.6406362 0
-629.15851 -62.291035 -1.6838925 0
-617.02521 -62.27087 -1.6064141 0
-636.15027 -62.030361 -1.6952323 0
-617.03058 -61.984741 -1.6349338 0
-636.14215 -61.808937 -1.6991693 0
-626.612 -61.855804 -1.6894038 0
-617.01471 -61.890491 -1.6130414 0
-617.01666 -61.710796 -1.6510376 0
-636.07941 -61.34478 -1.6562505 0
-635.93958 -61.313202 -1.6978447 0
-635.85376 -61.318226 -1.684651 0
-617.00848 -61.349346 -1.6583179 0
-616.9953 -61.342014 -1.6997211 0
-636.20941 -61.265774 -1.6110775 0
-617.01923 -61.11969 -1.6877034 0
-636.17902 -60.64933 -1.6910138 0
-616.99738 -60.027916 -1.6831374 0
-649.96558 -59.90247 -1.615747 0
-648.93933 -59.980701 -1.6253681 0
-616.96545 -59.86562 -1.6916419 0
-648.48016 -59.662968 -1.6272041 0
-628.24445 -59.526836 -1.602652 0
-636.09119 -59.391857 -1.6999453 0
-635.99182 -59.323399 -1.6734475 0
-616.88916 -59.262638 -1.6156538 0
-616.96234 -59.13702 -1.6904531 0
-648.4494 -58.983429 -1.6602322 0
-627.9231 -58.951782 -1.6198423 0
-616.97296 -58.900333 -1.6378511 0
-627.84888 -58.880032 -1.6470952 0
-627.77374 -58.893787 -1.6054289 0
-626.38916 -58.645065 -1.6136945 0
-628.44702 -58.551003 -1.6408148 0
-626.43573 -58.554752 -1.6955044 0
-627.88623 -58.475315 -1.6534033 0
-616.95819 -58.428623 -1.6620402 0
-636.0105 -58.348122 -1.6672336 0
-635.95471 -58.320969 -1.6624988 0
-635.8504 -58.329304 -1.6714534 0
-635.72382 -58.308605 -1.6621991 0
-635.67407 -58.333748 -1.6946183 0
-616.9295 -58.326405 -1.6129231 0
-636.12445 -58.203468 -1.6778741 0
-636.05127 -58.270721 -1.674767 0
-635.95044 -58.252331 -1.6606715 0
-628.85291 -58.291958 -1.6051004 0
-628.77936 -58.264954 -1.60937 0
-616.94995 -58.276108 -1.6330692 0
-635.67133 -58.197609 -1.6460698 0
-649.79443 -58.038769 -1.6768054 0
-636.07129 -57.98991 -1.6949617 0
-616.90009 -57.87991 -1.6861266 0
-627.85474 -57.705879 -1.6164628 0
-616.92413 -57.716885 -1.6657776 0
-636.10211 -57.589497 -1.6783572 0
-616.93848 -57.166462 -1.6012734 0
-627.65289 -57.078045 -1.6938709 0
-616.93762 -57.045219 -1.6316249 0
-605.46283 -57.021854 -1.6963784 0
-616.89655 -56.933865 -1.6383826 0
-616.95233 -56.83762 -1.6313246 0
-635.9754 -56.476585 -1.6898624 0
-616.92517 -56.447105 -1.629728 0
-616.91528 -56.340462 -1.6125253 0
-635.9679 -56.295544 -1.6904392 0
-616.90363 -56.209595 -1.6011361 0
-635.95416 -56.181664 -1.6504433 0
-635.81805 -56.133133 -1.6794243 0
-616.88403 -56.133709 -1.6622669 0
-648.32574 -55.963921 -1.690214 0
-616.8371 -55.842323 -1.6086951 0
-616.89294 -55.656258 -1.6183178 0
-616.84467 -55.569935 -1.6097785 0
-616.90131 -55.405567 -1.6556761 0
-635.49103 -55.377438 -1.633345 0
-616.85541 -55.387867 -1.6022129 0
-648.26929 -55.264324 -1.6465757 0
-636.24115 -55.202309 -1.6206641 0
-636.19055 -55.223042 -1.6519518 0
-636.01141 -55.208054 -1.6635393 0
-635.95331 -55.264111 -1.6315724 0
-635.84149 -55.264492 -1.6760787 0
-635.59808 -55.28096 -1.6143312 0
-636.46344 -55.19244 -1.6053219 0
-635.9801 -55.150375 -1.6477236 0
-616.87769 -55.140415 -1.6847475 0
-636.0376 -54.929218 -1.6701061 0
-616.84351 -54.909451 -1.6743814 0
-616.88098 -54.849667 -1.649955 0
-648.25897 -54.742142 -1.6470314 0
-616.83044 -54.745903 -1.6407769 0
-648.26495 -54.656147 -1.6073682 0
-616.8103 -54.534317 -1.6167477 0
-649.6344 -54.358368 -1.6194037 0
-649.5907 -54.386547 -1.6456051 0
-648.22449 -54.351326 -1.6121892 0
-627.54443 -54.310463 -1.6600823 0
-605.76013 -54.379177 -1.6059135 0
-627.63336 -54.204281 -1.6614619 0
-627.5672 -54.249138 -1.6387503 0
-610.04108 -54.209389 -1.6358407 0
-609.90466 -54.249725 -1.6733122 0
-627.67828 -54.178925 -1.6932296 0
-616.87842 -54.118771 -1.6259634 0
-611.57172 -54.164021 -1.6092318 0
-616.84839 -54.029224 -1.6329021 0
-616.83765 -53.91021 -1.655463 0
-627.65277 -53.649544 -1.6955901 0
-616.81915 -53.683788 -1.6741501 0
-635.83795 -53.588749 -1.6896704 0
-627.64087 -53.586834 -1.6696136 0
-616.78638 -53.553787 -1.6677971 0
-616.8291 -53.493721 -1.6295199 0
-616.85199 -53.358322 -1.6449673 0
-635.9201 -53.291996 -1.6207242 0
-627.60126 -53.218616 -1.6889201 0
-616.81219 -53.255833 -1.679256 0
-648.24969 -53.157894 -1.6548843 0
-616.84521 -53.100594 -1.6368164 0
-642.93213 -53.087292 -1.6747121 0
-635.88214 -53.018814 -1.6162442 0
-635.91046 -52.941246 -1.6543864 0
-635.72101 -52.945705 -1.6717697 0
-648.17432 -52.867054 -1.6668799 0
-642.9325 -52.820576 -1.6761203 0
-635.81018 -52.89603 -1.6275007 0
-616.81189 -52.837048 -1.6987753 0
-616.78406 -52.707405 -1.6188947 0
-648.15222 -52.598286 -1.6048025 0
-616.77832 -52.545395 -1.6699719 0
-616.82031 -52.449738 -1.691725 0
-616.80695 -52.371746 -1.6388124 0
-648.12958 -52.256973 -1.6373285 0
-635.83289 -52.235001 -1.638881 0
-635.73334 -52.221523 -1.6211329 0
-635.64258 -52.246128 -1.6538042 0
-635.50421 -52.257946 -1.6197785 0
-635.49689 -52.256325 -1.6628793 0
-635.87604 -52.191158 -1.6018939 0
-616.79773 -52.197266 -1.6007036 0
-642.91431 -52.027634 -1.6814017 0
-635.88434 -52.018986 -1.6570408 0
-635.86212 -51.85421 -1.6433125 0
-616.80176 -51.859291 -1.6530644 0
-635.87335 -51.740406 -1.679822 0
-616.76465 -51.798935 -1.6000314 0
-635.87231 -51.674965 -1.653169 0
-616.81085 -51.628555 -1.6014636 0
-616.77393 -51.657791 -1.6653819 0
-605.4151 -51.555725 -1.6630876 0
-635.84497 -51.450722 -1.6498656 0
-616.73193 -51.437031 -1.6323857 0
-635.86853 -51.344959 -1.6216689 0
-616.74335 -51.344727 -1.6357377 0
-616.74756 -51.249943 -1.6413094 0
-635.85065 -51.14386 -1.6423115 0
-627.02557 -51.100876 -1.6700686 0
-616.75427 -51.149384 -1.6629119 0
-648.13806 -51.071663 -1.6026888 0
-627.07159 -51.077042 -1.6703858 0
-616.75812 -50.94664 -1.6030009 0
-635.85205 -50.864464 -1.6982784 0
-627.19934 -50.815628 -1.608794 0
-605.38245 -50.89468 -1.6980141 0
-635.79327 -50.732647 -1.6926539 0
-648.11877 -50.604469 -1.6391619 0
-635.81781 -50.602234 -1.6709986 0
-626.72192 -50.629456 -1.6369171 0
-616.73633 -50.664135 -1.6371703 0
-635.81329 -50.507084 -1.6720382 0
-627.47949 -50.534958 -1.6532434 0
-616.72815 -50.547588 -1.6700888 0
-635.82678 -50.46059 -1.6306903 0
-627.61108 -50.488274 -1.6313081 0
-626.77856 -50.422344 -1.6272271 0
-635.91431 -50.348274 -1.6275139 0
-628.78699 -50.394001 -1.6407479 0
-627.31763 -50.301628 -1.6319387 0
-626.65021 -50.310917 -1.6674795 0
-628.50012 -50.202221 -1.6969858 0
-628.45483 -50.255627 -1.6863772 0
-627.29736 -50.277981 -1.6527401 0
-626.82831 -50.238476 -1.6430085 0
-616.71387 -50.288864 -1.6422205 0
-605.46246 -50.22596 -1.6244547 0
-628.53406 -50.156677 -1.6868819 0
-626.72791 -50.146645 -1.6538385 0
-605.4552 -50.147423 -1.6386235 0
-599.00391 -50.186035 -1.6353328 0
-644.82562 -50.050251 -1.6217028 0
-635.83679 -50.004681 -1.6559504 0
-627.68848 -50.065521 -1.6064291 0
-626.88043 -50.097767 -1.660557 0
-616.6806 -50.011108 -1.6571536 0
-613.69727 -92.228882 -1.5975803 0
-616.85864 -92.127495 -1.5254015 0
-616.00104 -92.115768 -1.5762144 0
-615.00024 -92.14933 -1.51279 0
-614.74902 -92.18084 -1.561501 0
-613.77515 -92.19487 -1.5857674 0
-617.5412 -92.08596 -1.5653585 0
-617.25671 -92.099136 -1.5165749 0
-626.13373 -91.027069 -1.5693433 0
-625.46722 -91.010117 -1.5179111 0
-625.2608 -91.093842 -1.5212778 0
-625.11804 -91.001312 -1.5182503 0
-624.98224 -91.023666 -1.5164025 0
-628.46747 -90.900818 -1.5592023 0
-628.33154 -90.982162 -1.5075287 0
-627.64636 -90.946548 -1.5646598 0
-627.52289 -90.988838 -1.5545582 0
-626.82141 -90.981033 -1.5612569 0
-626.09393 -90.961555 -1.5948073 0
-625.46008 -90.985512 -1.5121554 0
-631.47852 -90.858383 -1.5927665 0
-621.30597 -90.832413 -1.5367562 0
-620.54254 -90.844261 -1.5472971 0
-619.03064 -90.878456 -1.572461 0
-618.88263 -90.801971 -1.5035845 0
-618.56921 -90.813698 -1.5173441 0
-632.91833 -90.796547 -1.5551274 0
-622.96954 -90.756683 -1.5954109 0
-622.79089 -90.758209 -1.5462515 0
-622.12549 -90.769997 -1.5730243 0
-623.08936 -90.601242 -1.5191389 0
-618.30621 -90.631798 -1.5614362 0
-618.29846 -90.635445 -1.5885921 0
-618.14502 -90.62281 -1.5844467 0
-617.86169 -90.64637 -1.5281209 0
-620.27045 -90.544075 -1.5748581 0
-619.67059 -90.595619 -1.5658747 0
-618.30225 -90.586914 -1.5814562 0
-618.01215 -90.589348 -1.5985556 0
-624.81488 -90.443367 -1.523446 0
-624.66644 -90.424919 -1.5210176 0
-624.51746 -90.438492 -1.5188799 0
-624.38129 -90.435837 -1.5167906 0
-624.04669 -90.488663 -1.5027571 0
-623.75342 -90.44519 -1.5992637 0
-623.67743 -90.497063 -1.5077249 0
-643.4223 -87.502258 -1.5986682 0
-643.28687 -84.39505 -1.5126467 0
-643.43347 -81.340721 -1.5698808 0
-636.20093 -64.025429 -1.5074356 0
-628.11292 -63.714916 -1.5122112 0
-627.77942 -63.375549 -1.520461 0
-617.09265 -62.656952 -1.5769751 0
-636.1911 -62.451027 -1.5894316 0
-617.0639 -62.445076 -1.5745721 0
-616.89972 -62.271317 -1.523513 0
-635.94763 -61.928856 -1.5365486 0
-616.98743 -61.485706 -1.5530537 0
-636.47388 -61.320992 -1.5029136 0
-635.84192 -61.336014 -1.5626934 0
-635.79901 -61.339439 -1.5796747 0
-635.65839 -61.347797 -1.5098053 0
-636.14435 -61.242378 -1.5235031 0
-636.14288 -61.028755 -1.5245672 0
-616.99072 -60.866859 -1.5769262 0
-616.98779 -60.798553 -1.5831031 0
-617.01465 -60.47876 -1.5842202 0
-616.8717 -60.419884 -1.5767593 0
-616.85602 -60.265285 -1.5785688 0
-648.93079 -59.96405 -1.5469519 0
-627.76758 -59.928349 -1.5166384 0
-627.25885 -59.748573 -1.5415274 0
-616.95013 -59.756451 -1.5405201 0
-626.62177 -59.626259 -1.5519717 0
-626.8053 -59.579071 -1.5783783 0
-626.65948 -59.580235 -1.5564207 0
-617.0097 -59.527248 -1.5883722 0
-616.95825 -59.456924 -1.5614389 0
-627.62122 -59.325893 -1.5262277 0
-616.95282 -59.228573 -1.5258038 0
-616.95349 -59.13179 -1.5575761 0
-628.32721 -59.045582 -1.5142565 0
-627.65479 -59.079826 -1.5530726 0
-616.9646 -59.009754 -1.5724276 0
-627.91602 -58.90234 -1.5409657 0
-627.87921 -58.983013 -1.5958548 0
-627.81366 -58.890671 -1.5677896 0
-627.755 -58.85675 -1.5644619 0
-627.63776 -58.744957 -1.5874568 0
-616.92352 -58.66312 -1.5208967 0
-635.85986 -58.32436 -1.5335027 0
-635.76477 -58.317722 -1.5301194 0
-635.59973 -58.345737 -1.539842 0
-628.6236 -58.38913 -1.5821615 0
-616.97754 -58.35812 -1.5488533 0
-636.38794 -58.237606 -1.5802908 0
-635.92639 -58.27879 -1.5518178 0
-635.62811 -58.25243 -1.5696887 0
-616.9339 -58.264587 -1.5406125 0
-628.67743 -58.045212 -1.5243433 0
-648.42596 -57.933262 -1.5205235 0
-627.71606 -57.95459 -1.532853 0
-627.30713 -57.974186 -1.5210884 0
-616.92419 -57.982101 -1.5304849 0
-648.38745 -57.892956 -1.5592313 0
-648.44257 -57.735825 -1.5266197 0
-648.34546 -57.788605 -1.5067958 0
-616.90118 -57.647594 -1.5313967 0
-648.31091 -57.507313 -1.5336213 0
-648.27808 -57.597805 -1.5852604 0
-616.97632 -57.572376 -1.5896778 0
-627.72833 -57.346928 -1.5801193 0
-648.24921 -57.242184 -1.5691695 0
-636.00568 -56.573597 -1.5629416 0
-635.99329 -56.576504 -1.5337645 0
-616.94501 -56.45084 -1.5804061 0
-616.88177 -56.495026 -1.5150127 0
-616.90906 -56.366802 -1.5715101 0
-616.86359 -56.235806 -1.5454894 0
-616.86548 -56.000916 -1.5347605 0
-616.87756 -55.924259 -1.5912145 0
-648.32953 -55.885254 -1.5209658 0
-648.31268 -55.787598 -1.5886264 0
-616.85205 -55.55471 -1.5091962 0
-616.85236 -55.439156 -1.5188302 0
-616.84766 -55.344208 -1.5292184 0
-636.00055 -55.210186 -1.515852 0
-635.85632 -55.272293 -1.5418533 0
-635.72833 -55.26955 -1.5593413 0
-636.02374 -55.145672 -1.5707624 0
-648.31036 -55.02179 -1.5188347 0
-616.86426 -55.054596 -1.5652664 0
-616.84198 -54.94294 -1.5984912 0
-616.88171 -54.853748 -1.5495281 0
-648.28363 -54.746826 -1.5692196 0
-648.27631 -54.677284 -1.5344529 0
-616.86926 -54.472321 -1.5350089 0
-649.61292 -54.339268 -1.588218 0
-607.20593 -54.311417 -1.5053561 0
-607.11963 -54.330963 -1.5571778 0
-606.6781 -54.317974 -1.5316658 0
-605.63678 -54.352592 -1.5599999 0
-648.20056 -54.269085 -1.5100619 0
-627.87915 -54.211803 -1.5513351 0
-627.57806 -54.249119 -1.5599357 0
-616.85736 -54.260544 -1.5512502 0
-610.1192 -54.214939 -1.548014 0
-610.07275 -54.236301 -1.5625957 0
-609.98322 -54.228497 -1.5971067 0
-607.31628 -54.26693 -1.526155 0
-627.85291 -54.177906 -1.5015868 0
-611.46393 -54.195805 -1.5881153 0
-616.83282 -54.045948 -1.5270966 0
-616.78265 -54.05225 -1.5262884 0
-605.49274 -53.944611 -1.5907897 0
-605.50012 -53.628647 -1.5922191 0
-635.92871 -53.551949 -1.5249151 0
-635.86011 -53.588394 -1.5237324 0
-635.93176 -53.449989 -1.5224049 0
-635.88672 -53.442638 -1.545035 0
-635.93518 -53.351593 -1.5435768 0
-616.85712 -53.348133 -1.5629256 0
-616.79297 -53.339081 -1.5460688 0
-605.47314 -53.3671 -1.5832468 0
-616.80853 -53.258572 -1.5271547 0
-635.92902 -53.16909 -1.5306041 0
-635.87848 -53.168896 -1.5880196 0
-616.85522 -53.171566 -1.5641439 0
-611.53552 -53.118504 -1.5454874 0
-635.86816 -53.059895 -1.549803 0
-616.79266 -53.064034 -1.5545766 0
-616.78479 -52.836937 -1.5797577 0
-616.78699 -52.707058 -1.5572779 0
-648.13605 -52.612503 -1.5234901 0
-616.78455 -52.541451 -1.5471815 0
-605.45532 -52.50172 -1.594689 0
-616.86981 -52.445427 -1.5836289 0
-635.47797 -52.378277 -1.5795097 0
-635.82593 -52.210869 -1.5294913 0
-635.75769 -52.210251 -1.5727311 0
-635.6499 -52.219364 -1.5364267 0
-635.48071 -52.25441 -1.570359 0
-616.78003 -52.244839 -1.5563799 0
-635.89337 -52.103497 -1.5668486 0
-616.76819 -52.143963 -1.5665202 0
-616.76538 -52.050869 -1.5643524 0
-635.87524 -51.92392 -1.5847468 0
-616.76581 -51.942005 -1.5659963 0
-635.88568 -51.768204 -1.5715938 0
-612.08704 -51.750401 -1.5795753 0
-611.77209 -51.780396 -1.5927036 0
-635.84436 -51.652439 -1.5462093 0
-648.15149 -51.5737 -1.5676134 0
-635.87384 -51.588432 -1.571321 0
-635.88312 -51.437874 -1.5713258 0
-616.75354 -51.493214 -1.5376507 0
-605.40289 -51.411446 -1.5047365 0
-635.83411 -51.359135 -1.5908796 0
-605.39703 -51.392696 -1.53969 0
-635.87158 -51.262932 -1.5761988 0
-627.01013 -51.24461 -1.5608964 0
-616.74628 -51.248848 -1.5609878 0
-635.83496 -51.173264 -1.565047 0
-616.71484 -51.17387 -1.510651 0
-635.87341 -51.034279 -1.5874019 0
-616.74976 -51.068344 -1.5538094 0
-648.16431 -50.958466 -1.5584619 0
-635.8103 -50.92115 -1.5777954 0
-605.41223 -50.979317 -1.5076481 0
-605.40448 -50.833351 -1.5693443 0
-635.81104 -50.748653 -1.5459979 0
-627.82678 -50.738285 -1.5205126 0
-616.70325 -50.758137 -1.5441828 0
-605.41003 -50.774544 -1.5965816 0
-635.83734 -50.671539 -1.5269474 0
-627.2616 -50.652992 -1.599893 0
-626.94543 -50.654572 -1.5779457 0
-616.73309 -50.646 -1.5553235 0
-605.40955 -50.678825 -1.5131646 0
-626.76355 -50.591835 -1.5475646 0
-616.67065 -50.534794 -1.5055494 0
-605.40845 -50.527229 -1.5686178 0
-648.15076 -50.437759 -1.5294584 0
-616.72162 -50.45623 -1.5404401 0
-635.90527 -50.310398 -1.5753506 0
-635.87567 -50.358315 -1.5865369 0
-627.24451 -50.383446 -1.5694594 0
-626.34021 -50.370495 -1.5662199 0
-605.35748 -50.398945 -1.5428625 0
-594.3385 -50.353691 -1.5522412 0
-628.75049 -50.281269 -1.5750729 0
-627.18445 -50.237103 -1.5092533 0
-626.68646 -50.223492 -1.5646122 0
-626.43768 -50.204624 -1.5357051 0
-616.70624 -50.24654 -1.5658933 0
-616.69006 -50.237728 -1.5600858 0
-643.02313 -50.141434 -1.5965722 0
-628.66827 -50.148518 -1.5958818 0
-627.09412 -50.188251 -1.5080568 0
-605.38464 -50.130322 -1.5799156 0
-628.72815 -50.097507 -1.5534689 0
-628.56848 -50.061302 -1.5551012 0
-616.70471 -50.030285 -1.5005587 0
-605.3761 -50.043442 -1.5340312 0
-613.72467 -92.215019 -1.4308364 0
-625.07697 -91.020004 -1.4041114 0
-625.03632 -90.971336 -1.4075391 0
-633.80023 -90.814362 -1.4296491 0
-621.54572 -90.821457 -1.4375191 0
-635.2525 -90.761253 -1.4060115 0
-622.98218 -90.760727 -1.4935811 0
-622.48676 -90.731331 -1.423538 0
-622.06854 -90.730865 -1.4316782 0
-621.3147 -90.758858 -1.4618196 0
-621.24976 -90.77034 -1.4474328 0
-621.16925 -90.781204 -1.4715705 0
-620.69952 -90.780525 -1.4575872 0
-620.51642 -90.787018 -1.4848943 0
-620.4574 -90.780457 -1.455368 0
-620.48962 -90.643829 -1.4312516 0
-642.21759 -90.525352 -1.4212928 0
-620.27338 -90.551147 -1.4729823 0
-620.138 -90.537262 -1.4764166 0
-620.07727 -90.571617 -1.4833201 0
-619.67664 -90.579651 -1.4268038 0
-623.86694 -90.444824 -1.4793769 0
-623.55267 -90.461143 -1.4964508 0
-623.30792 -90.477379 -1.4025598 0
-623.1723 -90.473564 -1.4058334 0
-643.43079 -84.452667 -1.4031752 0
-643.41046 -81.413658 -1.4517434 0
-613.72943 -78.92366 -1.4570191 0
-613.62744 -76.356133 -1.4395375 0
-613.56238 -73.63588 -1.4230925 0
-613.53394 -72.790451 -1.4150109 0
-613.47656 -71.562675 -1.4031985 0
-628.26276 -64.907501 -1.4328065 0
-627.38196 -64.908531 -1.4284729 0
-627.71368 -64.231651 -1.4600028 0
-636.17035 -63.967033 -1.4660172 0
-627.80017 -63.756805 -1.4700181 0
-648.48914 -63.630001 -1.4775596 0
-628.14899 -63.676804 -1.453768 0
-627.05438 -63.672115 -1.4485008 0
-626.98242 -63.637493 -1.4343133 0
-626.90436 -63.495811 -1.480902 0
-626.44482 -63.390167 -1.4939748 0
-628.34149 -63.236771 -1.4125394 0
-626.50745 -63.065056 -1.4740734 0
-626.44891 -63.083912 -1.4554079 0
-636.14392 -62.733543 -1.4221911 0
-636.08344 -62.721096 -1.4269539 0
-636.12042 -62.654434 -1.4313077 0
-636.16522 -62.559605 -1.4656606 0
-636.20258 -62.479908 -1.4469492 0
-626.17126 -62.363094 -1.4191145 0
-636.1405 -62.208588 -1.423906 0
-626.13513 -62.288857 -1.4287124 0
-617.03906 -62.277836 -1.4174778 0
-617.04163 -61.546997 -1.4505533 0
-635.74133 -61.409412 -1.477752 0
-617.03052 -61.417648 -1.450609 0
-636.15839 -61.322788 -1.4821907 0
-636.06921 -61.355583 -1.4745162 0
-635.94574 -61.346252 -1.4448822 0
-635.83997 -61.35675 -1.4558065 0
-616.98596 -61.320564 -1.4167088 0
-616.96527 -61.191498 -1.4642644 0
-636.16296 -61.02248 -1.4180874 0
-616.99286 -60.753418 -1.4422991 0
-616.96783 -60.595753 -1.4713719 0
-616.99347 -60.28793 -1.4491236 0
-616.9931 -60.163013 -1.4917854 0
-648.98694 -60.007439 -1.4856128 0
-616.97595 -60.013443 -1.4684935 0
-649.41797 -59.975727 -1.4757713 0
-648.81604 -59.948433 -1.4748366 0
-648.44128 -59.988625 -1.4334489 0
-627.67017 -59.985416 -1.4213301 0
-626.96808 -59.653461 -1.4496468 0
-626.79187 -59.644348 -1.4994797 0
-636.01434 -59.40313 -1.4205894 0
-636.0517 -59.373096 -1.4729923 0
-616.94995 -59.327896 -1.4968468 0
-616.95349 -59.215698 -1.4116418 0
-636.13727 -59.025631 -1.4536811 0
-629.35883 -59.038586 -1.4924028 0
-627.88953 -59.01527 -1.4830279 0
-616.97827 -59.086258 -1.4758894 0
-629.48627 -58.9645 -1.4912716 0
-627.91162 -58.940655 -1.4688327 0
-617.02161 -58.991276 -1.4242105 0
-636.1402 -58.860451 -1.4476056 0
-628.01941 -58.865589 -1.4856033 0
-627.89032 -58.897739 -1.4285166 0
-627.6936 -58.873672 -1.4575598 0
-617.00244 -58.856098 -1.4514298 0
-636.00427 -58.790733 -1.4655898 0
-628.43811 -58.746155 -1.4738638 0
-627.64966 -58.715134 -1.4063755 0
-616.90894 -58.705563 -1.4003934 0
-627.85675 -58.636627 -1.4150558 0
-616.96686 -58.54335 -1.4271065 0
-616.94788 -58.43264 -1.4991831 0
-636.0741 -58.302612 -1.4238118 0
-635.98474 -58.339912 -1.4736222 0
-635.83606 -58.333683 -1.4699765 0
-635.79449 -58.330135 -1.4474547 0
-635.64972 -58.371769 -1.4808531 0
-616.91589 -58.370163 -1.4085848 0
-635.98413 -58.292473 -1.4259548 0
-636.11261 -58.18417 -1.4780777 0
-627.4184 -58.103821 -1.4492271 0
-616.95099 -58.129745 -1.4457072 0
-616.84918 -58.105156 -1.4677352 0
-649.63989 -58.039192 -1.4718909 0
-649.65625 -57.987221 -1.4157631 0
-616.90576 -57.999046 -1.4157386 0
-631.49432 -57.876968 -1.456942 0
-616.91595 -57.840919 -1.4422054 0
-628.74432 -57.716339 -1.42232 0
-616.90485 -57.792107 -1.4043114 0
-616.90552 -57.625088 -1.4694426 0
-631.47162 -57.575768 -1.4591999 0
-616.96729 -57.527092 -1.4890438 0
-648.28381 -57.397823 -1.4533813 0
-616.88092 -57.223991 -1.4218681 0
-616.94513 -57.104767 -1.4056134 0
-616.85132 -57.162067 -1.4518769 0
-616.89038 -56.944077 -1.4594803 0
-635.98627 -56.533634 -1.4514365 0
-616.94904 -56.426208 -1.4444387 0
-616.88293 -56.452137 -1.4242156 0
-616.91077 -56.38744 -1.4349874 0
-616.88049 -56.202732 -1.4431101 0
-648.33002 -56.084515 -1.4606874 0
-635.99353 -56.095661 -1.4439212 0
-635.89301 -56.002934 -1.4303895 0
-616.87793 -55.943535 -1.4427869 0
-616.85596 -55.859104 -1.4740382 0
-616.85632 -55.759266 -1.485359 0
-616.85675 -55.644772 -1.4998721 0
-616.86481 -55.599503 -1.4948839 0
-648.33472 -55.437614 -1.4898396 0
-635.57751 -55.404648 -1.4566836 0
-616.85284 -55.440365 -1.4876693 0
-635.60571 -55.304142 -1.4747585 0
-635.55347 -55.322723 -1.4826349 0
-636.20282 -55.228313 -1.4136467 0
-636.01904 -55.285206 -1.4784015 0
-635.63367 -55.258514 -1.481689 0
-616.83972 -55.143707 -1.4521439 0
-648.28094 -55.051533 -1.4034027 0
-616.83093 -55.007286 -1.4327288 0
-648.30585 -54.809834 -1.4912516 0
-616.80457 -54.84523 -1.4738145 0
-648.28552 -54.754238 -1.4402628 0
-635.98077 -54.515327 -1.4927201 0
-626.95026 -54.5639 -1.4826553 0
-616.79523 -54.580669 -1.4157583 0
-626.91913 -54.499672 -1.4451394 0
-616.88464 -54.444626 -1.4454473 0
-607.33813 -54.405689 -1.4678906 0
-627.57257 -54.301601 -1.4022105 0
-607.04138 -54.360844 -1.4943475 0
-649.67719 -54.281033 -1.4562531 0
-627.63715 -54.24498 -1.4614438 0
-611.38367 -54.203213 -1.4382536 0
-608.69281 -54.287712 -1.4269814 0
-608.47339 -54.286423 -1.4995462 0
-616.84546 -54.070145 -1.4346191 0
-616.86603 -53.873596 -1.4358928 0
-635.90979 -53.347084 -1.4866116 0
-616.83551 -53.301155 -1.4560264 0
-616.77277 -53.363361 -1.4546573 0
-616.80005 -53.298862 -1.4142135 0
-635.92621 -53.023907 -1.4723021 0
-616.78265 -52.916237 -1.4377055 0
-616.80206 -52.828121 -1.4438009 0
-616.78955 -52.88802 -1.4625033 0
-635.84399 -52.719063 -1.4985042 0
-648.22009 -52.606319 -1.4525995 0
-616.78821 -52.695072 -1.4220082 0
-616.78052 -52.515598 -1.4369028 0
-635.49622 -52.373959 -1.4051085 0
-616.815 -52.322201 -1.4255455 0
-616.7713 -52.323227 -1.4142964 0
-635.82123 -52.230759 -1.4398745 0
-635.63586 -52.240589 -1.4529604 0
-635.55139 -52.250694 -1.4596246 0
-635.40576 -52.250317 -1.4688916 0
-648.20673 -52.185131 -1.4604297 0
-635.90796 -52.192825 -1.4377118 0
-635.8313 -52.147579 -1.4398917 0
-635.65973 -52.182186 -1.4732314 0
-635.86328 -52.08979 -1.4033803 0
-616.73773 -52.074951 -1.4992414 0
-635.86597 -51.966385 -1.4647268 0
-611.46832 -51.994667 -1.4061651 0
-611.4834 -51.85751 -1.4765148 0
-648.19238 -51.765686 -1.487586 0
-635.86761 -51.777679 -1.4405245 0
-616.76581 -51.759426 -1.4379146 0
-611.53326 -51.796177 -1.409753 0
-635.91022 -51.605366 -1.445847 0
-635.84418 -51.652557 -1.4568986 0
-616.78009 -51.641762 -1.4667097 0
-635.87012 -51.518074 -1.4440566 0
-616.7785 -51.508656 -1.4763379 0
-635.84949 -51.45369 -1.4695537 0
-648.17761 -51.31266 -1.430272 0
-635.85431 -51.389858 -1.4423624 0
-616.7514 -51.355717 -1.4576997 0
-635.84515 -51.282032 -1.4886651 0
-616.74677 -51.281212 -1.4074689 0
-648.18152 -51.186462 -1.4060347 0
-635.85284 -51.195015 -1.4454038 0
-616.7373 -51.177582 -1.4249997 0
-635.82977 -51.035049 -1.4587767 0
-616.73285 -51.064171 -1.4445435 0
-616.73322 -50.954578 -1.4580172 0
-648.15839 -50.871258 -1.4807341 0
-616.71661 -50.85553 -1.4514985 0
-635.83667 -50.770172 -1.4618727 0
-616.72412 -50.741356 -1.4890441 0
-635.83435 -50.642868 -1.4741969 0
-627.74103 -50.643421 -1.4652081 0
-627.11102 -50.61927 -1.4893179 0
-635.86938 -50.56889 -1.4784378 0
-627.80267 -50.510391 -1.4787557 0
-626.35217 -50.541248 -1.4314965 0
-616.72137 -50.569126 -1.4253994 0
-635.83484 -50.454456 -1.4489974 0
-627.17487 -50.480236 -1.4952269 0
-626.31787 -50.493382 -1.4328877 0
-616.70819 -50.416752 -1.4547555 0
-616.69653 -50.417145 -1.4932556 0
-635.94116 -50.345814 -1.4824353 0
-627.41046 -50.236515 -1.4578108 0
-626.54706 -50.290127 -1.476943 0
-626.31036 -50.247719 -1.4450561 0
-616.81152 -50.247242 -1.4020326 0
-616.71765 -50.133816 -1.4709153 0
-644.81903 -50.009811 -1.4822505 0
-643.42938 -50.09182 -1.4010727 0
-635.9585 -50.035137 -1.4072772 0
-615.98718 -92.118065 -1.3646443 0
-614.62689 -92.142807 -1.3374029 0
-613.96252 -92.172745 -1.3539708 0
-617.27917 -92.074287 -1.3839791 0
-615.56793 -92.078659 -1.304926 0
-626.02557 -91.029327 -1.3849533 0
-625.37219 -91.095184 -1.3426605 0
-627.53082 -90.956917 -1.3861287 0
-625.23938 -90.991478 -1.3476533 0
-631.4632 -90.778458 -1.3689784 0
-642.97333 -90.545662 -1.3690094 0
-618.04181 -90.585129 -1.3169334 0
-623.93677 -90.470032 -1.3877913 0
-623.81146 -90.456512 -1.3910018 0
-623.69012 -90.478119 -1.3934954 0
-623.5542 -90.484306 -1.3965994 0
-623.42883 -90.470779 -1.3998106 0
-643.16125 -84.483643 -1.3018192 0
-613.52771 -78.678246 -1.3135643 0
-613.44116 -70.563393 -1.3957697 0
-613.17505 -69.743835 -1.3428605 0
-613.44611 -69.525208 -1.3858596 0
-613.35767 -67.678421 -1.366189 0
-627.38098 -64.956268 -1.3617536 0
-627.7254 -63.873608 -1.3978435 0
-627.27954 -63.574844 -1.300939 0
-626.31805 -63.549809 -1.3523118 0
-636.16217 -62.626915 -1.3196056 0
-617.06647 -62.546631 -1.3632052 0
-636.01086 -62.295586 -1.3466277 0
-617.07214 -61.892052 -1.3027948 0
-617.05103 -61.659477 -1.360455 0
-616.99756 -61.698338 -1.3661984 0
-635.75891 -61.476276 -1.3291461 0
-636.08862 -61.32925 -1.3131654 0
-635.97229 -61.381504 -1.3578315 0
-635.81274 -61.343658 -1.3687952 0
-635.92322 -61.290936 -1.3878365 0
-617.05981 -61.262852 -1.3613869 0
-616.98419 -61.297901 -1.3836074 0
-617.00513 -60.885437 -1.3437812 0
-617.07214 -60.684959 -1.3935426 0
-617.00793 -60.582462 -1.3223267 0
-616.98431 -60.322388 -1.3616523 0
-616.97308 -60.292732 -1.3139533 0
-616.96027 -60.117863 -1.3255159 0
-648.51288 -60.022682 -1.3426239 0
-648.4845 -60.031673 -1.320951 0
-627.16833 -60.029507 -1.3474032 0
-649.26855 -59.935249 -1.3770325 0
-616.95728 -59.938057 -1.3424881 0
-627.12762 -59.8619 -1.3674086 0
-626.29059 -59.895065 -1.3671777 0
-617.0094 -59.891384 -1.3805801 0
-616.95239 -59.732853 -1.3582714 0
-648.45447 -59.62495 -1.300752 0
-626.73798 -59.673145 -1.3401114 0
-626.68536 -59.680931 -1.3492916 0
-616.95044 -59.567841 -1.3729879 0
-636.05945 -59.339401 -1.3675425 0
-616.9472 -59.355164 -1.3423191 0
-628.0379 -59.102665 -1.3888777 0
-627.99261 -59.100594 -1.3496494 0
-627.63239 -59.082943 -1.3816743 0
-636.07159 -58.967266 -1.3613706 0
-627.9516 -58.956959 -1.3282932 0
-627.8855 -58.938324 -1.3170611 0
-616.98273 -58.987141 -1.3913486 0
-616.93402 -58.762688 -1.3699028 0
-627.54144 -58.608234 -1.3148642 0
-616.92535 -58.624283 -1.386596 0
-628.69135 -58.547863 -1.3829814 0
-648.39673 -58.403259 -1.3729271 0
-635.74609 -58.353321 -1.3474932 0
-635.63141 -58.322247 -1.3736778 0
-616.91315 -58.325867 -1.3696079 0
-636.44507 -58.226837 -1.3510386 0
-636.05188 -58.272026 -1.3687594 0
-635.92853 -58.230209 -1.3826557 0
-616.93152 -58.259766 -1.340782 0
-616.91919 -58.15501 -1.3216621 0
-649.66187 -58.022324 -1.3016064 0
-616.8772 -58.057011 -1.3797097 0
-628.99194 -57.918365 -1.3571038 0
-648.36438 -57.898396 -1.3598289 0
-636.06519 -57.861149 -1.3558782 0
-636.04132 -57.75354 -1.3864187 0
-616.86444 -57.582325 -1.3695192 0
-616.94482 -57.49184 -1.3417572 0
-616.85132 -57.315945 -1.3195844 0
-648.30029 -57.264603 -1.3367249 0
-616.90662 -57.235146 -1.3327055 0
-616.91681 -56.823299 -1.3483311 0
-636.05322 -56.640472 -1.3973792 0
-616.92517 -56.449581 -1.3277192 0
-636.11023 -56.274113 -1.3754022 0
-616.91223 -56.194622 -1.3778994 0
-616.84515 -56.094582 -1.3386816 0
-616.85803 -55.86092 -1.3186058 0
-648.30927 -55.536888 -1.3329796 0
-616.90808 -55.546677 -1.3497145 0
-616.8269 -55.459881 -1.3774654 0
-635.56781 -55.337044 -1.3517884 0
-635.9552 -55.229095 -1.3402721 0
-635.82678 -55.293655 -1.3080994 0
-635.78552 -55.246078 -1.3380547 0
-635.64514 -55.242199 -1.3408533 0
-635.578 -55.262772 -1.3400661 0
-635.5976 -55.197903 -1.3563792 0
-616.88354 -55.04496 -1.3356836 0
-648.24927 -54.93325 -1.3205793 0
-616.86047 -54.99305 -1.3817984 0
-616.83118 -54.895973 -1.3851123 0
-648.23096 -54.747089 -1.3357718 0
-616.85559 -54.797871 -1.3896929 0
-648.19525 -54.666058 -1.3401873 0
-616.83337 -54.508419 -1.3986197 0
-642.79474 -54.434917 -1.3774229 0
-627.15857 -54.441422 -1.3550098 0
-627.58014 -54.301525 -1.3502475 0
-616.82294 -54.301975 -1.3800572 0
-606.91351 -54.32864 -1.349045 0
-605.60858 -54.375874 -1.3127314 0
-605.48486 -54.373417 -1.3344678 0
-627.61725 -54.241199 -1.3275898 0
-616.81842 -54.248737 -1.3504046 0
-611.50812 -54.220848 -1.3717117 0
-610.10492 -54.247395 -1.3205963 0
-610.07727 -54.234249 -1.3234257 0
-609.99683 -54.291039 -1.3545865 0
-609.13745 -54.20966 -1.3598363 0
-608.14648 -54.222462 -1.3505518 0
-606.28784 -54.260517 -1.3774391 0
-616.87085 -54.139473 -1.3975683 0
-611.5553 -54.183575 -1.3043077 0
-608.56775 -54.190426 -1.3789775 0
-627.29041 -54.010303 -1.3832566 0
-616.80981 -54.056061 -1.3572036 0
-635.88416 -53.958736 -1.3036211 0
-616.80731 -53.913036 -1.3817389 0
-627.77002 -53.841404 -1.3127543 0
-635.89233 -53.788349 -1.3156359 0
-616.81451 -53.707378 -1.3218201 0
-635.9071 -53.455795 -1.3856213 0
-635.8938 -53.491032 -1.3927315 0
-616.81122 -53.467789 -1.3554682 0
-616.79706 -53.336723 -1.3717817 0
-616.80023 -53.293556 -1.3595054 0
-616.78821 -53.288696 -1.3653544 0
-635.96112 -53.117016 -1.3518144 0
-616.80188 -53.192257 -1.3787729 0
-616.7959 -53.089085 -1.3806192 0
-648.20453 -52.95089 -1.3658156 0
-616.8125 -52.983208 -1.3866215 0
-616.76501 -52.815651 -1.3783188 0
-616.83002 -52.710438 -1.3454074 0
-616.81024 -52.658276 -1.3543316 0
-635.59558 -52.558266 -1.382104 0
-616.80103 -52.513554 -1.3712422 0
-616.76294 -52.341358 -1.377962 0
-635.8667 -52.23291 -1.3929268 0
-635.75159 -52.274845 -1.3395691 0
-635.65564 -52.227825 -1.3195207 0
-635.53094 -52.246002 -1.3596534 0
-635.64929 -52.169456 -1.345981 0
-616.76794 -52.159985 -1.3366098 0
-616.83014 -52.049374 -1.3570558 0
-616.75421 -52.080978 -1.3678114 0
-635.91425 -51.974197 -1.3252861 0
-616.82336 -51.979485 -1.3836844 0
-616.78735 -51.980042 -1.3542895 0
-648.19086 -51.805325 -1.371931 0
-635.8269 -51.815903 -1.3140228 0
-616.80109 -51.835346 -1.3581454 0
-616.74854 -51.862461 -1.3709196 0
-635.9024 -51.712814 -1.3476484 0
-616.80988 -51.716454 -1.3607067 0
-611.88098 -51.734913 -1.3440992 0
-616.76666 -51.65419 -1.3611846 0
-635.85083 -51.537708 -1.3297461 0
-616.75751 -51.581196 -1.3299189 0
-635.88422 -51.441261 -1.3273197 0
-616.76379 -51.449139 -1.3650446 0
-635.96423 -51.382507 -1.382058 0
-616.75983 -51.341721 -1.3581494 0
-635.90887 -51.297909 -1.3651435 0
-616.72711 -51.219986 -1.3532991 0
-635.88586 -51.193996 -1.3195353 0
-616.77185 -51.129066 -1.3641589 0
-635.85138 -51.041508 -1.329039 0
-648.12897 -50.988029 -1.3091552 0
-616.73529 -50.925003 -1.3410244 0
-648.15979 -50.888939 -1.3833854 0
-635.84155 -50.828209 -1.3443825 0
-626.9599 -50.890675 -1.3870111 0
-616.72302 -50.851452 -1.3560508 0
-648.16791 -50.773289 -1.3070805 0
-635.85199 -50.776169 -1.3259834 0
-616.73663 -50.730438 -1.3225015 0
-635.88342 -50.645462 -1.3771428 0
-635.7973 -50.683403 -1.3540595 0
-627.37659 -50.661121 -1.3270774 0
-626.6875 -50.690102 -1.3052849 0
-616.74219 -50.610939 -1.3334817 0
-648.11469 -50.525753 -1.3508058 0
-635.77393 -50.512585 -1.3457041 0
-635.85657 -50.417732 -1.3478141 0
-635.79681 -50.43927 -1.312763 0
-626.84283 -50.401367 -1.3571515 0
-616.72351 -50.417778 -1.3280227 0
-635.9043 -50.379097 -1.384443 0
-616.70691 -50.307381 -1.369077 0
-616.67993 -50.319908 -1.3774118 0
-635.93195 -50.275253 -1.3982838 0
-626.20819 -50.25732 -1.371873 0
-643.23566 -50.107552 -1.379004 0
-643.05927 -50.121288 -1.3472617 0
-635.8764 -50.19154 -1.3260055 0
-626.89331 -50.194157 -1.3668243 0
-626.79779 -50.185593 -1.3816352 0
-616.73761 -50.153873 -1.3708481 0
-644.45764 -50.06916 -1.3946987 0
-643.61932 -50.074413 -1.3530436 0
-643.2583 -50.075256 -1.3489503 0
-616.71948 -50.066116 -1.3442564 0
-616.67889 -50.052517 -1.3662483 0
-614.40393 -92.206024 -1.2295624 0
-615.71869 -92.163277 -1.2666667 0
-615.46179 -92.156433 -1.201896 0
-616.73535 -92.032715 -1.2578448 0
-629.87817 -90.903191 -1.238883 0
-629.22351 -90.928375 -1.2652351 0
-632.34094 -90.835312 -1.2182292 0
-630.54846 -90.849556 -1.2076131 0
-619.32367 -90.862183 -1.2025373 0
-619.17767 -90.824371 -1.217998 0
-619.02026 -90.856316 -1.2331589 0
-618.56079 -90.820923 -1.2914965 0
-635.97369 -90.719025 -1.2957482 0
-620.86823 -90.794426 -1.2522414 0
-642.13928 -90.565903 -1.251241 0
-620.22058 -90.502182 -1.2365636 0
-619.73578 -90.546471 -1.2734468 0
-617.92639 -90.58094 -1.2865962 0
-623.83716 -90.439583 -1.2051877 0
-623.43262 -90.435143 -1.2295624 0
-623.32483 -90.460922 -1.2463421 0
-623.18054 -90.476021 -1.2571141 0
-643.22876 -84.444992 -1.289925 0
-613.59442 -82.872032 -1.2033432 0
-613.61328 -79.02993 -1.2250834 0
-613.51428 -77.382256 -1.2224685 0
-613.52716 -77.112473 -1.2300378 0
-613.28748 -73.911301 -1.2205287 0
-613.38757 -70.811897 -1.2642212 0
-613.39264 -70.082428 -1.2693939 0
-613.29559 -69.471985 -1.2374364 0
-613.36536 -68.617294 -1.2989016 0
-613.34839 -68.140419 -1.2826514 0
-613.30994 -67.855621 -1.2749233 0
-613.32141 -67.66378 -1.2665215 0
-627.17407 -65.374268 -1.2489657 0
-627.36902 -64.997871 -1.2937213 0
-627.36176 -64.892998 -1.2477282 0
-627.44446 -64.783356 -1.2569693 0
-648.38501 -63.63607 -1.2423899 0
-626.6073 -63.699299 -1.2223394 0
-626.54431 -63.653416 -1.2158135 0
-627.53827 -63.591446 -1.2617556 0
-626.48065 -63.501976 -1.2206547 0
-626.24255 -63.514172 -1.2435791 0
-626.16437 -63.59948 -1.2120419 0
-627.23029 -63.432491 -1.2206259 0
-625.94983 -63.024841 -1.2367489 0
-617.05487 -62.375263 -1.2724141 0
-636.1925 -62.274784 -1.2268859 0
-617.05286 -62.128487 -1.2228706 0
-635.72491 -61.417736 -1.276196 0
-617.05652 -61.419518 -1.2305716 0
-635.95221 -61.33923 -1.2384843 0
-635.82202 -61.354973 -1.2468292 0
-635.70984 -61.398418 -1.2956132 0
-635.68323 -61.370388 -1.2798258 0
-617.05713 -61.155197 -1.2222928 0
-616.99347 -61.057442 -1.2490226 0
-617.03583 -60.831669 -1.2505608 0
-616.9848 -60.868145 -1.2676467 0
-616.98029 -60.667877 -1.2826884 0
-616.98096 -60.472954 -1.2485882 0
-616.97339 -60.269585 -1.2101446 0
-616.97467 -60.117638 -1.2283492 0
-648.47491 -60.034355 -1.2698796 0
-627.21033 -60.032211 -1.2598814 0
-616.9502 -60.099487 -1.200247 0
-648.54083 -59.980282 -1.2582762 0
-648.44244 -59.904743 -1.207168 0
-616.95813 -59.946861 -1.235445 0
-636.0542 -59.863907 -1.2809924 0
-616.95758 -59.847321 -1.2349813 0
-627.06781 -59.768215 -1.2923051 0
-626.29596 -59.774426 -1.2717124 0
-616.96814 -59.787067 -1.2544074 0
-636.04761 -59.644043 -1.2555225 0
-626.23108 -59.637066 -1.235183 0
-617.02002 -59.648899 -1.2070708 0
-616.94098 -59.662411 -1.2952678 0
-648.42444 -59.5163 -1.2664808 0
-626.32214 -59.427849 -1.253256 0
-616.96405 -59.441109 -1.258413 0
-617.01453 -59.307095 -1.2368708 0
-616.93127 -59.351376 -1.2357523 0
-627.60809 -59.245255 -1.2903225 0
-636.09723 -59.139507 -1.2636125 0
-627.15845 -59.181335 -1.2242602 0
-627.94775 -59.002728 -1.27685 0
-627.88062 -59.056042 -1.2145081 0
-616.9505 -59.097271 -1.2207168 0
-627.92773 -58.948788 -1.2109385 0
-627.88513 -58.951485 -1.2695765 0
-627.73639 -58.850529 -1.2177049 0
-616.88391 -58.883446 -1.2667209 0
-627.65692 -58.771347 -1.213616 0
-627.58075 -58.759064 -1.2419518 0
-616.92407 -58.66774 -1.2615858 0
-627.36707 -58.585747 -1.2362379 0
-627.43616 -58.437881 -1.2350253 0
-635.95215 -58.306938 -1.2885332 0
-635.87219 -58.323109 -1.28953 0
-636.047 -58.269291 -1.2706758 0
-635.90387 -58.295551 -1.2970295 0
-635.88074 -58.298103 -1.2867811 0
-635.66296 -58.293556 -1.2597727 0
-635.58746 -58.294975 -1.259286 0
-616.90802 -58.246029 -1.2067572 0
-629.18439 -58.140285 -1.2661078 0
-627.20837 -58.166588 -1.2574642 0
-649.6991 -58.005833 -1.2428581 0
-648.36621 -57.808266 -1.2723615 0
-617.03265 -57.883835 -1.2257999 0
-616.90448 -57.891556 -1.2690815 0
-648.29523 -57.775642 -1.2789247 0
-616.94189 -57.501194 -1.2286716 0
-648.2738 -57.430893 -1.29189 0
-616.97058 -57.349464 -1.2538363 0
-617.01343 -57.167267 -1.2453607 0
-627.7533 -57.066139 -1.2889159 0
-616.89429 -56.932232 -1.2202512 0
-616.91803 -56.870602 -1.2393218 0
-616.88678 -56.803219 -1.2601732 0
-635.99371 -56.62841 -1.2461642 0
-616.88336 -56.55571 -1.2221485 0
-616.86334 -56.456581 -1.2206888 0
-635.95819 -56.304428 -1.2209648 0
-616.91132 -56.328022 -1.276921 0
-648.32758 -56.224121 -1.2739626 0
-636.02411 -56.220703 -1.2119333 0
-648.2854 -56.188698 -1.2301576 0
-648.34125 -56.067959 -1.2151095 0
-636.00885 -55.979759 -1.2396533 0
-635.97583 -55.988464 -1.22197 0
-616.85205 -55.813095 -1.2872573 0
-616.84918 -55.72345 -1.2201192 0
-616.86627 -55.659393 -1.264043 0
-616.81818 -55.578655 -1.2547245 0
-635.63562 -55.414539 -1.243504 0
-635.54956 -55.303795 -1.2868198 0
-635.99548 -55.261982 -1.2166862 0
-635.85071 -55.273739 -1.2458628 0
-635.76831 -55.263493 -1.246858 0
-635.64661 -55.25528 -1.2788779 0
-635.54694 -55.268688 -1.2616978 0
-648.28101 -54.963547 -1.237534 0
-635.8985 -54.905731 -1.2974815 0
-616.83649 -54.904678 -1.2832918 0
-616.80823 -54.889656 -1.2803023 0
-648.23737 -54.705425 -1.2559446 0
-648.20392 -54.638947 -1.2619076 0
-616.87097 -54.67144 -1.268255 0
-627.66632 -54.403587 -1.2450738 0
-627.38586 -54.405579 -1.2391686 0
-627.32202 -54.374817 -1.2571417 0
-649.53461 -54.292835 -1.2756333 0
-648.21814 -54.276585 -1.28787 0
-627.87939 -54.267296 -1.2722715 0
-627.42505 -54.221302 -1.2701715 0
-616.82776 -54.280396 -1.23721 0
-611.3714 -54.263947 -1.2800531 0
-627.74463 -54.133347 -1.2647848 0
-616.78198 -54.152061 -1.2585932 0
-642.17639 -53.920036 -1.2380154 0
-616.82611 -53.944752 -1.2024504 0
-616.78693 -53.901073 -1.2704101 0
-648.21832 -53.801636 -1.2660376 0
-642.4115 -53.881287 -1.232834 0
-616.80951 -53.592709 -1.2175497 0
-635.95209 -53.380329 -1.2866477 0
-648.24139 -53.214485 -1.2835401 0
-616.78772 -53.286743 -1.2410624 0
-616.76105 -53.116798 -1.2282679 0
-648.22693 -53.035156 -1.2624621 0
-616.80243 -53.025131 -1.2466921 0
-616.79431 -52.892181 -1.2680328 0
-616.78925 -52.61639 -1.2467127 0
-616.7605 -52.546524 -1.2768402 0
-616.77942 -52.363449 -1.2944907 0
-635.8371 -52.232525 -1.2755882 0
-635.74847 -52.243801 -1.2929124 0
-635.53101 -52.254913 -1.2287433 0
-616.7887 -52.27927 -1.2914736 0
-635.89105 -52.198036 -1.2275676 0
-635.43408 -52.17123 -1.2456458 0
-648.1972 -52.069477 -1.2090145 0
-635.85889 -51.852875 -1.233381 0
-616.72522 -51.822281 -1.2883685 0
-616.76288 -51.744381 -1.253351 0
-635.87726 -51.680977 -1.2589662 0
-648.1416 -51.520824 -1.255285 0
-635.80603 -51.520069 -1.2219148 0
-635.84363 -51.467075 -1.2181032 0
-616.73389 -51.124973 -1.2002149 0
-605.39789 -51.140926 -1.239817 0
-635.83563 -51.058365 -1.2332776 0
-627.22699 -51.021881 -1.2688893 0
-627.78912 -50.912346 -1.2383858 0
-627.55499 -50.90448 -1.2871823 0
-616.74353 -50.97385 -1.296682 0
-635.83014 -50.891212 -1.2194809 0
-616.71722 -50.818527 -1.2467892 0
-635.85321 -50.717716 -1.2331483 0
-626.72229 -50.736408 -1.2311214 0
-605.38916 -50.764526 -1.2727501 0
-648.16956 -50.672005 -1.2230384 0
-627.33698 -50.663666 -1.2579647 0
-626.73792 -50.684868 -1.2810582 0
-616.74744 -50.618797 -1.2648034 0
-627.85492 -50.556664 -1.2239103 0
-616.70709 -50.577549 -1.2123286 0
-635.823 -50.452366 -1.2030799 0
-635.79962 -50.498779 -1.2600024 0
-616.71362 -50.45034 -1.2025734 0
-636.07007 -50.258057 -1.2219417 0
-626.77582 -50.291824 -1.2955416 0
-616.71265 -50.254692 -1.2253393 0
-627.12 -50.119476 -1.2240485 0
-626.72748 -50.115711 -1.2836576 0
-616.74011 -50.160946 -1.2183839 0
-605.40009 -50.135204 -1.2959321 0
-627.00873 -50.035248 -1.2491294 0
-626.76831 -50.058727 -1.2844594 0
-616.70496 -50.061974 -1.2663932 0
-616.94507 -92.119705 -1.1356881 0
-616.30957 -92.102959 -1.1081742 0
-616.20618 -92.118629 -1.1511347 0
-615.96143 -92.137573 -1.1256665 0
-617.6214 -92.064491 -1.1560742 0
-617.16754 -92.081108 -1.1718483 0
-626.25854 -91.044388 -1.1169454 0
-625.93945 -91.019241 -1.1003531 0
-625.32959 -91.020309 -1.1354799 0
-629.45782 -90.932526 -1.1909336 0
-629.25281 -90.909912 -1.1025482 0
-626.16827 -90.999771 -1.1744034 0
-629.27917 -90.895035 -1.1894796 0
-620.44513 -90.825226 -1.1975286 0
-619.34375 -90.830795 -1.1286055 0
-636.69647 -90.707268 -1.1139661 0
-623.00555 -90.786949 -1.1225406 0
-622.96387 -90.712341 -1.1460861 0
-622.28137 -90.77459 -1.1149617 0
-620.30029 -90.61306 -1.1992685 0
-618.30859 -90.623367 -1.1800133 0
-617.9176 -90.636238 -1.1696416 0
-620.3501 -90.527054 -1.1953455 0
-624.57855 -90.437164 -1.199201 0
-624.45471 -90.459534 -1.1381167 0
-624.14215 -90.480415 -1.1850634 0
-623.97302 -90.459869 -1.1495399 0
-623.5014 -90.465981 -1.1229625 0
-623.35791 -90.450378 -1.123455 0
-623.24628 -90.473755 -1.1801624 0
-623.09369 -90.454498 -1.1442368 0
-620.00635 -90.499168 -1.1751063 0
-624.50665 -90.371193 -1.1017208 0
-613.59363 -79.932068 -1.1427788 0
-613.62482 -79.884598 -1.1524072 0
-613.59473 -79.849937 -1.1345339 0
-613.27032 -68.545639 -1.1788402 0
-613.25494 -67.613152 -1.1240309 0
-636.12787 -65.901329 -1.1974561 0
-636.21667 -65.888199 -1.132274 0
-627.40662 -64.832016 -1.1462952 0
-627.36096 -64.803108 -1.1327119 0
-627.01428 -64.7827 -1.1055207 0
-627.36353 -64.699471 -1.1463652 0
-626.23975 -64.158539 -1.1012951 0
-627.8299 -63.825787 -1.1623921 0
-627.8327 -63.76926 -1.1682088 0
-627.76801 -63.739307 -1.1612446 0
-625.88208 -63.546211 -1.1402876 0
-627.89471 -63.192013 -1.191555 0
-625.69415 -63.060223 -1.1225603 0
-625.69427 -62.84008 -1.1107489 0
-617.06805 -62.723328 -1.1311741 0
-636.14258 -62.616108 -1.1982464 0
-616.99487 -62.507389 -1.1458657 0
-636.13794 -62.484711 -1.1534981 0
-617.03082 -62.356941 -1.101135 0
-616.98212 -62.125118 -1.1551654 0
-617.06305 -62.033459 -1.1522734 0
-616.99921 -61.844067 -1.1003473 0
-617.01538 -61.719284 -1.1896191 0
-616.97906 -61.707958 -1.118943 0
-617.01495 -61.555473 -1.167074 0
-617.01892 -61.441895 -1.1245211 0
-635.76166 -61.361771 -1.1443439 0
-635.69312 -61.360634 -1.18127 0
-636.3645 -61.282536 -1.1579235 0
-616.95978 -61.242912 -1.1198786 0
-617.01538 -61.16592 -1.1478903 0
-616.96838 -61.029999 -1.1267323 0
-617.13965 -60.850079 -1.144522 0
-617.00165 -60.794773 -1.1754408 0
-649.29169 -59.979229 -1.1354567 0
-617.00549 -59.899708 -1.1065543 0
-628.88965 -59.61108 -1.1598499 0
-626.15521 -59.604137 -1.1152844 0
-616.92505 -59.502079 -1.1732183 0
-636.08118 -59.240059 -1.1485599 0
-648.44025 -59.103191 -1.1952022 0
-627.59082 -59.171402 -1.1979527 0
-617.01288 -59.177921 -1.1506392 0
-616.93433 -59.055523 -1.1781809 0
-628.61493 -58.964016 -1.1514317 0
-627.94427 -58.96059 -1.1951559 0
-627.5235 -58.955235 -1.16763 0
-636.18396 -58.861012 -1.1039423 0
-627.61334 -58.772541 -1.1371722 0
-627.54474 -58.722687 -1.1649712 0
-616.9707 -58.711464 -1.144887 0
-616.92126 -58.437672 -1.1291428 0
-635.95117 -58.314209 -1.1451883 0
-635.73529 -58.326359 -1.1781052 0
-635.61975 -58.353394 -1.1410501 0
-636.08533 -58.29417 -1.1953851 0
-635.75922 -58.290066 -1.1745088 0
-635.68286 -58.289291 -1.1708077 0
-616.97302 -58.254726 -1.1928529 0
-635.92267 -58.178257 -1.1092223 0
-649.68427 -58.016941 -1.1866274 0
-649.73792 -57.985474 -1.1054764 0
-616.9469 -57.974724 -1.1042184 0
-616.92969 -57.859764 -1.1056249 0
-648.35663 -57.746185 -1.138173 0
-648.23718 -57.629723 -1.1310229 0
-616.91705 -57.38789 -1.1477864 0
-616.89111 -57.398647 -1.1238456 0
-616.93951 -57.278965 -1.1578479 0
-616.96167 -57.195107 -1.1038043 0
-616.91174 -57.092598 -1.126407 0
-635.98804 -56.567471 -1.1770828 0
-635.96228 -56.354454 -1.1794976 0
-636.00879 -55.874065 -1.1915429 0
-636.30212 -55.253704 -1.113525 0
-635.84369 -55.269566 -1.150088 0
-635.74835 -55.250225 -1.1506886 0
-635.66675 -55.253284 -1.1521463 0
-648.29468 -54.938717 -1.1210284 0
-648.28265 -54.870361 -1.1122525 0
-616.83264 -54.818607 -1.1830225 0
-648.10059 -54.654091 -1.191198 0
-616.82928 -54.654083 -1.1573411 0
-627.57434 -54.548252 -1.1484114 0
-616.84216 -54.545113 -1.1997727 0
-649.65771 -54.432491 -1.1734554 0
-627.22412 -54.455914 -1.1698633 0
-627.59265 -54.312614 -1.1159302 0
-627.36639 -54.381496 -1.1716897 0
-627.65283 -54.267879 -1.1548967 0
-627.68121 -54.139484 -1.1668493 0
-616.82849 -53.882256 -1.1617057 0
-635.92334 -53.541557 -1.1193808 0
-635.86212 -53.565006 -1.1640866 0
-616.81799 -53.478409 -1.1800374 0
-635.87 -53.35183 -1.1496999 0
-635.896 -53.265526 -1.1590096 0
-616.97778 -53.254768 -1.130522 0
-635.91071 -53.157364 -1.1362548 0
-635.89087 -53.187077 -1.1665423 0
-635.88257 -52.974586 -1.1988856 0
-616.80902 -52.626106 -1.1385978 0
-635.5025 -52.34697 -1.1794826 0
-635.48163 -52.302063 -1.1906791 0
-648.21222 -52.290379 -1.1416733 0
-635.76276 -52.244198 -1.1513853 0
-635.6485 -52.239002 -1.1567183 0
-635.55029 -52.251545 -1.13126 0
-635.86932 -52.119781 -1.173538 0
-648.19452 -52.085529 -1.1648231 0
-635.85779 -52.020088 -1.1604408 0
-616.82922 -52.02179 -1.1518744 0
-609.02625 -52.071693 -1.1555063 0
-608.8017 -52.017727 -1.1566626 0
-616.93713 -51.971947 -1.1160773 0
-616.74768 -51.957424 -1.1845235 0
-616.76294 -51.883137 -1.1686249 0
-635.86713 -51.700539 -1.1029806 0
-635.85175 -51.653397 -1.1625224 0
-616.75024 -51.619389 -1.1428149 0
-635.8396 -51.480812 -1.105791 0
-616.9137 -51.469227 -1.1412281 0
-616.73834 -51.471985 -1.1480578 0
-635.84436 -51.375591 -1.1898026 0
-616.91626 -51.358829 -1.1448767 0
-616.86884 -51.360268 -1.1114793 0
-616.78424 -51.36142 -1.1181346 0
-616.73248 -51.230118 -1.1563277 0
-635.84357 -51.143635 -1.1569275 0
-648.18573 -51.097279 -1.1651251 0
-635.85767 -51.058136 -1.143718 0
-616.73993 -51.061646 -1.1385078 0
-635.83765 -50.960896 -1.1722341 0
-616.72699 -50.872181 -1.1920028 0
-609.58044 -50.87056 -1.141436 0
-635.84491 -50.748474 -1.1329803 0
-610.02094 -50.798054 -1.1526427 0
-616.71838 -50.618942 -1.1347996 0
-616.63757 -50.658268 -1.1789775 0
-610.13257 -50.696648 -1.1380731 0
-635.84222 -50.554924 -1.1496803 0
-627.86206 -50.572674 -1.139773 0
-616.71619 -50.539703 -1.154173 0
-616.65234 -50.539822 -1.1867775 0
-635.90051 -50.402172 -1.1793689 0
-635.85529 -50.44397 -1.1199746 0
-635.90936 -50.325783 -1.1159515 0
-626.52155 -50.15921 -1.1362514 0
-616.70483 -50.12516 -1.1957035 0
-644.72137 -50.050659 -1.1859868 0
-644.48309 -50.079533 -1.191285 0
-644.2511 -50.087189 -1.199675 0
-616.70892 -50.051716 -1.126563 0
-613.92419 -91.903229 -1.0741917 0
-626.32367 -91.055328 -1.0940243 0
-625.52869 -91.046051 -1.0745858 0
-625.44171 -91.070778 -1.0878747 0
-625.28992 -91.065742 -1.0624356 0
-625.13849 -91.048592 -1.0493802 0
-625.07117 -91.038322 -1.0037658 0
-627.6463 -90.98938 -1.0279789 0
-626.92108 -90.995155 -1.0775369 0
-621.24432 -90.801765 -1.0619876 0
-619.43536 -90.809189 -1.0135635 0
-618.60541 -90.833458 -1.0701473 0
-623.00177 -90.729996 -1.0344244 0
-621.34888 -90.789719 -1.0257154 0
-620.46515 -90.773209 -1.0864674 0
-618.36279 -90.621002 -1.007285 0
-623.80554 -90.501625 -1.0062829 0
-623.13104 -90.52507 -1.0916764 0
-620.2854 -90.549622 -1.0763754 0
-619.67871 -90.58374 -1.0312679 0
-624.90839 -90.427284 -1.0299404 0
-624.74847 -90.426079 -1.0320089 0
-624.60443 -90.449554 -1.0382236 0
-624.44916 -90.423271 -1.0452528 0
-624.3078 -90.472054 -1.0718367 0
-624.22272 -90.446602 -1.0372201 0
-623.93329 -90.47554 -1.0472566 0
-623.26935 -90.483521 -1.0565016 0
-643.17163 -84.454872 -1.0339656 0
-613.68152 -82.231239 -1.0911258 0
-613.46222 -81.154907 -1.0021243 0
-643.07172 -78.397644 -1.0972809 0
-613.47443 -75.415405 -1.029145 0
-648.51514 -66.64994 -1.0332748 0
-627.19562 -65.188835 -1.0447034 0
-627.71826 -64.45797 -1.0714356 0
-627.80182 -63.807693 -1.0439863 0
-627.98535 -63.762486 -1.0016215 0
-628.75757 -63.682465 -1.0995449 0
-627.65631 -63.690586 -1.0494965 0
-626.96869 -63.190712 -1.0921795 0
-628.64044 -63.003948 -1.0224638 0
-617.06616 -62.705013 -1.0260457 0
-617.04211 -62.45219 -1.0619677 0
-617.01526 -62.385201 -1.0818716 0
-617.2608 -62.21471 -1.0742956 0
-617.04205 -62.128086 -1.0705572 0
-617.02722 -61.949615 -1.0799372 0
-617.04236 -61.643341 -1.0108973 0
-617.03253 -61.478016 -1.0270056 0
-636.16827 -61.316193 -1.0693048 0
-635.74207 -61.335052 -1.0662832 0
-617.00842 -61.347317 -1.0326028 0
-636.53888 -61.283035 -1.024945 0
-617.04114 -61.173996 -1.0399879 0
-617.04614 -60.856331 -1.0778341 0
-617.02258 -60.626053 -1.0679806 0
-617.04181 -60.521111 -1.0913539 0
-616.94006 -60.495018 -1.0379236 0
-616.99268 -60.229904 -1.0121702 0
-649.31476 -59.961601 -1.0137933 0
-649.98157 -59.860413 -1.0129193 0
-616.99176 -59.69276 -1.0862434 0
-636.12225 -59.572178 -1.0418384 0
-616.99023 -59.486576 -1.0614647 0
-636.03967 -59.311874 -1.0566285 0
-648.4079 -59.264278 -1.0015466 0
-616.96973 -59.269573 -1.0306461 0
-617.15765 -59.126537 -1.079039 0
-627.92645 -58.972439 -1.002019 0
-616.96222 -58.94421 -1.0606561 0
-648.3941 -58.769375 -1.045101 0
-627.62714 -58.747509 -1.0982171 0
-627.90753 -58.667027 -1.0325315 0
-627.38055 -58.626053 -1.0050025 0
-628.77551 -58.538288 -1.0642107 0
-627.48529 -58.574585 -1.02583 0
-648.3396 -58.393501 -1.0621662 0
-635.94653 -58.307308 -1.0904186 0
-636.05115 -58.288265 -1.0473405 0
-649.59619 -58.021973 -1.0472996 0
-627.24146 -58.068882 -1.0823243 0
-616.91998 -57.842354 -1.0469611 0
-648.24768 -57.781456 -1.0553107 0
-616.9436 -57.600006 -1.0672162 0
-616.86334 -57.693058 -1.0206516 0
-616.91937 -57.54533 -1.0757517 0
-616.9281 -57.309456 -1.0788608 0
-616.89014 -57.354473 -1.031831 0
-616.84058 -57.181015 -1.0209332 0
-616.93768 -57.022968 -1.0891581 0
-635.96509 -56.62606 -1.0784338 0
-635.98297 -56.510925 -1.0834712 0
-635.98602 -56.406044 -1.0884721 0
-648.32336 -55.826725 -1.0540971 0
-648.32898 -55.585434 -1.0860465 0
-635.56091 -55.321991 -1.0560272 0
-636.17645 -55.234768 -1.0015724 0
-635.92377 -55.281815 -1.0632808 0
-635.7226 -55.297832 -1.0381927 0
-635.56165 -55.255886 -1.0213305 0
-648.27759 -54.845032 -1.0263642 0
-648.26117 -54.74651 -1.0550146 0
-627.60876 -54.731873 -1.0136884 0
-626.96069 -54.593735 -1.0207428 0
-649.64148 -54.36573 -1.0521363 0
-627.54211 -54.32235 -1.0504947 0
-628.20007 -54.285046 -1.0159798 0
-627.41022 -54.208435 -1.003546 0
-627.6778 -54.097954 -1.0169332 0
-617.00018 -53.985485 -1.0408701 0
-627.79083 -53.871971 -1.0092735 0
-627.87592 -53.781273 -1.0123549 0
-635.95673 -53.589989 -1.022094 0
-635.89612 -53.337105 -1.0230875 0
-635.9704 -53.263111 -1.0498481 0
-635.98926 -53.125729 -1.0504351 0
-635.89417 -53.1488 -1.0173118 0
-616.95447 -52.613003 -1.0824543 0
-635.5694 -52.476532 -1.0176014 0
-635.47858 -52.328465 -1.0558999 0
-635.74573 -52.239868 -1.0385631 0
-635.63525 -52.221409 -1.0583854 0
-635.55084 -52.247841 -1.0661927 0
-635.44421 -52.264301 -1.0339969 0
-635.86841 -52.137512 -1.067017 0
-635.65863 -52.167671 -1.0111649 0
-616.93457 -52.048199 -1.0536335 0
-635.87396 -51.939346 -1.0542651 0
-616.70197 -51.969517 -1.0468636 0
-635.86804 -51.824368 -1.0605985 0
-616.92145 -51.81881 -1.0315994 0
-635.94232 -51.655659 -1.0399641 0
-635.85919 -51.648247 -1.0602608 0
-648.19452 -51.594139 -1.0961727 0
-635.854 -51.540398 -1.0286498 0
-616.91772 -51.567532 -1.0758202 0
-635.86633 -51.493462 -1.0761003 0
-616.92072 -51.325851 -1.077368 0
-616.84021 -51.333069 -1.0363344 0
-616.77039 -51.312256 -1.0421591 0
-635.84149 -51.250443 -1.0480224 0
-616.83887 -51.293503 -1.0581381 0
-635.91132 -51.182529 -1.0537527 0
-635.83087 -51.153873 -1.0630809 0
-635.854 -51.044037 -1.0776198 0
-616.74762 -51.028301 -1.0677789 0
-648.1344 -50.989227 -1.038758 0
-635.82703 -50.946571 -1.0427651 0
-616.72729 -50.980122 -1.0505965 0
-635.84998 -50.866154 -1.0889637 0
-616.70178 -50.827076 -1.0934267 0
-635.82758 -50.717678 -1.0153314 0
-616.72998 -50.747734 -1.0157824 0
-648.15704 -50.659615 -1.023749 0
-635.92163 -50.693073 -1.0569137 0
-635.83533 -50.697632 -1.0918984 0
-635.78198 -50.604748 -1.0974376 0
-616.86371 -50.611408 -1.0498059 0
-616.72998 -50.624641 -1.0682443 0
-648.099 -50.511925 -1.0600598 0
-635.85693 -50.565071 -1.0764712 0
-627.89508 -50.561859 -1.0601068 0
-616.7218 -50.507172 -1.0025132 0
-635.82214 -50.433594 -1.0430741 0
-616.70398 -50.459885 -1.0176845 0
-616.70807 -50.276531 -1.0476326 0
-643.4624 -50.111008 -1.0683511 0
-627.2403 -50.147923 -1.0216129 0
-627.16943 -50.159496 -1.0088191 0
-616.69116 -50.189819 -1.0307527 0
-643.95483 -50.048923 -1.0698838 0
-643.40509 -50.085754 -1.070295 0
-643.33899 -50.076332 -1.0705161 0
-616.84277 -50.038731 -1.0430614 0
-616.69519 -50.048233 -1.0914698 0
-616.98749 -92.106552 -0.98310685 0
-616.38409 -92.139595 -0.91304767 0
-614.90668 -92.177536 -0.99972278 0
-614.16595 -92.199959 -0.92827034 0
-617.64227 -92.072449 -0.92100966 0
-617.57245 -92.084564 -0.96789175 0
-618.22601 -91.472366 -0.91391671 0
-626.13593 -91.038452 -0.99119401 0
-625.10254 -91.071915 -0.96991265 0
-630.65961 -90.90448 -0.91811115 0
-629.93005 -90.912781 -0.95080465 0
-628.30133 -90.961662 -0.91568345 0
-627.68945 -90.976318 -0.9783206 0
-630.62988 -90.874252 -0.9095211 0
-618.66412 -90.815002 -0.92570096 0
-618.54272 -90.822342 -0.92649448 0
-623.13568 -90.718452 -0.94582355 0
-620.43774 -90.625946 -0.94105411 0
-618.23975 -90.625786 -0.97620004 0
-618.09839 -90.623276 -0.97098362 0
-617.94824 -90.694717 -0.96389222 0
-617.79535 -90.632751 -0.9606185 0
-623.08777 -90.572006 -0.97561955 0
-619.89252 -90.585869 -0.92066348 0
-624.89459 -90.41272 -0.90562862 0
-624.73608 -90.435471 -0.91441143 0
-624.36316 -90.428604 -0.94396663 0
-624.28442 -90.48101 -0.96694607 0
-624.05206 -90.449486 -0.92199486 0
-643.52753 -84.432152 -0.95120358 0
-644.49744 -76.942352 -0.96681756 0
-613.5036 -76.674812 -0.94884115 0
-613.51306 -74.102058 -0.91671789 0
-613.55328 -69.217583 -0.90887249 0
-613.24133 -66.950714 -0.91884857 0
-636.28076 -65.886093 -0.90902036 0
-627.01196 -65.473053 -0.93405831 0
-627.14868 -65.157379 -0.95465654 0
-627.83282 -63.813141 -0.99184036 0
-627.66156 -63.714184 -0.94174242 0
-627.48969 -63.759617 -0.90470731 0
-627.89691 -62.783577 -0.91594863 0
-636.20099 -62.346539 -0.91936153 0
-617.06122 -61.929356 -0.99278873 0
-617.03595 -61.768772 -0.96847612 0
-636.03833 -61.372139 -0.92539239 0
-635.8642 -61.33419 -0.94857609 0
-635.77441 -61.310268 -0.92403269 0
-617.07526 -61.224949 -0.92094064 0
-617.02203 -60.995228 -0.93160981 0
-616.98792 -60.761745 -0.96296549 0
-616.98102 -60.164864 -0.97723556 0
-626.50757 -60.031342 -0.92466819 0
-616.99493 -60.046555 -0.91386306 0
-648.42291 -59.738075 -0.95621717 0
-629.04077 -59.651634 -0.95609462 0
-626.04541 -59.620941 -0.99316716 0
-616.98639 -59.672031 -0.92349422 0
-648.41052 -59.558075 -0.97513622 0
-636.12207 -59.590786 -0.95150548 0
-626.02087 -59.596447 -0.95211262 0
-616.95984 -59.426533 -0.9947691 0
-628.13464 -59.306099 -0.91237944 0
-616.97095 -59.340263 -0.92408729 0
-627.06189 -59.211548 -0.92759913 0
-635.99249 -59.176266 -0.9534716 0
-628.27997 -59.096439 -0.99406874 0
-627.34631 -59.041378 -0.92700356 0
-628.4245 -58.954536 -0.99337548 0
-627.94257 -58.95488 -0.94116849 0
-616.93683 -58.938183 -0.96196914 0
-627.57452 -58.714249 -0.92330843 0
-627.55267 -58.6078 -0.96927541 0
-628.88983 -58.451694 -0.90192157 0
-635.83661 -58.3302 -0.94236517 0
-635.64331 -58.314434 -0.91051471 0
-636.26709 -58.283558 -0.94196457 0
-636.12823 -58.260174 -0.95377207 0
-636.04761 -58.256123 -0.94445956 0
-616.94409 -58.276062 -0.99846536 0
-616.89508 -58.24472 -0.92520767 0
-649.64301 -58.01511 -0.92200482 0
-616.91418 -58.056618 -0.90124571 0
-616.91675 -57.944698 -0.94945598 0
-648.27368 -57.69136 -0.91189414 0
-616.89355 -57.430954 -0.94167298 0
-616.88324 -56.979736 -0.94224989 0
-636.01532 -56.544621 -0.94276583 0
-635.97095 -56.556534 -0.93156356 0
-616.89606 -56.567715 -0.96293026 0
-635.73798 -55.300831 -0.95520455 0
-635.54901 -55.385906 -0.97484207 0
-616.76465 -55.303131 -0.90281832 0
-648.32037 -55.227325 -0.91942418 0
-636.24506 -55.259315 -0.91187561 0
-636.16742 -55.214542 -0.92524773 0
-635.97516 -55.290596 -0.92547315 0
-635.86389 -55.263603 -0.97961223 0
-635.64447 -55.283298 -0.96334505 0
-627.79956 -54.80378 -0.91471583 0
-627.60925 -54.86137 -0.96886182 0
-648.29175 -54.783375 -0.9417972 0
-626.74817 -54.77808 -0.97443169 0
-627.77997 -54.632607 -0.98651886 0
-627.10443 -54.62458 -0.96510184 0
-627.04517 -54.569008 -0.98052788 0
-627.30182 -54.451347 -0.9986887 0
-627.60718 -54.320538 -0.90180928 0
-627.55859 -54.372875 -0.95821095 0
-627.65723 -54.221661 -0.90275908 0
-627.69196 -54.086781 -0.95743716 0
-642.50574 -53.864044 -0.94655067 0
-627.8407 -53.844208 -0.96329325 0
-627.67548 -53.839783 -0.96703684 0
-635.93823 -53.628582 -0.94927013 0
-635.84552 -53.573418 -0.99427819 0
-635.91644 -53.458916 -0.9083004 0
-635.91504 -53.328888 -0.91299444 0
-648.24036 -53.216042 -0.99722278 0
-635.90503 -53.243835 -0.9314273 0
-635.89038 -53.220165 -0.93621194 0
-648.22583 -53.189888 -0.96526629 0
-635.89502 -53.162144 -0.97472233 0
-648.21741 -52.958992 -0.94049382 0
-635.90649 -52.97438 -0.94091874 0
-648.25586 -52.736176 -0.98858428 0
-635.77203 -52.746574 -0.93711501 0
-648.22021 -52.675976 -0.9817788 0
-648.21838 -52.566628 -0.96134126 0
-616.77667 -52.331707 -0.93940252 0
-635.81177 -52.268135 -0.95866346 0
-635.73059 -52.239128 -0.95372909 0
-635.64264 -52.228344 -0.94967216 0
-635.46069 -52.259178 -0.93029892 0
-635.86963 -52.146679 -0.95204628 0
-635.51306 -52.19463 -0.95265126 0
-635.87317 -52.046219 -0.97253489 0
-648.17865 -51.915916 -0.90426773 0
-635.85895 -51.81723 -0.97024131 0
-631.42603 -51.703671 -0.9199844 0
-631.4024 -51.657909 -0.9281643 0
-648.13214 -51.452568 -0.95235455 0
-635.8454 -51.225475 -0.94921631 0
-616.74341 -51.281807 -0.93886733 0
-635.83868 -50.969406 -0.94630134 0
-616.80231 -50.909374 -0.994757 0
-616.72681 -50.816685 -0.91483283 0
-616.73303 -50.665592 -0.96650338 0
-648.15186 -50.564991 -0.96206486 0
-635.79608 -50.581451 -0.92752326 0
-635.95642 -50.426575 -0.97015244 0
-635.84515 -50.430965 -0.98990726 0
-616.71057 -50.466457 -0.93249846 0
-616.66461 -50.400673 -0.92152357 0
-627.11487 -50.123169 -0.95142639 0
-626.61499 -50.060799 -0.95972741 0
-626.41138 -50.012691 -0.90912032 0
-616.70618 -50.035599 -0.98077309 0
-616.6933 -50.086262 -0.99548811 0
-614.54126 -92.262611 -0.83046138 0
-617.08221 -92.119583 -0.81374401 0
-616.60596 -92.14418 -0.88222623 0
-615.75348 -92.117126 -0.84903812 0
-615.67126 -92.158646 -0.8857857 0
-614.37524 -92.126968 -0.8045736 0
-616.37616 -92.088516 -0.85123229 0
-626.11353 -91.075516 -0.88444471 0
-625.08246 -91.015511 -0.8819139 0
-624.97809 -91.023849 -0.86601663 0
-626.86505 -90.999748 -0.8056981 0
-626.03632 -90.991295 -0.89309096 0
-632.90302 -90.813408 -0.88233697 0
-630.73163 -90.861687 -0.80474836 0
-620.50421 -90.813179 -0.83758301 0
-621.07361 -90.789192 -0.86711174 0
-624.28741 -90.464371 -0.84178007 0
-623.72577 -90.461266 -0.83608437 0
-613.53998 -77.968819 -0.8677808 0
-613.526 -77.729507 -0.884619 0
-613.50769 -74.772224 -0.81859869 0
-613.69135 -74.641777 -0.86794585 0
-613.5816 -72.079468 -0.80027521 0
-613.32623 -70.547478 -0.81359571 0
-613.35706 -69.975647 -0.86485136 0
-613.28351 -69.712784 -0.84199971 0
-613.49896 -69.253929 -0.88024038 0
-613.30615 -68.737892 -0.82718444 0
-613.27008 -68.561806 -0.87260455 0
-636.19867 -65.918182 -0.86015528 0
-627.53784 -64.576469 -0.82484841 0
-627.42389 -63.922279 -0.83080178 0
-627.82703 -63.703957 -0.81566393 0
-625.88586 -63.538578 -0.81056386 0
-625.92847 -63.481926 -0.89966214 0
-627.97876 -62.697983 -0.82684761 0
-617.06775 -62.625824 -0.84823763 0
-636.08002 -62.2295 -0.89675057 0
-617.05133 -62.233624 -0.88021088 0
-617.065 -61.936275 -0.87251639 0
-636.17676 -61.306782 -0.80372071 0
-636.0246 -61.338673 -0.80214942 0
-635.92603 -61.351376 -0.83339834 0
-635.74799 -61.364552 -0.83219719 0
-617.03424 -61.350128 -0.82786465 0
-616.92657 -60.355907 -0.89457256 0
-627.0755 -60.078403 -0.87650967 0
-626.43945 -60.027962 -0.83106786 0
-648.42841 -59.836327 -0.84018523 0
-626.74731 -59.849941 -0.89626396 0
-626.52789 -59.851913 -0.88976032 0
-616.99286 -59.646542 -0.80245936 0
-627.27484 -59.556618 -0.82089502 0
-616.95898 -59.235943 -0.82546455 0
-627.78693 -59.120491 -0.88802052 0
-616.93127 -59.187531 -0.88049936 0
-627.94977 -58.973934 -0.89993024 0
-648.41864 -58.802372 -0.89487916 0
-628.6333 -58.843761 -0.83892822 0
-616.94275 -58.838997 -0.87870884 0
-616.93188 -58.788818 -0.81510168 0
-648.39923 -58.496212 -0.84349185 0
-616.91821 -58.422409 -0.82552642 0
-636.07111 -58.306183 -0.82033175 0
-635.95935 -58.310204 -0.87671876 0
-635.85083 -58.317905 -0.85930055 0
-635.65912 -58.319492 -0.86031073 0
-635.5965 -58.305958 -0.83220381 0
-636.43036 -58.270126 -0.8295005 0
-636.3786 -58.257084 -0.84656841 0
-636.1076 -58.224842 -0.87930912 0
-636.07263 -58.260521 -0.87345254 0
-616.91742 -58.116982 -0.84393561 0
-616.90369 -57.931461 -0.84090495 0
-648.35559 -57.778805 -0.86727089 0
-616.85828 -57.572174 -0.87260759 0
-616.91571 -57.435749 -0.87498802 0
-616.89038 -57.272614 -0.87983721 0
-616.85913 -57.041733 -0.84679782 0
-616.90216 -56.71822 -0.80689991 0
-616.83984 -56.652668 -0.82752651 0
-616.72845 -56.620644 -0.82265568 0
-635.99054 -56.396042 -0.89759541 0
-636.00568 -56.220432 -0.88503593 0
-635.91382 -56.202648 -0.80057234 0
-648.33521 -55.784042 -0.87391347 0
-635.55438 -55.465466 -0.80682617 0
-635.7876 -55.30143 -0.87264514 0
-635.69189 -55.343185 -0.850146 0
-648.38104 -55.20882 -0.86652499 0
-636.40302 -55.229824 -0.87646216 0
-636.25439 -55.2351 -0.8497566 0
-636.17645 -55.253506 -0.88748133 0
-635.95874 -55.267757 -0.87822717 0
-635.8952 -55.271271 -0.81737614 0
-635.76282 -55.273098 -0.85012913 0
-636.05023 -55.194805 -0.89160061 0
-635.97388 -55.189541 -0.89476043 0
-648.27661 -54.932056 -0.82656389 0
-648.23663 -54.734642 -0.82362849 0
-648.21393 -54.632973 -0.89585668 0
-627.55243 -54.408333 -0.89327407 0
-627.48828 -54.495216 -0.86814511 0
-616.71094 -54.472729 -0.85892493 0
-649.60852 -54.366028 -0.8770895 0
-649.56183 -54.348618 -0.83643919 0
-616.69257 -54.279591 -0.884974 0
-627.60504 -54.105927 -0.80883604 0
-627.65271 -54.092003 -0.81653082 0
-635.9126 -53.573833 -0.89928603 0
-635.89288 -53.538479 -0.88995117 0
-635.93219 -53.154835 -0.83925712 0
-635.88263 -53.142059 -0.85399622 0
-635.82312 -52.912457 -0.80879092 0
-616.7005 -52.895275 -0.85692042 0
-648.19934 -52.668537 -0.82567251 0
-635.32294 -52.564407 -0.82977957 0
-648.18732 -52.479267 -0.80494726 0
-648.20807 -52.335419 -0.83318937 0
-635.75964 -52.246204 -0.88099998 0
-635.69751 -52.22707 -0.80126995 0
-635.55383 -52.247414 -0.82273883 0
-635.90997 -52.171619 -0.8480671 0
-635.87115 -52.165005 -0.86117977 0
-635.59448 -52.149925 -0.88954973 0
-648.16302 -52.066315 -0.88306797 0
-635.86041 -52.097404 -0.87951565 0
-631.42896 -52.025799 -0.8640306 0
-648.18103 -51.975616 -0.84936523 0
-635.84711 -51.944183 -0.83863527 0
-648.19696 -51.742786 -0.85106856 0
-635.85883 -51.748291 -0.8708325 0
-616.6687 -51.718277 -0.86241889 0
-635.82538 -51.64119 -0.86757946 0
-648.16882 -51.500366 -0.81316972 0
-648.19373 -51.473774 -0.84130514 0
-635.83899 -51.446114 -0.85675734 0
-635.81903 -51.393677 -0.8138324 0
-616.75159 -51.342365 -0.82879484 0
-635.81702 -51.267582 -0.83224094 0
-616.70001 -51.227364 -0.8881532 0
-635.85962 -51.163853 -0.86121744 0
-616.73096 -51.176723 -0.88336051 0
-635.83221 -51.099426 -0.86138856 0
-616.72131 -51.005989 -0.84931129 0
-648.16443 -50.999313 -0.89273459 0
-616.75616 -50.944321 -0.86887419 0
-635.80914 -50.83387 -0.89385647 0
-616.70953 -50.863331 -0.84949023 0
-635.79822 -50.785492 -0.81338966 0
-635.80664 -50.608006 -0.81571406 0
-635.79572 -50.680962 -0.84157753 0
-627.98981 -50.674458 -0.86730343 0
-635.80273 -50.591759 -0.88649726 0
-635.78503 -50.540386 -0.81081039 0
-616.6958 -50.522789 -0.88150287 0
-635.80475 -50.442387 -0.82332438 0
-635.79834 -50.411064 -0.85703391 0
-616.73657 -50.433578 -0.84765166 0
-635.9165 -50.372921 -0.82862574 0
-635.85638 -50.371681 -0.8331489 0
-627.9126 -50.213501 -0.819296 0
-627.63586 -50.252594 -0.81275249 0
-627.5968 -50.221321 -0.89448386 0
-616.70374 -50.241627 -0.81121367 0
-616.69275 -50.244698 -0.84967959 0
-627.78394 -50.15086 -0.88377315 0
-626.71747 -50.141747 -0.87748611 0
-626.67944 -50.1269 -0.84046638 0
-616.69885 -50.166298 -0.84590518 0
-644.65576 -50.044651 -0.89073706 0
-644.54071 -50.025711 -0.89849561 0
-644.42444 -50.056374 -0.89339215 0
-626.75244 -50.085693 -0.88554758 0
-626.52454 -50.07378 -0.85126853 0
-626.44904 -50.091328 -0.85657549 0
-626.30542 -50.02187 -0.86662316 0
-626.22754 -50.040138 -0.8405323 0
-626.11499 -50.062138 -0.80000198 0
-616.69061 -50.0919 -0.84318674 0
-614.47638 -92.20092 -0.7385959 0
-614.87805 -92.145615 -0.78565568 0
-617.00958 -92.092819 -0.77575535 0
-616.46387 -92.087822 -0.72296894 0
-627.06586 -91.011742 -0.76433271 0
-626.91779 -91.016731 -0.77121848 0
-626.31616 -91.025124 -0.79914105 0
-627.01715 -90.970039 -0.79468232 0
-631.3371 -90.884613 -0.76310354 0
-621.23029 -90.831108 -0.70849419 0
-622.28314 -90.723564 -0.70299113 0
-622.15619 -90.760323 -0.7035296 0
-621.85938 -90.754494 -0.73306239 0
-621.7522 -90.75071 -0.70591515 0
-621.07166 -90.727875 -0.71916473 0
-618.93677 -90.79776 -0.74955553 0
-622.91583 -90.698784 -0.77618182 0
-618.20337 -90.630959 -0.71407545 0
-618.19458 -90.633888 -0.79794276 0
-620.25366 -90.527054 -0.72943902 0
-620.09998 -90.587204 -0.70024377 0
-619.7229 -90.594872 -0.7041344 0
-619.47693 -90.589981 -0.78742915 0
-624.81604 -90.438362 -0.73548412 0
-624.67963 -90.469902 -0.75997442 0
-624.28052 -90.436584 -0.77465606 0
-623.60175 -90.467476 -0.74873185 0
-623.45404 -90.47641 -0.70248371 0
-613.72021 -85.288269 -0.70956767 0
-613.60962 -79.721329 -0.75842994 0
-613.51038 -78.479622 -0.72000945 0
-643.35895 -78.394272 -0.73126924 0
-613.57678 -76.96431 -0.77800912 0
-613.479 -74.25518 -0.75615317 0
-613.39758 -72.377869 -0.76628447 0
-613.41296 -72.241638 -0.76734394 0
-613.39197 -70.87326 -0.72167194 0
-613.38367 -69.730415 -0.76709092 0
-613.33679 -69.112419 -0.70023954 0
-613.35059 -69.07357 -0.7395013 0
-613.33392 -68.99572 -0.70735312 0
-627.66284 -63.70953 -0.74824154 0
-628.57465 -63.689972 -0.75643492 0
-626.46979 -63.318474 -0.75910926 0
-636.16913 -62.558498 -0.79640126 0
-636.36926 -61.337776 -0.73058075 0
-636.15924 -61.313095 -0.78914285 0
-635.94635 -61.362656 -0.73590827 0
-617.00024 -61.350086 -0.70897281 0
-636.18835 -61.257465 -0.78032243 0
-616.99518 -61.140701 -0.73046315 0
-616.99634 -61.05563 -0.78749377 0
-649.75317 -60.658558 -0.73083335 0
-616.99713 -60.651691 -0.72946799 0
-642.75891 -60.159836 -0.75326902 0
-617.00897 -60.126343 -0.77377945 0
-649.33167 -59.990452 -0.73376226 0
-649.2818 -59.98521 -0.73387253 0
-649.17041 -59.935837 -0.77353412 0
-648.776 -59.986435 -0.70216197 0
-648.53278 -59.932522 -0.78068346 0
-648.49384 -59.985611 -0.77047473 0
-647.56201 -59.936661 -0.70554698 0
-626.47888 -59.854942 -0.79074109 0
-626.8053 -59.769352 -0.73348457 0
-636.06757 -59.670303 -0.79758841 0
-636.07251 -59.587696 -0.76082051 0
-636.07446 -59.463215 -0.74311328 0
-616.95398 -59.412331 -0.70708501 0
-636.06287 -59.394413 -0.75985938 0
-626.83575 -59.38298 -0.71650296 0
-616.94226 -59.362492 -0.75895309 0
-635.99652 -59.220242 -0.71933806 0
-616.94604 -59.078571 -0.7441206 0
-627.95831 -58.926582 -0.74752665 0
-627.90375 -58.864731 -0.72961199 0
-616.94275 -58.895176 -0.75634402 0
-648.37457 -58.776428 -0.76324904 0
-616.93298 -58.744698 -0.77628636 0
-627.47528 -58.660324 -0.7242344 0
-635.94781 -58.314903 -0.71580958 0
-635.85461 -58.334888 -0.79587394 0
-635.69446 -58.335339 -0.71510434 0
-636.29871 -58.220879 -0.71223861 0
-635.94482 -58.259609 -0.78394657 0
-635.74841 -58.235741 -0.79322791 0
-616.92554 -58.157173 -0.78137022 0
-649.64282 -58.022213 -0.78208631 0
-627.00903 -58.053768 -0.75102502 0
-648.28815 -57.691677 -0.72245407 0
-616.91205 -57.618946 -0.7125057 0
-616.9151 -57.458221 -0.73438692 0
-616.91376 -57.330059 -0.71053606 0
-616.88953 -57.125042 -0.7247023 0
-616.8808 -56.923237 -0.72348207 0
-616.88007 -56.817436 -0.78236079 0
-616.88318 -56.778633 -0.76285517 0
-616.64154 -56.727497 -0.77897054 0
-616.74445 -56.639103 -0.78444189 0
-616.66064 -56.668758 -0.71237081 0
-616.56738 -56.622528 -0.74204326 0
-616.44873 -56.636414 -0.75617719 0
-616.69629 -56.59832 -0.78263283 0
-635.98401 -55.812801 -0.71857482 0
-648.27771 -55.786983 -0.72163779 0
-648.2702 -55.370964 -0.75847685 0
-635.60498 -55.300854 -0.78297365 0
-616.60254 -55.358688 -0.75553924 0
-636.19794 -55.227573 -0.72058904 0
-635.62323 -55.294754 -0.7907474 0
-635.52643 -55.248131 -0.76269352 0
-635.47717 -55.250118 -0.75704879 0
-648.22876 -54.75489 -0.70681101 0
-648.16174 -54.632072 -0.72321701 0
-628.10156 -54.542175 -0.72776157 0
-627.56006 -54.515026 -0.71370447 0
-627.414 -54.508759 -0.76066715 0
-627.3653 -54.54739 -0.74051422 0
-627.7251 -54.404846 -0.78005087 0
-627.44629 -54.462643 -0.78339678 0
-627.62439 -54.32095 -0.75818777 0
-627.63074 -54.142525 -0.77721858 0
-627.58832 -54.174503 -0.70630145 0
-627.62689 -54.046841 -0.70030415 0
-616.51965 -53.930622 -0.70550072 0
-627.5882 -53.82719 -0.74699599 0
-635.93518 -53.361839 -0.7410692 0
-648.19086 -53.233673 -0.73784524 0
-635.87024 -53.209682 -0.76418966 0
-648.2243 -53.149826 -0.7773037 0
-635.90094 -53.166721 -0.78837168 0
-635.83063 -52.984226 -0.72406745 0
-648.23444 -52.790257 -0.75465041 0
-648.18011 -52.798515 -0.76170981 0
-616.48309 -52.672199 -0.70300347 0
-648.21942 -52.356174 -0.79186165 0
-635.45239 -52.363144 -0.75048959 0
-635.85266 -52.243431 -0.73856401 0
-635.74963 -52.208618 -0.7315439 0
-635.60547 -52.232666 -0.75372046 0
-635.55157 -52.248055 -0.75065029 0
-635.45404 -52.28373 -0.73979461 0
-635.83313 -52.007072 -0.79158562 0
-635.91943 -51.954971 -0.77713418 0
-635.85938 -51.940781 -0.74346578 0
-635.84314 -51.840538 -0.72214627 0
-635.93506 -51.763779 -0.71707559 0
-635.90619 -51.684429 -0.77690619 0
-635.83734 -51.637802 -0.74754053 0
-635.87848 -51.576973 -0.78853685 0
-635.89258 -51.405945 -0.79210144 0
-635.83514 -51.259422 -0.70740664 0
-635.84338 -51.124039 -0.7512579 0
-635.82428 -51.065453 -0.77755445 0
-616.72925 -51.05125 -0.78423476 0
-648.14435 -50.946716 -0.72672004 0
-635.81128 -50.987263 -0.70302427 0
-635.81244 -50.826725 -0.70492643 0
-628.01117 -50.739964 -0.73185539 0
-635.83276 -50.664333 -0.72083664 0
-648.14948 -50.560894 -0.74444425 0
-635.80994 -50.576351 -0.76387769 0
-616.71661 -50.552036 -0.71191227 0
-648.13348 -50.453903 -0.70682991 0
-628.07587 -50.459415 -0.7872569 0
-616.73407 -50.401817 -0.73965061 0
-635.85095 -50.362892 -0.79814875 0
-627.28302 -50.309418 -0.72011542 0
-627.31512 -50.211647 -0.7326842 0
-616.70447 -50.220844 -0.78022981 0
-627.61182 -50.166058 -0.7394982 0
-627.52295 -50.191746 -0.74551797 0
-616.68872 -50.119743 -0.78113484 0
-627.49139 -50.055862 -0.76885694 0
-616.79364 -92.100281 -0.69204068 0
-615.70367 -92.129578 -0.69296229 0
-615.37695 -92.15213 -0.65619659 0
-615.17511 -92.186172 -0.613033 0
-617.60187 -92.071213 -0.68767697 0
-617.46887 -92.072266 -0.68841451 0
-617.32721 -92.080399 -0.68917477 0
-617.19629 -92.076874 -0.68992054 0
-617.0567 -92.080437 -0.69068909 0
-616.93433 -92.069824 -0.69140685 0
-616.65814 -92.094696 -0.69282657 0
-616.32819 -92.092422 -0.65622723 0
-625.05109 -91.058563 -0.67516911 0
-629.11481 -90.931679 -0.66147614 0
-631.51453 -90.812096 -0.66279429 0
-630.67773 -90.871849 -0.62219572 0
-630.41241 -90.842697 -0.66189927 0
-629.66803 -90.856865 -0.68994439 0
-629.5094 -90.897758 -0.64456928 0
-624.92401 -90.887283 -0.68177348 0
-621.22363 -90.80352 -0.66118509 0
-618.63147 -90.805969 -0.6975469 0
-635.19763 -90.769218 -0.66532385 0
-622.98987 -90.766785 -0.62181282 0
-620.59753 -90.794434 -0.62991738 0
-623.1662 -90.528603 -0.64345473 0
-620.1178 -90.561951 -0.66807801 0
-619.59796 -90.524986 -0.67003667 0
-623.55121 -90.498688 -0.61308658 0
-623.45813 -90.473671 -0.64181513 0
-623.29718 -90.473618 -0.64280295 0
-643.19147 -87.467682 -0.66511834 0
-643.12195 -84.481911 -0.65393376 0
-643.42908 -81.355629 -0.64824581 0
-643.21466 -81.352371 -0.6675961 0
-613.54346 -78.872307 -0.60123152 0
-613.58044 -77.466827 -0.62139899 0
-613.49042 -77.034531 -0.69562793 0
-613.44714 -76.631042 -0.68381578 0
-613.45142 -76.396759 -0.67630994 0
-613.44128 -76.166946 -0.67364591 0
-613.70331 -75.871994 -0.68210238 0
-613.43005 -75.471405 -0.66080952 0
-613.42975 -75.270264 -0.65567285 0
-613.35748 -72.916565 -0.6055153 0
-613.41663 -71.500687 -0.6712876 0
-613.39941 -71.392258 -0.68155682 0
-613.41425 -71.196007 -0.6483714 0
-613.39203 -71.148994 -0.61475641 0
-613.3053 -69.934402 -0.69264644 0
-613.32269 -68.142433 -0.68788135 0
-627.66803 -64.596008 -0.6404897 0
-627.96283 -63.750706 -0.63295323 0
-625.927 -63.689587 -0.65485662 0
-627.9007 -63.483166 -0.63364494 0
-625.67206 -63.256542 -0.6575163 0
-636.11511 -62.335464 -0.62469256 0
-617.04407 -62.177502 -0.63638365 0
-617.0014 -61.574642 -0.6853683 0
-617.04462 -61.44112 -0.65845454 0
-636.07599 -61.3433 -0.6763792 0
-635.99268 -61.341206 -0.68339068 0
-635.74927 -61.346382 -0.63016778 0
-616.992 -61.129139 -0.62498802 0
-617.00073 -60.840282 -0.63003415 0
-616.98682 -60.777603 -0.61641055 0
-617.04504 -60.54567 -0.66020715 0
-616.96545 -60.129864 -0.6313681 0
-649.33276 -60.000546 -0.62663066 0
-648.43823 -60.02552 -0.67916179 0
-647.47272 -60.040951 -0.68494529 0
-641.89246 -60.080357 -0.69354755 0
-649.95306 -59.928795 -0.63610256 0
-649.8385 -59.931465 -0.62573874 0
-649.77948 -59.942822 -0.64602947 0
-648.85022 -59.944538 -0.63573194 0
-648.66718 -59.96735 -0.64329356 0
-648.42883 -59.904751 -0.63075727 0
-649.08838 -59.880737 -0.67456222 0
-616.96204 -59.75108 -0.66986966 0
-626.76575 -59.6115 -0.63405329 0
-616.96228 -59.642883 -0.64879763 0
-636.07812 -59.519737 -0.67538631 0
-616.95984 -59.347351 -0.65234381 0
-628.07281 -59.209988 -0.62426943 0
-626.69415 -59.177757 -0.68210274 0
-626.66675 -59.065731 -0.60051394 0
-629.16785 -58.902832 -0.60388106 0
-635.75812 -58.730808 -0.61424583 0
-616.9353 -58.626736 -0.63459486 0
-616.82544 -58.524597 -0.64683092 0
-648.37073 -58.475918 -0.61632288 0
-635.94714 -58.341442 -0.65827191 0
-635.61279 -58.301029 -0.60976559 0
-616.9129 -58.306293 -0.60933983 0
-636.04718 -58.255821 -0.68152869 0
-616.91882 -58.162849 -0.66005909 0
-648.31091 -58.039944 -0.62292904 0
-626.95691 -58.005951 -0.6561988 0
-616.90222 -57.813396 -0.64798051 0
-648.31952 -57.706921 -0.65532637 0
-648.23865 -57.696583 -0.65964216 0
-616.8963 -57.570942 -0.69108105 0
-616.89563 -57.474331 -0.62592036 0
-616.90033 -57.38184 -0.67472535 0
-616.8902 -57.355808 -0.68783593 0
-616.84967 -57.101494 -0.63346714 0
-616.83838 -56.962193 -0.69070494 0
-616.8634 -56.771904 -0.64232391 0
-616.58008 -56.700581 -0.61026376 0
-635.81415 -56.61137 -0.63565528 0
-616.82819 -56.69091 -0.65291166 0
-616.73499 -56.672203 -0.68070024 0
-616.68835 -56.654507 -0.69486415 0
-616.19159 -56.633255 -0.6330238 0
-616.6449 -56.574467 -0.6278044 0
-636.00189 -56.489803 -0.68769264 0
-636.08905 -56.386009 -0.60459942 0
-635.96478 -56.140156 -0.65654415 0
-635.9574 -55.974361 -0.65950942 0
-648.31506 -55.745636 -0.68343812 0
-648.28107 -55.736347 -0.61482847 0
-616.48145 -55.301804 -0.62763709 0
-648.28973 -55.266541 -0.64799792 0
-636.20178 -55.232822 -0.61558008 0
-636.12054 -55.218788 -0.62194926 0
-636.013 -55.29417 -0.62892264 0
-635.87604 -55.245037 -0.68223614 0
-635.49957 -55.279518 -0.65804332 0
-636.33728 -55.175442 -0.62165278 0
-636.026 -55.170174 -0.62689638 0
-648.27606 -55.069843 -0.62304646 0
-648.22485 -54.718445 -0.60450721 0
-627.20551 -54.712448 -0.65420389 0
-627.15051 -54.735336 -0.64464808 0
-648.22211 -54.631512 -0.68463522 0
-648.12354 -54.597649 -0.64480859 0
-649.53748 -54.43848 -0.62523931 0
-627.92706 -54.406067 -0.62444198 0
-627.51105 -54.464981 -0.63855141 0
-649.60767 -54.378799 -0.63443691 0
-649.50574 -54.303928 -0.66763496 0
-627.4469 -54.342384 -0.68113232 0
-627.64447 -54.077656 -0.62270182 0
-627.57568 -53.910904 -0.638071 0
-627.39905 -53.718048 -0.65041262 0
-628.04486 -53.633648 -0.64032304 0
-635.89154 -53.515789 -0.68445158 0
-628.10303 -53.548874 -0.66523695 0
-628.0647 -53.584778 -0.62275702 0
-627.93329 -53.513432 -0.6368075 0
-635.87329 -53.418736 -0.67771751 0
-635.87982 -53.376202 -0.64673024 0
-635.8811 -53.099205 -0.67776692 0
-648.22803 -52.819328 -0.65121472 0
-648.20959 -52.644341 -0.67988443 0
-648.19672 -52.328323 -0.68080729 0
-635.72797 -52.247322 -0.62721586 0
-635.65558 -52.247417 -0.66107291 0
-635.47485 -52.285038 -0.62513727 0
-648.17261 -52.154129 -0.68187261 0
-635.91339 -52.186893 -0.64534444 0
-635.86969 -52.127956 -0.67566729 0
-635.63922 -52.164135 -0.66430259 0
-635.90186 -52.007225 -0.64069951 0
-648.19006 -51.961163 -0.63322991 0
-635.87231 -51.947044 -0.64844966 0
-648.16376 -51.468159 -0.63609713 0
-635.86011 -51.448524 -0.64941138 0
-648.16864 -51.343578 -0.69827187 0
-635.83185 -51.329456 -0.64413404 0
-635.8678 -51.268593 -0.64217335 0
-616.72693 -51.280384 -0.64056742 0
-616.75165 -51.10524 -0.69476658 0
-635.81097 -51.011974 -0.66534728 0
-616.73401 -51.051445 -0.66207755 0
-635.82855 -50.941578 -0.66735297 0
-648.14648 -50.891548 -0.62681258 0
-635.8139 -50.831451 -0.6648351 0
-616.71802 -50.840527 -0.66732031 0
-628.0705 -50.718853 -0.69364715 0
-635.79358 -50.654804 -0.68800539 0
-635.89648 -50.429642 -0.69296831 0
-616.69666 -50.436729 -0.6735158 0
-635.90179 -50.353764 -0.63519061 0
-627.21234 -50.392567 -0.63260812 0
-616.69684 -50.354191 -0.66622239 0
-635.90546 -50.268589 -0.63615644 0
-635.86469 -50.283298 -0.60008907 0
-627.60797 -50.283985 -0.61020881 0
-627.41693 -50.277237 -0.66179597 0
-627.28186 -50.258812 -0.67037207 0
-626.40845 -50.28315 -0.65335661 0
-616.69189 -50.287834 -0.66094154 0
-627.36383 -50.112656 -0.68756872 0
-626.66156 -50.111462 -0.66418558 0
-627.25928 -50.066032 -0.68861014 0
-627.02795 -50.025642 -0.67430645 0
-616.67822 -50.099075 -0.69744033 0
-616.75696 -92.146187 -0.55975795 0
-616.22552 -92.170563 -0.50563043 0
-615.67316 -92.170708 -0.5528959 0
-617.42639 -92.099518 -0.5322569 0
-617.14734 -92.063744 -0.59671819 0
-632.47638 -90.83403 -0.55655068 0
-632.21313 -90.854233 -0.53123999 0
-631.55969 -90.819115 -0.53534287 0
-631.33282 -90.838089 -0.57173496 0
-635.90912 -90.727669 -0.58396125 0
-635.18457 -90.728745 -0.52038509 0
-634.44476 -90.782967 -0.52861977 0
-636.76483 -90.670395 -0.50020576 0
-619.73914 -90.587082 -0.55677342 0
-618.38055 -90.591797 -0.50496882 0
-624.59564 -90.445656 -0.58839798 0
-623.88086 -90.499344 -0.59768063 0
-623.40692 -90.409821 -0.54203194 0
-643.15448 -87.554283 -0.55129099 0
-643.20325 -84.488281 -0.59006333 0
-613.58508 -80.595352 -0.59635675 0
-613.60944 -78.92141 -0.53842849 0
-613.48785 -74.713387 -0.57408261 0
-613.24335 -68.98938 -0.5092541 0
-613.25726 -67.449974 -0.5379349 0
-627.58899 -63.800747 -0.51835161 0
-627.97699 -63.765785 -0.55709267 0
-648.41779 -63.603142 -0.5093109 0
-627.6438 -63.673424 -0.52105355 0
-627.53418 -63.673115 -0.59354949 0
-625.66943 -63.259693 -0.54958898 0
-616.94739 -62.205589 -0.59239036 0
-617.04987 -62.140911 -0.5800069 0
-617.03296 -61.944973 -0.53074062 0
-617.07483 -61.89225 -0.59668589 0
-635.96375 -61.359138 -0.53124541 0
-636.1734 -61.253071 -0.51119417 0
-617.05365 -61.298775 -0.50908113 0
-616.94928 -61.166077 -0.58998835 0
-616.95605 -61.041138 -0.50986463 0
-616.96069 -60.922653 -0.52886027 0
-616.97974 -60.539543 -0.52856106 0
-616.87708 -60.458004 -0.51730895 0
-616.95953 -60.382431 -0.57937568 0
-616.97363 -60.275658 -0.51360965 0
-616.93555 -60.153488 -0.56229699 0
-649.26471 -60.019222 -0.5086779 0
-646.9856 -60.03331 -0.51365745 0
-616.96063 -60.004627 -0.5217436 0
-649.9585 -59.932224 -0.52571982 0
-649.72186 -59.942875 -0.52715176 0
-649.22571 -59.950302 -0.53584278 0
-648.90155 -59.942963 -0.53596592 0
-648.88898 -59.954967 -0.52969855 0
-648.79089 -59.945065 -0.53809762 0
-648.53076 -59.975029 -0.51450765 0
-617.00427 -59.95816 -0.5994103 0
-616.99091 -59.99194 -0.59634203 0
-626.90662 -59.857914 -0.51242429 0
-626.40302 -59.898636 -0.53734273 0
-616.94714 -59.874687 -0.538697 0
-616.8609 -59.85384 -0.55774862 0
-627.9469 -59.726784 -0.53344691 0
-616.88702 -59.610863 -0.58625394 0
-636.05151 -59.553444 -0.51347911 0
-627.99902 -59.540047 -0.59470236 0
-616.93567 -59.548542 -0.55057192 0
-636.12701 -59.432262 -0.52716863 0
-636.0105 -59.469292 -0.58037269 0
-627.22455 -59.466091 -0.58097571 0
-636.0141 -59.329636 -0.5241648 0
-616.93811 -59.36235 -0.5581618 0
-616.96918 -59.044224 -0.59396476 0
-616.93073 -58.749832 -0.53547442 0
-627.26605 -58.693516 -0.59467357 0
-616.93732 -58.644218 -0.51767683 0
-628.77917 -58.491871 -0.55232185 0
-616.95013 -58.488953 -0.56593138 0
-635.93335 -58.303589 -0.56493115 0
-635.74347 -58.320801 -0.57719457 0
-635.62976 -58.318031 -0.55346709 0
-635.58777 -58.384659 -0.58246088 0
-636.14746 -58.221783 -0.56550783 0
-636.01709 -58.245525 -0.53420472 0
-635.9455 -58.252254 -0.55151367 0
-616.85046 -58.207661 -0.53628099 0
-616.86786 -58.11338 -0.58091944 0
-616.90765 -57.94883 -0.55979764 0
-626.88342 -57.887089 -0.56273836 0
-626.72577 -57.886753 -0.55599219 0
-616.83789 -57.874924 -0.59638333 0
-648.28662 -57.735668 -0.52508253 0
-616.9021 -57.639412 -0.51950836 0
-616.8902 -57.673767 -0.58443403 0
-616.8382 -57.50771 -0.51706934 0
-616.90363 -57.308624 -0.51836354 0
-616.89075 -57.172199 -0.50481719 0
-616.89954 -57.057259 -0.53702366 0
-616.87445 -56.926941 -0.53083986 0
-616.85413 -56.762878 -0.58221698 0
-616.12292 -56.739929 -0.59467649 0
-635.97168 -56.687992 -0.5692575 0
-616.84058 -56.687912 -0.57221752 0
-616.66577 -56.659927 -0.58757472 0
-616.58398 -56.666611 -0.56703454 0
-616.43225 -56.655792 -0.54709035 0
-635.94653 -56.559238 -0.54690689 0
-636.00177 -56.298553 -0.57238477 0
-635.95813 -56.214474 -0.56783068 0
-648.29517 -55.539639 -0.55792814 0
-648.29327 -55.373825 -0.59620506 0
-635.56989 -55.302341 -0.52284807 0
-648.30573 -55.282715 -0.52657652 0
-636.17035 -55.237541 -0.55847037 0
-635.94904 -55.238777 -0.55852354 0
-635.85199 -55.267204 -0.55497873 0
-635.74731 -55.275818 -0.56078458 0
-635.64771 -55.265362 -0.54765671 0
-616.02081 -55.296471 -0.53977031 0
-635.97504 -55.186363 -0.5820623 0
-648.25946 -55.043827 -0.59726477 0
-627.41278 -54.521313 -0.52003694 0
-628.03479 -54.455078 -0.51050508 0
-627.44244 -54.490921 -0.52032042 0
-649.64478 -54.393551 -0.55798602 0
-627.52051 -54.372337 -0.57577395 0
-627.58331 -54.212978 -0.56534159 0
-627.69574 -53.953514 -0.58399242 0
-616.39893 -53.908096 -0.5624494 0
-627.77814 -53.783298 -0.55936462 0
-627.57141 -53.75407 -0.5473206 0
-628.04395 -53.657192 -0.53587592 0
-628.13434 -53.473839 -0.54844391 0
-628.05481 -53.469631 -0.5659225 0
-627.90985 -53.496929 -0.50964463 0
-635.91766 -53.36668 -0.55134857 0
-648.22662 -53.251202 -0.53331792 0
-648.1875 -52.937698 -0.59330618 0
-635.60425 -52.62212 -0.51078624 0
-616.32928 -52.653885 -0.56596524 0
-648.19098 -52.446724 -0.51939291 0
-648.20416 -52.384312 -0.58579659 0
-635.81982 -52.278526 -0.50739437 0
-635.75159 -52.244827 -0.51135349 0
-635.66748 -52.226501 -0.55767393 0
-635.47522 -52.251823 -0.50742543 0
-635.8656 -52.178696 -0.5071941 0
-648.21704 -52.092854 -0.52634275 0
-648.17969 -52.07159 -0.58220005 0
-635.84027 -51.944851 -0.57848436 0
-648.18585 -51.775932 -0.55789095 0
-635.86597 -51.734932 -0.59970409 0
-648.16589 -51.307899 -0.54991788 0
-635.84332 -51.383205 -0.55688667 0
-635.86462 -51.249939 -0.58924639 0
-616.73907 -51.237133 -0.5468179 0
-635.83533 -51.143642 -0.54482919 0
-616.71851 -50.963028 -0.56872201 0
-616.72369 -50.806122 -0.50187486 0
-616.6499 -50.693321 -0.51016665 0
-635.80127 -50.593227 -0.57955384 0
-616.69098 -50.552048 -0.54335511 0
-635.9469 -50.404819 -0.51832414 0
-635.81238 -50.419857 -0.53771198 0
-627.84967 -50.498135 -0.56558752 0
-627.73413 -50.39677 -0.51199359 0
-627.64941 -50.34058 -0.53811687 0
-616.68988 -50.347694 -0.5061689 0
-627.97955 -50.224892 -0.58043796 0
-627.82739 -50.152523 -0.58560747 0
-616.68091 -50.104149 -0.56359565 0
-616.71002 -50.06012 -0.55315912 0
-616.69043 -50.061905 -0.55861855 0
-614.07019 -92.253738 -0.44581941 0
-613.99976 -92.224693 -0.42239931 0
-617.2533 -92.128571 -0.42410561 0
-616.28973 -92.143051 -0.40663475 0
-626.13928 -91.02739 -0.45694882 0
-626.03992 -91.042549 -0.45041579 0
-625.00226 -91.092964 -0.43070126 0
-631.50159 -90.865616 -0.49668333 0
-621.24878 -90.819016 -0.42331961 0
-619.28461 -90.825012 -0.40131974 0
-618.77502 -90.849335 -0.45824087 0
-633.48846 -90.791618 -0.48181456 0
-622.64062 -90.744987 -0.46606869 0
-621.49634 -90.761292 -0.41416726 0
-638.39099 -90.6623 -0.42540991 0
-637.65637 -90.689262 -0.47942069 0
-637.1886 -90.695557 -0.48459479 0
-618.38092 -90.640503 -0.43770573 0
-620.42914 -90.591476 -0.44818991 0
-620.03894 -90.569397 -0.45577458 0
-624.92188 -90.439857 -0.46372908 0
-624.85449 -90.456276 -0.45638397 0
-624.65784 -90.455498 -0.46062684 0
-624.70911 -90.388664 -0.4971548 0
-613.72064 -84.453102 -0.41270429 0
-613.64087 -81.476959 -0.44148654 0
-613.50342 -75.880424 -0.41055694 0
-613.49731 -75.241196 -0.43819022 0
-613.46405 -74.65081 -0.46372667 0
-613.45593 -74.528061 -0.40799814 0
-613.44006 -72.863503 -0.48550156 0
-613.39691 -69.974892 -0.43438056 0
-613.30829 -69.379799 -0.4592087 0
-613.36627 -68.455017 -0.47503969 0
-613.31525 -68.220535 -0.46189234 0
-613.32654 -68.142273 -0.498106 0
-627.4071 -63.909863 -0.49277306 0
-625.64923 -63.608879 -0.49441564 0
-625.60327 -63.595642 -0.40963492 0
-636.13806 -62.648022 -0.44967744 0
-636.06049 -62.656029 -0.43230855 0
-617.04358 -62.651268 -0.42881 0
-617.06122 -62.494999 -0.4762913 0
-617.00006 -62.331192 -0.46690318 0
-636.04944 -62.281479 -0.45274192 0
-616.99451 -62.295467 -0.42954898 0
-636.22333 -62.135181 -0.44083402 0
-635.98352 -62.002712 -0.48457542 0
-617.00372 -61.912792 -0.47742245 0
-616.96893 -61.955376 -0.4097141 0
-616.9386 -61.845875 -0.41141671 0
-617.03809 -61.714405 -0.47073844 0
-616.98596 -61.653885 -0.45323038 0
-636.125 -61.348083 -0.44895372 0
-635.7381 -61.356495 -0.46468273 0
-636.1825 -61.278008 -0.49079034 0
-616.99219 -61.167274 -0.44329312 0
-616.98047 -60.714111 -0.41396707 0
-616.9812 -60.20298 -0.42698473 0
-648.47046 -60.033463 -0.45828438 0
-626.79108 -60.030659 -0.48033333 0
-616.89154 -60.029934 -0.49973917 0
-649.07355 -59.982674 -0.49580729 0
-648.92859 -59.96209 -0.4519895 0
-648.67664 -59.996735 -0.43336958 0
-648.56067 -59.973892 -0.4480904 0
-648.40979 -59.980347 -0.45515981 0
-626.67291 -59.979362 -0.4839856 0
-626.51666 -59.996105 -0.49074984 0
-626.96411 -59.844486 -0.45386112 0
-648.3653 -59.799507 -0.45224205 0
-627.99982 -59.708897 -0.47019017 0
-627.3963 -59.356152 -0.49992278 0
-627.84326 -59.29311 -0.4908925 0
-616.9444 -59.13702 -0.47664848 0
-627.89233 -58.927219 -0.42640543 0
-648.38983 -58.819832 -0.43137401 0
-627.93109 -58.87606 -0.42672828 0
-616.97205 -58.84967 -0.4343693 0
-628.48438 -58.629696 -0.42602742 0
-627.21002 -58.642456 -0.48986033 0
-627.14227 -58.641235 -0.42341796 0
-616.93195 -58.675606 -0.46622387 0
-628.44556 -58.596249 -0.40213278 0
-627.36908 -58.550404 -0.4888407 0
-648.38812 -58.483753 -0.47402781 0
-635.61877 -58.472775 -0.48826182 0
-635.94287 -58.339184 -0.41309124 0
-635.73383 -58.329922 -0.44876757 0
-616.91211 -58.38213 -0.48885825 0
-636.34723 -58.275944 -0.44714943 0
-616.90308 -58.098778 -0.43000165 0
-616.88251 -58.030022 -0.40048385 0
-616.91467 -57.965649 -0.40039209 0
-648.23291 -57.710293 -0.44820139 0
-648.23669 -57.680859 -0.42760625 0
-626.83081 -57.687962 -0.49949378 0
-616.89679 -57.648136 -0.45065555 0
-616.87402 -57.3657 -0.4539502 0
-616.87823 -56.959183 -0.45518291 0
-616.65619 -56.700642 -0.41669253 0
-616.21552 -56.718121 -0.40712419 0
-615.97729 -56.704826 -0.45054057 0
-615.79572 -56.734596 -0.41729221 0
-635.91217 -56.633282 -0.43659401 0
-616.82043 -56.683167 -0.48794991 0
-616.72766 -56.67157 -0.43902054 0
-616.65051 -56.651924 -0.48368102 0
-616.58234 -56.681847 -0.40770799 0
-616.44971 -56.667568 -0.4164851 0
-616.3374 -56.635384 -0.48092341 0
-616.25635 -56.649338 -0.44088787 0
-616.0871 -56.62376 -0.43068889 0
-615.99811 -56.666306 -0.47170717 0
-615.86011 -56.637501 -0.46508977 0
-615.7135 -56.672169 -0.458244 0
-615.61322 -56.674 -0.41687432 0
-635.95953 -56.495472 -0.41110718 0
-635.97882 -56.340942 -0.44150466 0
-635.95789 -56.200817 -0.46949953 0
-635.99353 -55.904392 -0.44390073 0
-648.29456 -55.637054 -0.42614561 0
-635.93329 -55.308277 -0.42893562 0
-635.67487 -55.345314 -0.43326065 0
-635.50165 -55.326672 -0.42115992 0
-635.73499 -55.251038 -0.42608398 0
-648.30182 -54.830334 -0.42802772 0
-648.25165 -54.718987 -0.47223407 0
-648.21619 -54.670437 -0.49775234 0
-628.14221 -54.491631 -0.49843255 0
-627.9502 -54.434456 -0.40060756 0
-627.51843 -54.468773 -0.43952176 0
-627.47479 -54.497334 -0.47085831 0
-649.45374 -54.366936 -0.48095948 0
-627.56696 -54.302338 -0.42118505 0
-627.74408 -54.247196 -0.43141028 0
-627.5769 -54.282738 -0.45052522 0
-627.802 -54.17141 -0.45049369 0
-628.11017 -53.512707 -0.45938045 0
-627.6225 -53.566074 -0.49084905 0
-635.85547 -53.028294 -0.47987655 0
-648.1488 -52.83931 -0.43710929 0
-648.16949 -52.34734 -0.45448893 0
-635.54114 -52.244843 -0.44469181 0
-635.4585 -52.241486 -0.43912598 0
-648.17896 -52.055008 -0.41072214 0
-635.83142 -52.020504 -0.47543126 0
-648.1756 -51.942162 -0.45276794 0
-635.85303 -51.9342 -0.46944568 0
-635.83441 -51.8601 -0.47966629 0
-635.84869 -51.595074 -0.4216356 0
-616.77081 -51.374577 -0.49078944 0
-648.15363 -51.219986 -0.45281363 0
-635.84601 -51.260426 -0.4705711 0
-616.80438 -51.295151 -0.45989355 0
-616.77081 -51.245537 -0.40686014 0
-616.69794 -51.254982 -0.45822138 0
-635.77594 -51.114906 -0.41773036 0
-616.71558 -51.118587 -0.45714343 0
-616.73022 -51.05497 -0.40492952 0
-616.71594 -50.934139 -0.44845217 0
-635.8385 -50.850666 -0.4599677 0
-616.71143 -50.852173 -0.41573766 0
-635.81226 -50.744522 -0.44841021 0
-616.72009 -50.730396 -0.46430486 0
-616.72046 -50.654953 -0.44928557 0
-616.69086 -50.629234 -0.4567785 0
-635.79572 -50.570511 -0.43408507 0
-616.71558 -50.545227 -0.45658171 0
-616.67761 -50.56218 -0.48523051 0
-616.70563 -50.440739 -0.46055326 0
-616.69836 -50.424957 -0.4912709 0
-635.85022 -50.357368 -0.42524356 0
-627.66028 -50.333069 -0.44352388 0
-616.68536 -50.344532 -0.45121428 0
-626.45886 -50.25666 -0.44667348 0
-616.71533 -50.242771 -0.4189572 0
-616.68152 -50.287189 -0.43367809 0
-627.41095 -50.184933 -0.45656407 0
-627.16888 -50.104473 -0.4100104 0
-616.6969 -50.148739 -0.49421236 0
-627.37842 -50.083065 -0.48049051 0
-627.22974 -50.062256 -0.40883565 0
-627.06757 -50.017399 -0.42884916 0
-626.62622 -50.040287 -0.4293277 0
-616.6814 -50.098728 -0.42980245 0
-615.0448 -92.208542 -0.31660727 0
-616.74939 -92.129417 -0.3083671 0
-616.5094 -92.152344 -0.39365444 0
-616.20984 -92.142815 -0.38439119 0
-615.47784 -92.188057 -0.39487204 0
-626.82574 -91.009895 -0.35002321 0
-625.30762 -91.095505 -0.33242789 0
-629.0318 -90.944191 -0.32337043 0
-628.37537 -90.96701 -0.33903348 0
-632.13043 -90.84761 -0.32394126 0
-636.66241 -90.704041 -0.31161648 0
-619.29663 -90.799652 -0.32387072 0
-640.15112 -90.619202 -0.38132411 0
-617.98175 -90.605232 -0.3235859 0
-641.84344 -90.582695 -0.36368707 0
-641.7135 -90.58931 -0.36692759 0
-640.94788 -90.548866 -0.38887244 0
-640.59271 -90.587006 -0.35611823 0
-620.11975 -90.544151 -0.33309317 0
-619.83875 -90.590736 -0.35802075 0
-619.66949 -90.590828 -0.37942785 0
-642.5777 -90.498558 -0.34701395 0
-624.80841 -90.439453 -0.37140125 0
-624.64673 -90.455299 -0.33858627 0
-623.43158 -90.461311 -0.33850548 0
-623.21027 -90.492416 -0.39577585 0
-613.73285 -85.86496 -0.34845868 0
-613.51758 -79.654861 -0.38647074 0
-613.4339 -76.158676 -0.36714178 0
-613.48224 -74.358505 -0.37025848 0
-613.34784 -73.697624 -0.37617722 0
-613.34845 -72.267143 -0.37849426 0
-613.37372 -72.057274 -0.34866112 0
-613.28253 -67.905785 -0.35491389 0
-613.26855 -67.185043 -0.30464074 0
-626.66968 -65.425514 -0.3382068 0
-626.75024 -64.305672 -0.31254658 0
-626.8775 -64.268028 -0.35800752 0
-627.67334 -63.861427 -0.35544899 0
-626.93976 -63.310921 -0.31236643 0
-626.34424 -63.389671 -0.38089451 0
-628.00842 -62.299278 -0.31174627 0
-617.03271 -62.031494 -0.39722541 0
-617.01001 -61.809662 -0.33679447 0
-635.89825 -61.57563 -0.3940517 0
-635.66815 -61.550266 -0.36226875 0
-636.00739 -61.337688 -0.33640113 0
-635.82678 -61.334412 -0.30409679 0
-617.00885 -61.357853 -0.30755615 0
-636.27179 -61.272938 -0.33541322 0
-617.02972 -60.967575 -0.31996417 0
-616.97723 -60.983696 -0.32959232 0
-616.99194 -60.781536 -0.37937433 0
-616.96466 -60.346146 -0.35463926 0
-649.15466 -60.001984 -0.32419592 0
-648.84424 -60.0079 -0.31827596 0
-649.97156 -59.936729 -0.3225725 0
-649.76031 -59.948055 -0.3851566 0
-649.0556 -59.993252 -0.32021952 0
-648.86194 -59.979404 -0.32457149 0
-648.70221 -59.962982 -0.31913641 0
-648.61774 -59.975418 -0.30915558 0
-626.91736 -59.948418 -0.36132616 0
-626.70721 -59.975815 -0.37621862 0
-626.66742 -59.99633 -0.376569 0
-616.99817 -59.836098 -0.31651643 0
-627.80902 -59.71706 -0.33850217 0
-636.03748 -59.652225 -0.32260293 0
-627.91541 -59.699898 -0.33386236 0
-636.05499 -59.401817 -0.32247281 0
-627.185 -59.377399 -0.39414507 0
-617.01562 -59.33279 -0.30998302 0
-636.05121 -59.201035 -0.333915 0
-628.26245 -59.255959 -0.31466669 0
-648.37378 -59.153046 -0.39655387 0
-636.04449 -59.159851 -0.35161555 0
-616.90668 -59.154667 -0.3338148 0
-616.91046 -58.997482 -0.39926353 0
-648.36517 -58.819233 -0.31573993 0
-628.74689 -58.869652 -0.37007183 0
-627.58209 -58.758194 -0.34508866 0
-627.12061 -58.685665 -0.32639584 0
-627.04376 -58.637947 -0.33217162 0
-626.96863 -58.632061 -0.35967213 0
-617.00867 -58.587284 -0.31410775 0
-616.90106 -58.571732 -0.31466877 0
-627.26294 -58.47839 -0.32651401 0
-648.3454 -58.364899 -0.37408456 0
-635.96515 -58.312435 -0.35779449 0
-635.84576 -58.32106 -0.32575268 0
-635.68359 -58.348186 -0.32413572 0
-616.89856 -58.341122 -0.31800044 0
-635.88214 -58.296371 -0.35934904 0
-616.92072 -58.209904 -0.36941484 0
-616.89557 -58.231373 -0.3498939 0
-636.09277 -58.194645 -0.37836844 0
-616.93463 -58.145981 -0.38656577 0
-649.71222 -58.035271 -0.38217014 0
-649.638 -58.011063 -0.37758535 0
-616.88733 -58.092564 -0.32459471 0
-616.87933 -57.91552 -0.35014594 0
-616.95032 -57.882339 -0.33032 0
-648.35638 -57.777573 -0.39150357 0
-616.91144 -57.30991 -0.37615407 0
-616.89545 -57.1409 -0.34970018 0
-616.87268 -57.079899 -0.36157164 0
-616.8808 -56.930599 -0.30858791 0
-616.81085 -56.705662 -0.39087239 0
-616.47656 -56.746269 -0.3336502 0
-616.10809 -56.710331 -0.37689683 0
-616.01385 -56.742001 -0.31210405 0
-615.90338 -56.731129 -0.34494311 0
-615.66864 -56.719246 -0.35033303 0
-615.40973 -56.72551 -0.39841923 0
-635.94122 -56.642578 -0.35565013 0
-616.8266 -56.66893 -0.33215916 0
-616.70001 -56.673271 -0.37019113 0
-616.59485 -56.686676 -0.30370978 0
-616.46509 -56.688812 -0.33912298 0
-616.32843 -56.692074 -0.30187422 0
-616.22534 -56.604549 -0.30335438 0
-616.16248 -56.664993 -0.34793141 0
-635.98291 -56.353054 -0.31563666 0
-636.05042 -56.144413 -0.38645747 0
-635.92194 -56.050907 -0.3844063 0
-616.18585 -55.728054 -0.39042109 0
-635.9397 -55.307327 -0.30973512 0
-635.52014 -55.37011 -0.30455121 0
-636.36249 -55.227543 -0.32272243 0
-636.10217 -55.205544 -0.38624325 0
-636.0556 -55.25061 -0.30055544 0
-635.94159 -55.242096 -0.33771029 0
-635.62238 -55.276588 -0.32122341 0
-635.58795 -55.266457 -0.3802866 0
-627.11066 -54.766617 -0.37661636 0
-648.23987 -54.663582 -0.37969649 0
-627.55023 -54.619991 -0.37631461 0
-628.22864 -54.56012 -0.37832934 0
-627.54944 -54.563217 -0.36774921 0
-627.49725 -54.507027 -0.30779627 0
-627.72028 -54.307636 -0.36761117 0
-627.63293 -54.032066 -0.35673645 0
-616.13586 -53.939541 -0.35371786 0
-616.12115 -53.879864 -0.36184704 0
-635.8717 -53.330803 -0.30035466 0
-635.83203 -53.213509 -0.31834462 0
-648.21375 -53.14465 -0.34700161 0
-635.87579 -53.04314 -0.3249957 0
-635.88904 -52.209988 -0.32884172 0
-635.7478 -52.238541 -0.37487534 0
-635.6615 -52.233589 -0.38929027 0
-635.5791 -52.223511 -0.39064807 0
-635.44177 -52.280666 -0.38776451 0
-635.82306 -52.140881 -0.35189438 0
-648.16211 -51.804398 -0.35313332 0
-635.85706 -51.745964 -0.32379341 0
-635.86316 -51.595718 -0.36740008 0
-635.82867 -51.419785 -0.37517437 0
-616.72351 -51.336555 -0.35709959 0
-635.83215 -51.255779 -0.32056317 0
-616.71729 -51.23547 -0.33847857 0
-616.71368 -51.184998 -0.35384592 0
-635.84033 -51.084763 -0.34041238 0
-616.72278 -51.065552 -0.37284011 0
-616.73218 -50.970169 -0.38157916 0
-616.74084 -50.837799 -0.33840108 0
-616.69983 -50.851341 -0.31951964 0
-648.14264 -50.720936 -0.37028161 0
-635.86444 -50.794098 -0.37259895 0
-616.72595 -50.742546 -0.3579033 0
-635.81152 -50.642754 -0.36005312 0
-627.97131 -50.680561 -0.33112732 0
-635.8241 -50.576805 -0.33875901 0
-616.68896 -50.548321 -0.3838577 0
-635.85278 -50.447952 -0.33039498 0
-627.53296 -50.451141 -0.32111508 0
-616.70648 -50.440464 -0.36714819 0
-635.82306 -50.398941 -0.33988419 0
-627.1759 -50.306141 -0.39214766 0
-616.73077 -50.32251 -0.32885534 0
-635.7923 -50.215736 -0.35752681 0
-627.78564 -50.206902 -0.37972975 0
-627.26221 -50.283672 -0.31014219 0
-626.36737 -50.239098 -0.34434649 0
-616.68518 -50.212158 -0.38779154 0
-635.85901 -50.173103 -0.31266934 0
-635.79742 -50.107761 -0.35529026 0
-626.58862 -50.120197 -0.39738396 0
-616.68646 -50.143276 -0.35948443 0
-635.81866 -50.007328 -0.35781544 0
-627.2951 -50.097446 -0.35170272 0
-627.18317 -50.024509 -0.37600434 0
-616.68463 -50.070637 -0.3477298 0
-617.00073 -92.134224 -0.2556968 0
-616.14978 -92.156654 -0.29566127 0
-615.99188 -92.118073 -0.26852107 0
-614.47406 -92.190475 -0.25964448 0
-617.56598 -92.095039 -0.28506666 0
-630.0061 -90.913078 -0.24851331 0
-629.83752 -90.911919 -0.24258302 0
-628.24414 -90.97541 -0.28307897 0
-632.35089 -90.816154 -0.22618346 0
-618.6778 -90.843239 -0.28985885 0
-635.29199 -90.73037 -0.23889118 0
-620.44586 -90.775055 -0.20646039 0
-618.37469 -90.633995 -0.27601177 0
-617.76154 -90.651894 -0.28460947 0
-624.76703 -90.45639 -0.21532555 0
-624.22772 -90.436356 -0.23895027 0
-623.77734 -90.450989 -0.25797719 0
-613.77356 -87.158783 -0.26194304 0
-643.25598 -81.374046 -0.26684996 0
-643.15704 -81.391731 -0.26936278 0
-643.02344 -81.373543 -0.27531195 0
-613.33423 -69.44558 -0.25742152 0
-636.17145 -65.905731 -0.23771822 0
-626.79803 -65.582222 -0.22431506 0
-627.53412 -63.719925 -0.26271707 0
-627.55316 -63.698418 -0.29881078 0
-627.80731 -63.560345 -0.21281621 0
-628.00256 -63.405502 -0.20695476 0
-628.2995 -62.970695 -0.24111508 0
-617.10162 -62.757668 -0.26889461 0
-627.84161 -62.644581 -0.28993031 0
-617.10864 -62.606087 -0.29235846 0
-617.03168 -62.625469 -0.26427475 0
-617.0434 -62.595947 -0.27769062 0
-617.01404 -62.433617 -0.28313097 0
-617.03534 -62.307537 -0.28402615 0
-617.0448 -62.275448 -0.25778162 0
-617.14105 -62.072247 -0.29393092 0
-617.04523 -62.076977 -0.28251281 0
-617.0473 -61.731441 -0.27887258 0
-617.03522 -61.644806 -0.2566002 0
-636.08197 -61.336285 -0.25543764 0
-635.94067 -61.36615 -0.2161777 0
-617.00629 -61.391773 -0.2315657 0
-616.96478 -60.909882 -0.20278078 0
-616.94513 -60.680946 -0.20716517 0
-616.96265 -60.256592 -0.24678411 0
-626.56024 -60.03981 -0.27616897 0
-616.9361 -60.084148 -0.21752751 0
-649.70911 -59.986969 -0.28691381 0
-648.85229 -59.965294 -0.2954495 0
-648.73511 -59.97525 -0.2407874 0
-648.67883 -59.974922 -0.2795549 0
-648.50079 -59.960499 -0.26240858 0
-636.08594 -59.944206 -0.2621733 0
-626.75879 -59.968227 -0.27147254 0
-649.91882 -59.856686 -0.2659288 0
-616.93744 -59.784714 -0.23409292 0
-626.9306 -59.627571 -0.27675486 0
-648.38916 -59.557697 -0.24556637 0
-626.78021 -59.456745 -0.24792355 0
-636.1087 -59.321415 -0.27073368 0
-627.38379 -59.37328 -0.29352713 0
-627.15826 -59.355606 -0.22436403 0
-616.97021 -59.308296 -0.25817376 0
-648.36572 -59.260075 -0.27381217 0
-616.94135 -59.237812 -0.26681072 0
-636.02985 -59.133629 -0.21416058 0
-636.08496 -58.966537 -0.2832514 0
-629.50311 -58.902447 -0.24121135 0
-627.87817 -58.960175 -0.27414018 0
-616.92072 -58.986378 -0.23409194 0
-629.5321 -58.869488 -0.26387498 0
-627.91937 -58.895794 -0.20702676 0
-626.94922 -58.730705 -0.26272652 0
-616.93268 -58.75893 -0.26967835 0
-616.89819 -58.707005 -0.23883756 0
-627.31488 -58.660015 -0.26051486 0
-627.07458 -58.660389 -0.27497995 0
-627.24908 -58.516315 -0.21595679 0
-627.69574 -58.403793 -0.28305313 0
-636.06616 -58.330391 -0.25491416 0
-626.81976 -58.105347 -0.2825869 0
-649.7359 -58.022175 -0.22309855 0
-649.67023 -58.042664 -0.27288347 0
-648.36139 -58.091209 -0.21155079 0
-649.72467 -57.98658 -0.21173678 0
-649.61359 -57.974155 -0.21960545 0
-616.87305 -57.538754 -0.26976925 0
-616.86151 -57.178581 -0.20471983 0
-616.87036 -57.065872 -0.23591238 0
-648.31506 -56.859024 -0.2091807 0
-616.87769 -56.842251 -0.25011832 0
-616.97357 -56.757217 -0.2636109 0
-616.66803 -56.754814 -0.29902241 0
-616.48224 -56.797199 -0.24576765 0
-616.2019 -56.781044 -0.2737934 0
-615.34882 -56.721764 -0.20055953 0
-635.99542 -56.613598 -0.26374894 0
-616.81519 -56.679737 -0.21711518 0
-616.72205 -56.666565 -0.2318235 0
-616.6463 -56.697968 -0.24931917 0
-616.53729 -56.679798 -0.20148858 0
-616.25659 -56.65464 -0.22016096 0
-615.93787 -56.609444 -0.20052905 0
-616.07867 -56.587944 -0.2184446 0
-648.29083 -56.259663 -0.28707305 0
-635.92572 -56.172523 -0.20052429 0
-615.90662 -56.046509 -0.23918645 0
-648.32904 -55.761101 -0.29464191 0
-635.75989 -55.302795 -0.26561388 0
-616.08508 -55.310974 -0.29927459 0
-635.90485 -55.228497 -0.21275693 0
-635.86285 -55.220917 -0.28354877 0
-635.78162 -55.26239 -0.25454664 0
-635.66321 -55.267056 -0.2745958 0
-635.58972 -55.27137 -0.23727164 0
-616.03796 -55.288464 -0.27283251 0
-636.27209 -55.199375 -0.26247939 0
-636.19781 -55.181358 -0.26802677 0
-648.24768 -54.749084 -0.25967067 0
-627.71295 -54.481678 -0.20704287 0
-649.54102 -54.363846 -0.25555447 0
-635.89734 -54.350418 -0.23062013 0
-648.1629 -53.980698 -0.24783607 0
-627.75787 -53.964066 -0.26214954 0
-627.39899 -53.931427 -0.28116277 0
-635.89148 -53.810253 -0.21130803 0
-635.88812 -53.564823 -0.25888351 0
-635.86407 -53.183281 -0.22654091 0
-635.88477 -53.002094 -0.2365457 0
-635.80804 -52.952835 -0.24966122 0
-648.20923 -52.74181 -0.23246235 0
-648.20093 -52.540844 -0.26048106 0
-648.18518 -52.345596 -0.28120351 0
-635.45038 -52.301949 -0.25612158 0
-635.82642 -52.239925 -0.22995992 0
-635.7373 -52.247726 -0.27626458 0
-635.6731 -52.239017 -0.25391024 0
-635.52063 -52.231148 -0.27261865 0
-635.44244 -52.295235 -0.27324322 0
-635.95331 -52.102242 -0.22301762 0
-635.85406 -52.1255 -0.24058124 0
-635.83752 -52.061337 -0.26624161 0
-648.16058 -51.824947 -0.24430642 0
-635.85626 -51.819897 -0.26804945 0
-635.84625 -51.73698 -0.29946214 0
-635.85736 -51.689278 -0.21488483 0
-635.79297 -51.553978 -0.28874373 0
-635.87604 -51.490791 -0.29522452 0
-635.85547 -51.349693 -0.2766366 0
-616.73956 -51.334152 -0.25087798 0
-616.78687 -51.255634 -0.28846723 0
-648.14758 -51.198536 -0.2741439 0
-616.72797 -51.1199 -0.2506474 0
-635.83569 -51.026375 -0.25505888 0
-635.78625 -51.095932 -0.2469646 0
-616.76654 -51.054482 -0.27919939 0
-635.83453 -50.990185 -0.21816479 0
-616.67371 -50.997505 -0.29160154 0
-616.73657 -50.823544 -0.25479659 0
-616.69354 -50.64011 -0.27044547 0
-635.81458 -50.563515 -0.21996155 0
-635.82477 -50.445538 -0.22708154 0
-627.71039 -50.483929 -0.22543515 0
-616.70441 -50.453487 -0.26719448 0
-616.65979 -50.43079 -0.2717689 0
-635.8667 -50.331619 -0.29819995 0
-627.54132 -50.31929 -0.23976742 0
-627.33307 -50.354259 -0.2853196 0
-627.18329 -50.328754 -0.26800656 0
-635.87219 -50.230637 -0.28452066 0
-627.46906 -50.21487 -0.22979294 0
-627.15625 -50.28302 -0.21710657 0
-616.69128 -50.255802 -0.23468709 0
-635.83569 -50.139992 -0.26028439 0
-627.71698 -50.127151 -0.20704052 0
-616.70728 -50.110168 -0.2310282 0
-626.61298 -50.016434 -0.28820983 0
-616.72369 -50.092789 -0.29947719 0
-615.92572 -92.116241 -0.14685568 0
-615.38452 -92.13353 -0.10370057 0
-615.26147 -92.131622 -0.16213062 0
-614.349 -92.199455 -0.17727533 0
-613.89069 -92.122421 -0.11394718 0
-617.62311 -92.031082 -0.11357076 0
-617.49634 -92.067383 -0.11591254 0
-617.37067 -92.063713 -0.11893207 0
-617.10376 -92.075912 -0.12497309 0
-617.034 -92.063713 -0.18407393 0
-616.9776 -92.087128 -0.12273228 0
-616.16559 -92.0989 -0.10807098 0
-613.84454 -91.200005 -0.1609768 0
-627.55396 -91.004501 -0.17760174 0
-629.92999 -90.911819 -0.17819655 0
-628.3512 -90.918968 -0.19295169 0
-631.4704 -90.850327 -0.14174478 0
-619.07825 -90.859238 -0.14385846 0
-621.74286 -90.753571 -0.10409023 0
-621.58624 -90.795143 -0.12498786 0
-620.94037 -90.769371 -0.18088986 0
-619.38171 -90.718552 -0.19513382 0
-618.78107 -90.712143 -0.1458066 0
-618.43933 -90.795486 -0.18365201 0
-636.84772 -90.685905 -0.12874819 0
-620.74005 -90.69278 -0.1249579 0
-618.36121 -90.622986 -0.13738181 0
-617.79633 -90.626289 -0.1089271 0
-620.2204 -90.555565 -0.1756133 0
-620.15881 -90.582512 -0.18418911 0
-619.98999 -90.544815 -0.11918751 0
-619.79175 -90.565224 -0.16873051 0
-618.20868 -90.583313 -0.16048026 0
-624.61597 -90.476852 -0.14768249 0
-623.2937 -90.439316 -0.14921489 0
-624.54132 -90.379776 -0.13456354 0
-643.26965 -87.544189 -0.16313767 0
-613.57312 -82.04023 -0.13600354 0
-613.54224 -78.019867 -0.10376912 0
-613.47974 -77.317108 -0.13841198 0
-613.5213 -77.215981 -0.1236978 0
-613.45923 -76.846703 -0.12290628 0
-613.46393 -76.380447 -0.10828282 0
-613.34833 -70.862045 -0.16200101 0
-613.33521 -70.738594 -0.13687173 0
-613.27277 -68.347481 -0.1927992 0
-613.24774 -68.183525 -0.19360314 0
-613.2168 -67.076561 -0.18381651 0
-629.52911 -64.234535 -0.14497541 0
-628.96265 -64.253227 -0.11052145 0
-628.99762 -64.171791 -0.1895349 0
-627.39746 -63.817181 -0.10424111 0
-628.89838 -63.734035 -0.17116138 0
-627.36163 -63.719601 -0.17998062 0
-626.73938 -63.35038 -0.19414334 0
-636.12714 -62.512272 -0.11088192 0
-616.99725 -62.378361 -0.17389327 0
-617.02197 -62.113792 -0.16859755 0
-617.00024 -61.98605 -0.18420638 0
-616.99445 -61.745564 -0.18830656 0
-617.00214 -61.654194 -0.14209828 0
-616.99945 -61.557243 -0.10948005 0
-635.8938 -61.342819 -0.16093332 0
-616.97449 -61.139896 -0.19841279 0
-616.95618 -60.576061 -0.11225961 0
-648.45081 -60.043987 -0.19689673 0
-648.39783 -60.019199 -0.19801025 0
-626.9812 -60.058155 -0.11254762 0
-649.80408 -59.924709 -0.15250146 0
-649.6582 -59.94973 -0.17856842 0
-649.40125 -59.957008 -0.13084583 0
-649.38837 -59.941364 -0.18117873 0
-649.23657 -59.933586 -0.14971587 0
-649.18323 -59.945477 -0.1577079 0
-626.69556 -59.954666 -0.19121434 0
-627.89801 -59.8563 -0.14844841 0
-616.94733 -59.786774 -0.17741635 0
-636.06671 -59.57608 -0.14111294 0
-627.13708 -59.514526 -0.1217351 0
-616.93164 -59.579159 -0.17030351 0
-648.37006 -59.427845 -0.13345949 0
-627.42029 -59.421703 -0.16348958 0
-626.9295 -59.120708 -0.18265913 0
-616.9574 -59.108723 -0.15093131 0
-648.40039 -59.030281 -0.17764115 0
-616.9151 -59.0238 -0.19997455 0
-617.09521 -58.917957 -0.16823883 0
-626.92999 -58.855713 -0.12391405 0
-626.60834 -58.686275 -0.17361078 0
-626.40558 -58.6497 -0.10361034 0
-627.26782 -58.533527 -0.14748743 0
-616.98486 -58.56509 -0.17601347 0
-616.89551 -58.598728 -0.10811812 0
-627.27808 -58.492348 -0.13357902 0
-626.44818 -58.497009 -0.1520479 0
-635.60321 -58.380379 -0.19066979 0
-627.70258 -58.333347 -0.18343282 0
-626.58801 -58.359436 -0.15685441 0
-616.91962 -58.304626 -0.14950112 0
-616.88947 -58.34293 -0.12179706 0
-635.89758 -58.277409 -0.11586858 0
-627.61243 -58.260384 -0.14092484 0
-616.90796 -58.252605 -0.10830475 0
-627.03387 -58.153877 -0.18903814 0
-649.67847 -58.004868 -0.16494422 0
-616.87775 -58.025116 -0.16712721 0
-649.63977 -57.986862 -0.16942304 0
-648.36963 -57.790142 -0.15401082 0
-648.28162 -57.715767 -0.19986583 0
-616.91992 -57.749081 -0.17575531 0
-616.89172 -57.71006 -0.16365558 0
-616.88879 -57.641811 -0.15053326 0
-648.32898 -57.489227 -0.12523729 0
-648.33301 -57.307304 -0.15085395 0
-636.01837 -57.291428 -0.14877276 0
-636.02026 -57.184361 -0.10190091 0
-616.79303 -57.018536 -0.15403509 0
-635.98291 -56.857243 -0.1572541 0
-616.84839 -56.766266 -0.17814176 0
-616.16541 -56.708778 -0.15434691 0
-615.60406 -56.731739 -0.18101662 0
-615.59052 -56.756008 -0.1583738 0
-615.20605 -56.730907 -0.129215 0
-635.94385 -56.656162 -0.19729674 0
-616.84155 -56.680386 -0.15795322 0
-616.73627 -56.668404 -0.14728031 0
-616.62854 -56.670666 -0.14628506 0
-616.53412 -56.681042 -0.180473 0
-616.4328 -56.672123 -0.17804295 0
-616.35449 -56.670563 -0.16040796 0
-616.28522 -56.67931 -0.1608277 0
-616.13202 -56.678009 -0.15590526 0
-616.02191 -56.651085 -0.19663608 0
-615.92462 -56.68631 -0.15792632 0
-615.88617 -56.633961 -0.18065348 0
-615.77631 -56.655117 -0.15119378 0
-615.38611 -56.694233 -0.14055294 0
-615.25616 -56.681637 -0.14638622 0
-615.03345 -56.699181 -0.15852405 0
-615.88092 -56.589222 -0.16065538 0
-648.32861 -56.447227 -0.14408968 0
-648.29993 -55.823162 -0.13410528 0
-615.69788 -55.857338 -0.12419344 0
-648.27271 -55.496124 -0.1621445 0
-636.0033 -55.240917 -0.19001152 0
-635.83105 -55.271935 -0.1651862 0
-635.94116 -54.672009 -0.14096071 0
-627.5282 -54.665455 -0.11069016 0
-627.47668 -54.625202 -0.19379143 0
-627.33813 -54.513813 -0.1469416 0
-627.50146 -54.327877 -0.11649107 0
-627.26794 -54.308262 -0.16280134 0
-627.76587 -54.214291 -0.11524837 0
-627.71954 -54.124538 -0.103746 0
-615.85083 -54.122475 -0.13861617 0
-627.60986 -53.996895 -0.15646532 0
-615.86011 -53.919209 -0.17559077 0
-635.93274 -53.865826 -0.11188962 0
-627.58813 -53.897995 -0.11735535 0
-648.23529 -53.654446 -0.19182469 0
-635.90454 -53.545475 -0.11655921 0
-635.86261 -53.551205 -0.16111891 0
-648.21149 -53.49939 -0.15008682 0
-635.87628 -53.361877 -0.13465548 0
-648.19177 -53.16185 -0.162099 0
-635.87366 -53.153027 -0.16066881 0
-635.87122 -52.978802 -0.10763537 0
-648.15356 -52.676765 -0.13216552 0
-635.81647 -52.215309 -0.10585192 0
-635.67096 -52.235886 -0.11985366 0
-635.53857 -52.237839 -0.14725977 0
-648.13922 -52.163666 -0.19732714 0
-635.83563 -52.15831 -0.10615731 0
-635.73761 -52.187092 -0.16705981 0
-635.86627 -52.04068 -0.14473014 0
-635.85449 -51.941521 -0.12346969 0
-648.17297 -51.818981 -0.19636832 0
-635.83801 -51.888672 -0.13077508 0
-635.84344 -51.731121 -0.14890991 0
-648.16443 -51.658077 -0.17529911 0
-635.83228 -51.612778 -0.1563517 0
-648.1347 -51.52306 -0.16546504 0
-635.83582 -51.431194 -0.15360302 0
-635.82947 -51.305439 -0.1746657 0
-635.84271 -51.233829 -0.1287196 0
-616.73529 -51.254875 -0.16603878 0
-635.83313 -51.124393 -0.18842468 0
-616.71887 -50.93824 -0.13953184 0
-635.81073 -50.8592 -0.12292123 0
-616.7041 -50.849419 -0.11003585 0
-635.82306 -50.764408 -0.13763855 0
-616.73132 -50.713139 -0.19558011 0
-616.65979 -50.728806 -0.1581254 0
-635.79742 -50.657719 -0.10865285 0
-616.70837 -50.657295 -0.11259325 0
-616.6955 -50.635517 -0.16166222 0
-648.13599 -50.562534 -0.1220533 0
-616.71246 -50.521881 -0.19869527 0
-616.69122 -50.538872 -0.18778852 0
-635.80731 -50.41927 -0.11859322 0
-627.88226 -50.43816 -0.197041 0
-635.78845 -50.351032 -0.11812323 0
-627.07507 -50.349869 -0.11996661 0
-616.68201 -50.362961 -0.17172576 0
-635.78833 -50.228584 -0.157213 0
-616.72058 -50.272217 -0.13073215 0
-616.67725 -50.223049 -0.1753121 0
-635.84247 -50.172997 -0.14655371 0
-635.76337 -50.134384 -0.14469957 0
-627.5127 -50.124462 -0.19389781 0
-635.80328 -50.053616 -0.15493025 0
-635.79041 -50.092716 -0.14899328 0
-627.4635 -50.062374 -0.18637966 0
-616.68451 -50.079975 -0.18334931 0
-614.77991 -92.218407 -0.00069821248 0
-614.40802 -92.233131 -0.09422069 0
-616.75671 -92.129341 -0.051073063 0
-615.97308 -92.125221 -0.055249002 0
-615.63037 -92.169655 -0.045001023 0
-615.4574 -92.179436 -0.078639098 0
-614.91412 -92.142792 -0.08860039 0
-614.68103 -92.189415 -0.080133796 0
-614.54376 -92.177162 -0.0096454751 0
-614.07568 -92.19648 -0.073645763 0
-616.87903 -92.090797 -0.051911015 0
-616.74719 -92.088043 -0.027333071 0
-625.47461 -91.082733 -0.017547494 0
-613.8446 -91.035568 -0.011276341 0
-628.40637 -90.966576 -0.032475907 0
-625.08051 -90.933563 -0.071511261 0
-619.3595 -90.871315 -0.054384287 0
-618.62769 -90.849815 -0.060099781 0
-622.91559 -90.758057 -0.041277479 0
-621.60809 -90.762306 -0.0039573414 0
-620.74823 -90.756523 -0.092535146 0
-620.49072 -90.782089 -0.03083244 0
-623.04858 -90.676788 -0.039575055 0
-618.39301 -90.645187 -0.021233518 0
-617.82129 -90.627075 -0.043984216 0
-620.04132 -90.582268 -0.054805394 0
-619.53589 -90.532631 -0.0066983099 0
-624.40552 -90.471809 -0.075763606 0
-613.77631 -88.346436 -0.052705221 0
-643.20007 -87.514397 -0.035953198 0
-643.42297 -87.489555 -0.095457084 0
-613.66156 -83.269188 -0.027881442 0
-643.39246 -82.625755 -0.069927193 0
-643.25397 -81.456123 -0.070976257 0
-643.12494 -81.472618 -0.075297691 0
-643.01263 -78.413445 -0.098857678 0
-613.45441 -75.94014 -0.093383342 0
-613.42188 -73.902351 -0.027787244 0
-613.45905 -70.410904 -0.018422443 0
-613.37915 -70.064301 -0.063439883 0
-613.27423 -69.764099 -0.060261745 0
-613.26398 -68.949753 -0.09808486 0
-613.40875 -68.457245 -0.036840294 0
-636.25739 -65.840569 -0.062774457 0
-628.22131 -63.665283 -0.092996433 0
-627.36542 -63.500168 -0.044721019 0
-626.81891 -63.529564 -0.079520643 0
-626.54034 -63.292931 -0.095600508 0
-626.99011 -63.0783 -0.038748521 0
-626.5697 -63.087463 -0.01096 0
-617.0274 -62.579411 -0.064479701 0
-617.01721 -62.495689 -0.058969572 0
-617.17554 -61.855618 -0.031833496 0
-635.80206 -61.586349 -0.024961887 0
-617.00214 -61.531784 -0.014719095 0
-635.88812 -61.426411 -0.07201121 0
-635.65161 -61.492027 -0.071553662 0
-616.97858 -61.472305 -0.0033175531 0
-635.89349 -61.348934 -0.02419138 0
-617.01355 -61.374207 -0.061326079 0
-616.99139 -61.238884 -0.0082210684 0
-616.98553 -61.063404 -0.01726963 0
-636.1394 -60.723408 -0.0023056378 0
-616.95807 -60.383961 -0.090254799 0
-626.72296 -60.249199 -0.063650168 0
-648.46899 -60.032078 -0.069564298 0
-649.92822 -59.912575 -0.098650493 0
-648.84076 -59.999084 -0.072570883 0
-648.68005 -59.937157 -0.080407381 0
-626.64868 -59.958248 -0.034687616 0
-649.96594 -59.898102 -0.081672348 0
-648.38843 -59.817238 -0.044037919 0
-628.1239 -59.884418 -0.02905873 0
-616.95367 -59.886135 -0.097982384 0
-627.09174 -59.44458 -0.053813305 0
-616.92596 -59.490509 -0.011980332 0
-648.38501 -59.241924 -0.093488604 0
-636.02643 -59.208576 -0.01654283 0
-626.93805 -59.262939 -0.077594042 0
-616.87744 -59.233017 -0.019016137 0
-626.87097 -59.149006 -0.059636965 0
-616.92163 -59.07449 -0.0050527765 0
-628.29639 -58.942806 -0.033924647 0
-627.91522 -58.929184 -0.020710133 0
-626.83093 -58.937958 -0.033282273 0
-635.98956 -58.836452 -0.014415288 0
-628.10803 -58.830639 -0.082471929 0
-626.7746 -58.763767 -0.028064877 0
-627.28345 -58.616486 -0.039398625 0
-626.81824 -58.64706 -0.074289523 0
-626.7644 -58.698605 -0.00049582374 0
-626.35754 -58.513 -0.05919303 0
-627.28027 -58.454323 -0.031046806 0
-626.30707 -58.482841 -0.05358303 0
-616.89368 -58.476204 -0.067379035 0
-635.90137 -58.32914 -0.0092014596 0
-635.77441 -58.328754 -0.015160402 0
-635.58325 -58.316177 -0.066029578 0
-616.90002 -58.328621 -0.090172954 0
-636.10461 -58.20459 -0.065170541 0
-636.02789 -58.249847 -0.036232024 0
-635.78033 -58.258099 -0.0021245556 0
-635.58588 -58.292732 -0.072275609 0
-627.6712 -58.256271 -0.011940148 0
-616.901 -58.193947 -0.09588071 0
-636.03809 -58.00766 -0.027052203 0
-648.34637 -57.970177 -0.088504128 0
-616.92096 -57.999577 -0.057926152 0
-648.33612 -57.85498 -0.076668471 0
-636.02649 -57.838139 -0.043401726 0
-616.86548 -57.892128 -0.033727944 0
-616.94672 -57.694542 -0.0224325 0
-636.0285 -57.518772 -0.074746415 0
-616.88525 -57.148766 -0.015066296 0
-616.91962 -57.048935 -0.050068744 0
-648.3302 -56.906643 -0.041239187 0
-616.823 -56.874966 -0.08211717 0
-616.69318 -56.721931 -0.05951836 0
-616.52814 -56.729523 -0.054854751 0
-616.35913 -56.725513 -0.036511388 0
-616.25244 -56.713749 -0.04579889 0
-616.7688 -56.679665 -0.039691195 0
-616.56714 -56.665775 -0.066104919 0
-616.45056 -56.678341 -0.05350874 0
-616.31232 -56.664158 -0.016051726 0
-615.99506 -56.680573 -0.0073650521 0
-615.64813 -56.577915 -0.0030898834 0
-648.25568 -55.837536 -0.017144971 0
-648.3089 -55.565437 -0.088131383 0
-635.52563 -55.451881 -0.037773017 0
-635.85547 -55.301144 -0.034510206 0
-635.56274 -55.322784 -0.055263326 0
-635.49048 -55.309834 -0.026597822 0
-615.83923 -55.372711 -0.080510922 0
-648.25366 -55.26897 -0.029026469 0
-635.95239 -55.268143 -0.044362191 0
-635.89868 -55.285545 -0.024948832 0
-635.77332 -55.282463 -0.033845328 0
-635.63501 -55.282692 -0.030777169 0
-635.578 -55.289177 -0.042411342 0
-615.83978 -55.284775 -0.09951628 0
-648.2901 -55.144711 -0.010005939 0
-636.02039 -55.160961 -0.0098239519 0
-635.96472 -55.167267 -0.049826629 0
-645.06421 -54.935883 -0.052444313 0
-635.93567 -54.90596 -0.084854022 0
-627.54456 -54.773243 -0.030816309 0
-627.52911 -54.653152 -0.0063336547 0
-635.93848 -54.574501 -0.060275786 0
-627.46002 -54.549759 -0.035058301 0
-649.4967 -54.370701 -0.0087177632 0
-627.78772 -54.272713 -0.094505548 0
-627.73621 -54.189129 -0.069861472 0
-635.8443 -54.040817 -0.066617899 0
-627.9588 -54.096714 -0.046715196 0
-627.76428 -54.096203 -0.013872688 0
-627.61066 -54.028431 -0.047766298 0
-627.20502 -54.074039 -0.087983541 0
-648.22327 -53.902042 -0.075650901 0
-635.92603 -53.915588 -0.060592152 0
-627.45667 -53.98774 -0.091098696 0
-648.22656 -53.830971 -0.082740784 0
-627.62482 -53.875351 -0.091610834 0
-627.59686 -53.639538 -0.042435657 0
-627.51984 -53.500538 -0.011543064 0
-635.88348 -53.362926 -0.075769164 0
-648.1637 -53.221184 -0.026907954 0
-635.92053 -53.249332 -0.084194668 0
-635.87988 -53.26524 -0.093314379 0
-635.89374 -53.1348 -0.060698945 0
-635.86572 -52.919941 -0.049730167 0
-648.20496 -52.824139 -0.041403599 0
-635.48114 -52.410725 -0.037953332 0
-635.74902 -52.239388 -0.063927025 0
-635.64734 -52.233147 -0.073829077 0
-635.57642 -52.232567 -0.037971005 0
-635.45782 -52.295345 -0.056054924 0
-635.8797 -52.117874 -0.052994262 0
-635.79395 -52.164509 -0.082951367 0
-635.86523 -52.087288 -0.045796726 0
-635.81348 -51.917713 -0.024580149 0
-635.8501 -51.672947 -0.025658131 0
-635.82092 -51.567181 -0.043418299 0
-648.15686 -51.4538 -0.039315 0
-616.75482 -51.30003 -0.038699277 0
-635.84003 -51.283508 -0.033892177 0
-616.88263 -51.25201 -0.033521045 0
-616.78107 -51.253883 -0.029584933 0
-616.71307 -51.155106 -0.055519603 0
-648.15179 -51.016438 -0.019089786 0
-616.71759 -51.057369 -0.054486714 0
-635.81274 -50.93132 -0.050576612 0
-635.77582 -50.963928 -0.089985654 0
-616.7265 -50.958351 -0.063303493 0
-616.69916 -50.921944 -0.031947818 0
-648.14972 -50.825466 -0.091644049 0
-635.82611 -50.852005 -0.063010439 0
-616.69629 -50.719822 -0.046877701 0
-635.8255 -50.655636 -0.090920419 0
-616.71875 -50.628517 -0.048290644 0
-616.6767 -50.637344 -0.015347167 0
-627.83484 -50.465706 -0.074712537 0
-616.70459 -50.431824 -0.043347962 0
-635.80713 -50.327396 -0.054107491 0
-627.05762 -50.317902 -0.032514323 0
-616.73108 -50.316933 -0.057215389 0
-635.81958 -50.266029 -0.045426108 0
-616.68549 -50.145538 -0.03254775 0
-635.8075 -50.051922 -0.07698565 0
-627.54468 -50.025993 -0.070021711 0
-617.38171 -92.101044 0.018132469 0
-616.28058 -92.126099 0.08508262 0
-615.97388 -92.110756 0.01913489 0
-617.62817 -92.072334 0.068404213 0
-617.06525 -92.095467 0.097015277 0
-629.21222 -90.964424 0.0098989215 0
-624.93915 -90.919762 0.067050152 0
-632.12457 -90.842537 0.034822688 0
-631.51978 -90.838547 0.086771362 0
-619.40265 -90.758957 0.038144853 0
-618.49921 -90.758446 0.041474342 0
-620.30133 -90.597878 0.052899506 0
-620.18134 -90.547462 0.096347429 0
-618.11578 -90.593002 0.027710086 0
-624.90747 -90.438255 0.02517592 0
-624.62781 -90.459679 0.071682073 0
-623.51538 -90.484657 0.039973117 0
-643.37653 -87.431862 0.07711193 0
-613.58765 -82.656281 0.045745578 0
-613.63947 -82.055634 0.0836832 0
-643.06104 -81.509789 0.076032609 0
-613.58301 -81.159286 0.026597248 0
-613.62305 -79.936417 0.099808201 0
-613.48468 -74.711166 0.094301328 0
-613.58203 -74.589218 0.019791126 0
-613.36829 -74.519409 0.055115197 0
-613.38312 -71.732613 0.086097576 0
-613.34796 -71.638382 0.0076785218 0
-613.3988 -71.42971 0.07338579 0
-613.33307 -71.064323 0.088029169 0
-613.34723 -70.832352 0.07236968 0
-613.32599 -69.115089 0.027110344 0
-613.32318 -68.410728 0.010585778 0
-613.29742 -68.310883 0.0013076067 0
-635.78137 -66.018456 0.075827852 0
-626.35327 -64.61805 0.04968382 0
-629.04785 -64.32251 0.089379527 0
-626.72699 -64.388168 0.085501432 0
-635.76147 -64.241356 0.097623855 0
-626.65619 -64.294472 0.070265196 0
-628.93018 -63.940651 0.066031151 0
-627.62091 -63.9772 0.062774174 0
-628.76306 -63.76416 0.0049692807 0
-627.4187 -63.702274 0.056781631 0
-628.44989 -63.65221 0.020239042 0
-627.34186 -63.572876 2.2649612e-05 0
-626.34711 -63.231857 0.01222016 0
-617.05212 -62.783863 0.038646795 0
-636.11359 -62.698383 0.047208596 0
-617.03876 -62.699478 0.008507533 0
-627.47705 -62.516266 0.00034432369 0
-617.01752 -62.509277 0.016360136 0
-628.20471 -62.345688 0.076713502 0
-617.02692 -62.152836 0.014463657 0
-616.98499 -61.584381 0.050109249 0
-636.03595 -61.412453 0.072391175 0
-636.11029 -61.324818 0.062098879 0
-636.09686 -61.345795 0.093995705 0
-635.86993 -61.362263 0.088715784 0
-617.0105 -61.172951 0.0057291756 0
-616.96869 -61.188282 0.063746363 0
-616.94904 -60.994595 0.065317921 0
-616.93048 -60.829014 0.084283061 0
-616.94653 -60.39851 0.032157496 0
-627.71277 -60.12624 0.081274547 0
-627.69373 -60.155819 0.068191871 0
-626.7605 -60.186752 0.013860185 0
-648.47327 -60.033169 0.079383969 0
-627.98969 -60.01775 0.045870028 0
-626.66797 -60.097206 0.056822244 0
-616.96008 -60.017529 0.049850795 0
-649.91626 -59.947403 0.041148555 0
-649.84009 -59.941017 0.068104185 0
-649.71381 -59.954266 0.059151437 0
-649.67896 -59.961559 0.067893036 0
-649.16595 -59.977409 0.026656363 0
-649.0105 -59.947144 0.071403623 0
-648.92511 -59.959812 0.0051546241 0
-648.61304 -59.961632 0.063894078 0
-648.47552 -59.983406 0.052620895 0
-617.1463 -59.966507 0.078415863 0
-649.96252 -59.855919 0.099884085 0
-616.92743 -59.870205 0.067189269 0
-616.97681 -59.616695 0.064303719 0
-626.98773 -59.549255 0.031075323 0
-617.1347 -59.506775 0.068272978 0
-627.53119 -59.470089 0.027855849 0
-627.35376 -59.425465 0.014193002 0
-627.14337 -59.401566 0.059765805 0
-616.95288 -59.473396 0.017610222 0
-636.021 -59.365364 0.0959071 0
-627.15735 -59.331604 0.045675132 0
-627.02197 -59.344002 0.013813387 0
-626.86633 -59.304573 0.0040135705 0
-616.9306 -59.241852 0.064870633 0
-628.03003 -58.977978 0.043217983 0
-627.95569 -58.952595 0.070887327 0
-627.85846 -58.9394 0.093482375 0
-626.84485 -58.997799 0.00065298722 0
-616.92078 -58.964878 0.01846238 0
-627.7984 -58.888481 0.025477035 0
-616.91437 -58.871399 0.038379915 0
-648.35602 -58.627674 0.026930198 0
-627.78479 -58.679157 0.06166438 0
-627.26874 -58.459301 0.093788385 0
-616.88934 -58.407627 0.084654815 0
-649.88171 -58.309361 0.0397599 0
-635.81122 -58.341125 0.043842662 0
-635.74512 -58.34454 0.019758094 0
-616.94543 -58.31514 0.027462084 0
-648.39691 -58.280186 0.077976249 0
-635.93909 -58.283783 0.049064584 0
-648.36237 -58.146049 0.040941402 0
-616.89447 -58.180119 0.067865007 0
-616.93091 -58.020111 0.031862572 0
-616.87616 -58.063652 0.051915616 0
-616.90399 -57.917175 0.032679975 0
-616.88708 -57.90189 0.069187634 0
-616.92596 -57.889778 0.027665248 0
-649.85657 -57.536373 0.066826195 0
-649.4082 -57.459087 0.061937835 0
-649.83936 -57.366726 0.051063266 0
-648.32648 -57.364292 0.064132988 0
-616.88251 -57.364563 0.035080679 0
-636.02551 -57.282902 0.04583915 0
-616.84375 -57.259144 0.051091544 0
-648.31854 -57.183258 0.093685992 0
-636.00677 -57.048759 0.089297585 0
-635.99396 -56.925602 0.083917215 0
-616.83337 -56.928288 0.070196122 0
-616.16998 -56.908203 0.078883998 0
-616.93988 -56.858925 0.031797044 0
-636.00372 -56.799911 0.090870187 0
-615.31171 -56.776047 0.043096125 0
-648.2818 -56.630993 0.085075147 0
-635.95398 -56.676624 0.051203527 0
-616.75366 -56.653957 0.089230716 0
-616.62616 -56.657738 0.014547913 0
-616.59247 -56.678871 0.063291885 0
-616.45135 -56.68396 0.068064824 0
-616.22192 -56.679054 0.066018738 0
-616.13702 -56.689194 0.039500989 0
-615.90356 -56.67696 0.020008566 0
-615.71704 -56.639404 0.011157439 0
-649.47968 -56.569351 0.045037042 0
-636.02899 -56.599075 0.048081409 0
-615.84515 -56.598232 0.0081285005 0
-635.97162 -56.432617 0.042365875 0
-635.95795 -56.371418 0.035861913 0
-648.30731 -56.288269 0.070897423 0
-649.89087 -56.15313 0.0096262395 0
-648.29944 -55.847637 0.027140845 0
-649.8465 -55.664146 0.065895855 0
-649.32678 -55.635643 0.05431927 0
-648.28198 -55.52906 0.023119671 0
-649.60938 -55.405373 0.047995694 0
-615.55438 -55.314941 0.090926334 0
-649.76672 -55.294254 0.090716101 0
-635.99615 -55.246746 0.00091420201 0
-635.74353 -55.291134 0.011512187 0
-649.99542 -55.15551 0.073392317 0
-649.75159 -55.181248 0.066779755 0
-635.99878 -55.194778 0.098432921 0
-649.69623 -55.032604 0.073457353 0
-649.70001 -54.85704 0.0612721 0
-635.86884 -54.833168 0.093852051 0
-627.7854 -54.714123 0.093788154 0
-627.43732 -54.707188 0.0071595772 0
-635.92505 -54.643318 0.054241452 0
-627.54333 -54.663918 0.049005523 0
-648.20056 -54.567673 0.011842457 0
-635.91626 -54.461784 0.020157162 0
-649.99127 -54.375717 0.078490689 0
-649.88367 -54.356041 0.074855864 0
-649.88306 -54.249943 0.079848707 0
-627.94006 -54.29615 0.089505322 0
-649.77014 -54.163147 0.086938195 0
-649.35504 -54.162277 0.069924124 0
-649.24536 -54.151993 0.074667178 0
-635.92456 -54.100876 0.053410079 0
-627.66382 -54.173603 0.083768927 0
-627.06177 -54.194054 0.015192199 0
-649.9491 -54.08947 0.070960663 0
-649.85229 -54.047127 0.064682528 0
-649.65485 -54.017811 0.062447872 0
-649.21088 -54.096512 0.066534124 0
-627.35938 -54.071018 0.010051372 0
-627.21478 -53.978691 0.078103162 0
-648.21014 -53.841709 0.050457817 0
-648.25635 -53.643284 0.081052631 0
-648.224 -53.569672 0.090509593 0
-635.87671 -53.36956 0.07990063 0
-635.87976 -53.190502 0.057178702 0
-635.85944 -53.020981 0.05910999 0
-635.8244 -52.972904 0.062857784 0
-635.85944 -52.226357 0.0089436537 0
-635.75513 -52.245354 0.056812163 0
-635.48853 -52.256073 0.066594422 0
-635.86584 -52.025497 0.075569227 0
-635.83813 -51.764282 0.043749463 0
-635.88434 -51.675407 0.065549217 0
-648.16089 -51.506741 0.072873324 0
-635.84534 -51.585327 0.039102744 0
-648.16327 -51.475319 0.089561515 0
-635.81189 -51.494427 0.076643862 0
-616.71234 -51.354607 0.039665163 0
-635.84393 -51.201195 0.030490836 0
-616.72504 -51.210354 0.014402622 0
-635.82825 -51.141701 0.021758221 0
-616.7309 -51.140717 0.090289474 0
-635.82568 -51.050835 0.085151687 0
-616.70929 -50.914604 0.029231032 0
-635.84558 -50.829628 0.09359812 0
-628.0307 -50.810928 0.017070543 0
-616.7157 -50.822212 0.05587459 0
-635.73883 -50.750648 0.066579387 0
-616.71478 -50.763836 0.044967104 0
-616.6535 -50.790314 0.016791858 0
-635.8385 -50.694408 0.071265228 0
-635.76044 -50.677299 0.095258124 0
-626.91681 -50.661606 0.056064609 0
-616.68872 -50.668591 0.0038758391 0
-635.82202 -50.58009 0.044803705 0
-553.64636 -50.588219 0.028573034 0
-626.95026 -50.444244 0.068368591 0
-616.71338 -50.451935 0.012635752 0
-635.78546 -50.381191 0.03283627 0
-627.05383 -50.368439 0.092720196 0
-626.95227 -50.348072 0.080682181 0
-616.72565 -50.340302 0.085236304 0
-616.6842 -50.354992 0.067094199 0
-627.18127 -50.208458 0.054265346 0
-635.78546 -50.106808 0.064194292 0
-616.6734 -50.135822 0.070803359 0
-626.02087 -50.045284 0.065165237 0
-614.23804 -92.220207 0.19659051 0
-613.96564 -92.203804 0.17377925 0
-625.36108 -91.043289 0.17162858 0
-625.25726 -91.091057 0.17645557 0
-629.9303 -90.890602 0.14292355 0
-636.1709 -90.705025 0.17317843 0
-621.32306 -90.78685 0.18222535 0
-620.2641 -90.60688 0.15433487 0
-618.42639 -90.617905 0.19487044 0
-618.02771 -90.636208 0.11347886 0
-619.50452 -90.591721 0.12230009 0
-624.61737 -90.461296 0.18845649 0
-624.49554 -90.436729 0.19057946 0
-623.29327 -90.487869 0.14613089 0
-623.17828 -90.485184 0.14221326 0
-613.47662 -73.890099 0.13295853 0
-613.33704 -73.41243 0.15287128 0
-613.34619 -73.186012 0.1678863 0
-613.36462 -71.88179 0.13971488 0
-613.33679 -71.707954 0.12713139 0
-613.4184 -71.665154 0.1158957 0
-613.3371 -71.493721 0.11584382 0
-613.31403 -71.295341 0.10345194 0
-648.90881 -70.981369 0.13121575 0
-613.25983 -69.40271 0.15912366 0
-613.25165 -68.539612 0.13382275 0
-613.23431 -68.467812 0.19902661 0
-613.2666 -67.9627 0.11657327 0
-613.26337 -67.772659 0.11065994 0
-613.27155 -67.601837 0.10451116 0
-613.28943 -67.541046 0.17059764 0
-635.80963 -66.319572 0.15051736 0
-635.81757 -66.104095 0.13497958 0
-635.80511 -65.879677 0.11987592 0
-629.01984 -64.035965 0.13566791 0
-627.66486 -63.946819 0.11626678 0
-626.00031 -63.229107 0.17105004 0
-626.46667 -63.104607 0.14722192 0
-627.26349 -63.081985 0.17630464 0
-635.78839 -62.776493 0.16072793 0
-617.02277 -62.636261 0.16356201 0
-627.52252 -62.540668 0.18490845 0
-617.01831 -62.472649 0.13632987 0
-635.73303 -62.361782 0.19480011 0
-617.01581 -62.346806 0.14616807 0
-617.01367 -62.153194 0.12505557 0
-635.76105 -62.057755 0.19297792 0
-617.00397 -62.052151 0.12855256 0
-616.98383 -62.039753 0.1675688 0
-616.99487 -61.922081 0.12298746 0
-616.99115 -61.782455 0.11201265 0
-617.17517 -61.516495 0.10736422 0
-616.98248 -61.553921 0.12924215 0
-636.00562 -61.345379 0.13420755 0
-635.87878 -61.37719 0.15108258 0
-635.74902 -61.335728 0.13483219 0
-635.78003 -61.149235 0.15938164 0
-616.94012 -61.145607 0.1339983 0
-635.73987 -60.832977 0.12615797 0
-617.06152 -60.867443 0.11489309 0
-616.9502 -60.749741 0.1511008 0
-616.97192 -60.68383 0.10946795 0
-628.04822 -60.159115 0.15500492 0
-649.91437 -59.925743 0.10386471 0
-649.88184 -59.978436 0.16872033 0
-616.94415 -59.392437 0.15295503 0
-616.86658 -59.347252 0.18747027 0
-616.90601 -59.271523 0.10728572 0
-616.95532 -59.183544 0.13498037 0
-628.15118 -58.937824 0.11575066 0
-628.05109 -58.914742 0.10933751 0
-616.93427 -58.941723 0.15763964 0
-616.88385 -58.697227 0.13626806 0
-616.88367 -58.596897 0.15627864 0
-648.35022 -58.417858 0.1934976 0
-616.90039 -58.423492 0.12333632 0
-636.06024 -58.320839 0.18760124 0
-635.91302 -58.308044 0.18336277 0
-635.74048 -58.32296 0.15930773 0
-635.64258 -58.329433 0.18851304 0
-635.59192 -58.389828 0.1492503 0
-635.95068 -58.221615 0.19498411 0
-635.84058 -58.132393 0.10351734 0
-616.92664 -57.865902 0.19954419 0
-636.02661 -57.638615 0.14675471 0
-616.87817 -57.654938 0.17704853 0
-636.026 -57.540524 0.1269718 0
-616.86011 -57.597214 0.1035966 0
-616.91956 -57.49543 0.16161202 0
-616.92328 -57.346806 0.13728467 0
-636.00342 -57.155075 0.1272234 0
-616.83557 -57.186291 0.18469651 0
-648.33325 -57.099514 0.15442082 0
-616.90717 -56.913998 0.12835342 0
-616.85541 -56.840744 0.11715066 0
-616.81598 -56.702164 0.18178944 0
-616.28381 -56.704983 0.1052539 0
-615.9198 -56.706261 0.13324592 0
-615.7691 -56.71397 0.17769523 0
-615.12994 -56.717949 0.15482172 0
-615.07526 -56.705788 0.15104999 0
-614.91083 -56.70594 0.14763454 0
-614.85577 -56.745071 0.15495972 0
-648.31537 -56.673832 0.11042964 0
-616.75391 -56.684582 0.13673702 0
-616.63562 -56.67054 0.17927477 0
-616.46045 -56.660133 0.18344496 0
-616.04822 -56.69297 0.15353215 0
-615.84729 -56.6689 0.16937138 0
-615.6261 -56.682472 0.12791766 0
-615.42932 -56.62138 0.14528954 0
-615.3894 -56.626297 0.14553097 0
-615.19971 -56.699726 0.15746133 0
-615.04553 -56.671616 0.14302087 0
-615.33038 -56.478718 0.11749644 0
-636.01288 -56.29628 0.16122489 0
-635.96265 -56.229832 0.13835862 0
-648.31976 -55.924721 0.12353025 0
-635.51318 -55.340836 0.17753093 0
-636.00281 -55.234043 0.19330865 0
-635.9455 -55.280514 0.19481537 0
-635.82062 -55.268089 0.13540626 0
-635.79272 -55.253345 0.19789968 0
-635.63574 -55.256584 0.17422929 0
-635.54999 -55.281567 0.17819607 0
-635.48779 -55.218758 0.14693825 0
-635.96625 -55.116718 0.18962947 0
-635.97168 -55.051891 0.18006535 0
-627.54315 -55.050568 0.16924772 0
-635.92291 -54.956532 0.1163338 0
-627.49011 -54.663525 0.1018452 0
-648.22565 -54.44009 0.13316448 0
-635.91187 -54.402088 0.17968364 0
-628.125 -54.43911 0.10626154 0
-648.22217 -54.238976 0.10566746 0
-627.83142 -54.253815 0.1238417 0
-627.19812 -54.270058 0.11686802 0
-649.35223 -54.139011 0.19941387 0
-627.68707 -54.112373 0.12676606 0
-627.11096 -54.191463 0.11259886 0
-649.9679 -54.006393 0.19957688 0
-649.85132 -54.015957 0.16524462 0
-649.74585 -54.023636 0.13746908 0
-649.64331 -54.047455 0.18167728 0
-649.54498 -54.047363 0.16636147 0
-649.44897 -54.050011 0.14629041 0
-649.34235 -54.034233 0.1577892 0
-649.24158 -54.034042 0.1213192 0
-649.10681 -54.023254 0.14272225 0
-635.9212 -54.046112 0.15463455 0
-649.91699 -53.987362 0.15955241 0
-649.76428 -53.990891 0.11364624 0
-649.09943 -53.955193 0.1727597 0
-627.66754 -53.957123 0.15899996 0
-627.62817 -53.863533 0.15312512 0
-635.84393 -53.60614 0.11067293 0
-635.44263 -53.649616 0.19571455 0
-635.95593 -53.516483 0.15019727 0
-635.51196 -53.494095 0.16843359 0
-648.14545 -52.458733 0.18850809 0
-635.55377 -52.264896 0.1631351 0
-635.47534 -52.243237 0.1627223 0
-635.84912 -52.189045 0.19647837 0
-635.73779 -52.149799 0.1416606 0
-635.84174 -52.032669 0.16457807 0
-635.8139 -51.991661 0.18594259 0
-635.80865 -51.885406 0.18935478 0
-635.87775 -51.780575 0.19089288 0
-648.159 -51.643528 0.10165692 0
-635.86542 -51.606937 0.18099266 0
-648.16644 -51.534382 0.15077507 0
-635.86462 -51.586227 0.17603266 0
-635.83765 -51.4589 0.13177934 0
-635.83167 -51.328613 0.16024178 0
-635.81738 -51.209408 0.14800809 0
-635.82202 -51.191978 0.12703793 0
-635.81488 -51.049873 0.11216225 0
-635.82251 -50.92992 0.10234849 0
-635.79095 -50.935833 0.15666328 0
-635.81787 -50.880264 0.1179989 0
-635.79272 -50.839149 0.12985396 0
-628.10748 -50.895164 0.10123835 0
-635.84576 -50.635391 0.13699716 0
-635.8349 -50.5233 0.12907398 0
-626.9751 -50.585789 0.10284758 0
-616.70178 -50.58926 0.17215012 0
-553.68689 -50.557331 0.13190234 0
-635.8028 -50.498211 0.10110284 0
-616.67554 -50.411304 0.14513528 0
-648.13849 -50.398254 0.12055579 0
-635.7818 -50.377895 0.17494987 0
-626.99286 -50.377819 0.11282431 0
-616.70715 -50.3815 0.17622171 0
-616.67084 -50.345974 0.15676601 0
-627.63123 -50.229092 0.15259703 0
-627.0069 -50.289993 0.10077285 0
-616.68878 -50.257988 0.12836289 0
-635.79108 -50.050179 0.18741746 0
-627.52112 -50.036304 0.14284177 0
-616.66614 -50.041954 0.16984445 0
-617.45856 -92.118645 0.28437915 0
-617.26801 -92.107239 0.26794213 0
-616.78741 -92.14753 0.21596698 0
-616.25671 -92.130821 0.24330689 0
-615.3056 -92.176399 0.21932761 0
-615.16663 -92.162399 0.21531332 0
-617.52386 -92.080276 0.2886714 0
-617.05731 -92.08239 0.29361701 0
-627.54926 -91.02401 0.21328506 0
-626.82672 -91.006363 0.28753027 0
-626.70667 -91.003769 0.28345293 0
-625.29163 -91.063881 0.27991793 0
-629.10925 -90.957214 0.24726993 0
-628.32495 -90.977386 0.22504933 0
-630.54822 -90.885002 0.27022341 0
-629.94824 -90.885674 0.25187138 0
-621.18939 -90.804413 0.27693495 0
-635.31 -90.744682 0.23140574 0
-632.99023 -90.789543 0.2819604 0
-620.51892 -90.782547 0.257866 0
-623.85394 -90.501747 0.22432394 0
-623.07928 -90.543365 0.21707721 0
-620.13629 -90.570068 0.27324638 0
-619.62372 -90.599648 0.25965807 0
-624.72119 -90.425919 0.24948853 0
-624.1701 -90.495796 0.22973514 0
-623.75751 -90.453613 0.22334346 0
-624.77246 -90.392334 0.25462541 0
-643.49902 -84.385582 0.25287727 0
-613.64374 -82.168114 0.22114874 0
-613.51013 -78.069153 0.28297657 0
-613.53082 -76.417633 0.23664992 0
-613.47083 -76.393387 0.27853057 0
-613.40204 -73.649284 0.25179464 0
-613.38599 -73.614075 0.23521878 0
-613.39276 -72.96077 0.27446193 0
-613.39362 -72.755302 0.26394323 0
-613.29865 -72.159439 0.26185706 0
-613.36633 -70.626518 0.24545604 0
-613.34375 -70.422401 0.22605734 0
-613.34503 -70.192268 0.20792431 0
-613.32397 -70.089226 0.28995803 0
-613.29712 -68.302811 0.28294393 0
-613.20447 -67.55365 0.24025284 0
-627.36377 -64.402779 0.28714505 0
-635.77264 -64.229164 0.20313203 0
-635.79749 -64.155746 0.23916225 0
-627.69171 -64.059296 0.27464473 0
-628.94592 -63.907059 0.27211878 0
-627.27814 -63.312668 0.23869012 0
-627.85419 -63.239735 0.20402259 0
-626.9657 -63.091812 0.25997928 0
-626.45465 -62.829449 0.27071616 0
-636.13788 -62.52808 0.21629483 0
-617.01892 -61.807865 0.22951287 0
-617.03851 -61.7654 0.23644531 0
-636.09015 -61.40028 0.29023054 0
-616.97192 -61.40612 0.28809854 0
-636.11365 -61.329365 0.24275844 0
-635.66693 -61.347832 0.22143145 0
-636.11847 -61.225269 0.27474302 0
-636.11768 -61.140442 0.26670814 0
-636.09637 -60.996078 0.25099602 0
-635.75415 -60.984684 0.29383332 0
-616.95587 -60.511536 0.23829268 0
-628.3515 -60.103222 0.24042951 0
-648.40918 -60.018143 0.20975672 0
-648.38507 -60.018337 0.24761887 0
-649.25494 -59.974384 0.21277763 0
-648.89331 -59.991463 0.24434869 0
-648.71014 -59.98642 0.23071688 0
-648.43188 -59.995995 0.26911634 0
-617.03101 -59.836361 0.29064545 0
-616.99548 -59.771744 0.29587117 0
-616.96997 -59.615562 0.20805945 0
-635.57202 -59.336819 0.2797868 0
-616.89355 -58.904449 0.25907773 0
-635.65826 -58.847576 0.29173928 0
-627.5188 -58.874241 0.29178983 0
-627.75555 -58.788136 0.22384891 0
-626.35779 -58.649799 0.24327639 0
-648.35278 -58.535275 0.2055362 0
-635.63165 -58.432697 0.24106438 0
-627.21698 -58.472794 0.25110611 0
-616.88342 -58.492199 0.21924695 0
-636.03906 -58.344208 0.23878847 0
-635.55188 -58.349102 0.26438507 0
-636.04492 -58.20171 0.2133206 0
-616.92023 -58.260231 0.22689745 0
-635.64227 -57.980801 0.28205395 0
-616.87085 -57.95578 0.22265676 0
-648.32111 -57.821041 0.23338535 0
-616.91125 -57.898521 0.26654586 0
-616.88721 -57.809769 0.29766762 0
-648.30896 -57.674232 0.24194628 0
-616.88995 -57.528019 0.26160681 0
-616.92377 -57.451778 0.28236589 0
-635.99438 -57.330185 0.24823208 0
-616.87585 -57.368408 0.25500301 0
-616.88751 -57.23254 0.23702839 0
-635.95483 -56.925041 0.2902219 0
-648.72186 -56.881557 0.29237494 0
-616.85254 -56.799465 0.22321935 0
-616.41919 -56.70871 0.24138384 0
-615.93689 -56.710468 0.24746819 0
-615.74536 -56.718666 0.22381395 0
-615.40186 -56.713718 0.25807232 0
-616.54199 -56.681599 0.27249545 0
-616.42743 -56.694424 0.29133764 0
-616.33594 -56.675217 0.28346172 0
-616.2594 -56.688332 0.27249297 0
-616.13678 -56.674976 0.29679263 0
-616.04553 -56.689381 0.24980846 0
-615.88611 -56.689571 0.29437229 0
-615.54425 -56.67992 0.29326928 0
-615.43652 -56.697525 0.26002383 0
-615.36963 -56.637695 0.2663177 0
-635.96686 -56.516033 0.27754825 0
-635.50745 -56.596165 0.29867071 0
-615.32886 -56.594902 0.28477651 0
-648.31134 -56.42947 0.27960256 0
-635.96576 -56.315594 0.27095154 0
-635.57544 -56.157482 0.27908269 0
-635.90039 -55.919762 0.28527761 0
-635.49054 -55.971878 0.25298718 0
-635.57178 -55.795635 0.24897642 0
-648.26923 -55.618172 0.23877242 0
-635.54492 -55.471645 0.23581217 0
-648.26636 -55.398117 0.25532669 0
-635.91467 -55.305832 0.22370303 0
-635.88708 -55.302998 0.22484875 0
-635.83966 -55.267189 0.25459826 0
-635.72125 -55.261055 0.23605385 0
-635.55255 -55.280285 0.24813774 0
-635.4895 -55.236172 0.26079956 0
-635.55701 -55.123745 0.25005943 0
-635.91541 -54.934429 0.2250545 0
-648.87213 -54.765808 0.24920037 0
-648.2583 -54.727345 0.29347965 0
-635.47937 -54.762367 0.27822098 0
-627.63092 -54.734417 0.27758211 0
-635.56195 -54.642845 0.24934119 0
-635.44543 -54.602448 0.27290112 0
-635.43799 -54.410549 0.25686595 0
-627.77484 -54.445831 0.20705673 0
-627.32092 -54.463383 0.22583632 0
-648.26929 -54.323048 0.21432298 0
-627.8924 -54.306606 0.2243513 0
-635.45154 -54.285744 0.24586207 0
-628.02856 -54.224804 0.23618469 0
-627.86957 -54.228531 0.25919649 0
-627.82697 -54.11945 0.21007562 0
-627.64514 -54.117599 0.25670749 0
-649.60968 -54.049751 0.2026377 0
-649.56488 -54.018631 0.22226441 0
-649.3504 -54.081921 0.21725212 0
-649.1095 -54.075302 0.22409499 0
-648.27795 -54.04884 0.28733343 0
-627.68622 -54.037426 0.24909003 0
-627.51373 -53.926727 0.23126502 0
-648.21405 -53.678673 0.2811684 0
-635.88678 -53.516727 0.21465655 0
-635.8822 -53.424381 0.27243176 0
-635.85162 -53.219238 0.25918671 0
-635.97174 -53.000961 0.24984929 0
-635.4552 -53.067566 0.23644537 0
-635.83679 -52.91114 0.26496199 0
-635.92963 -52.83062 0.24307853 0
-635.44995 -52.731495 0.29233587 0
-648.16724 -52.571037 0.23540503 0
-635.45361 -52.474327 0.22581455 0
-635.39191 -52.367523 0.22879772 0
-635.82727 -52.254173 0.26182207 0
-635.77734 -52.223183 0.22361153 0
-635.64423 -52.230438 0.24080609 0
-635.57709 -52.255768 0.22528076 0
-635.46729 -52.238251 0.25893614 0
-648.17297 -52.138817 0.21070237 0
-635.84509 -52.173023 0.25155783 0
-635.85162 -52.069489 0.29168218 0
-635.82263 -51.995121 0.21733536 0
-635.85834 -51.862972 0.2011659 0
-635.81189 -51.610126 0.28554848 0
-635.80188 -51.529072 0.2058755 0
-635.82501 -51.45266 0.26375216 0
-648.1286 -51.36116 0.20049678 0
-635.823 -51.359997 0.24898052 0
-635.82483 -51.256683 0.2645413 0
-616.68738 -51.255852 0.22328281 0
-648.13916 -51.193699 0.28342143 0
-635.82495 -51.129311 0.22701332 0
-635.80347 -51.086098 0.23826833 0
-616.73322 -51.077225 0.2663331 0
-635.80762 -50.956043 0.22786522 0
-616.69 -50.927189 0.25228241 0
-648.14697 -50.841003 0.23665023 0
-635.79681 -50.826683 0.21708266 0
-616.70184 -50.894157 0.28847656 0
-648.13049 -50.769032 0.20504828 0
-635.82269 -50.616741 0.24745844 0
-635.78198 -50.68795 0.22254205 0
-616.72186 -50.60828 0.28628886 0
-616.68463 -50.644783 0.23182008 0
-616.70844 -50.568466 0.21373504 0
-635.82416 -50.471428 0.24675679 0
-635.81714 -50.319641 0.2607584 0
-626.9259 -50.353943 0.22566351 0
-616.67096 -50.384552 0.21816534 0
-627.83044 -50.23159 0.29519901 0
-627.55865 -50.279495 0.28024626 0
-627.58563 -50.146793 0.25339592 0
-616.71558 -50.102314 0.26166028 0
-635.80664 -50.01844 0.2186805 0
-635.76184 -50.095715 0.27150887 0
-616.68073 -50.052551 0.20147166 0
-626.85229 -91.000793 0.36066556 0
-625.40991 -91.030609 0.37553152 0
-626.10693 -90.997818 0.32097888 0
-619.44739 -90.824333 0.35856581 0
-634.4483 -90.765762 0.35306183 0
-620.81445 -90.763382 0.37150151 0
-639.75787 -90.655037 0.33651283 0
-618.29199 -90.62793 0.30237669 0
-624.15192 -90.458763 0.34050477 0
-623.99084 -90.472847 0.3242394 0
-623.74603 -90.45665 0.395657 0
-623.34222 -90.459358 0.38027856 0
-643.46991 -87.501328 0.35028386 0
-643.60889 -87.455986 0.38791215 0
-613.60089 -79.097633 0.34762955 0
-613.51038 -76.62986 0.33827788 0
-613.50818 -76.588364 0.39218932 0
-613.45758 -75.274826 0.35003549 0
-613.45813 -75.003883 0.32930437 0
-613.46918 -74.989754 0.35612303 0
-613.42432 -73.01651 0.38309073 0
-613.38672 -72.839958 0.38155052 0
-613.4118 -72.616226 0.3716028 0
-613.23962 -67.432083 0.33672699 0
-635.82507 -66.275253 0.33956686 0
-627.59485 -63.875458 0.39187133 0
-627.28143 -63.854168 0.32293248 0
-626.83667 -63.764168 0.36915779 0
-628.53387 -63.647747 0.35995555 0
-627.26227 -63.69323 0.34590065 0
-626.42804 -63.059273 0.30475438 0
-636.16644 -62.494446 0.36858213 0
-617.02118 -62.438248 0.38297525 0
-617.02173 -61.891594 0.39455307 0
-616.99408 -61.535736 0.30730855 0
-635.68762 -61.412399 0.32471302 0
-636.1084 -61.302067 0.37375581 0
-635.78345 -61.353283 0.33063772 0
-617.01324 -61.283218 0.35041025 0
-635.74841 -61.198521 0.3236095 0
-616.98285 -60.584549 0.3880682 0
-616.97919 -60.35384 0.37864888 0
-616.94843 -60.268539 0.37205943 0
-616.99713 -60.109474 0.38177443 0
-648.82062 -60.030022 0.38746616 0
-648.75989 -60.012867 0.33306798 0
-635.67047 -60.060326 0.30601358 0
-649.25134 -59.975456 0.35070443 0
-648.57959 -59.99601 0.32771614 0
-616.91486 -59.909782 0.32296574 0
-631.56702 -59.837429 0.33012637 0
-616.95361 -59.744438 0.36046615 0
-616.92358 -59.68758 0.30646506 0
-636.03259 -59.592079 0.30493191 0
-616.91174 -59.544022 0.30331963 0
-616.94006 -59.32058 0.33039442 0
-628.20349 -59.038506 0.33311835 0
-628.14386 -58.934715 0.34841758 0
-627.87244 -58.988853 0.37677303 0
-627.76636 -58.913815 0.32999516 0
-627.64972 -58.912018 0.35382748 0
-627.56842 -58.942181 0.3810513 0
-616.89227 -58.910194 0.32852745 0
-627.67847 -58.848358 0.38206959 0
-627.34509 -58.854172 0.34133464 0
-616.91632 -58.87228 0.32173395 0
-626.53906 -58.749279 0.33532378 0
-626.48364 -58.77739 0.39054152 0
-616.94354 -58.734005 0.36426821 0
-635.62292 -58.633972 0.36204863 0
-616.90851 -58.588188 0.39241317 0
-616.89386 -58.563988 0.3866899 0
-627.15131 -58.443916 0.34799033 0
-616.92169 -58.494961 0.35432905 0
-635.99359 -58.327522 0.34919098 0
-627.1123 -58.398895 0.37973565 0
-616.89764 -58.384766 0.37914327 0
-616.87793 -58.23399 0.3265897 0
-616.93237 -58.196259 0.35074729 0
-616.92639 -58.000324 0.36248648 0
-616.87793 -57.96627 0.37557122 0
-635.60352 -57.632969 0.34559956 0
-616.88416 -57.597397 0.39389914 0
-616.87555 -57.454372 0.30942035 0
-648.33038 -57.389832 0.38681281 0
-635.59076 -57.386147 0.32461554 0
-616.87653 -57.338642 0.38868776 0
-648.35107 -57.233559 0.34485719 0
-616.92102 -57.29417 0.368126 0
-635.59021 -57.152798 0.30803981 0
-616.8667 -57.048409 0.34495312 0
-648.3233 -56.889614 0.32834998 0
-635.97345 -56.816513 0.38924903 0
-635.93213 -56.729256 0.32329565 0
-616.83441 -56.770866 0.34369111 0
-616.34064 -56.729233 0.3502464 0
-616.10052 -56.702351 0.31934759 0
-615.9256 -56.70079 0.32719564 0
-615.80212 -56.727303 0.35832715 0
-615.76868 -56.713226 0.32945681 0
-615.64685 -56.735939 0.36204651 0
-615.47693 -56.738396 0.35002071 0
-615.24738 -56.702152 0.36355394 0
-614.90399 -56.70385 0.31193566 0
-616.73389 -56.649784 0.30079916 0
-616.56274 -56.651981 0.33830285 0
-616.46698 -56.700001 0.34193826 0
-616.35699 -56.627491 0.37670428 0
-616.17493 -56.693996 0.33193108 0
-615.36218 -56.661556 0.3480314 0
-615.24286 -56.643536 0.31660345 0
-615.12427 -56.686657 0.30239478 0
-635.94733 -56.55085 0.38990062 0
-635.52667 -56.372631 0.33433312 0
-648.28333 -56.145805 0.33311844 0
-635.50873 -55.906681 0.35726315 0
-648.21301 -55.59491 0.36935863 0
-648.28125 -55.219681 0.37000215 0
-635.97925 -55.235096 0.33138919 0
-635.58502 -55.152676 0.30815452 0
-635.95093 -55.06633 0.39996281 0
-627.7149 -54.876953 0.38421607 0
-635.94855 -54.751205 0.35991579 0
-635.54883 -54.776356 0.35369048 0
-627.55096 -54.793056 0.3640078 0
-648.27838 -54.672474 0.39555347 0
-635.95251 -54.696472 0.35325372 0
-627.43231 -54.692642 0.37679896 0
-627.97516 -54.51368 0.33936125 0
-626.94647 -54.52449 0.31977856 0
-635.9361 -54.435246 0.32465899 0
-628.14691 -54.495068 0.33380476 0
-627.39661 -54.469036 0.37731007 0
-648.23358 -54.339989 0.3601982 0
-627.90759 -54.372952 0.31691802 0
-627.87531 -54.302353 0.3264074 0
-627.77307 -54.355675 0.32489014 0
-649.63434 -54.230129 0.3335835 0
-628.08142 -54.283348 0.33625233 0
-627.92572 -54.254921 0.37154847 0
-627.88245 -54.252419 0.39231306 0
-627.24902 -54.268593 0.35555589 0
-627.14301 -54.203255 0.38559979 0
-649.49969 -54.19788 0.33060488 0
-649.362 -54.177498 0.32660013 0
-635.49023 -54.151165 0.3653301 0
-627.88739 -54.198231 0.30844736 0
-648.1911 -54.018154 0.32954547 0
-635.91058 -54.079353 0.37078723 0
-648.22266 -53.973713 0.39762962 0
-635.45404 -53.779907 0.35451645 0
-635.39764 -53.706871 0.36559278 0
-627.72632 -53.791672 0.33672783 0
-649.62732 -53.637783 0.39398384 0
-649.56567 -53.621452 0.35369143 0
-649.41376 -53.669155 0.34699857 0
-649.26477 -53.607498 0.3910825 0
-649.16663 -53.63895 0.34349322 0
-649.09302 -53.608826 0.34832788 0
-648.9436 -53.636227 0.3569909 0
-648.83417 -53.634846 0.36827335 0
-648.65796 -53.613834 0.34005627 0
-635.57501 -53.657887 0.31571463 0
-649.91119 -53.570805 0.38566318 0
-649.8399 -53.552414 0.34190515 0
-649.77661 -53.561836 0.37216371 0
-649.68085 -53.577614 0.38991821 0
-649.54034 -53.561043 0.33640885 0
-649.44489 -53.584225 0.39082801 0
-649.15271 -53.553371 0.3589184 0
-648.74298 -53.598389 0.33489048 0
-648.68555 -53.58411 0.38088143 0
-635.84735 -53.560238 0.3423745 0
-635.47668 -53.573944 0.31939885 0
-648.20984 -53.481758 0.33064315 0
-635.91034 -53.49749 0.32270691 0
-635.5293 -53.481876 0.30987582 0
-648.20447 -53.303848 0.36998761 0
-635.85889 -53.34734 0.34300631 0
-635.86011 -53.242134 0.34424913 0
-635.58563 -53.213356 0.30780119 0
-635.61206 -53.137142 0.39637834 0
-635.4754 -53.144531 0.30494881 0
-635.86353 -53.068611 0.34510359 0
-648.18243 -52.719307 0.35324669 0
-635.45441 -52.550259 0.34848389 0
-635.77545 -52.246098 0.33714044 0
-635.67651 -52.235428 0.31625843 0
-635.45862 -52.256592 0.31481981 0
-553.72803 -52.242783 0.38144574 0
-635.83203 -52.17363 0.33830515 0
-648.16705 -52.080391 0.37663278 0
-635.836 -52.038586 0.32786807 0
-635.82977 -51.899025 0.31215379 0
-635.83374 -51.763977 0.30171877 0
-553.7074 -51.781898 0.39870635 0
-635.79987 -51.675297 0.38640925 0
-635.8197 -51.510548 0.35987836 0
-648.15356 -51.329258 0.35987854 0
-616.72125 -51.320496 0.3494491 0
-616.68579 -51.326977 0.385088 0
-616.73273 -51.269295 0.33582795 0
-635.83026 -51.174603 0.39777097 0
-616.71198 -51.186802 0.32226738 0
-616.70612 -51.087673 0.33187798 0
-635.92639 -50.932301 0.37408221 0
-635.79047 -50.754639 0.31876051 0
-616.72296 -50.753334 0.34580398 0
-616.67804 -50.610214 0.39990228 0
-635.92853 -50.531361 0.35941887 0
-616.69946 -50.480408 0.37648243 0
-627.64917 -50.311218 0.3540566 0
-616.67737 -50.349079 0.31515908 0
-635.80457 -50.283424 0.30304819 0
-635.7934 -50.229 0.31333488 0
-616.69836 -50.271381 0.33413875 0
-635.75195 -50.198898 0.33152264 0
-635.63342 -50.13097 0.31973723 0
-616.66949 -50.134377 0.34348178 0
-627.85431 -50.078156 0.31552744 0
-627.79883 -50.073334 0.30967954 0
-625.4726 -91.059319 0.42792827 0
-625.03815 -91.01165 0.43207312 0
-628.30847 -90.971878 0.49163464 0
-625.17761 -90.98542 0.40203294 0
-615.6145 -90.938683 0.4702819 0
-631.35303 -90.890526 0.43101558 0
-630.58942 -90.846161 0.48636773 0
-618.75616 -90.831612 0.48730737 0
-630.58936 -90.79776 0.4353424 0
-623.0564 -90.76062 0.4349432 0
-621.9032 -90.784958 0.4711681 0
-619.47565 -90.613701 0.44276872 0
-620.31055 -90.588264 0.49967816 0
-624.92242 -90.417358 0.41986433 0
-623.08612 -90.467651 0.42003959 0
-613.61755 -83.763275 0.49547923 0
-613.55127 -78.580215 0.4176507 0
-642.8205 -76.192467 0.40267438 0
-613.55005 -70.301971 0.49313015 0
-613.33685 -69.473145 0.45286351 0
-613.28552 -69.252869 0.48202121 0
-613.51996 -69.108589 0.46087909 0
-613.30463 -68.804405 0.44955924 0
-613.47327 -67.805847 0.43541008 0
-636.07642 -66.366364 0.41398364 0
-636.3252 -66.239487 0.4186489 0
-635.81183 -65.34993 0.46635464 0
-627.31958 -64.771057 0.49169928 0
-629.21643 -64.442322 0.43526 0
-627.34369 -64.43792 0.44113609 0
-635.71558 -64.328453 0.4313184 0
-628.18933 -64.338661 0.47306839 0
-627.65546 -63.93959 0.40001732 0
-628.53241 -63.878132 0.45481983 0
-626.94873 -63.757946 0.47110483 0
-628.1098 -63.607563 0.48481166 0
-627.30029 -63.691612 0.4140549 0
-635.77771 -63.407207 0.43801057 0
-635.72235 -63.202026 0.42569929 0
-627.2049 -63.230251 0.40227827 0
-627.58771 -63.029846 0.47049135 0
-635.7962 -62.935974 0.40839449 0
-626.38184 -62.913956 0.49006885 0
-635.85626 -62.819721 0.41471428 0
-617.03912 -62.682785 0.43290111 0
-627.40283 -62.588722 0.4005836 0
-617.0575 -62.565792 0.48897004 0
-617.02209 -61.942493 0.45613736 0
-616.95251 -61.817471 0.43798453 0
-635.75317 -61.690704 0.44978651 0
-616.91882 -61.668423 0.47968304 0
-635.71631 -61.400196 0.43963116 0
-635.72418 -61.384109 0.40829918 0
-616.98608 -61.204727 0.47517762 0
-636.06195 -61.044956 0.40313932 0
-616.98761 -61.081482 0.41596439 0
-635.86707 -60.904388 0.45032328 0
-636.08167 -60.818798 0.44619209 0
-616.98792 -60.835304 0.40208378 0
-635.65259 -60.759544 0.49944422 0
-636.03308 -60.559082 0.41017812 0
-635.66888 -60.568897 0.46561211 0
-616.94946 -60.50618 0.44805378 0
-636.02484 -60.422482 0.47768015 0
-616.96729 -60.425629 0.44397005 0
-636.08783 -60.241627 0.46304214 0
-616.96124 -60.086632 0.4047949 0
-635.67938 -59.884274 0.43448874 0
-635.65192 -59.516632 0.44753605 0
-636.06287 -59.427299 0.42650318 0
-635.64105 -59.325069 0.47949564 0
-616.90289 -59.253677 0.49722832 0
-627.87622 -59.119965 0.44653517 0
-627.79004 -59.161495 0.41915798 0
-635.65149 -59.041161 0.4202517 0
-627.81067 -59.048405 0.46709934 0
-648.30505 -58.998131 0.44992709 0
-627.95544 -58.900768 0.4041231 0
-616.93579 -58.980877 0.48657933 0
-635.59875 -58.846622 0.46748587 0
-627.6366 -58.88443 0.41580445 0
-627.56317 -58.886112 0.44622204 0
-616.89215 -58.89563 0.46429026 0
-636.17017 -58.768772 0.48802298 0
-627.42657 -58.710152 0.48053348 0
-627.15082 -58.614643 0.44347689 0
-635.61328 -58.581512 0.49899766 0
-627.15686 -58.516102 0.45393088 0
-616.93011 -58.579166 0.44947752 0
-616.8866 -58.508457 0.45214772 0
-627.13806 -58.461693 0.44844383 0
-616.95612 -58.499355 0.48641476 0
-635.97491 -58.32983 0.44608489 0
-635.79279 -58.384689 0.43810388 0
-635.63898 -58.318321 0.49840081 0
-627.20386 -58.314316 0.46892279 0
-616.80231 -58.344128 0.47759613 0
-616.78314 -58.322697 0.45166174 0
-635.63611 -58.281799 0.44195086 0
-616.91498 -58.138641 0.42475089 0
-635.63898 -58.097416 0.41814294 0
-627.59882 -58.025909 0.41592923 0
-616.89093 -58.042992 0.44036192 0
-648.34241 -57.895012 0.44540507 0
-635.99994 -57.830868 0.4143388 0
-617.03369 -57.841038 0.47969058 0
-616.92358 -57.760391 0.41905689 0
-616.86279 -57.745193 0.44931591 0
-635.98096 -57.646931 0.47910124 0
-635.68134 -57.634071 0.45072475 0
-635.59808 -57.65036 0.43874463 0
-616.84241 -57.399647 0.48640522 0
-616.85315 -57.166454 0.48259032 0
-648.3595 -57.00164 0.40693885 0
-635.57574 -57.034119 0.4628728 0
-635.98914 -56.923553 0.46299669 0
-648.2984 -56.707554 0.43798232 0
-616.84491 -56.746578 0.46436402 0
-616.31726 -56.702702 0.46475336 0
-616.19531 -56.710278 0.44229367 0
-616.05017 -56.714516 0.45509815 0
-615.98334 -56.714806 0.44941556 0
-615.85699 -56.715725 0.48034766 0
-615.65662 -56.714764 0.45233017 0
-648.29718 -56.662704 0.49577025 0
-616.81201 -56.689816 0.49668935 0
-616.76062 -56.666885 0.45372638 0
-616.56323 -56.688965 0.46031645 0
-616.45374 -56.688286 0.42994034 0
-616.35156 -56.695675 0.47384325 0
-616.24011 -56.654617 0.42728162 0
-615.70514 -56.681023 0.47051209 0
-615.43921 -56.656288 0.40221193 0
-615.33954 -56.644249 0.43428093 0
-615.13263 -56.628872 0.4284713 0
-648.34711 -56.312054 0.46867925 0
-636.0033 -56.272083 0.40024889 0
-635.93732 -55.955692 0.49799368 0
-635.5647 -55.874626 0.45416474 0
-648.21863 -55.781487 0.40200773 0
-635.7951 -55.286179 0.40887907 0
-635.55493 -55.243263 0.48097315 0
-635.93646 -55.152752 0.45948035 0
-627.63501 -55.119308 0.44215649 0
-627.56995 -55.134281 0.44455233 0
-635.48676 -55.014835 0.49238685 0
-627.59595 -54.945225 0.45035794 0
-635.75 -54.838558 0.48207533 0
-635.68933 -54.848221 0.48292854 0
-635.49646 -54.887653 0.48075646 0
-627.83777 -54.867577 0.43425822 0
-635.54828 -54.789429 0.47146052 0
-635.61328 -54.612125 0.48443902 0
-627.0592 -54.634449 0.40335241 0
-635.68091 -54.420403 0.46407872 0
-635.4903 -54.44191 0.47786146 0
-635.63977 -54.359512 0.4837355 0
-635.53253 -54.321918 0.45725283 0
-635.87585 -54.273415 0.48552656 0
-635.72357 -54.29805 0.48341623 0
-635.49915 -54.216698 0.49307263 0
-628.1153 -54.274052 0.46839967 0
-628.05231 -54.246773 0.41644913 0
-627.11182 -54.179581 0.44570079 0
-627.04126 -54.196667 0.44953728 0
-635.58899 -54.063137 0.45130482 0
-648.17462 -53.977051 0.47851077 0
-635.52997 -53.940304 0.43810597 0
-627.79156 -53.795059 0.40325654 0
-649.41254 -53.612488 0.49928442 0
-649.00677 -53.607681 0.41991606 0
-648.90936 -53.617805 0.45759442 0
-648.86542 -53.608418 0.47637883 0
-649.95087 -53.559719 0.43768835 0
-649.84326 -53.56749 0.40669429 0
-649.65796 -53.550007 0.46551302 0
-649.56702 -53.565704 0.43758142 0
-649.33728 -53.590183 0.41884553 0
-649.26514 -53.572868 0.43098187 0
-648.98145 -53.585983 0.43452966 0
-648.85925 -53.595306 0.44205245 0
-648.76782 -53.526817 0.49855465 0
-635.87787 -53.565006 0.42757371 0
-635.85956 -53.47401 0.40757298 0
-648.20288 -53.330368 0.46243894 0
-635.4649 -53.108917 0.46548986 0
-648.19073 -52.859158 0.46642086 0
-635.48334 -52.622074 0.44855461 0
-648.18097 -52.424976 0.41704339 0
-635.44525 -52.472893 0.43319431 0
-635.44037 -52.389511 0.42323643 0
-635.83643 -52.213406 0.44556099 0
-635.76685 -52.261032 0.43351364 0
-635.67822 -52.244301 0.46726429 0
-635.5686 -52.240063 0.45318681 0
-635.42981 -52.268021 0.45252448 0
-648.15405 -52.071941 0.49699146 0
-635.8324 -51.988312 0.45624641 0
-635.81097 -51.84351 0.46095112 0
-635.8446 -51.772316 0.43399435 0
-635.85767 -51.6478 0.47848433 0
-635.85419 -51.598789 0.47332698 0
-616.72192 -51.30447 0.40727532 0
-635.7984 -51.265247 0.48172405 0
-616.71332 -51.272678 0.48331887 0
-616.74811 -51.109371 0.42317772 0
-616.69391 -51.199848 0.4331249 0
-635.87646 -51.075626 0.4233402 0
-616.71893 -51.082096 0.44243413 0
-616.71503 -50.996895 0.47792426 0
-635.86829 -50.805538 0.41984323 0
-616.72015 -50.882885 0.43032709 0
-616.67474 -50.861183 0.43498224 0
-648.12927 -50.73399 0.49762234 0
-616.68036 -50.72805 0.40979046 0
-635.81696 -50.648205 0.44594646 0
-616.74005 -50.636311 0.43016464 0
-616.69647 -50.657635 0.42776588 0
-635.80365 -50.570759 0.41320097 0
-616.72266 -50.406132 0.43783569 0
-616.68707 -50.452412 0.44700015 0
-627.56665 -50.374203 0.4996644 0
-616.68665 -50.365791 0.47494859 0
-635.80109 -50.218609 0.48811206 0
-635.7915 -50.253632 0.45514959 0
-616.67596 -50.231277 0.49023637 0
-635.823 -50.136826 0.44885549 0
-616.6626 -50.123028 0.44799989 0
-616.67395 -50.031334 0.45291972 0
-617.35248 -92.100739 0.57918799 0
-617.18927 -92.111458 0.50587505 0
-615.93256 -92.14164 0.57952815 0
-615.68884 -92.150497 0.53136086 0
-615.57092 -92.16523 0.55392277 0
-615.43518 -92.16761 0.56349093 0
-614.7337 -92.16597 0.57061911 0
-628.12482 -91.009651 0.57364565 0
-625.27411 -91.076424 0.51908845 0
-629.82904 -90.924026 0.53268051 0
-629.7782 -90.918663 0.5345487 0
-621.23383 -90.785362 0.57337826 0
-618.41541 -90.625885 0.51834035 0
-643.54443 -90.566711 0.52872729 0
-620.37506 -90.543488 0.51058048 0
-620.05127 -90.549637 0.52934074 0
-624.59973 -90.444756 0.54385394 0
-624.10138 -90.451813 0.58529234 0
-623.45496 -90.444992 0.58096659 0
-623.32727 -90.473312 0.52268583 0
-623.18756 -90.481094 0.58948183 0
-613.74109 -83.250336 0.55156803 0
-613.68182 -83.162506 0.55310661 0
-613.59216 -79.884102 0.53128219 0
-643.10919 -78.400269 0.5784505 0
-613.61499 -71.279655 0.51541346 0
-627.2453 -64.585098 0.55287415 0
-627.40179 -64.008316 0.51973516 0
-627.73602 -63.920971 0.51719087 0
-629.02008 -63.807011 0.50327766 0
-635.72748 -63.790916 0.52096695 0
-627.78711 -63.27644 0.59034324 0
-627.16998 -62.900421 0.55927002 0
-626.427 -62.898968 0.52260286 0
-616.99365 -62.669418 0.51667309 0
-617.03345 -62.256554 0.54724151 0
-636.17029 -62.034901 0.50340378 0
-617.03174 -62.058178 0.59577096 0
-616.99805 -62.01622 0.54013652 0
-635.6778 -61.625816 0.54700792 0
-616.96722 -61.662266 0.54133922 0
-635.71631 -61.419888 0.50174183 0
-635.69293 -61.350636 0.55137485 0
-617.00458 -61.219437 0.51638263 0
-616.97614 -61.276112 0.54105967 0
-616.91583 -61.022354 0.53492105 0
-616.96552 -60.918713 0.5854314 0
-616.9613 -60.726757 0.58454263 0
-616.94568 -60.510853 0.57692206 0
-616.95514 -60.332848 0.58446729 0
-616.9361 -60.18684 0.54304278 0
-635.63763 -59.928246 0.53000772 0
-635.62744 -59.737148 0.5438742 0
-616.9342 -59.707581 0.52795666 0
-616.90381 -59.618069 0.55361551 0
-616.91937 -59.580143 0.52024341 0
-635.62738 -59.388672 0.55423003 0
-616.96436 -59.264519 0.53724843 0
-616.88708 -59.256634 0.50795853 0
-627.84003 -59.123077 0.53246927 0
-648.38403 -59.015968 0.56327772 0
-628.35785 -59.08131 0.54057968 0
-627.84253 -59.084793 0.5228793 0
-616.91431 -59.011898 0.55370873 0
-628.17798 -58.968399 0.55868077 0
-627.927 -58.905312 0.5539844 0
-628.29437 -58.831886 0.53727579 0
-627.9483 -58.872765 0.57802838 0
-627.59778 -58.892105 0.51035577 0
-627.45972 -58.872162 0.55182612 0
-616.88373 -58.841885 0.50380617 0
-627.54077 -58.783489 0.59011072 0
-627.3681 -58.746677 0.53475171 0
-627.26526 -58.657948 0.5561139 0
-616.92688 -58.62468 0.51050615 0
-627.23303 -58.525185 0.52387601 0
-636.03894 -58.323925 0.56320918 0
-635.67261 -58.299309 0.50194955 0
-635.57166 -58.161129 0.51809233 0
-627.24506 -58.194412 0.53524166 0
-635.78217 -57.823452 0.59818953 0
-635.55035 -57.878407 0.58904409 0
-648.3418 -57.622231 0.51773715 0
-635.56421 -57.52528 0.55979109 0
-616.89075 -57.571262 0.51538491 0
-635.58374 -57.42992 0.52283031 0
-648.30933 -57.330269 0.55233753 0
-616.82898 -57.328415 0.55575049 0
-616.88776 -57.082264 0.56623948 0
-635.49603 -56.820602 0.56553131 0
-616.85223 -56.743664 0.55655956 0
-616.51813 -56.704182 0.51297778 0
-616.44989 -56.702538 0.50000453 0
-616.23462 -56.709499 0.5237965 0
-616.04681 -56.707844 0.50132328 0
-615.95135 -56.718342 0.52830034 0
-615.84735 -56.718941 0.58981895 0
-615.54144 -56.724548 0.57016718 0
-615.35327 -56.727703 0.5600298 0
-615.25171 -56.730309 0.54311419 0
-615.07526 -56.745033 0.55047011 0
-616.70752 -56.670921 0.51810181 0
-616.62384 -56.691063 0.59937769 0
-616.56097 -56.688484 0.51381046 0
-616.31854 -56.666183 0.56461453 0
-616.2594 -56.683121 0.53190207 0
-616.18384 -56.698006 0.50945193 0
-615.77209 -56.696388 0.55272877 0
-614.98938 -56.647053 0.52200645 0
-614.89728 -56.642887 0.55814797 0
-635.55634 -56.055706 0.56173652 0
-635.95459 -55.911736 0.51047724 0
-635.67773 -55.952381 0.54232794 0
-648.26093 -55.25993 0.55048472 0
-635.52094 -55.293968 0.57206947 0
-648.26282 -55.131447 0.54136926 0
-635.56323 -55.187195 0.50250125 0
-635.48145 -55.016602 0.52635646 0
-635.50775 -54.860744 0.51901346 0
-635.89453 -54.61668 0.50215483 0
-627.46851 -54.692131 0.55846703 0
-627.01477 -54.624393 0.56975389 0
-626.96625 -54.631954 0.57159853 0
-635.45508 -54.512039 0.56865185 0
-635.47833 -54.42244 0.51339138 0
-627.69885 -54.456596 0.59473294 0
-648.23138 -54.32386 0.51433766 0
-635.4801 -54.347446 0.50312454 0
-635.5022 -54.286465 0.50343859 0
-648.23285 -54.199406 0.57362014 0
-635.48248 -53.973034 0.51305646 0
-627.76312 -53.936188 0.51164371 0
-627.74426 -53.834103 0.54531533 0
-649.98657 -53.547485 0.52071697 0
-649.71759 -53.518349 0.54216504 0
-649.65741 -53.535458 0.52350664 0
-649.52911 -53.520832 0.52244848 0
-649.4339 -53.532185 0.52862906 0
-649.33075 -53.554497 0.54970485 0
-649.24371 -53.548756 0.55433303 0
-649.01746 -53.515198 0.50099868 0
-648.95435 -53.542068 0.57704115 0
-648.76923 -53.581554 0.50234163 0
-648.67108 -53.538101 0.57447213 0
-635.82208 -53.52581 0.54085648 0
-635.68146 -53.501953 0.50242603 0
-635.45868 -53.32349 0.54326278 0
-635.43768 -53.180603 0.55637616 0
-648.21088 -52.874889 0.56780982 0
-635.41626 -52.868156 0.58833331 0
-648.13031 -52.411919 0.53059632 0
-648.16913 -52.314804 0.57555211 0
-648.17853 -52.259228 0.59442061 0
-635.86426 -52.221302 0.56759375 0
-635.69568 -52.234783 0.59502059 0
-635.96997 -52.050407 0.50759757 0
-635.85785 -52.058014 0.50475204 0
-635.84326 -51.833519 0.589701 0
-553.76324 -51.504555 0.57717425 0
-635.81586 -51.376755 0.53188622 0
-616.72986 -51.232712 0.56551307 0
-616.70514 -51.129868 0.5760411 0
-648.11938 -51.033062 0.53229994 0
-635.80908 -51.062313 0.53647375 0
-616.69751 -51.056782 0.58039761 0
-616.71716 -50.992973 0.54152811 0
-616.6991 -50.88987 0.5754953 0
-616.69153 -50.759636 0.53539741 0
-635.8009 -50.60556 0.52079344 0
-616.70471 -50.68959 0.54723883 0
-616.68182 -50.690727 0.5054478 0
-616.73737 -50.589645 0.56299257 0
-616.68774 -50.562771 0.58965236 0
-635.80469 -50.407917 0.51097983 0
-635.79089 -50.342377 0.54182422 0
-627.66522 -50.37645 0.52041006 0
-627.56305 -50.324383 0.50102895 0
-635.77423 -50.27261 0.52965766 0
-616.67969 -50.213963 0.53784078 0
-616.67468 -50.17688 0.5492658 0
-617.17072 -92.094803 0.6205067 0
-630.07794 -90.918823 0.68826973 0
-629.92889 -90.926682 0.68477845 0
-629.06879 -90.957138 0.66490036 0
-628.49707 -90.952911 0.66451246 0
-627.56366 -90.949959 0.62171239 0
-618.54266 -90.841408 0.67356122 0
-634.3255 -90.789421 0.64100057 0
-636.08728 -90.699257 0.65061855 0
-618.25958 -90.62204 0.67766047 0
-623.8327 -90.469521 0.60837293 0
-623.54834 -90.487724 0.63283092 0
-623.47473 -90.47612 0.66802484 0
-623.32263 -90.459282 0.62392431 0
-628.56671 -64.039642 0.61404335 0
-628.48492 -63.955368 0.64771932 0
-628.56097 -63.66917 0.60268039 0
-627.16589 -63.652496 0.60332125 0
-628.49225 -63.442455 0.66302407 0
-628.07196 -63.224979 0.68867409 0
-617.03534 -62.57325 0.64722615 0
-616.95953 -62.580872 0.6038695 0
-636.13147 -62.259151 0.6178996 0
-616.99438 -62.098194 0.64207059 0
-617.01013 -61.509354 0.60899198 0
-635.64752 -61.442978 0.65451038 0
-636.02258 -61.337418 0.64374459 0
-616.97198 -61.139832 0.61939871 0
-616.98108 -61.0751 0.62052238 0
-616.99921 -60.270058 0.68404782 0
-616.97375 -59.788994 0.60543776 0
-635.64111 -59.280338 0.63337892 0
-627.81134 -59.203583 0.63489544 0
-616.90918 -59.291 0.67577547 0
-627.82343 -59.169258 0.618325 0
-627.33472 -59.039257 0.61084777 0
-616.95392 -59.076649 0.68904197 0
-616.948 -58.956203 0.6408608 0
-616.89008 -58.976383 0.62359244 0
-627.92841 -58.818264 0.64740515 0
-627.10016 -58.889668 0.67149913 0
-627.15454 -58.71661 0.64416724 0
-616.89478 -58.455143 0.64922285 0
-635.69806 -58.349968 0.69245315 0
-616.87909 -58.313824 0.65676582 0
-635.74591 -58.292751 0.64094716 0
-635.56335 -58.265579 0.62215841 0
-648.34076 -58.012352 0.68766415 0
-648.32324 -57.772629 0.63316268 0
-635.54846 -57.480999 0.63490611 0
-616.84753 -57.499771 0.64920467 0
-635.56708 -57.147861 0.63089681 0
-616.8465 -57.196911 0.68431944 0
-616.88165 -57.008511 0.69265497 0
-635.57361 -56.904026 0.60561025 0
-616.83691 -56.871872 0.6427592 0
-616.84119 -56.728153 0.69904095 0
-616.54889 -56.719425 0.62222642 0
-616.21515 -56.705666 0.67730498 0
-616.039 -56.745064 0.66305768 0
-615.87506 -56.714237 0.68279982 0
-615.4823 -56.719429 0.63300902 0
-615.32471 -56.704643 0.63691276 0
-615.15503 -56.737389 0.6921131 0
-635.97791 -56.649979 0.67868382 0
-616.76141 -56.682095 0.64001471 0
-616.67786 -56.685738 0.65898752 0
-616.25488 -56.695045 0.66336405 0
-616.14429 -56.690628 0.64162445 0
-616.0719 -56.655102 0.64215213 0
-615.94244 -56.689148 0.65839034 0
-615.86047 -56.691689 0.65700179 0
-615.63293 -56.67741 0.66665637 0
-635.52533 -56.462215 0.63434035 0
-635.95477 -56.32901 0.64054662 0
-635.50861 -56.186035 0.6009807 0
-636.03467 -55.811596 0.68238622 0
-635.56519 -55.786293 0.63307244 0
-635.46533 -55.433891 0.64645582 0
-648.26001 -55.398849 0.66366965 0
-635.50043 -55.365719 0.6078741 0
-635.60583 -55.260841 0.68234724 0
-627.56342 -55.226147 0.69134575 0
-635.50085 -55.109116 0.62642652 0
-627.57788 -55.182487 0.67611229 0
-627.27698 -54.755497 0.6284157 0
-626.96454 -54.606285 0.61204964 0
-627.70294 -54.500443 0.65313572 0
-626.98425 -54.57119 0.60633838 0
-648.23657 -54.405811 0.60969889 0
-635.47174 -54.479382 0.66159004 0
-627.69781 -54.411392 0.67385077 0
-648.19452 -54.228382 0.69482195 0
-628.02106 -54.257896 0.66561943 0
-635.47815 -54.19836 0.63442194 0
-628.00562 -54.18631 0.61224824 0
-627.84619 -53.965309 0.62017953 0
-648.21106 -53.883366 0.64034951 0
-631.52844 -53.844337 0.61730111 0
-553.80359 -53.678738 0.68009084 0
-635.42773 -53.561226 0.62724411 0
-649.83942 -53.481274 0.61194503 0
-635.42444 -53.468544 0.61425573 0
-635.4754 -53.281704 0.60896307 0
-648.22864 -52.936428 0.60812122 0
-635.87274 -52.796726 0.63115788 0
-648.18652 -52.614151 0.68139422 0
-648.17944 -52.580086 0.69762194 0
-635.74225 -52.536686 0.66620606 0
-648.15228 -52.232132 0.69198346 0
-635.84442 -52.208973 0.67805189 0
-635.72144 -52.238091 0.62881809 0
-635.54553 -52.238697 0.64096177 0
-635.47809 -52.241913 0.62104291 0
-635.82721 -52.149448 0.66268384 0
-635.90442 -52.052822 0.62223572 0
-635.82312 -52.058601 0.60095513 0
-635.89038 -51.946556 0.61864841 0
-648.13763 -51.719952 0.62561762 0
-635.8233 -51.615555 0.61818743 0
-635.82483 -51.567719 0.66805017 0
-635.81592 -51.438698 0.62655509 0
-635.88409 -51.307129 0.68265021 0
-616.72052 -51.344311 0.65025854 0
-648.12091 -51.245018 0.63540208 0
-635.78821 -51.262054 0.68493605 0
-616.72174 -51.257465 0.68337315 0
-648.14563 -51.164436 0.61716712 0
-635.8103 -51.145668 0.64150321 0
-616.70496 -51.081703 0.60354894 0
-616.73633 -50.968197 0.61068994 0
-616.67749 -50.917805 0.66456109 0
-635.81677 -50.872776 0.66730678 0
-635.76031 -50.710434 0.60567212 0
-616.72223 -50.746288 0.64493126 0
-635.79559 -50.609241 0.6116702 0
-616.72058 -50.612415 0.65269339 0
-648.13159 -50.525719 0.60181504 0
-616.69324 -50.537144 0.66784912 0
-635.73779 -50.425743 0.66469693 0
-635.80078 -50.393684 0.67369533 0
-627.64771 -50.352356 0.6391384 0
-616.67462 -50.379715 0.68005735 0
-635.78674 -50.291866 0.67961752 0
-616.69415 -50.250126 0.69807011 0
-635.75592 -50.181835 0.63368654 0
-616.7052 -50.144783 0.6382519 0
-616.67181 -50.152428 0.6270175 0
-635.78003 -50.036736 0.67805606 0
-627.54083 -50.026737 0.69192845 0
-616.66949 -50.01725 0.66211557 0
-626.62195 -91.009918 0.7565273 0
-633.97211 -90.804413 0.7771163 0
-630.70538 -90.830963 0.70459664 0
-619.06262 -90.826477 0.7301535 0
-621.146 -90.773575 0.79361343 0
-619.32019 -90.786774 0.74184233 0
-639.8277 -90.645653 0.7420426 0
-638.63715 -90.637672 0.7809267 0
-638.51569 -90.688477 0.78564197 0
-638.36353 -90.689507 0.79249233 0
-636.76666 -90.660286 0.75175589 0
-620.29199 -90.661484 0.75598615 0
-620.14081 -90.57077 0.78680271 0
-624.70721 -90.414757 0.74530655 0
-624.6792 -90.447426 0.7144326 0
-624.32654 -90.447754 0.77113265 0
-623.95605 -90.467834 0.7125544 0
-623.84241 -90.459854 0.7594434 0
-623.75671 -90.480202 0.7401377 0
-623.6391 -90.489792 0.71738064 0
-643.3028 -87.565269 0.7775017 0
-643.21277 -73.285507 0.72537529 0
-636.16003 -65.898941 0.76991731 0
-628.18884 -64.453926 0.71911067 0
-627.64441 -64.064331 0.72334844 0
-627.78387 -63.748421 0.73951602 0
-627.09821 -63.724949 0.79010773 0
-617.03583 -62.698181 0.72588342 0
-617.01917 -62.462559 0.70491987 0
-616.97986 -62.214306 0.7944786 0
-636.16931 -62.115749 0.78366721 0
-616.95819 -61.878677 0.7615217 0
-636.03564 -61.314629 0.75732028 0
-635.98724 -61.366344 0.71669829 0
-635.92542 -61.269985 0.71773934 0
-635.81842 -61.293922 0.71373445 0
-616.95898 -60.561199 0.79403973 0
-616.92303 -60.331036 0.79374146 0
-648.50214 -60.027393 0.77805537 0
-648.37201 -60.008427 0.78327847 0
-616.927 -59.609314 0.78691852 0
-627.75079 -59.258812 0.70851082 0
-636.07355 -59.164604 0.75744128 0
-627.84131 -59.191948 0.76204455 0
-627.97125 -58.843655 0.72220135 0
-616.93604 -58.570969 0.72071773 0
-636.00891 -58.309563 0.76597172 0
-635.7959 -58.341087 0.77661693 0
-635.67126 -58.348667 0.76640683 0
-635.57446 -58.327599 0.73166656 0
-635.93787 -57.957508 0.70761138 0
-616.87915 -57.933872 0.73198903 0
-616.90649 -57.75201 0.75315934 0
-616.88092 -57.670525 0.70514917 0
-616.85114 -57.231033 0.75939244 0
-616.87415 -57.046928 0.72963083 0
-616.83801 -56.824799 0.76486105 0
-616.33655 -56.708961 0.74974531 0
-616.15564 -56.709568 0.77920616 0
-616.01965 -56.711544 0.72335052 0
-615.75317 -56.719513 0.783683 0
-615.25122 -56.702919 0.74819607 0
-615.13239 -56.720802 0.76579171 0
-615.06653 -56.711197 0.74665993 0
-614.98132 -56.712162 0.74848431 0
-616.72498 -56.664009 0.71024102 0
-616.64941 -56.653385 0.72087455 0
-616.56476 -56.676289 0.75444454 0
-616.45471 -56.672668 0.72177607 0
-616.38306 -56.697964 0.75711298 0
-636.00488 -56.435547 0.77758843 0
-648.29913 -56.347454 0.72896391 0
-635.922 -56.323128 0.74744898 0
-648.28479 -56.279114 0.75992006 0
-648.26843 -55.589691 0.77838326 0
-648.2027 -55.353729 0.7568624 0
-635.89258 -55.315643 0.79448158 0
-635.7627 -55.315205 0.77765363 0
-648.21002 -55.233192 0.71397132 0
-635.92584 -55.230579 0.75504607 0
-635.84717 -55.265263 0.73995 0
-635.74634 -55.272049 0.7365846 0
-635.6286 -55.27887 0.74263644 0
-627.51221 -55.214924 0.70031387 0
-627.59521 -55.183193 0.75558227 0
-648.26062 -55.048397 0.7037431 0
-635.93866 -54.942509 0.79856247 0
-627.23999 -54.729782 0.75476307 0
-627.24146 -54.635254 0.76603067 0
-627.63458 -54.524654 0.7147674 0
-627.72296 -54.480602 0.7149123 0
-648.23273 -53.328815 0.70260698 0
-648.18341 -53.099453 0.75523102 0
-635.42358 -52.3727 0.70888001 0
-553.74152 -52.385651 0.7085247 0
-635.8219 -52.244965 0.76522803 0
-635.76727 -52.243732 0.73931038 0
-635.60272 -52.248623 0.76713991 0
-635.53436 -52.248981 0.74871331 0
-635.47015 -52.266243 0.76308304 0
-648.18146 -52.188854 0.74867737 0
-635.83911 -52.060318 0.78886569 0
-635.82684 -51.928841 0.7400316 0
-635.8446 -51.87862 0.73738915 0
-635.81635 -51.761822 0.71796137 0
-635.80353 -51.677029 0.7365911 0
-635.82867 -51.440865 0.79456109 0
-635.78674 -51.356918 0.77524483 0
-631.39954 -51.370556 0.73622119 0
-648.12915 -51.202068 0.75464827 0
-635.784 -51.203243 0.78806096 0
-553.76447 -51.235767 0.74850857 0
-635.80029 -51.154537 0.74910557 0
-635.81268 -51.051285 0.79663831 0
-648.14044 -50.940868 0.71858442 0
-635.77338 -50.90221 0.78448153 0
-635.81189 -50.848061 0.74858683 0
-635.82074 -50.721741 0.79871523 0
-616.68921 -50.792809 0.72816628 0
-648.12012 -50.590309 0.75315416 0
-635.80182 -50.57563 0.73169899 0
-616.72614 -50.541622 0.73412639 0
-627.67822 -50.436771 0.70569122 0
-627.51294 -50.335857 0.72215569 0
-627.47601 -50.332775 0.76973677 0
-616.67834 -50.332001 0.78234309 0
-635.7843 -50.231834 0.71242344 0
-635.77869 -50.156528 0.70791048 0
-616.65747 -50.171612 0.7654478 0
-616.65814 -50.061012 0.75714034 0
-614.38538 -92.267097 0.80161899 0
-625.30817 -91.112282 0.85013044 0
-626.80316 -91.014435 0.85431421 0
-626.75623 -91.002281 0.89500427 0
-625.30316 -91.058792 0.82296056 0
-625.02722 -91.07856 0.86531824 0
-628.80774 -90.960342 0.8916893 0
-628.65381 -90.975197 0.8858723 0
-628.50232 -90.959602 0.87584692 0
-628.30939 -90.910927 0.87755287 0
-619.30127 -90.842125 0.8157565 0
-638.07288 -90.709045 0.80031586 0
-634.51172 -90.783249 0.86348784 0
-620.52997 -90.77758 0.82255727 0
-619.49939 -90.792488 0.89039159 0
-639.7074 -90.636482 0.89737225 0
-637.8808 -90.696739 0.88001221 0
-636.80792 -90.69928 0.84517521 0
-617.92029 -90.651382 0.88443601 0
-619.71338 -90.588509 0.81781489 0
-619.68573 -90.569221 0.84596586 0
-624.74237 -90.412727 0.88073862 0
-624.34552 -90.457268 0.89052415 0
-624.16254 -90.458725 0.83594286 0
-623.86151 -90.485054 0.86287808 0
-623.79224 -90.463242 0.84752953 0
-623.18591 -90.471489 0.81716746 0
-643.56677 -89.560158 0.83745223 0
-636.25897 -65.820915 0.86161143 0
-636.16949 -63.569111 0.88718563 0
-628.5647 -63.594578 0.80715841 0
-636.09399 -62.612015 0.84117347 0
-636.13049 -62.562119 0.83275092 0
-636.12225 -61.360771 0.84965712 0
-636.08978 -61.326 0.89287573 0
-636.10504 -60.909012 0.85372305 0
-636.08887 -60.779579 0.83868104 0
-636.02185 -59.364021 0.83198297 0
-616.90558 -59.226265 0.84453565 0
-628.4585 -59.044067 0.86034191 0
-627.2113 -58.966599 0.87465954 0
-627.01349 -58.610016 0.84474069 0
-635.7226 -58.535892 0.80061662 0
-628.00891 -58.591953 0.86294013 0
-616.95642 -58.499905 0.81478506 0
-635.86835 -58.342602 0.84241766 0
-635.79718 -58.386276 0.89718676 0
-635.63855 -58.326633 0.81508917 0
-635.78442 -58.251011 0.84625494 0
-635.97931 -58.19791 0.87088066 0
-635.97681 -57.933567 0.84399164 0
-616.86688 -57.741951 0.86548632 0
-616.87347 -57.230812 0.82125252 0
-616.85785 -56.963074 0.8000558 0
-635.94836 -56.623241 0.89219481 0
-616.82208 -56.634254 0.89909244 0
-616.75714 -56.678062 0.80580813 0
-616.25177 -56.647251 0.82334602 0
-615.9563 -56.669903 0.88874799 0
-615.88562 -56.674877 0.83653253 0
-615.7113 -56.682129 0.88546258 0
-615.5094 -56.666405 0.87979174 0
-635.94379 -56.562359 0.83252633 0
-614.77289 -56.466618 0.82442415 0
-635.94647 -56.297413 0.89111286 0
-648.27728 -56.031525 0.83024991 0
-635.9068 -56.038387 0.84746349 0
-648.25824 -55.46022 0.83051503 0
-635.84381 -55.316563 0.84096247 0
-635.50482 -55.386063 0.89749736 0
-635.79755 -55.277172 0.82802469 0
-635.5918 -55.280872 0.83787525 0
-635.89813 -54.717468 0.87882471 0
-627.23468 -54.753601 0.80274963 0
-648.20624 -54.221779 0.86955148 0
-648.24451 -53.985725 0.86374867 0
-648.16577 -53.87101 0.83797765 0
-648.18671 -53.70639 0.86277354 0
-648.20306 -53.485512 0.8243382 0
-635.85883 -53.469833 0.82573003 0
-635.84943 -53.344269 0.88082027 0
-635.85748 -52.957462 0.84201992 0
-648.20752 -52.330891 0.88739383 0
-635.41534 -52.39579 0.89799678 0
-635.39136 -52.315578 0.81773823 0
-553.5434 -52.303841 0.88000166 0
-648.11908 -52.203339 0.82909334 0
-635.83667 -52.234779 0.83830595 0
-635.74664 -52.28326 0.87679899 0
-635.69812 -52.243416 0.86730307 0
-635.53033 -52.249657 0.8423872 0
-635.43506 -52.282116 0.82053465 0
-635.38885 -52.169018 0.85971349 0
-635.84772 -52.067448 0.86572379 0
-648.16632 -51.987358 0.84976214 0
-635.81519 -51.923183 0.85453689 0
-635.84814 -51.752388 0.85710895 0
-635.85828 -51.647942 0.84683609 0
-635.8244 -51.457142 0.87374282 0
-648.15448 -51.380272 0.84339827 0
-635.81396 -51.263157 0.85096759 0
-616.74939 -51.175743 0.8074109 0
-616.6925 -51.117847 0.86079484 0
-553.64166 -51.196209 0.80794972 0
-648.12958 -51.039608 0.89058614 0
-635.8703 -51.075089 0.88854545 0
-616.68182 -51.052597 0.86931068 0
-635.78223 -50.948292 0.83518648 0
-616.68927 -50.912312 0.83314198 0
-635.83545 -50.827263 0.86366421 0
-635.82294 -50.730164 0.8940767 0
-635.77576 -50.742973 0.8534863 0
-616.6839 -50.766407 0.83167535 0
-553.7312 -50.744152 0.8331297 0
-616.67767 -50.646141 0.86364526 0
-627.77728 -50.516102 0.89751911 0
-627.69958 -50.52351 0.8394174 0
-616.68738 -50.553177 0.84446329 0
-553.70453 -50.523376 0.8706733 0
-635.82715 -50.411011 0.87210298 0
-627.64697 -50.457623 0.86877996 0
-648.13184 -50.36578 0.83710021 0
-627.51538 -50.353123 0.87574697 0
-616.72406 -50.301617 0.88622534 0
-616.67047 -50.33786 0.80971634 0
-553.65839 -50.340244 0.86491269 0
-635.75671 -50.270298 0.84116846 0
-616.70721 -50.213078 0.86855668 0
-616.66681 -50.291454 0.80986071 0
-635.7569 -50.153107 0.8448903 0
-616.66382 -50.116669 0.89579529 0
-635.7583 -50.034584 0.88907814 0
-616.65125 -50.061249 0.84411675 0
-627.61414 -91.001213 0.96052706 0
-625.992 -91.047562 0.92929846 0
-628.94989 -90.931625 0.90197277 0
-628.33795 -90.964439 0.98856735 0
-627.85828 -90.979713 0.98050535 0
-632.16919 -90.854927 0.98105246 0
-630.18042 -90.882988 0.96757162 0
-636.10571 -90.729942 0.98578256 0
-622.72601 -90.711418 0.97543377 0
-620.58539 -90.775398 0.9383148 0
-639.74194 -90.618073 0.98101431 0
-617.83734 -90.63166 0.92036563 0
-620.32477 -90.582176 0.92816061 0
-620.14069 -90.553452 0.91850942 0
-619.93756 -90.559235 0.97134966 0
-619.56799 -90.558647 0.9601438 0
-624.62604 -90.440865 0.96215349 0
-624.54578 -90.409035 0.99172294 0
-624.48376 -90.446182 0.92582107 0
-623.65369 -90.43959 0.93015212 0
-623.19598 -90.412941 0.90046698 0
-643.19067 -87.489212 0.99211276 0
-643.2995 -84.540123 0.96624267 0
-636.18951 -65.899048 0.96355772 0
-627.80426 -64.321632 0.91027176 0
-627.72864 -64.145798 0.91754133 0
-627.8125 -63.727425 0.92468065 0
-636.16394 -63.560158 0.91421694 0
-636.14197 -61.337971 0.92941076 0
-636.03827 -61.35173 0.91408205 0
-635.9776 -59.579998 0.9664728 0
-636.03094 -59.45628 0.93704414 0
-627.70209 -59.365803 0.98163694 0
-635.9566 -59.021587 0.91505378 0
-636.06927 -58.892967 0.96503609 0
-628.01636 -58.784889 0.95527053 0
-626.98267 -58.704391 0.91179341 0
-626.96356 -58.585407 0.90285218 0
-636.01062 -58.328896 0.93081343 0
-635.94635 -58.318432 0.94628662 0
-635.63776 -58.342175 0.91251391 0
-635.57568 -58.330978 0.9546504 0
-635.76447 -58.279247 0.90671074 0
-635.98828 -57.210693 0.97424608 0
-635.90814 -56.626431 0.94628602 0
-616.35449 -56.638844 0.91250741 0
-616.27936 -56.696575 0.90108174 0
-615.85144 -56.668545 0.99318647 0
-615.41803 -56.648109 0.9848876 0
-635.96204 -56.559116 0.92618257 0
-553.82281 -55.840343 0.91742373 0
-635.85516 -55.264172 0.94051111 0
-635.75824 -55.261845 0.95579541 0
-635.651 -55.259163 0.96072394 0
-635.55457 -55.274715 0.95994049 0
-635.96265 -55.126804 0.98847294 0
-648.23425 -54.761253 0.95516473 0
-648.19611 -54.723286 0.9510231 0
-648.25891 -54.402847 0.96091169 0
-648.1814 -54.477043 0.96907771 0
-631.52155 -54.478745 0.93699765 0
-635.91846 -53.97744 0.9874143 0
-635.86389 -53.6371 0.95046413 0
-635.90869 -53.585808 0.96144068 0
-635.86243 -53.544872 0.95195746 0
-648.20862 -53.49942 0.9087345 0
-635.83411 -53.272556 0.91238999 0
-635.83258 -53.176533 0.97526586 0
-635.83783 -53.037464 0.9742108 0
-635.87482 -52.98196 0.93265027 0
-648.23059 -52.735115 0.93669528 0
-635.44067 -52.321461 0.96965551 0
-648.15576 -52.23563 0.97610247 0
-635.83252 -52.248024 0.97722363 0
-635.74628 -52.261307 0.94656444 0
-635.672 -52.247318 0.98013556 0
-635.52649 -52.254593 0.95531094 0
-635.43433 -52.260742 0.97020817 0
-635.8313 -52.145035 0.97552967 0
-635.87341 -52.014507 0.9535833 0
-648.16394 -51.877975 0.98875844 0
-635.87152 -51.725925 0.93791622 0
-635.81873 -51.567734 0.94986993 0
-635.79785 -51.537426 0.90566587 0
-553.70233 -51.277157 0.92147607 0
-635.82843 -51.169891 0.9808231 0
-553.71729 -51.15559 0.98640394 0
-648.125 -51.056782 0.91445005 0
-635.79749 -50.937653 0.90739232 0
-648.13556 -50.808823 0.97694528 0
-635.79089 -50.826668 0.99101776 0
-635.82947 -50.796062 0.91836041 0
-627.5946 -50.672035 0.96296668 0
-553.66968 -50.636925 0.90034992 0
-635.7832 -50.558743 0.95902252 0
-627.69708 -50.519646 0.92392927 0
-635.81934 -50.361904 0.96803665 0
-635.77936 -50.315395 0.94953948 0
-627.51453 -50.362812 0.9366715 0
-635.77893 -50.230354 0.96857411 0
-616.67542 -50.214603 0.94817019 0
-635.77637 -50.154373 0.91936332 0
-635.76489 -50.049328 0.95694351 0
-627.6239 -50.054016 0.94442505 0
-553.67957 -50.099518 0.99475026 0
-625.36316 -91.067741 1.0778093 0
-625.20471 -91.067375 1.0617414 0
-625.19189 -91.073273 1.0212654 0
-625.05402 -91.025635 1.0527054 0
-624.94354 -91.057526 1.0874254 0
-631.34485 -90.927437 1.0742419 0
-630.54358 -90.903374 1.0343764 0
-630.28821 -90.902863 1.0147575 0
-629.95258 -90.912277 1.0529348 0
-628.45691 -90.96505 1.0357544 0
-632.73792 -90.842087 1.0984681 0
-632.29822 -90.849335 1.09017 0
-631.84204 -90.832451 1.0368645 0
-631.34729 -90.861977 1.0611546 0
-631.08569 -90.870415 1.0392239 0
-630.4057 -90.889984 1.0318285 0
-629.82898 -90.89959 1.022113 0
-621.44562 -90.765961 1.025721 0
-624.41742 -90.446922 1.0196429 0
-624.2771 -90.424774 1.0625232 0
-623.54779 -90.467255 1.035277 0
-623.36578 -90.485764 1.0725795 0
-623.19812 -90.460754 1.0057784 0
-642.90375 -78.429131 1.0891967 0
-626.55682 -63.815395 1.0720953 0
-635.79999 -61.402863 1.0386485 0
-635.84387 -61.357834 1.0610443 0
-635.77045 -61.381386 1.0323534 0
-635.65753 -61.363571 1.0599304 0
-636.08954 -61.235245 1.0557058 0
-636.11554 -60.898079 1.0667448 0
-636.02472 -59.565689 1.0588083 0
-628.01355 -59.345474 1.0726248 0
-627.70325 -59.338272 1.0775211 0
-627.69592 -59.334408 1.0098994 0
-628.54437 -59.226181 1.0864947 0
-628.6347 -58.934044 1.0802273 0
-627.07465 -58.921665 1.0440249 0
-635.71094 -58.326813 1.0294014 0
-635.56409 -58.37878 1.0797325 0
-636 -57.323696 1.0810692 0
-635.95905 -57.062832 1.0191814 0
-635.93195 -56.490376 1.0803136 0
-553.83728 -56.360744 1.098117 0
-635.97028 -56.157162 1.0579963 0
-635.60626 -55.34391 1.0518266 0
-648.25653 -55.234322 1.0957558 0
-635.7984 -55.298676 1.0834669 0
-635.58154 -55.248154 1.0774816 0
-648.23193 -55.035427 1.0071201 0
-635.91895 -54.949417 1.0917594 0
-635.91949 -54.887051 1.0732599 0
-635.94092 -54.75351 1.0874466 0
-635.86737 -54.282173 1.0879279 0
-635.91321 -54.191933 1.069026 0
-648.21741 -54.056633 1.0480766 0
-635.87006 -53.954693 1.0369443 0
-635.87231 -53.809921 1.0053127 0
-635.85522 -53.555283 1.0255104 0
-635.85193 -53.45993 1.0122786 0
-635.84082 -53.351997 1.0056864 0
-648.1795 -53.267872 1.0704689 0
-635.83002 -53.248558 1.0589252 0
-648.14325 -53.077682 1.0345774 0
-635.72485 -52.302013 1.0144273 0
-635.41101 -52.336227 1.0091027 0
-635.84399 -52.186211 1.0331722 0
-635.80713 -52.067162 1.0058242 0
-648.11719 -51.822392 1.0655863 0
-635.81287 -51.803898 1.0082453 0
-648.14954 -51.717957 1.0951766 0
-648.15051 -51.60981 1.0628675 0
-635.84332 -51.361832 1.0632333 0
-635.80334 -51.26984 1.0446404 0
-635.89673 -51.068741 1.0616224 0
-635.82764 -50.970612 1.0504808 0
-635.78473 -50.948177 1.0184084 0
-635.78558 -50.873569 1.0676377 0
-635.89294 -50.793663 1.0484083 0
-635.79053 -50.671238 1.0494425 0
-635.86908 -50.546955 1.065767 0
-635.78632 -50.583691 1.0899438 0
-627.61853 -50.515221 1.0690595 0
-553.69611 -50.580036 1.0590084 0
-553.59882 -50.549339 1.02235 0
-648.10699 -50.452328 1.0094028 0
-635.78656 -50.446625 1.0091467 0
-627.61224 -50.46497 1.0572933 0
-627.57544 -50.492844 1.0596585 0
-553.6908 -50.427864 1.083252 0
-635.83344 -50.25703 1.098096 0
-627.57288 -50.109547 1.0787625 0
-627.59064 -50.003952 1.0439506 0
-626.25439 -91.000587 1.1370986 0
-625.24884 -91.049789 1.1719859 0
-625.13171 -91.013802 1.1403428 0
-629.18744 -90.933495 1.1213664 0
-633.24017 -90.81134 1.1197332 0
-631.78772 -90.89888 1.1453861 0
-619.27441 -90.816551 1.1548649 0
-619.0094 -90.811584 1.147542 0
-618.61676 -90.868073 1.1559131 0
-633.87842 -90.780106 1.1004241 0
-620.44989 -90.747925 1.1861137 0
-617.90399 -90.63356 1.1720715 0
-620.2984 -90.584724 1.1849966 0
-620.13715 -90.560768 1.1603062 0
-643.59729 -90.479614 1.1737031 0
-624.58765 -90.44339 1.1108946 0
-624.46686 -90.475098 1.1021886 0
-623.53278 -90.486816 1.1233217 0
-643.33868 -87.609116 1.1327864 0
-643.40851 -87.547966 1.1267591 0
-643.34973 -84.380974 1.1524075 0
-627.2644 -64.073502 1.1011496 0
-636.12482 -62.690422 1.1282265 0
-636.0824 -62.32893 1.1656522 0
-635.72638 -61.40118 1.1029828 0
-636.10522 -61.389458 1.1402873 0
-636.0741 -61.315784 1.1548929 0
-635.93701 -61.375843 1.1238317 0
-635.82397 -61.37376 1.1791308 0
-635.72821 -61.371712 1.112097 0
-635.69904 -61.39043 1.1238401 0
-636.07941 -61.246143 1.1350329 0
-636.10675 -60.905773 1.1252576 0
-636.10895 -60.805988 1.1120887 0
-627.68408 -59.443752 1.17584 0
-636.05212 -59.316696 1.1040299 0
-627.6156 -59.34737 1.1060797 0
-635.99127 -58.984825 1.1263119 0
-627.03931 -58.949337 1.1577247 0
-628.10907 -58.82547 1.1381549 0
-627.89648 -58.713806 1.1333755 0
-627.90247 -58.694908 1.1826813 0
-627.83179 -58.64204 1.1431092 0
-635.71112 -58.540897 1.1391339 0
-635.82501 -58.330494 1.1616044 0
-635.73102 -58.31208 1.1793989 0
-635.60748 -58.355015 1.171289 0
-636.03204 -58.225578 1.1351684 0
-635.98474 -58.162926 1.1889391 0
-635.97998 -57.718014 1.1339397 0
-635.96326 -57.167137 1.172568 0
-635.95917 -56.877018 1.1331985 0
-635.97693 -56.656769 1.179404 0
-553.9624 -56.332787 1.128828 0
-648.27844 -55.319843 1.183261 0
-635.92065 -55.306831 1.1592319 0
-635.86584 -55.34412 1.1553016 0
-635.75812 -55.317738 1.1849405 0
-635.67511 -55.300606 1.1916106 0
-635.57056 -55.335686 1.1215352 0
-635.48193 -55.375549 1.174419 0
-648.27802 -55.277882 1.1094359 0
-635.94293 -55.25124 1.1508003 0
-635.638 -55.283142 1.1546978 0
-635.55212 -55.291542 1.1155547 0
-635.93219 -55.192432 1.1738669 0
-648.22992 -55.009064 1.1621468 0
-635.92786 -55.034355 1.1538252 0
-635.88544 -55.030659 1.1764776 0
-635.9389 -54.912918 1.1089805 0
-635.88696 -54.658798 1.1533577 0
-635.93866 -54.56284 1.1057849 0
-648.20349 -54.395802 1.1894389 0
-648.22278 -53.866947 1.1932365 0
-648.22144 -53.725204 1.1539586 0
-635.86182 -53.703571 1.1657062 0
-648.198 -53.671673 1.1773129 0
-635.84247 -53.608768 1.1174008 0
-635.81403 -53.53738 1.1740756 0
-553.68884 -53.317062 1.1619573 0
-635.91296 -53.289055 1.1368551 0
-635.84717 -53.20903 1.13465 0
-648.18073 -52.915939 1.1039091 0
-648.13458 -52.682236 1.1005123 0
-635.44946 -52.391472 1.1890332 0
-635.38708 -52.375488 1.1404753 0
-635.5473 -52.258377 1.1372982 0
-635.4704 -52.245872 1.1407006 0
-635.35223 -52.256577 1.13991 0
-635.88733 -52.128036 1.1986784 0
-648.14496 -52.024326 1.1379417 0
-635.79504 -52.045357 1.1732761 0
-648.11859 -51.996731 1.1953731 0
-635.83282 -51.962803 1.1196624 0
-635.88629 -51.779057 1.1712447 0
-635.83673 -51.661716 1.1705064 0
-635.78809 -51.689281 1.1784829 0
-635.79895 -51.590294 1.1868418 0
-635.83508 -51.469616 1.1588356 0
-553.70709 -51.46666 1.1824349 0
-648.14917 -51.227875 1.1044757 0
-635.8219 -51.207932 1.1488061 0
-635.8335 -51.182964 1.1630032 0
-635.79791 -51.143589 1.1875072 0
-648.11652 -50.91848 1.176224 0
-631.78931 -50.884258 1.1137027 0
-635.784 -50.737057 1.1183865 0
-635.78619 -50.632259 1.1743113 0
-627.75256 -50.636162 1.174148 0
-635.83429 -50.573219 1.1498817 0
-635.78741 -50.538143 1.1593016 0
-627.67065 -50.537983 1.1735426 0
-635.82751 -50.410465 1.1863521 0
-627.54858 -50.393623 1.1502891 0
-627.5329 -50.016983 1.1471128 0
-625.27533 -91.103516 1.2696788 0
-629.79504 -90.921349 1.2267855 0
-628.34094 -90.940636 1.2954246 0
-624.94733 -90.995049 1.2630816 0
-620.53558 -90.802155 1.2576262 0
-618.57159 -90.826759 1.202706 0
-635.35156 -90.726021 1.2175006 0
-622.04858 -90.78537 1.2424607 0
-621.17712 -90.742653 1.235198 0
-639.50494 -90.632317 1.2032883 0
-639.38446 -90.64019 1.2013767 0
-620.42957 -90.616287 1.2529371 0
-620.3537 -90.657661 1.2868956 0
-619.70526 -90.620094 1.2388397 0
-619.58606 -90.625481 1.2212578 0
-617.98737 -90.602905 1.2969576 0
-641.95856 -90.571892 1.296452 0
-641.44476 -90.570564 1.2785467 0
-640.66638 -90.595955 1.2247576 0
-623.16577 -90.510071 1.2403324 0
-620.32019 -90.587143 1.2368439 0
-620.23431 -90.581329 1.24024 0
-620.1131 -90.537865 1.2267383 0
-620.02832 -90.563202 1.2404923 0
-619.89343 -90.592583 1.2298641 0
-619.7879 -90.595268 1.2282161 0
-619.68237 -90.597954 1.2265682 0
-619.5672 -90.594963 1.2245325 0
-624.16577 -90.465683 1.2440481 0
-624.04919 -90.471764 1.2412431 0
-623.39459 -90.476524 1.2002784 0
-623.18542 -90.497803 1.281763 0
-643.16821 -81.422607 1.2306581 0
-642.99011 -81.460472 1.2260323 0
-643.25165 -78.393112 1.2764579 0
-635.65979 -61.466904 1.2757154 0
-636.02826 -61.356396 1.2007514 0
-635.86584 -61.364792 1.2840692 0
-635.75189 -61.361885 1.2963521 0
-635.67664 -61.363914 1.2888544 0
-636.07544 -60.746048 1.2040721 0
-636.02063 -59.458382 1.2719476 0
-627.85577 -59.456444 1.2598767 0
-627.46594 -59.35664 1.2372341 0
-648.39203 -58.993713 1.2316147 0
-628.13684 -58.807201 1.2220609 0
-627.88092 -58.641224 1.2793146 0
-635.60803 -58.465199 1.2331337 0
-636.02399 -58.342491 1.2399181 0
-635.80243 -58.349697 1.2453023 0
-636.02582 -57.815094 1.2193694 0
-636.0592 -56.655022 1.2733673 0
-648.30493 -56.582554 1.262117 0
-635.95447 -56.433399 1.2986014 0
-648.25122 -56.346008 1.2193904 0
-635.91547 -55.985481 1.2054229 0
-648.27161 -55.534496 1.2869605 0
-635.61871 -55.311741 1.2642422 0
-635.53125 -55.314697 1.2387364 0
-635.98987 -55.226009 1.248693 0
-635.77228 -55.270626 1.2852066 0
-635.65802 -55.287266 1.2608415 0
-635.54169 -55.292946 1.2430897 0
-648.21875 -55.084812 1.2277893 0
-635.93573 -55.012684 1.2477175 0
-635.95544 -54.973278 1.2843065 0
-648.23761 -54.257675 1.2216083 0
-553.84619 -53.960838 1.2022982 0
-553.70984 -53.938572 1.2614802 0
-635.82214 -53.697353 1.2709422 0
-635.83929 -53.360054 1.25661 0
-635.83624 -53.254314 1.2297362 0
-635.81366 -53.088879 1.2943901 0
-635.82892 -52.893539 1.2410669 0
-648.17419 -52.702324 1.2382318 0
-648.15955 -52.628017 1.2391202 0
-648.14185 -52.544662 1.2589043 0
-635.49548 -52.452274 1.2355641 0
-648.14868 -52.349007 1.2944683 0
-635.37122 -52.321747 1.23554 0
-635.65063 -52.242397 1.277681 0
-635.53607 -52.272861 1.2916747 0
-635.83899 -52.113159 1.252225 0
-635.78143 -52.046021 1.2463902 0
-635.85754 -51.907448 1.2222682 0
-553.69501 -51.986221 1.2494447 0
-635.8183 -51.801685 1.2814745 0
-648.16315 -51.700146 1.2524352 0
-635.84918 -51.74707 1.2764006 0
-635.78375 -51.750362 1.2225473 0
-635.8327 -51.651138 1.2846451 0
-635.7948 -51.645611 1.2165143 0
-635.78674 -51.526459 1.2884624 0
-635.91095 -51.383366 1.2795614 0
-553.71759 -51.367241 1.2509115 0
-648.1106 -51.266956 1.2987972 0
-635.85205 -51.260887 1.2661041 0
-635.7934 -51.229603 1.2505102 0
-635.80249 -51.03635 1.2382329 0
-635.79016 -50.868359 1.2146506 0
-648.14062 -50.643326 1.2168603 0
-627.76434 -50.629036 1.2977449 0
-553.68604 -50.566299 1.2110509 0
-627.63361 -50.423164 1.2596803 0
-627.56195 -50.305115 1.2197201 0
-635.81488 -50.182362 1.2848033 0
-635.84619 -50.020397 1.2218194 0
-625.39636 -91.078438 1.3133068 0
-625.05511 -91.042206 1.3365824 0
-629.13879 -90.943924 1.3228261 0
-628.289 -90.966888 1.3130834 0
-625.99011 -90.989166 1.3690852 0
-620.55634 -90.804939 1.3765819 0
-620.37903 -90.813034 1.3580428 0
-618.63544 -90.843758 1.301109 0
-622.11646 -90.765511 1.3467143 0
-618.19543 -90.656174 1.3606592 0
-617.88409 -90.670395 1.3029399 0
-620.1922 -90.54705 1.3994792 0
-624.9184 -90.456062 1.3609755 0
-623.97705 -90.49469 1.3745655 0
-623.51068 -90.470451 1.3379211 0
-623.26208 -90.486382 1.3180876 0
-643.06158 -84.517349 1.3768983 0
-643.43555 -84.449043 1.3639885 0
-643.39539 -84.474937 1.3866571 0
-643.19629 -84.498291 1.3953931 0
-643.02869 -81.521492 1.3309505 0
-636.20966 -64.330811 1.395149 0
-636.17981 -64.398537 1.3012738 0
-636.11194 -62.687321 1.3358727 0
-636.0238 -61.35289 1.3659242 0
-635.90295 -61.352852 1.3115997 0
-635.83075 -61.348286 1.3645734 0
-635.68665 -61.376125 1.3179051 0
-636.09729 -61.255005 1.3586869 0
-636.09686 -61.180141 1.3136851 0
-636.04425 -60.976597 1.3023194 0
-649.20563 -59.919098 1.390408 0
-648.43036 -59.972809 1.3058385 0
-636.00012 -59.447453 1.3043483 0
-628.7627 -59.11935 1.3282987 0
-627.8103 -58.609837 1.3548822 0
-635.99365 -58.338264 1.3407393 0
-635.75293 -58.335373 1.3259047 0
-635.61108 -58.372997 1.3490422 0
-636.11755 -58.275467 1.3391532 0
-636.03601 -58.282906 1.3543503 0
-636.01624 -58.06551 1.3991508 0
-635.9303 -56.732151 1.3692036 0
-635.909 -56.654682 1.3239211 0
-635.91809 -56.419853 1.3996438 0
-635.93445 -56.233601 1.3249645 0
-648.30219 -56.153732 1.3823315 0
-635.901 -56.024021 1.3377918 0
-635.88568 -56.072685 1.3479537 0
-648.23987 -55.809574 1.3423947 0
-635.51447 -55.423153 1.3175082 0
-635.8045 -55.310032 1.3022666 0
-635.70593 -55.307281 1.3784815 0
-635.67896 -55.325233 1.3955868 0
-635.53845 -55.319885 1.335011 0
-635.45459 -55.331348 1.3172376 0
-635.71564 -55.278404 1.3693526 0
-635.66321 -55.256298 1.3502913 0
-648.21375 -55.133602 1.3292592 0
-635.9292 -54.777157 1.3310388 0
-648.17145 -54.20472 1.300119 0
-553.76392 -53.805195 1.3608559 0
-635.8728 -53.580219 1.34377 0
-648.18665 -53.202087 1.3406968 0
-635.8114 -53.209599 1.3125089 0
-648.17542 -53.122627 1.3795328 0
-635.80115 -53.136047 1.3009846 0
-648.133 -53.051224 1.3784986 0
-648.15802 -52.991924 1.3488201 0
-648.15887 -52.770123 1.301724 0
-553.71503 -52.700794 1.3430017 0
-648.18469 -52.43819 1.3028536 0
-635.41962 -52.400448 1.3421537 0
-635.82422 -52.307907 1.3824494 0
-635.83069 -52.254276 1.3451968 0
-635.7605 -52.250153 1.3365222 0
-635.60767 -52.277122 1.3558067 0
-635.58093 -52.247494 1.3422433 0
-635.45697 -52.279564 1.3168132 0
-635.3905 -52.284576 1.3240612 0
-648.14441 -52.119385 1.3456733 0
-635.82092 -52.141983 1.3485866 0
-635.65546 -52.183651 1.3535218 0
-648.15118 -51.828575 1.3702601 0
-635.83276 -51.83596 1.3364757 0
-648.15289 -51.606735 1.3231541 0
-635.85693 -51.650433 1.3889499 0
-635.74945 -51.668217 1.3459893 0
-553.75287 -51.572063 1.3939664 0
-648.13599 -51.485828 1.3672465 0
-553.64423 -51.473911 1.3963501 0
-648.12378 -51.39743 1.3169018 0
-635.77411 -51.344448 1.3884884 0
-553.8371 -51.363388 1.3836865 0
-635.7782 -51.275219 1.3446724 0
-635.84106 -51.182537 1.3893847 0
-553.49023 -51.196045 1.3867706 0
-648.14899 -51.085327 1.3667139 0
-635.84631 -51.047279 1.3948367 0
-635.8797 -50.991367 1.3853593 0
-553.70184 -50.939655 1.3852482 0
-635.84692 -50.700703 1.3791733 0
-635.75537 -50.799858 1.3071702 0
-635.68616 -50.73225 1.3040994 0
-553.84149 -50.710499 1.3470896 0
-635.82245 -50.649746 1.3413839 0
-635.75159 -50.557419 1.3459008 0
-635.8064 -50.45763 1.3411219 0
-553.82007 -50.410419 1.3298833 0
-553.61249 -50.400032 1.3464732 0
-635.81342 -50.381554 1.3766026 0
-635.81635 -50.193676 1.3789468 0
-553.69318 -50.114361 1.3756635 0
-625.21533 -91.130127 1.4280496 0
-626.0108 -91.017456 1.4207143 0
-625.9812 -91.023232 1.479395 0
-625.83746 -91.048401 1.4784174 0
-624.99445 -91.069801 1.434561 0
-628.34241 -90.971756 1.4713411 0
-627.64819 -90.975273 1.4804924 0
-626.76031 -90.999161 1.4831982 0
-632.89587 -90.824196 1.4415538 0
-631.40253 -90.864326 1.4188187 0
-625.06512 -90.888184 1.4006557 0
-621.27338 -90.79052 1.4849274 0
-639.01544 -90.679924 1.4456789 0
-618.43854 -90.640305 1.4877887 0
-618.15967 -90.652718 1.4906067 0
-617.98761 -90.636963 1.4037257 0
-623.69171 -90.50515 1.4168946 0
-623.39038 -90.500954 1.4153838 0
-624.7937 -90.436401 1.4707097 0
-624.69073 -90.437019 1.4768943 0
-624.05688 -90.474899 1.494614 0
-623.55066 -90.482841 1.4137343 0
-623.24097 -90.496094 1.4458485 0
-643.34198 -81.443626 1.4472804 0
-636.12323 -62.265171 1.4576219 0
-635.95673 -62.077393 1.4410475 0
-635.76538 -61.425018 1.4371277 0
-635.67285 -61.43383 1.4773101 0
-635.97687 -61.344086 1.4771336 0
-636.1424 -61.040657 1.4446958 0
-636.12939 -60.618164 1.4763591 0
-649.27563 -59.936165 1.4759676 0
-648.46393 -59.942661 1.4808908 0
-636.08966 -59.567139 1.4942054 0
-635.99573 -59.436745 1.4238057 0
-636.04669 -59.361313 1.4100894 0
-635.99054 -59.358414 1.4871417 0
-635.96271 -59.110512 1.4499898 0
-635.96558 -59.00024 1.4564562 0
-627.6225 -58.772369 1.4060249 0
-635.78595 -58.345165 1.4715321 0
-648.20416 -57.768047 1.4352238 0
-636.00507 -57.607056 1.4892809 0
-648.22107 -57.425335 1.4961317 0
-635.93658 -56.607498 1.4742842 0
-635.88605 -56.689041 1.4959211 0
-635.91284 -56.441494 1.438079 0
-648.23145 -55.604206 1.426989 0
-635.53754 -55.310963 1.4188149 0
-635.49847 -55.327053 1.4730734 0
-635.81122 -55.236763 1.4873058 0
-635.62152 -55.269146 1.4556233 0
-636.07953 -54.854755 1.4934561 0
-648.11597 -54.638103 1.407801 0
-648.0863 -54.218475 1.4561893 0
-553.74908 -54.091698 1.4814706 0
-635.84711 -53.528408 1.4646899 0
-553.73492 -53.491863 1.4015007 0
-635.83813 -53.366997 1.4692527 0
-648.16223 -53.138874 1.4778147 0
-553.7298 -53.128315 1.4032267 0
-635.81842 -53.088505 1.4593114 0
-553.87921 -52.952602 1.4707314 0
-648.18396 -52.825188 1.4754086 0
-648.17932 -52.430599 1.4811293 0
-553.76056 -52.453609 1.44151 0
-648.16583 -52.399071 1.4141977 0
-635.35669 -52.344734 1.4339621 0
-648.15076 -52.208206 1.4701746 0
-635.80835 -52.265816 1.4240241 0
-635.74609 -52.246086 1.4564455 0
-635.65106 -52.227741 1.4831607 0
-635.53345 -52.254932 1.4242002 0
-553.72192 -52.267609 1.4668902 0
-635.9162 -52.130741 1.4056383 0
-635.84082 -52.12923 1.4422203 0
-635.74939 -52.198315 1.4051602 0
-635.61322 -52.18531 1.4463726 0
-648.15881 -52.004917 1.409148 0
-553.82275 -52.016842 1.4196203 0
-635.9455 -51.989136 1.438398 0
-635.802 -51.914654 1.4273765 0
-648.12604 -51.716805 1.4788206 0
-635.84967 -51.710804 1.4426265 0
-553.6449 -51.744572 1.4294795 0
-635.88019 -51.606762 1.41961 0
-635.79285 -51.62513 1.424655 0
-635.7934 -51.336155 1.476326 0
-635.81537 -51.156307 1.4680917 0
-635.7804 -51.165604 1.4855616 0
-635.8446 -50.961475 1.456318 0
-553.69208 -50.933338 1.4646081 0
-648.1059 -50.817684 1.4953796 0
-635.75348 -50.767342 1.4320232 0
-627.78546 -50.729649 1.4957304 0
-553.63287 -50.740707 1.4639133 0
-635.78259 -50.658024 1.4802474 0
-648.1261 -50.550728 1.4837363 0
-635.77802 -50.553329 1.4284098 0
-635.82568 -50.413677 1.4655864 0
-635.88715 -50.337498 1.4654036 0
-635.83008 -50.215004 1.4195224 0
-628.99414 -90.974373 1.5771968 0
-628.4079 -90.96067 1.5919268 0
-631.88391 -90.845612 1.5660751 0
-621.2431 -90.822708 1.5627421 0
-619.40698 -90.824455 1.5906957 0
-622.91895 -90.753799 1.5329099 0
-622.38318 -90.737053 1.5133094 0
-620.38892 -90.701553 1.5668819 0
-619.72858 -90.604782 1.5540501 0
-619.52527 -90.645615 1.5340714 0
-643.59039 -90.514458 1.5092795 0
-620.17285 -90.577072 1.5394697 0
-619.91925 -90.581909 1.5618652 0
-623.41443 -90.473267 1.5355152 0
-624.61481 -90.369072 1.5853379 0
-643.23871 -87.492554 1.5480821 0
-643.57574 -87.367966 1.5021113 0
-643.17487 -81.473373 1.5521985 0
-636.22443 -65.862083 1.5592128 0
-636.13806 -63.778175 1.5735416 0
-636.10797 -62.553173 1.5979825 0
-636.09247 -62.528786 1.5897338 0
-636.12726 -61.319096 1.5612895 0
-636.07715 -61.312702 1.5393583 0
-635.9527 -61.357597 1.5254214 0
-635.75958 -61.382919 1.5325367 0
-635.66577 -61.354183 1.5098606 0
-648.44574 -60.057739 1.508369 0
-649.18713 -59.904549 1.5941933 0
-649.84534 -59.879589 1.5563109 0
-635.97357 -59.625816 1.5436147 0
-636.02814 -59.590366 1.5243006 0
-636.02527 -59.373253 1.56306 0
-648.32178 -59.020679 1.5800505 0
-628.26373 -58.710598 1.5307615 0
-635.54663 -58.509678 1.5051374 0
-636.05847 -58.301605 1.5404218 0
-635.85059 -58.330189 1.5793072 0
-635.78607 -58.313988 1.5358236 0
-635.64703 -58.347332 1.5545166 0
-635.51532 -58.383595 1.5719682 0
-635.9845 -58.186653 1.5636724 0
-648.32019 -57.993786 1.5811139 0
-635.96796 -57.895393 1.5227231 0
-648.20209 -57.639919 1.5058254 0
-636.00775 -57.584976 1.5549412 0
-635.93787 -56.055809 1.5341611 0
-648.24017 -55.636028 1.5938537 0
-635.48676 -55.353554 1.5071164 0
-635.63177 -55.279884 1.5894049 0
-648.18842 -54.714577 1.5033311 0
-648.10516 -54.524044 1.5049846 0
-635.91962 -54.524914 1.5891061 0
-648.06842 -54.233433 1.5498028 0
-635.83899 -53.514183 1.5213192 0
-635.79285 -53.408207 1.560078 0
-635.81195 -53.269604 1.5824466 0
-635.81665 -52.990494 1.5539057 0
-553.73633 -52.311737 1.5970671 0
-635.64728 -52.253784 1.5937091 0
-635.57104 -52.247948 1.5619819 0
-553.66107 -52.280922 1.5011325 0
-635.82477 -52.036137 1.5012591 0
-635.78314 -52.03458 1.5364298 0
-648.14484 -51.947201 1.5916378 0
-635.85352 -51.941483 1.5525115 0
-635.82306 -51.830429 1.5920238 0
-635.81714 -51.76852 1.5893767 0
-635.79138 -51.74543 1.5663364 0
-635.82788 -51.638691 1.5286032 0
-648.15759 -51.542282 1.5179968 0
-635.8479 -51.522644 1.5482627 0
-635.84625 -51.448849 1.5624163 0
-553.68762 -51.488533 1.563373 0
-635.80542 -51.152042 1.5172867 0
-635.77435 -51.175762 1.5336982 0
-635.8208 -50.99461 1.533802 0
-635.76611 -50.879032 1.5721103 0
-635.76044 -50.669018 1.5892657 0
-635.8172 -50.42828 1.5835457 0
-635.78082 -50.443115 1.5522625 0
-635.86462 -50.330765 1.5670052 0
-635.79602 -50.357662 1.5391811 0
-635.8316 -50.017014 1.5309407 0
-635.78418 -50.058029 1.5312589 0
-553.65204 -50.004833 1.5880135 0
-627.51099 -91.015305 1.691301 0
-625.38696 -91.014671 1.6199472 0
-627.63727 -90.986702 1.6901101 0
-631.28882 -90.83432 1.6660441 0
-618.94464 -90.867363 1.6855967 0
-620.60175 -90.773788 1.6184649 0
-620.46698 -90.790314 1.613966 0
-639.14801 -90.630333 1.6241978 0
-618.48328 -90.645348 1.618277 0
-618.29193 -90.663033 1.6042085 0
-618.10962 -90.622665 1.6069316 0
-618.0423 -90.626549 1.6150421 0
-619.62708 -90.58976 1.6487932 0
-643.23865 -87.515091 1.633306 0
-643.36835 -84.458832 1.6523088 0
-643.23145 -84.482567 1.6512473 0
-643.33661 -81.444962 1.6472067 0
-636.18915 -65.843262 1.6992286 0
-636.20258 -65.647545 1.6889228 0
-636.15668 -62.552433 1.634793 0
-636.16333 -62.185043 1.6168472 0
-635.67218 -61.501049 1.6259123 0
-635.67358 -61.409981 1.6921039 0
-636.05316 -61.328968 1.6186126 0
-635.87085 -61.36491 1.6339673 0
-636.08856 -61.047565 1.6694223 0
-648.40637 -59.965599 1.6280999 0
-636.02539 -59.522846 1.6243271 0
-635.97156 -59.248615 1.6914908 0
-648.29291 -58.884682 1.6103141 0
-648.31818 -58.490025 1.6097932 0
-636.02094 -58.306526 1.6060191 0
-635.74561 -58.300594 1.6030644 0
-635.65637 -58.32946 1.6518354 0
-648.31519 -58.292927 1.629069 0
-636.09991 -58.269871 1.6938807 0
-635.87305 -58.287022 1.6589184 0
-648.19843 -57.763161 1.6743886 0
-648.23987 -57.693039 1.6424419 0
-648.17694 -57.254471 1.6462067 0
-635.94067 -56.621376 1.6039505 0
-635.88226 -56.441322 1.6333288 0
-635.92206 -56.375751 1.6650362 0
-553.87146 -56.320141 1.630196 0
-648.26917 -55.712311 1.6684902 0
-648.2298 -55.448261 1.6765095 0
-635.49432 -55.426537 1.6818337 0
-635.86554 -55.300808 1.6064335 0
-635.53796 -55.322674 1.6025277 0
-635.48669 -55.338234 1.6471965 0
-648.21362 -55.237713 1.6320837 0
-636.13892 -55.228004 1.6677208 0
-635.8504 -55.265221 1.6489501 0
-635.72223 -55.275158 1.643206 0
-635.63751 -55.283909 1.6359621 0
-635.54651 -55.283417 1.6289862 0
-635.48895 -55.29525 1.6489679 0
-635.94696 -55.16856 1.6528025 0
-635.98676 -55.048336 1.6959193 0
-648.16101 -54.733662 1.63987 0
-648.11633 -54.191055 1.6173272 0
-635.84479 -53.304352 1.6870232 0
-635.83148 -53.267799 1.6888233 0
-635.92462 -53.013744 1.6806253 0
-648.15753 -52.85759 1.6149155 0
-635.88739 -52.693005 1.6706432 0
-635.59625 -52.606613 1.6378721 0
-648.13458 -52.463436 1.6624836 0
-635.72766 -52.252266 1.6146632 0
-635.55823 -52.243904 1.6806941 0
-635.43823 -52.253082 1.6634157 0
-635.55188 -52.196182 1.6578007 0
-635.83301 -52.068192 1.62367 0
-635.77283 -51.986359 1.6542335 0
-635.80865 -51.893215 1.6024446 0
-648.11487 -51.709759 1.6207654 0
-635.8158 -51.740753 1.6625537 0
-635.77954 -51.758892 1.6879225 0
-553.72034 -51.737442 1.6997045 0
-553.72833 -51.56094 1.6703218 0
-553.72198 -51.400169 1.6455276 0
-648.11798 -51.387341 1.6764041 0
-648.12994 -51.289471 1.6793288 0
-635.90277 -51.244041 1.621861 0
-635.75598 -51.272686 1.6018552 0
-635.66022 -51.214775 1.6168957 0
-635.82227 -51.105232 1.6519227 0
-635.76605 -51.143974 1.664096 0
-648.12433 -51.011295 1.6502771 0
-635.77069 -50.956867 1.6697143 0
-635.76172 -50.82415 1.6578048 0
-635.77393 -50.624729 1.6488333 0
-635.78021 -50.548889 1.6454394 0
-635.83484 -50.473831 1.6301711 0
-635.83496 -50.388081 1.6418664 0
-553.6355 -50.360195 1.6573334 0
-635.81982 -50.031036 1.6555042 0
-635.78882 -50.002453 1.6601367 0
-630.59851 -90.906532 1.7469575 0
-629.81 -90.908134 1.7225865 0
-629.11975 -90.950409 1.7325023 0
-629.09924 -90.931664 1.7746699 0
-628.23364 -90.984589 1.7322532 0
-618.92358 -90.851273 1.7666156 0
-635.375 -90.73912 1.7679688 0
-635.21552 -90.710907 1.7566153 0
-622.97473 -90.745018 1.7791409 0
-621.98657 -90.733963 1.7103001 0
-623.11304 -90.646568 1.7793089 0
-620.10254 -90.609108 1.7726806 0
-623.26184 -90.504967 1.7808937 0
-624.34143 -90.45858 1.7421178 0
-624.08594 -90.45253 1.7716897 0
-623.32593 -90.476868 1.7362851 0
-643.25641 -84.474594 1.7727867 0
-643.11835 -84.433464 1.7069806 0
-642.96552 -78.434303 1.7241604 0
-636.1994 -65.82608 1.7479832 0
-636.19403 -64.340576 1.7132314 0
-636.08044 -62.720757 1.7782289 0
-636.37964 -61.333515 1.7705677 0
-636.06812 -61.315193 1.7831976 0
-635.92291 -61.313225 1.7490842 0
-635.87903 -61.381504 1.7944351 0
-636.49829 -61.299847 1.7393087 0
-636.17255 -61.174774 1.7863202 0
-636.19531 -61.005032 1.7738858 0
-554.08661 -60.714802 1.7979864 0
-649.21234 -60.044182 1.745437 0
-649.19513 -60.058514 1.7110471 0
-648.33307 -59.865227 1.773406 0
-635.98932 -59.721756 1.7711149 0
-636.02234 -59.375019 1.792235 0
-636.06177 -59.256355 1.795348 0
-636.06494 -59.169933 1.7558669 0
-636.0094 -58.883354 1.7720385 0
-635.49591 -58.405823 1.7875775 0
-635.93073 -58.3535 1.7165046 0
-635.74902 -58.350544 1.751018 0
-635.67841 -58.366219 1.7068505 0
-636.0249 -58.255447 1.7584839 0
-648.29175 -57.924297 1.7703089 0
-636.01404 -57.985069 1.7971159 0
-636.01941 -57.806023 1.7189369 0
-648.31934 -57.790985 1.7077512 0
-648.27057 -57.736599 1.7447507 0
-635.98499 -57.617992 1.7443761 0
-648.10858 -57.293755 1.7028638 0
-635.88538 -56.368156 1.743977 0
-553.79437 -55.796871 1.7765642 0
-648.23999 -55.396523 1.7933708 0
-635.85468 -55.338745 1.7821624 0
-635.78699 -55.31934 1.7781782 0
-635.6272 -55.357315 1.727422 0
-635.55811 -55.306759 1.7586817 0
-648.20911 -55.271328 1.7631917 0
-635.80481 -55.286968 1.7637148 0
-635.77295 -55.284863 1.7503202 0
-648.2041 -54.937096 1.7805831 0
-635.93719 -54.912289 1.7351058 0
-648.12445 -54.710686 1.7908422 0
-648.10864 -54.613228 1.7774373 0
-635.90228 -54.520828 1.7755177 0
-648.14575 -54.188236 1.7972192 0
-553.86609 -54.166302 1.7030929 0
-635.84015 -53.577354 1.707708 0
-635.86816 -53.41637 1.7352164 0
-635.89484 -53.384266 1.7322859 0
-635.69855 -53.335091 1.7633889 0
-635.83234 -53.233109 1.7497704 0
-553.73401 -52.99353 1.7670907 0
-648.14148 -52.848621 1.7415266 0
-648.14893 -52.524139 1.7438836 0
-648.17816 -52.26123 1.7607831 0
-635.86676 -52.28183 1.7744095 0
-635.73413 -52.246422 1.7332327 0
-635.64996 -52.253639 1.7734256 0
-635.42407 -52.282887 1.7553914 0
-553.74908 -52.209377 1.7743889 0
-648.12787 -52.05352 1.7233655 0
-635.83374 -52.070396 1.7360507 0
-553.73352 -52.069141 1.7539632 0
-553.72278 -51.983486 1.7516254 0
-635.81055 -51.858334 1.7048441 0
-635.7951 -51.840717 1.7943653 0
-553.73572 -51.872688 1.7202954 0
-648.12024 -51.606339 1.7932425 0
-635.77118 -51.635471 1.7875727 0
-635.78247 -51.543358 1.7736099 0
-648.10126 -51.421925 1.7793398 0
-635.79083 -51.45491 1.7393044 0
-635.78845 -51.347919 1.7497213 0
-553.71429 -51.364029 1.7256113 0
-553.6731 -51.353264 1.7230707 0
-635.78326 -51.20396 1.7232494 0
-635.75146 -51.036564 1.7860974 0
-635.77698 -50.987465 1.7597283 0
-648.10651 -50.76442 1.7567084 0
-635.78479 -50.737221 1.7019403 0
-648.12628 -50.404678 1.7305074 0
-635.86804 -50.380596 1.7356842 0
-625.68909 -91.026138 1.8474662 0
-626.86096 -90.977264 1.8828629 0
-633.9339 -90.834129 1.899379 0
-632.36407 -90.841476 1.8952301 0
-632.20056 -90.814514 1.8114669 0
-630.5282 -90.893776 1.8018341 0
-633.77295 -90.766655 1.837345 0
-622.96399 -90.742592 1.8487396 0
-622.41241 -90.761597 1.8519589 0
-621.16156 -90.791939 1.8086197 0
-618.30231 -90.637085 1.8251961 0
-617.83942 -90.627075 1.8500701 0
-624.21124 -90.4841 1.8514547 0
-643.24811 -87.524506 1.8165168 0
-643.15546 -81.446297 1.8797307 0
-635.76837 -61.560707 1.8383139 0
-636.07928 -61.432583 1.8487448 0
-635.92755 -61.436169 1.8556646 0
-636.44476 -61.336441 1.8122046 0
-635.97992 -61.322689 1.8663133 0
-635.85864 -61.354614 1.8524365 0
-635.64539 -61.360336 1.8793395 0
-636.48273 -61.283978 1.8675681 0
-636.13184 -61.09589 1.8327323 0
-636.06854 -61.035828 1.8698318 0
-636.05273 -60.616421 1.8630607 0
-648.51593 -59.997833 1.8592081 0
-635.99994 -59.346661 1.8551159 0
-636.02032 -59.261303 1.8208452 0
-636.00989 -58.378967 1.8936125 0
-635.81317 -58.327229 1.824873 0
-635.78021 -58.324947 1.8832512 0
-635.64954 -58.347885 1.8773634 0
-635.56921 -58.359562 1.843609 0
-636.12805 -58.252411 1.8337579 0
-636.05701 -58.254448 1.8489761 0
-636.00421 -57.640919 1.8164549 0
-635.97064 -57.560341 1.8487043 0
-635.91101 -56.563164 1.8238614 0
-635.95282 -56.323406 1.874167 0
-553.79919 -56.129539 1.8237982 0
-635.91168 -56.047157 1.8716608 0
-635.68219 -55.307961 1.8351369 0
-635.45929 -55.348877 1.8573328 0
-636.32458 -55.271923 1.8570261 0
-635.84174 -55.281231 1.866353 0
-635.66528 -55.293983 1.8971977 0
-635.5658 -55.261742 1.8495352 0
-635.96442 -55.189514 1.8420314 0
-635.97418 -54.91489 1.8205692 0
-648.20996 -54.758751 1.839633 0
-648.11548 -54.155376 1.8951085 0
-553.75726 -53.881618 1.888587 0
-635.7937 -53.612038 1.8018837 0
-635.87555 -53.541183 1.805094 0
-553.80194 -53.516682 1.8026494 0
-635.83661 -53.478745 1.855172 0
-635.81061 -53.291035 1.8894299 0
-648.15771 -53.091656 1.8705293 0
-553.76202 -52.913464 1.8866789 0
-553.76025 -52.742516 1.8621721 0
-553.60797 -52.787773 1.8953451 0
-553.7533 -52.566597 1.8328725 0
-553.7467 -52.400665 1.8032358 0
-636.38068 -52.251312 1.8665509 0
-635.7428 -52.230221 1.8682308 0
-635.65637 -52.290127 1.837213 0
-635.44427 -52.249542 1.8482108 0
-635.83136 -52.146301 1.8784187 0
-635.78998 -52.054409 1.8179765 0
-635.79193 -51.97065 1.840688 0
-648.10583 -51.610928 1.8625075 0
-635.77618 -51.651165 1.8745152 0
-635.76111 -51.580467 1.8448997 0
-648.1424 -51.437763 1.803785 0
-553.71283 -51.424988 1.837828 0
-635.78833 -51.152782 1.8003725 0
-635.79669 -51.003269 1.8079296 0
-635.78345 -50.929241 1.8837607 0
-635.71429 -50.781834 1.8245682 0
-553.66699 -50.78931 1.8695168 0
-635.71606 -50.694412 1.8726066 0
-635.78809 -50.510448 1.8934389 0
-635.68353 -50.539566 1.8582321 0
-635.74829 -50.455334 1.8638544 0
-635.84058 -50.368515 1.8380487 0
-635.87744 -50.255852 1.8706077 0
-625.12244 -91.117264 1.9120402 0
-625.03009 -91.027061 1.9102336 0
-624.94946 -91.091408 1.956421 0
-626.76581 -90.990158 1.9296122 0
-634.22797 -90.807304 1.9139076 0
-619.38739 -90.857193 1.9988884 0
-618.87952 -90.859818 1.9557602 0
-635.92773 -90.763924 1.9350852 0
-638.99939 -90.647804 1.939231 0
-638.27588 -90.697281 1.9162251 0
-617.91565 -90.658943 1.9833357 0
-620.10614 -90.553856 1.9208267 0
-619.63794 -90.571465 1.9053557 0
-624.78943 -90.440804 1.9054699 0
-624.29413 -90.421013 1.9370183 0
-623.71808 -90.434608 1.9126142 0
-623.29767 -90.452644 1.9879262 0
-643.56946 -87.456062 1.9071995 0
-636.20221 -65.877861 1.9926133 0
-636.19897 -65.894142 1.909667 0
-636.15863 -62.579178 1.9522812 0
-636.1485 -61.334259 1.9775492 0
-636.03735 -61.359238 1.9575889 0
-635.92902 -61.377346 1.9366336 0
-635.85254 -61.364235 1.9602032 0
-635.75311 -61.372765 1.9511375 0
-636.05713 -61.244617 1.9459124 0
-636.1123 -61.064571 1.9082457 0
-636.10907 -60.580074 1.9049239 0
-648.44116 -60.056316 1.9161689 0
-649.92932 -59.960732 1.9558498 0
-648.51471 -59.97567 1.9060935 0
-648.3432 -59.86763 1.9259304 0
-635.99115 -59.10643 1.9558378 0
-635.82532 -59.001644 1.9413612 0
-636.00085 -58.828503 1.9206929 0
-648.30219 -58.529572 1.9991963 0
-635.59155 -58.561485 1.9069148 0
-635.88672 -58.339108 1.9242264 0
-635.59283 -58.30938 1.9681686 0
-635.99957 -58.237762 1.9097153 0
-635.72614 -58.270638 1.9280301 0
-636.03021 -57.932255 1.9452342 0
-648.1626 -57.272346 1.9647977 0
-635.92999 -56.679176 1.974575 0
-635.93494 -56.501652 1.9746068 0
-635.87225 -56.383263 1.9769312 0
-648.24835 -56.243008 1.9696153 0
-635.94141 -56.239674 1.9119081 0
-635.87451 -56.251987 1.9114891 0
-635.41925 -55.773106 1.9192331 0
-635.66455 -55.307796 1.913197 0
-635.50085 -55.300236 1.9611561 0
-635.46417 -55.358311 1.9430426 0
-635.87079 -55.221779 1.938166 0
-635.65051 -55.287903 1.9759889 0
-635.54541 -55.292961 1.9478365 0
-635.94794 -55.181507 1.9819736 0
-648.25824 -54.913681 1.9738581 0
-648.14801 -54.720699 1.9141165 0
-648.14435 -54.632584 1.9777145 0
-553.78961 -53.606972 1.999258 0
-635.85907 -53.595768 1.9152082 0
-553.77826 -53.4464 1.9744639 0
-553.77124 -53.270485 1.9451528 0
-635.81732 -53.100346 1.9082793 0
-553.76385 -53.084583 1.9161849 0
-648.17499 -52.976383 1.9801495 0
-635.76971 -52.911575 1.9741741 0
-553.71533 -52.612831 1.9028535 0
-648.16626 -52.429413 1.9596112 0
-635.65326 -52.30975 1.9635081 0
-635.74146 -52.257843 1.9585929 0
-635.57367 -52.26894 1.9720825 0
-635.42426 -52.263695 1.9718874 0
-635.39221 -52.276985 1.9594573 0
-648.13092 -52.13203 1.9183586 0
-635.81476 -51.878204 1.9799962 0
-635.74854 -51.867722 1.938481 0
-648.12231 -51.681965 1.9146551 0
-635.80505 -51.685513 1.9220707 0
-635.79236 -51.697712 1.9714643 0
-635.74957 -51.557831 1.9835919 0
-648.12946 -51.453831 1.946511 0
-648.1134 -51.230892 1.967245 0
-635.78479 -51.174698 1.995555 0
-635.76257 -50.941971 1.9398491 0
-648.12415 -50.85928 1.9065143 0
-635.78473 -50.644005 1.9867674 0
-635.76343 -50.520088 1.9480035 0
-635.85059 -50.421146 1.9879341 0
-635.78271 -50.451279 1.9243035 0
-635.83783 -50.384956 1.9290615 0
-553.67181 -50.263493 1.9875849 0
-626.06506 -91.053146 2.0418258 0
-625.28497 -91.046104 2.016834 0
-630.59845 -90.91745 2.0935805 0
-629.95789 -90.905975 2.0102336 0
-629.89673 -90.924568 2.0811338 0
-629.51306 -90.905052 2.0594954 0
-628.94489 -90.947784 2.0943358 0
-626.93408 -90.990273 2.0448358 0
-626.82159 -90.982361 2.0279477 0
-629.86615 -90.87075 2.0575855 0
-620.51605 -90.827202 2.0976117 0
-618.92218 -90.893196 2.0904486 0
-618.46234 -90.866867 2.0415626 0
-636.70404 -90.745003 2.0349188 0
-622.97729 -90.710968 2.0368171 0
-619.30792 -90.79409 2.0792193 0
-618.52155 -90.707535 2.0972483 0
-619.97351 -90.609818 2.0588169 0
-619.83252 -90.600563 2.0540385 0
-619.47058 -90.694633 2.0770488 0
-624.27197 -90.511314 2.0979509 0
-623.96112 -90.516655 2.0706787 0
-623.81024 -90.516373 2.0598857 0
-623.3678 -90.505386 2.0085542 0
-620.31506 -90.559174 2.0687008 0
-620.28235 -90.564217 2.0753434 0
-619.76379 -90.578728 2.0333841 0
-619.67139 -90.577263 2.0426397 0
-624.76099 -90.409355 2.0771155 0
-624.20764 -90.436165 2.0913055 0
-624.11902 -90.486099 2.0823143 0
-623.99591 -90.482994 2.0028648 0
-623.75665 -90.453636 2.0843611 0
-623.41034 -90.480179 2.0786514 0
-636.11536 -64.080338 2.0179904 0
-636.13647 -63.781651 2.0110614 0
-554.03973 -62.367626 2.0342033 0
-636.11139 -62.142975 2.0523412 0
-635.92737 -61.317463 2.0456355 0
-635.85864 -61.354763 2.0005126 0
-635.62012 -61.375675 2.0223773 0
-636.22223 -61.288383 2.0363312 0
-649.20178 -60.04216 2.0262399 0
-649.1402 -59.950668 2.0142159 0
-649.95325 -59.867088 2.041734 0
-648.3667 -59.847416 2.0392711 0
-636.01001 -59.667965 2.0536404 0
-636.06628 -59.546783 2.016618 0
-648.36041 -59.416267 2.0032604 0
-635.98663 -59.322369 2.0633259 0
-635.85474 -58.93441 2.0196984 0
-553.96808 -58.835526 2.0127389 0
-635.79321 -58.329926 2.0782607 0
-635.58081 -58.366055 2.05147 0
-636.06818 -58.257351 2.0333374 0
-636.01019 -58.053459 2.0854316 0
-648.12042 -57.800014 2.0963163 0
-553.78583 -57.665058 2.0545681 0
-553.90564 -57.079342 2.0903628 0
-553.83044 -56.979771 2.0102522 0
-635.93683 -56.596321 2.0244212 0
-635.94348 -56.418251 2.0349936 0
-635.784 -55.898514 2.086966 0
-648.26343 -55.663601 2.0993659 0
-648.23114 -55.561657 2.0555556 0
-635.4447 -55.409554 2.0360394 0
-648.21979 -55.354774 2.0904813 0
-635.909 -55.32159 2.064023 0
-635.7702 -55.308453 2.0356774 0
-635.62848 -55.372379 2.0455363 0
-635.59052 -55.33194 2.0418525 0
-636.21851 -55.236706 2.0462174 0
-635.92596 -55.20195 2.0466118 0
-648.22723 -54.985298 2.0823314 0
-635.94122 -54.961906 2.041703 0
-635.95862 -54.698906 2.0475433 0
-648.10687 -54.270786 2.0151827 0
-553.80182 -54.165234 2.0912619 0
-553.7998 -53.989128 2.0619092 0
-553.78699 -53.793262 2.0283029 0
-635.83545 -53.387768 2.0791278 0
-553.76215 -53.05365 2.0649633 0
-635.82074 -52.905254 2.0223639 0
-648.17773 -52.873177 2.064106 0
-635.73383 -52.819115 2.0427599 0
-648.1214 -52.787876 2.066849 0
-553.74548 -52.790527 2.0720484 0
-648.1394 -52.668907 2.0238082 0
-648.12634 -52.55262 2.0393143 0
-648.1507 -52.494396 2.0315018 0
-635.74933 -52.303818 2.0741606 0
-635.44531 -52.321404 2.0340533 0
-635.38202 -52.308254 2.0218985 0
-553.63684 -52.323692 2.0561433 0
-635.80865 -52.245209 2.052398 0
-635.65063 -52.254547 2.0404706 0
-635.55988 -52.224918 2.0638845 0
-635.47876 -52.289749 2.0869994 0
-635.34039 -52.242786 2.0805233 0
-648.16229 -52.130878 2.0540075 0
-635.84204 -52.023338 2.0883868 0
-635.77026 -52.078896 2.0741134 0
-635.85559 -51.956097 2.0546808 0
-648.1333 -51.724979 2.0309558 0
-635.76147 -51.727108 2.0117524 0
-635.83337 -51.617462 2.0249953 0
-635.79175 -51.609859 2.0859509 0
-635.81158 -51.538025 2.0789666 0
-648.13702 -51.30423 2.0768557 0
-553.63074 -51.395767 2.051204 0
-635.81653 -51.25552 2.0131004 0
-635.83112 -51.169353 2.019424 0
-635.78882 -51.156036 2.077981 0
-635.76343 -51.056671 2.049798 0
-635.78882 -50.943493 2.0240009 0
-635.73871 -50.830318 2.0441141 0
-635.78699 -50.773136 2.0121386 0
-635.76801 -50.587814 2.0185835 0
-635.82129 -50.473076 2.0664253 0
-635.78088 -50.457726 2.0457416 0
-648.10211 -50.350994 2.0111148 0
-635.82904 -50.381271 2.0624123 0
-625.06628 -91.102074 2.1651921 0
-628.3623 -90.985718 2.111516 0
-627.56329 -90.953079 2.1482737 0
-626.83759 -90.974602 2.1993747 0
-624.8584 -90.954903 2.1565776 0
-629.07703 -90.86908 2.1600842 0
-618.59192 -90.857323 2.1167488 0
-622.00311 -90.796265 2.1258523 0
-621.9729 -90.762863 2.1255312 0
-619.94891 -90.619919 2.1179533 0
-619.65442 -90.611046 2.1138341 0
-619.51477 -90.610634 2.1006854 0
-618.21246 -90.693802 2.1726615 0
-618.13458 -90.648155 2.1935575 0
-618.00067 -90.66539 2.1994157 0
-617.80994 -90.657188 2.1013188 0
-641.19006 -90.591606 2.1122706 0
-620.15991 -90.583046 2.1713035 0
-619.8783 -90.588242 2.1469901 0
-624.75702 -90.451942 2.1251037 0
-624.61908 -90.440033 2.1192255 0
-624.50275 -90.436279 2.1363335 0
-624.38129 -90.437363 2.1589482 0
-623.75067 -90.411446 2.162478 0
-623.67627 -90.449707 2.16905 0
-623.31775 -90.487198 2.1118836 0
-643.19598 -84.501999 2.1860876 0
-636.16821 -65.880646 2.1757376 0
-636.1228 -64.405167 2.132185 0
-636.08295 -62.418865 2.1807871 0
-636.04901 -61.408852 2.1199546 0
-635.97375 -61.410877 2.1124585 0
-635.73163 -61.420231 2.1180875 0
-635.97772 -61.339703 2.1685913 0
-635.88782 -61.375847 2.1358099 0
-649.19659 -60.063229 2.1758144 0
-649.97723 -59.971497 2.1865153 0
-649.25726 -59.948711 2.1532199 0
-553.71112 -59.995266 2.1514845 0
-553.92645 -59.19873 2.1544135 0
-635.81158 -58.316711 2.187489 0
-635.76813 -58.339573 2.1671178 0
-635.69647 -58.368504 2.1446719 0
-636.01697 -58.295963 2.1514034 0
-635.99872 -58.287296 2.1679213 0
-553.87689 -58.130268 2.1175976 0
-636.02643 -58.042046 2.1391222 0
-648.25262 -57.783112 2.1516285 0
-648.1687 -57.715569 2.1233094 0
-635.98413 -57.620846 2.1100597 0
-553.87207 -57.429745 2.105442 0
-648.22162 -57.35178 2.1180227 0
-553.883 -57.316982 2.1661649 0
-553.92102 -56.680302 2.1543362 0
-635.93707 -56.512085 2.1745872 0
-635.92987 -56.400166 2.1769683 0
-635.92859 -56.305244 2.1613119 0
-635.90198 -56.168266 2.142256 0
-648.25269 -55.545151 2.1704624 0
-635.42957 -55.331955 2.1259999 0
-636.15613 -55.246716 2.1836281 0
-635.81696 -55.286419 2.1698442 0
-648.21014 -54.916306 2.1979399 0
-635.92834 -54.872562 2.1504011 0
-648.12341 -54.622971 2.1300263 0
-635.90051 -54.522572 2.1082489 0
-648.09747 -54.270962 2.1024773 0
-553.82697 -54.29493 2.1069946 0
-635.83276 -53.664082 2.187279 0
-635.8313 -53.536964 2.1516268 0
-635.86078 -53.249954 2.1218431 0
-648.14062 -53.016476 2.1419814 0
-635.82196 -53.042427 2.1860099 0
-635.74817 -53.045738 2.1506858 0
-635.83386 -52.950623 2.1033647 0
-648.12628 -52.713753 2.1032145 0
-635.81866 -52.794064 2.1305892 0
-648.15442 -52.495274 2.1876988 0
-648.14697 -52.385071 2.1324747 0
-635.73651 -52.31329 2.1552808 0
-635.41217 -52.350143 2.1905909 0
-635.81372 -52.262478 2.1225381 0
-635.83679 -52.089626 2.1075573 0
-648.13477 -51.945007 2.1592572 0
-635.82367 -51.908695 2.1520133 0
-635.88007 -51.788044 2.1870925 0
-635.81055 -51.570389 2.1748667 0
-635.75116 -51.53643 2.1857448 0
-635.79846 -51.419186 2.1290169 0
-553.74103 -51.473358 2.1774104 0
-635.84033 -51.304443 2.1898413 0
-635.75305 -51.320583 2.1296165 0
-648.13385 -51.278881 2.1870339 0
-635.83014 -51.278076 2.1420844 0
-635.79608 -51.285061 2.1034393 0
-553.6994 -51.144035 2.1359525 0
-553.65863 -51.067017 2.1124961 0
-635.82739 -50.933548 2.1297331 0
-553.63574 -50.912502 2.1331017 0
-635.75848 -50.8484 2.1631932 0
-648.10455 -50.775761 2.1839852 0
-635.75439 -50.736504 2.1216261 0
-648.09515 -50.687397 2.1047993 0
-635.76758 -50.659451 2.1308095 0
-553.70087 -50.641636 2.1906331 0
-635.7699 -50.509281 2.1855824 0
-635.78815 -50.445637 2.1526053 0
-635.82623 -50.381618 2.1388755 0
-553.64209 -50.370701 2.1613495 0
-553.54919 -50.241302 2.188499 0
-553.75201 -50.14922 2.1589091 0
-553.65881 -50.159569 2.1733475 0
-553.66571 -50.06509 2.1734436 0
-553.53784 -50.09137 2.1593008 0
-616.71265 -105.54927 2.2924089 0
-601.28265 -94.385422 2.2787373 0
-629.47772 -90.932831 2.235445 0
-627.6026 -90.992592 2.207232 0
-632.23767 -90.865303 2.2653058 0
-622.82959 -90.729782 2.2245662 0
-622.72003 -90.746017 2.2927084 0
-622.5611 -90.745407 2.2863722 0
-622.41479 -90.778702 2.2839015 0
-618.4267 -90.613617 2.2750711 0
-623.62585 -90.514977 2.2916486 0
-624.9165 -90.477654 2.2139769 0
-624.86188 -90.4692 2.2678769 0
-624.59631 -90.462997 2.2618232 0
-623.99359 -90.452126 2.2258039 0
-623.77789 -90.47467 2.2937737 0
-623.67963 -90.435059 2.2113628 0
-636.09589 -63.733391 2.2473404 0
-636.09106 -62.694744 2.2453973 0
-635.67706 -61.395866 2.2462904 0
-636.11182 -61.14624 2.237736 0
-636.15051 -61.053616 2.2384572 0
-636.0957 -60.675266 2.2884715 0
-648.38293 -59.591736 2.2134142 0
-553.90118 -59.283646 2.2933726 0
-648.29633 -58.895756 2.2286646 0
-635.54919 -58.422562 2.2134216 0
-636.16333 -58.303047 2.2740018 0
-635.9458 -58.335613 2.2347777 0
-635.84766 -58.328365 2.2261672 0
-635.75098 -58.329029 2.2335718 0
-635.63965 -58.355984 2.2112107 0
-636.33386 -58.289188 2.2872312 0
-635.98779 -58.246304 2.2215834 0
-648.32733 -57.932701 2.2734892 0
-648.26874 -57.729015 2.2694812 0
-648.18805 -57.621319 2.2305272 0
-553.81873 -57.429008 2.265394 0
-648.21448 -57.327961 2.2396371 0
-635.89893 -56.612041 2.2504432 0
-635.97388 -56.553459 2.2206199 0
-635.87622 -56.449234 2.2945745 0
-635.85321 -56.313488 2.2759991 0
-648.22296 -56.05352 2.2710485 0
-553.8009 -55.909451 2.2435639 0
-648.20874 -55.46254 2.298336 0
-635.84808 -55.332188 2.2699227 0
-635.526 -55.341255 2.2055132 0
-553.73224 -55.335472 2.2878191 0
-636.37524 -55.27058 2.2035129 0
-636.1347 -55.262524 2.2831473 0
-635.76813 -55.276417 2.2160578 0
-648.16205 -54.749531 2.2991104 0
-553.66095 -54.728115 2.2251692 0
-635.98193 -54.63652 2.2873015 0
-635.89301 -54.53904 2.278764 0
-648.12122 -54.427036 2.2440131 0
-553.74231 -54.299023 2.2246139 0
-553.73297 -54.133877 2.2233829 0
-642.56818 -53.932961 2.2459269 0
-553.71661 -53.994717 2.2217703 0
-635.77582 -53.547173 2.2636762 0
-635.79669 -53.293785 2.2403781 0
-635.86072 -53.149418 2.2449946 0
-553.71246 -52.839718 2.2051151 0
-648.17682 -52.789738 2.2958601 0
-635.39929 -52.32159 2.2108085 0
-635.83331 -52.258274 2.2892475 0
-635.77124 -52.213142 2.2737982 0
-635.64563 -52.223282 2.2431226 0
-635.53271 -52.29306 2.2280216 0
-635.38196 -52.267555 2.2433188 0
-648.1322 -52.145218 2.24897 0
-635.80621 -52.17387 2.2499235 0
-553.50409 -52.136642 2.2745006 0
-648.11493 -52.019905 2.2005279 0
-635.84302 -51.948521 2.2250998 0
-635.92206 -51.88784 2.2116549 0
-635.76465 -51.851517 2.2378287 0
-648.10785 -51.466774 2.2753325 0
-635.76251 -51.452644 2.2537076 0
-648.1087 -51.398483 2.2204568 0
-648.0907 -51.158588 2.282928 0
-635.76233 -51.186291 2.2188058 0
-553.6814 -51.087154 2.2740526 0
-635.73901 -50.900177 2.2280219 0
-635.84741 -50.814301 2.2014158 0
-635.75366 -50.833763 2.2524519 0
-553.67926 -50.833382 2.2923553 0
-553.763 -50.692844 2.2834883 0
-553.67401 -50.692886 2.270277 0
-635.75317 -50.548668 2.249862 0
-553.66467 -50.577774 2.257606 0
-635.7951 -50.447445 2.2392955 0
-635.69531 -50.441151 2.2341909 0
-553.66986 -50.446888 2.2354233 0
-553.5459 -50.416412 2.222662 0
-553.66052 -50.331669 2.2177532 0
-635.77759 -50.034592 2.2512653 0
-626.85162 -91.022072 2.3451638 0
-626.10474 -91.064568 2.3707631 0
-625.26691 -91.087036 2.3442712 0
-625.07446 -91.083961 2.3231273 0
-632.0943 -90.84449 2.3938308 0
-635.28394 -90.719048 2.3206053 0
-634.4303 -90.797295 2.3005171 0
-622.87762 -90.751755 2.3037515 0
-621.98346 -90.770538 2.388087 0
-621.74048 -90.747032 2.3639472 0
-639.02026 -90.638374 2.34045 0
-638.2876 -90.657829 2.3632393 0
-618.35114 -90.668167 2.3876591 0
-618.19153 -90.611328 2.3338804 0
-620.3266 -90.566269 2.3799183 0
-620.26843 -90.571396 2.317286 0
-620.1156 -90.548622 2.3457422 0
-619.82556 -90.552177 2.3627961 0
-624.65747 -90.457314 2.3393595 0
-624.50476 -90.47258 2.3322592 0
-624.35822 -90.463615 2.3255363 0
-624.16254 -90.462433 2.3611333 0
-623.92487 -90.498642 2.3541193 0
-643.3382 -84.469124 2.3329363 0
-600.65222 -81.470848 2.3730445 0
-600.59784 -76.686729 2.3885984 0
-600.4671 -71.454689 2.3274324 0
-636.18561 -64.334229 2.3612423 0
-636.13672 -64.047989 2.3257837 0
-636.09753 -64.091064 2.3585725 0
-636.10248 -63.727409 2.3573432 0
-636.0603 -62.747143 2.3122289 0
-636.315 -61.325077 2.385474 0
-635.90302 -61.391129 2.3123438 0
-635.68652 -61.353447 2.3244171 0
-636.14777 -61.263172 2.3417859 0
-636.08203 -61.286713 2.3283551 0
-636.08679 -61.061108 2.3893237 0
-636.14539 -60.790733 2.3901119 0
-649.25037 -60.027847 2.3815804 0
-649.98242 -59.986446 2.3749089 0
-649.14362 -59.957458 2.3601377 0
-648.31317 -59.840614 2.3291612 0
-636.03204 -59.493191 2.3344991 0
-635.96918 -59.408768 2.3892026 0
-553.91663 -59.36478 2.3165615 0
-635.87433 -59.137516 2.3897648 0
-648.25946 -58.490986 2.3263183 0
-635.74402 -58.324089 2.3336024 0
-635.66516 -58.326645 2.3156698 0
-636.03534 -58.283401 2.3707397 0
-648.28864 -58.124348 2.3593426 0
-553.86365 -57.044258 2.391964 0
-635.96008 -56.530975 2.3509355 0
-553.59747 -56.52829 2.3968823 0
-635.95251 -56.455093 2.3072791 0
-648.26514 -56.14798 2.3244126 0
-635.93439 -56.196766 2.3924825 0
-648.21295 -55.869236 2.3589494 0
-635.71893 -55.592918 2.3228176 0
-635.54572 -55.536343 2.3899605 0
-635.52216 -55.437977 2.3051662 0
-635.78717 -55.313614 2.395896 0
-635.56 -55.320881 2.3528605 0
-635.9386 -55.27964 2.3090389 0
-635.62274 -55.269726 2.3553636 0
-635.58868 -55.296059 2.3564281 0
-635.46704 -55.297729 2.3722134 0
-635.89478 -54.933876 2.348453 0
-648.14014 -54.707115 2.3308942 0
-635.86365 -54.496872 2.3073678 0
-648.09357 -54.379837 2.3589752 0
-553.77252 -54.362114 2.33709 0
-635.78296 -53.621861 2.3674936 0
-553.72382 -53.42944 2.3014305 0
-635.78467 -53.302357 2.3923881 0
-635.86377 -53.124012 2.3126295 0
-648.17346 -53.038174 2.3155591 0
-648.20215 -52.978134 2.3769755 0
-635.80646 -52.875626 2.3668475 0
-635.64734 -52.745377 2.3512146 0
-648.18884 -52.631851 2.3063972 0
-553.74005 -52.61002 2.3879302 0
-648.12689 -52.508938 2.3481848 0
-553.75891 -52.454178 2.3819273 0
-635.35834 -52.313606 2.3821609 0
-648.12933 -52.234344 2.315522 0
-635.63055 -52.243813 2.3437357 0
-635.58728 -52.234066 2.3573854 0
-635.42419 -52.282799 2.3546212 0
-635.38031 -52.240173 2.32006 0
-635.47992 -52.190193 2.3439996 0
-648.12067 -52.044075 2.3352857 0
-635.80817 -52.062881 2.3957319 0
-635.78015 -52.087196 2.3589368 0
-648.14246 -51.973969 2.3257079 0
-648.14581 -51.899044 2.3069668 0
-635.78125 -51.780014 2.3434329 0
-635.78558 -51.698215 2.3390183 0
-635.79694 -51.515724 2.3080368 0
-635.77167 -51.431404 2.329278 0
-635.76947 -51.301292 2.3165801 0
-648.11688 -51.214184 2.3689878 0
-635.83411 -51.29591 2.3999133 0
-553.68878 -51.224976 2.3541858 0
-635.78418 -51.035538 2.3613372 0
-553.73444 -51.093037 2.3407154 0
-553.67889 -50.95908 2.314702 0
-635.76514 -50.877586 2.3696229 0
-635.75989 -50.740589 2.3223989 0
-635.75488 -50.669682 2.3490629 0
-635.76807 -50.566231 2.3199556 0
-635.82355 -50.423714 2.3172159 0
-635.76923 -50.460327 2.3135538 0
-635.80621 -50.057816 2.3445649 0
-635.78656 -50.032242 2.3507411 0
-627.56165 -91.004288 2.4851053 0
-624.96405 -91.091072 2.447118 0
-628.26758 -90.949379 2.4595215 0
-627.58746 -90.989639 2.433404 0
-631.79163 -90.872284 2.4255564 0
-618.54919 -90.815147 2.4516425 0
-638.23218 -90.647263 2.463753 0
-619.96136 -90.619919 2.4219971 0
-618.50513 -90.640617 2.4403131 0
-617.9942 -90.678635 2.4825668 0
-620.24194 -90.553673 2.4577537 0
-619.87006 -90.588486 2.4357014 0
-624.4433 -90.434189 2.4431138 0
-623.90601 -90.46434 2.4777482 0
-623.69031 -90.472702 2.4715106 0
-643.28192 -81.478546 2.4099429 0
-600.73853 -79.399376 2.4813154 0
-600.73169 -78.689598 2.4652226 0
-600.59961 -77.75444 2.4277425 0
-643.02557 -75.329773 2.4137676 0
-600.69257 -74.825638 2.4962549 0
-600.67474 -73.757217 2.4321799 0
-635.89709 -62.527317 2.4856055 0
-636.05469 -62.449783 2.456171 0
-635.7298 -61.671967 2.4032352 0
-554.04236 -61.419983 2.4460709 0
-636.00507 -61.363052 2.4512691 0
-635.84497 -61.369541 2.4278026 0
-635.79285 -61.36842 2.4972639 0
-636.13403 -61.04953 2.4785728 0
-649.84418 -60.033142 2.4195502 0
-648.3988 -60.035439 2.4874551 0
-648.21179 -60.07085 2.4060755 0
-648.35004 -59.541496 2.4498842 0
-635.9776 -59.470806 2.4458067 0
-648.30743 -59.256298 2.4139147 0
-553.87671 -58.783398 2.4740911 0
-648.34363 -58.589428 2.4446924 0
-636.01318 -58.304722 2.4433844 0
-635.96741 -58.352451 2.4502606 0
-635.89429 -58.336868 2.4800153 0
-635.72974 -58.353951 2.4575539 0
-635.67926 -58.383335 2.4164906 0
-635.56757 -58.369789 2.4650657 0
-635.98077 -58.092567 2.4320874 0
-635.95947 -56.627815 2.4022343 0
-553.86444 -56.36739 2.4501491 0
-553.78235 -56.355965 2.467351 0
-635.88904 -56.167404 2.4259286 0
-648.24695 -56.030846 2.4008646 0
-553.68805 -56.0285 2.448432 0
-635.91064 -55.979137 2.4370158 0
-635.66858 -55.705154 2.4510546 0
-553.81311 -55.501457 2.4405601 0
-553.77399 -55.41415 2.4807253 0
-635.89862 -55.31741 2.4007254 0
-635.57068 -55.393436 2.4375877 0
-635.43793 -55.327824 2.4438818 0
-636.25183 -55.246513 2.4395456 0
-636.15857 -55.215527 2.4238751 0
-635.78094 -55.281662 2.4589603 0
-635.60999 -55.286194 2.4888391 0
-553.78015 -55.010098 2.4815741 0
-553.64008 -54.844135 2.4570401 0
-648.13934 -54.731644 2.4309225 0
-553.80115 -54.706318 2.4145935 0
-648.08429 -54.640606 2.4271622 0
-635.88153 -54.60677 2.4627707 0
-648.12585 -54.532784 2.4400036 0
-635.91272 -54.530743 2.4608343 0
-553.62933 -54.548512 2.433146 0
-553.76019 -54.496075 2.4670422 0
-648.10437 -54.341251 2.4955733 0
-648.07172 -54.215302 2.4785748 0
-553.68256 -54.27729 2.4382548 0
-635.78796 -53.629562 2.4303737 0
-635.79797 -53.588276 2.4465306 0
-648.18945 -53.148697 2.4223948 0
-553.68097 -52.693474 2.4214194 0
-635.67664 -52.558582 2.4196851 0
-635.77283 -52.305874 2.4056363 0
-635.46802 -52.301739 2.4715292 0
-635.38574 -52.326225 2.4724095 0
-635.73663 -52.282799 2.4241874 0
-635.58026 -52.246181 2.4987571 0
-635.38855 -52.293236 2.4631071 0
-553.67365 -52.167454 2.4324384 0
-635.80219 -52.064232 2.4387493 0
-635.74261 -52.06546 2.4533553 0
-635.78802 -51.993271 2.4638562 0
-553.67786 -51.819878 2.4407411 0
-635.76843 -51.793762 2.4135191 0
-648.12219 -51.684971 2.4112213 0
-635.84814 -51.561588 2.493582 0
-553.72729 -51.480366 2.4613993 0
-635.77295 -51.334137 2.4521904 0
-635.72931 -51.209026 2.4595909 0
-635.70709 -50.992622 2.4216106 0
-635.75684 -50.784199 2.4783633 0
-553.73907 -50.772083 2.4860501 0
-648.11414 -50.599133 2.4332066 0
-635.77393 -50.561134 2.4324319 0
-635.80542 -50.455051 2.4336298 0
-635.77368 -50.438309 2.4495547 0
-553.70544 -50.418453 2.4799311 0
-635.8078 -50.358124 2.411232 0
-553.70093 -50.298405 2.4553208 0
-553.6911 -50.183434 2.4353409 0
-635.78973 -50.01683 2.4702802 0
-553.65826 -50.09864 2.4118364 0
-616.33838 -105.60863 2.5445828 0
-627.08704 -91.037987 2.5875576 0
-625.31586 -91.043037 2.5486715 0
-625.04492 -91.032883 2.5490005 0
-624.91217 -91.023628 2.5491168 0
-629.84204 -90.928886 2.5992534 0
-628.35767 -90.953247 2.5787785 0
-628.28339 -90.989166 2.5659359 0
-627.5838 -90.991409 2.5545239 0
-633.66205 -90.80394 2.5936232 0
-632.93359 -90.848366 2.5559239 0
-632.85095 -90.872139 2.5904808 0
-618.94464 -90.860321 2.5315089 0
-622.93982 -90.792259 2.5844123 0
-622.28656 -90.776588 2.5547528 0
-639.04065 -90.649826 2.585999 0
-638.31384 -90.627251 2.514436 0
-619.9895 -90.620293 2.5963151 0
-618.26483 -90.639587 2.5935862 0
-618.08081 -90.654266 2.5115633 0
-623.16547 -90.511192 2.5617523 0
-620.03699 -90.556358 2.5720618 0
-619.99048 -90.587158 2.5177715 0
-619.76636 -90.563446 2.522074 0
-619.63928 -90.592079 2.5651932 0
-624.49274 -90.44223 2.5505579 0
-623.43005 -90.493576 2.5058358 0
-600.64203 -80.607147 2.527678 0
-600.4928 -74.786621 2.5540352 0
-600.40485 -74.032715 2.5388894 0
-600.36096 -73.518837 2.5928152 0
-636.05688 -62.596165 2.5307081 0
-635.90076 -61.413586 2.5616179 0
-635.69989 -61.407909 2.5298636 0
-635.60712 -61.377213 2.5868847 0
-636.11517 -60.688194 2.5972738 0
-649.19836 -60.032536 2.5987828 0
-648.38983 -60.090942 2.5041008 0
-648.57776 -59.969341 2.5812001 0
-636.05951 -59.648018 2.533551 0
-553.94727 -59.568752 2.5481565 0
-636.38379 -58.326271 2.5035853 0
-636.29407 -58.307758 2.5649629 0
-635.84277 -58.386429 2.5738916 0
-635.73547 -58.335041 2.5293512 0
-635.63153 -58.32357 2.531949 0
-635.53748 -58.338062 2.5579762 0
-648.28125 -58.283367 2.5180202 0
-635.98975 -58.207203 2.5635288 0
-648.23584 -57.77702 2.5795331 0
-648.15607 -57.714134 2.5015411 0
-635.99786 -57.562424 2.5035431 0
-635.95074 -56.642517 2.5315623 0
-635.87988 -56.699162 2.5568979 0
-635.98401 -56.460289 2.5889473 0
-635.91058 -56.369774 2.5068076 0
-635.86969 -56.16914 2.5167711 0
-648.22266 -55.94313 2.5105858 0
-648.19025 -55.801277 2.5578332 0
-553.79456 -55.815609 2.5791843 0
-635.83582 -55.304718 2.5600035 0
-635.79224 -55.315933 2.5584908 0
-635.55023 -55.369576 2.5515337 0
-635.46832 -55.356781 2.5182397 0
-636.24097 -55.221729 2.5248897 0
-635.85907 -55.261673 2.5355844 0
-635.76782 -55.280575 2.5654604 0
-635.47778 -55.258888 2.5122745 0
-553.76331 -55.286785 2.5351243 0
-636.07465 -55.145916 2.5382037 0
-635.95319 -54.9809 2.5230772 0
-648.11084 -54.589798 2.5491157 0
-648.07819 -54.243298 2.5194111 0
-553.76678 -54.150311 2.5163491 0
-635.83264 -53.630173 2.5408607 0
-635.77722 -53.657578 2.5684824 0
-635.82251 -53.276943 2.5459442 0
-635.81659 -53.090462 2.5153036 0
-635.77826 -53.095268 2.5702477 0
-635.79761 -52.809967 2.5101557 0
-648.16473 -52.536942 2.5569353 0
-553.71954 -52.454807 2.5435398 0
-635.43805 -52.308693 2.5351474 0
-635.8064 -52.222973 2.5839534 0
-635.65686 -52.254433 2.5500574 0
-635.5401 -52.266388 2.5507696 0
-553.75275 -52.283947 2.5946887 0
-635.7887 -52.052483 2.5615287 0
-635.78369 -51.916569 2.5473146 0
-635.78937 -51.8792 2.5334425 0
-553.70068 -51.824333 2.5074542 0
-635.78345 -51.565147 2.5498996 0
-635.76123 -51.320866 2.5307832 0
-553.61646 -51.398193 2.5996954 0
-635.77124 -51.249165 2.5861123 0
-648.10248 -51.076763 2.5240407 0
-635.74756 -51.049992 2.5594606 0
-648.09967 -50.969326 2.562012 0
-635.76715 -50.943405 2.5550504 0
-553.72418 -50.923611 2.5732536 0
-635.74762 -50.877293 2.5224969 0
-553.70447 -50.813736 2.552588 0
-553.66626 -50.834644 2.5541966 0
-635.8418 -50.797169 2.5611899 0
-635.74695 -50.639233 2.5367181 0
-553.71997 -50.668468 2.5244422 0
-635.85266 -50.54195 2.5522766 0
-635.75818 -50.510643 2.5694659 0
-553.70026 -50.558594 2.5037787 0
-635.82922 -50.43087 2.5338178 0
-635.84991 -50.375805 2.5304513 0
-635.79077 -50.011883 2.5885725 0
-626.68274 -91.041748 2.6410172 0
-625.21136 -91.049225 2.6482344 0
-629.03357 -90.969345 2.6059852 0
-620.37335 -90.831078 2.6853402 0
-619.0592 -90.849907 2.6892369 0
-618.51794 -90.870071 2.6391068 0
-623.02936 -90.753448 2.6541657 0
-622.90527 -90.764526 2.6484149 0
-620.90894 -90.779778 2.6737046 0
-640.52734 -90.607681 2.6877372 0
-637.60352 -90.648697 2.6703172 0
-618.44989 -90.612282 2.6132188 0
-620.04694 -90.566628 2.6663814 0
-619.80878 -90.577881 2.6183114 0
-624.24481 -90.469009 2.6369047 0
-624.09235 -90.457367 2.629143 0
-623.71631 -90.468437 2.6182506 0
-623.62708 -90.491272 2.6393313 0
-623.46143 -90.494377 2.6737151 0
-623.35895 -90.450584 2.6087344 0
-643.24487 -81.461441 2.6644635 0
-643.1189 -81.45031 2.6601806 0
-600.76251 -77.303467 2.6454542 0
-600.52814 -75.573143 2.6959186 0
-600.40674 -74.893723 2.64136 0
-600.46088 -74.277794 2.6265469 0
-600.43945 -72.859566 2.6190147 0
-636.15668 -65.911911 2.6112361 0
-636.2063 -65.848701 2.6727257 0
-636.07483 -62.607281 2.627878 0
-635.65686 -61.481197 2.6239545 0
-635.59723 -61.409649 2.6304979 0
-636.41071 -61.35165 2.6080766 0
-635.91083 -61.338921 2.6707947 0
-635.81848 -61.346363 2.609349 0
-635.7583 -61.364948 2.6670818 0
-636.07965 -61.254791 2.6877995 0
-636.11652 -61.06995 2.6754384 0
-636.14374 -60.940727 2.667758 0
-636.01141 -60.672951 2.6840394 0
-553.95752 -60.54847 2.6655195 0
-648.65845 -60.010326 2.6808085 0
-649.92841 -59.996632 2.6495075 0
-648.66357 -59.978683 2.6548843 0
-635.99591 -59.599838 2.6708663 0
-636.04333 -59.400078 2.6017849 0
-648.36578 -59.307758 2.6371825 0
-635.97955 -59.203201 2.6089871 0
-635.74872 -58.400127 2.6407201 0
-635.80463 -58.368294 2.6932704 0
-635.65649 -58.383099 2.6528552 0
-635.49463 -58.388908 2.6901145 0
-553.84711 -58.254356 2.6262076 0
-648.25977 -57.730644 2.6737785 0
-648.22168 -57.69791 2.6696875 0
-553.71356 -57.163834 2.6425574 0
-635.89935 -56.58102 2.694226 0
-553.80231 -56.437687 2.6457655 0
-648.19537 -56.003826 2.6148684 0
-635.91577 -55.983902 2.678015 0
-635.67352 -55.593884 2.6425531 0
-635.72864 -55.341751 2.6425283 0
-635.52991 -55.320728 2.6373379 0
-635.45618 -55.366714 2.6881456 0
-648.18982 -55.268074 2.6621697 0
-636.29303 -55.218769 2.6322773 0
-636.13922 -55.258293 2.6640632 0
-635.94086 -55.254227 2.6593132 0
-635.85925 -55.29549 2.6842186 0
-648.19696 -54.819904 2.6360159 0
-648.06183 -54.62088 2.6442833 0
-648.10931 -54.354588 2.6826127 0
-642.57318 -53.843014 2.6137254 0
-553.80548 -53.735096 2.6816442 0
-635.76276 -53.643997 2.6481934 0
-635.75928 -53.555912 2.6611018 0
-648.17682 -52.865566 2.6854279 0
-635.85846 -52.862228 2.6763024 0
-648.14368 -52.55983 2.6901131 0
-648.09894 -52.371315 2.6788306 0
-635.76862 -52.226025 2.6611888 0
-635.43567 -52.289635 2.6631417 0
-635.35577 -52.288483 2.6561933 0
-648.14478 -52.183048 2.6126904 0
-648.12305 -52.090313 2.6764786 0
-635.78094 -52.069187 2.68541 0
-635.77136 -51.833981 2.65048 0
-648.13013 -51.79792 2.6084623 0
-635.76996 -51.70269 2.6857467 0
-635.78003 -51.628922 2.6450958 0
-635.78998 -51.540409 2.646903 0
-648.10425 -51.43668 2.6548631 0
-635.76178 -51.485584 2.6885042 0
-648.09998 -51.326958 2.6069021 0
-635.7608 -51.334763 2.6732755 0
-553.68213 -51.310379 2.6602738 0
-635.75049 -51.206043 2.6338775 0
-553.66193 -51.21471 2.6516645 0
-635.87708 -51.146946 2.6975398 0
-635.73615 -51.162361 2.6533513 0
-648.12122 -51.032242 2.6223192 0
-635.74091 -51.038074 2.6515799 0
-553.71368 -51.068832 2.6017294 0
-635.7356 -50.939537 2.6652803 0
-635.75244 -50.891834 2.6222191 0
-553.48267 -50.865921 2.6908262 0
-635.76587 -50.755001 2.6097524 0
-635.74597 -50.661259 2.6603918 0
-635.73712 -50.552086 2.6453159 0
-648.10925 -50.481472 2.6978219 0
-635.7937 -50.190781 2.6206522 0
-553.59308 -50.186478 2.6652579 0
-635.81958 -50.028065 2.6570461 0
-627.57043 -91.002373 2.7849836 0
-626.0202 -91.021378 2.7711573 0
-630.72345 -90.902245 2.7973375 0
-630.64166 -90.962112 2.770406 0
-629.92883 -90.938019 2.7835457 0
-629.78235 -90.936584 2.7473371 0
-628.36963 -90.984299 2.7557142 0
-628.19366 -90.974388 2.7546911 0
-627.58569 -90.940651 2.744556 0
-633.03217 -90.809921 2.7185037 0
-630.57007 -90.898407 2.7271602 0
-619.40375 -90.833443 2.7034464 0
-619.37292 -90.869492 2.7776623 0
-619.29749 -90.827332 2.7024238 0
-635.17639 -90.76149 2.7835844 0
-623.01245 -90.70681 2.72559 0
-622.90808 -90.77787 2.7302525 0
-622.2876 -90.766174 2.7426503 0
-622.09845 -90.770027 2.7698157 0
-621.91583 -90.763397 2.7134886 0
-621.41919 -90.773964 2.7403629 0
-621.24933 -90.793694 2.7318285 0
-620.73676 -90.782074 2.7156808 0
-619.54602 -90.710915 2.782572 0
-619.32593 -90.770782 2.7316985 0
-618.52454 -90.683525 2.7442851 0
-618.36938 -90.642044 2.7107 0
-618.02319 -90.639175 2.7452714 0
-617.88684 -90.687431 2.7155547 0
-623.11566 -90.501198 2.7061315 0
-624.66058 -90.458344 2.7972491 0
-624.52136 -90.451721 2.7830465 0
-624.38263 -90.450035 2.7638009 0
-624.26251 -90.468712 2.7562642 0
-624.12335 -90.46209 2.7420616 0
-624.00073 -90.470383 2.7291503 0
-623.94843 -90.46093 2.7256651 0
-623.52557 -90.472595 2.7079937 0
-623.23065 -90.494797 2.7090328 0
-643.12445 -87.561913 2.7514203 0
-600.86316 -87.118988 2.7671583 0
-643.39478 -84.425621 2.746834 0
-643.01514 -81.392998 2.7452285 0
-600.58771 -80.406364 2.7832267 0
-600.8299 -78.677742 2.7271712 0
-600.54541 -76.564606 2.7501142 0
-600.47992 -74.457809 2.7064414 0
-600.43903 -74.119003 2.7437668 0
-636.0498 -65.646286 2.7241211 0
-636.12622 -62.657833 2.7023921 0
-636.0368 -61.41161 2.7219496 0
-635.84711 -61.408546 2.7665095 0
-635.61383 -61.419308 2.7558303 0
-636.11163 -61.310467 2.7431526 0
-636.099 -61.347797 2.788084 0
-635.97247 -61.371403 2.7495556 0
-635.83795 -61.354374 2.7648027 0
-635.77325 -61.384464 2.7322979 0
-553.95819 -61.388531 2.7160807 0
-636.03632 -61.289005 2.7511721 0
-648.36304 -60.056103 2.7890773 0
-649.2085 -59.994244 2.7422938 0
-648.31494 -59.786602 2.7456205 0
-636.00995 -59.608326 2.771729 0
-635.97803 -59.625942 2.7179084 0
-636.09625 -59.406193 2.7065356 0
-635.96021 -59.356617 2.7389402 0
-648.25037 -59.068569 2.7100859 0
-636.03632 -59.086266 2.7278285 0
-635.52167 -58.482002 2.7990029 0
-635.6955 -58.328552 2.731297 0
-635.59473 -58.349659 2.7989254 0
-635.92542 -58.294266 2.7427304 0
-635.93884 -57.979343 2.7906432 0
-648.27802 -57.753025 2.7061741 0
-648.21246 -57.479168 2.7252183 0
-553.80762 -56.590458 2.7587805 0
-648.24512 -56.075157 2.7371242 0
-648.24683 -55.894699 2.7862642 0
-553.78162 -55.594486 2.764549 0
-635.86346 -55.313007 2.7219369 0
-635.60406 -55.300373 2.7065539 0
-635.45984 -55.388443 2.7564411 0
-635.7674 -55.26017 2.7468562 0
-635.54388 -55.293457 2.7738097 0
-635.44049 -55.296921 2.7096021 0
-648.21912 -54.924995 2.7574461 0
-648.20245 -54.792385 2.763068 0
-648.19714 -54.767048 2.7733741 0
-648.17798 -54.676094 2.7788301 0
-553.61206 -53.217075 2.7581594 0
-635.90582 -53.190681 2.7578495 0
-648.14246 -53.067528 2.7194972 0
-635.88635 -52.936283 2.7147229 0
-635.86078 -52.881721 2.7429299 0
-635.75073 -52.870003 2.7899501 0
-553.74072 -52.733864 2.7985132 0
-635.77185 -52.313057 2.7622268 0
-635.53693 -52.315983 2.7530849 0
-635.42566 -52.309383 2.7217011 0
-635.28455 -52.303448 2.704252 0
-635.70349 -52.267597 2.7514937 0
-635.65656 -52.281239 2.7750483 0
-635.52435 -52.25832 2.782475 0
-635.40967 -52.249802 2.7431779 0
-635.38098 -52.28455 2.7382052 0
-635.80481 -52.168678 2.7525411 0
-635.82227 -52.072205 2.7592947 0
-635.75061 -52.02124 2.7435703 0
-635.8183 -51.900734 2.7652473 0
-635.75305 -51.607296 2.7761891 0
-635.8064 -51.530117 2.7546341 0
-635.76697 -51.569832 2.749733 0
-648.11719 -51.339901 2.7008197 0
-635.8255 -51.265804 2.7551897 0
-635.76562 -51.251183 2.7295163 0
-635.7569 -51.185932 2.7825384 0
-635.80182 -51.051716 2.7858038 0
-635.76135 -51.060665 2.7673149 0
-635.75134 -50.94825 2.738533 0
-635.75708 -50.882576 2.7580173 0
-635.7265 -50.789085 2.7342262 0
-635.73749 -50.625587 2.7598965 0
-635.74756 -50.500256 2.7899559 0
-635.78949 -50.418209 2.7463462 0
-635.80951 -50.386364 2.7425597 0
-635.78601 -50.383137 2.7525747 0
-635.83331 -50.023129 2.7532873 0
-635.78381 -50.0037 2.731581 0
-625.25189 -91.117905 2.8361254 0
-627.74536 -91.004166 2.8689294 0
-626.82147 -91.014282 2.8473196 0
-626.02576 -91.011421 2.8698103 0
-625.96167 -91.038399 2.8793986 0
-625.38586 -91.027954 2.8272958 0
-625.24969 -91.05117 2.8375461 0
-630.64008 -90.951363 2.8199644 0
-629.00793 -90.941574 2.8457341 0
-627.5191 -90.95919 2.8770497 0
-626.85144 -90.96991 2.8370521 0
-632.95135 -90.879532 2.843194 0
-632.19678 -90.860306 2.8552253 0
-631.81995 -90.855988 2.8175747 0
-635.19342 -90.757996 2.8950613 0
-623.05219 -90.744141 2.8063283 0
-621.3197 -90.771111 2.8209155 0
-618.39996 -90.616791 2.8288088 0
-643.57214 -90.498528 2.8764117 0
-624.78802 -90.441605 2.8764229 0
-624.64124 -90.431618 2.8663797 0
-624.46497 -90.422935 2.8691118 0
-624.36322 -90.438919 2.8790529 0
-623.88232 -90.438675 2.8602848 0
-643.09814 -81.450783 2.8659289 0
-600.59283 -80.497643 2.8760991 0
-600.80713 -79.951767 2.8089736 0
-600.57135 -78.602814 2.8672321 0
-600.56775 -77.565887 2.8093874 0
-600.48486 -76.107643 2.8704007 0
-600.47571 -74.016472 2.8244102 0
-600.33917 -71.363083 2.8844604 0
-636.09448 -65.575493 2.8939989 0
-636.18732 -64.240829 2.8535945 0
-554.0741 -64.075432 2.8246806 0
-636.11108 -63.702858 2.8397205 0
-553.9342 -62.970337 2.8701234 0
-636.10577 -62.696182 2.8409357 0
-636.05835 -62.683456 2.8972793 0
-636.15668 -62.532345 2.8923438 0
-553.95532 -60.777428 2.8857405 0
-649.89038 -60.001831 2.8229985 0
-649.21082 -60.026505 2.8415976 0
-649.18323 -60.028519 2.8288085 0
-553.88397 -58.96484 2.8013058 0
-635.68671 -58.52132 2.8212078 0
-553.91779 -58.585228 2.8186445 0
-636.25323 -58.334759 2.8901327 0
-635.93127 -58.338547 2.8296914 0
-635.76074 -58.352913 2.8121724 0
-635.67169 -58.363068 2.8029497 0
-553.82458 -58.370583 2.8158078 0
-636.01379 -58.274582 2.8296297 0
-553.75232 -58.108978 2.8075697 0
-635.97882 -58.035797 2.8422372 0
-635.98407 -57.95079 2.8745506 0
-648.30487 -57.839176 2.8568621 0
-648.23413 -57.759174 2.8511984 0
-635.90204 -57.541908 2.8846812 0
-648.16284 -57.327602 2.8501005 0
-553.80487 -56.652847 2.8170512 0
-635.94745 -56.339481 2.8780184 0
-635.97058 -56.145012 2.8590391 0
-635.95612 -55.981144 2.8564465 0
-648.25891 -55.613369 2.8953474 0
-635.50366 -55.525257 2.8488603 0
-553.72925 -55.478848 2.8791897 0
-635.73853 -55.320557 2.8164525 0
-635.69965 -55.333073 2.8192267 0
-635.47174 -55.344555 2.8460455 0
-635.96826 -55.230286 2.8241425 0
-635.77332 -55.269753 2.87391 0
-635.47046 -55.289597 2.8684835 0
-635.85956 -55.189034 2.8887119 0
-553.55951 -54.99052 2.8826737 0
-635.85095 -54.538879 2.8091321 0
-648.10046 -54.224327 2.8323133 0
-635.7923 -53.378933 2.8150163 0
-635.784 -53.063789 2.8226478 0
-635.7265 -52.965012 2.8027275 0
-553.65326 -52.760647 2.8972776 0
-553.74457 -52.419533 2.8609877 0
-648.15784 -52.375462 2.8340664 0
-635.74438 -52.303978 2.8978553 0
-635.48792 -52.306763 2.8246124 0
-635.78223 -52.22261 2.8940153 0
-635.53754 -52.270172 2.8485272 0
-635.45166 -52.275742 2.8756239 0
-635.78015 -52.186569 2.89698 0
-553.69684 -52.05479 2.827733 0
-635.78284 -51.906033 2.8411045 0
-635.77252 -51.748371 2.8681219 0
-635.7804 -51.656322 2.8410876 0
-635.77393 -51.58556 2.8929112 0
-648.13348 -51.494141 2.8244829 0
-635.75189 -51.433937 2.8696001 0
-635.76123 -51.352844 2.8240967 0
-635.75964 -51.13105 2.8632722 0
-648.09326 -51.054783 2.8269479 0
-635.76331 -51.058098 2.8754978 0
-635.62054 -51.02771 2.856679 0
-631.66962 -51.063023 2.8441591 0
-648.11603 -50.908619 2.8963914 0
-635.75684 -50.948524 2.8679378 0
-648.09045 -50.839344 2.8543048 0
-635.77106 -50.738945 2.8417039 0
-635.7431 -50.656284 2.8275001 0
-635.7774 -50.548393 2.848156 0
-635.74524 -50.449543 2.8521392 0
-635.88129 -50.36665 2.8096192 0
-635.79553 -50.037693 2.8058596 0
-553.6087 -50.077713 2.8703213 0
-626.00726 -91.0252 2.9830043 0
-625.13794 -91.062347 2.9608355 0
-629.8559 -90.930374 2.9794648 0
-627.50861 -90.996498 2.9265006 0
-634.39545 -90.828979 2.9885063 0
-635.1911 -90.748138 2.9780989 0
-633.68671 -90.795815 2.9396317 0
-624.41663 -90.517563 2.9380574 0
-623.776 -90.509468 2.9139743 0
-620.2561 -90.564346 2.907877 0
-624.92584 -90.425346 2.9014571 0
-624.25214 -90.454521 2.9639127 0
-643.21198 -87.617447 2.9128301 0
-643.23016 -84.501183 2.9473226 0
-643.34906 -84.482819 2.9492989 0
-600.61896 -80.695526 2.9938285 0
-600.6048 -78.404564 2.9357231 0
-600.4776 -74.671227 2.9965847 0
-600.37921 -72.852486 2.9516242 0
-636.18475 -64.350616 2.9856417 0
-636.0459 -62.635723 2.9089289 0
-636.08453 -62.092926 2.9790144 0
-635.66205 -61.65823 2.9634626 0
-636.03156 -61.368568 2.9590995 0
-635.92358 -61.382309 2.9485207 0
-635.87457 -61.369675 2.9187112 0
-635.68146 -61.386192 2.9998782 0
-635.59308 -61.385654 2.9981387 0
-553.92017 -61.026585 2.9615719 0
-553.78143 -60.340206 2.9680495 0
-648.3183 -60.01223 2.9021852 0
-553.75916 -59.839134 2.9194982 0
-635.97443 -59.55106 2.9794545 0
-636.05841 -59.477428 2.9402895 0
-648.31421 -58.561264 2.9858239 0
-635.94281 -58.330044 2.9791768 0
-635.87042 -58.345348 2.965049 0
-635.78168 -58.310047 2.9857206 0
-635.68298 -58.350285 2.9498184 0
-635.54138 -58.354366 2.9400451 0
-636.1123 -58.285385 2.9474607 0
-636.05743 -58.287991 2.9392622 0
-635.96027 -58.271099 2.942441 0
-636.05811 -58.159306 2.9873004 0
-635.95837 -58.168468 2.9860334 0
-648.31543 -57.960213 2.9884553 0
-648.3075 -57.802166 2.9215407 0
-553.85675 -57.872494 2.9161863 0
-553.84686 -57.655731 2.9703214 0
-553.83783 -57.413986 2.9326789 0
-553.77441 -57.125229 2.9591055 0
-635.86804 -56.385574 2.9776232 0
-635.88129 -56.287365 2.9855413 0
-648.22437 -55.999363 2.9432235 0
-648.1814 -55.479404 2.9008443 0
-635.46649 -55.34866 2.940439 0
-636.04968 -55.250851 2.9394469 0
-635.65564 -55.275501 2.97313 0
-553.82275 -55.227089 2.9760909 0
-635.97137 -55.118637 2.9653771 0
-635.85419 -55.197914 2.9219515 0
-635.91943 -54.961369 2.9260151 0
-635.87366 -54.915821 2.9262342 0
-648.20569 -54.719086 2.948741 0
-553.8067 -54.596672 2.9245267 0
-553.74475 -54.432343 2.9537888 0
-635.70483 -53.462814 2.9355826 0
-635.80444 -53.336124 2.9992123 0
-648.1225 -53.250004 2.9942267 0
-635.83368 -53.28791 2.9919274 0
-635.73334 -53.217003 2.9590251 0
-635.84167 -53.106808 2.9627507 0
-635.79456 -53.117638 2.9745965 0
-648.15436 -53.06435 2.9706159 0
-635.6319 -52.715199 2.9535098 0
-648.11279 -52.482628 2.9974523 0
-635.71539 -52.314804 2.9717245 0
-635.37872 -52.341213 2.9369643 0
-636.24481 -52.214443 2.9965894 0
-635.78735 -52.22723 2.9798074 0
-635.63922 -52.270615 2.9526427 0
-635.5954 -52.275814 2.9037859 0
-635.84399 -52.121391 2.9531209 0
-635.76019 -52.182217 2.9841747 0
-635.78693 -51.962639 2.9935813 0
-635.82385 -51.854057 2.9286366 0
-635.75421 -51.825012 2.9219017 0
-635.78247 -51.724182 2.91293 0
-635.74432 -51.631477 2.9435635 0
-635.77533 -51.594658 2.9735959 0
-553.62036 -51.541924 2.9872258 0
-635.80591 -51.434505 2.9696693 0
-635.79474 -51.324799 2.9034615 0
-635.79431 -51.249092 2.9395292 0
-635.78815 -51.069946 2.9404092 0
-635.72852 -50.975899 2.9533443 0
-635.72668 -50.715019 2.9008975 0
-635.84253 -50.664921 2.9278994 0
-635.70813 -50.678448 2.9270604 0
-635.86127 -50.513268 2.9851592 0
-553.67596 -50.437 2.9307249 0
-648.10931 -50.334888 2.9495659 0
-635.92108 -50.324303 2.9738467 0
-553.52234 -50.201378 2.9378841 0
-615.59235 -105.5433 3.0075819 0
-626.94666 -91.035782 3.0847919 0
-625.3551 -91.051064 3.0380337 0
-625.27527 -91.076096 3.079041 0
-633.64136 -90.814651 3.0877628 0
-622.92987 -90.800751 3.0292318 0
-621.24493 -90.774231 3.0979261 0
-640.51355 -90.616219 3.0024238 0
-620.24054 -90.601311 3.0978408 0
-619.80054 -90.625427 3.0840967 0
-619.66187 -90.631699 3.0538363 0
-619.52417 -90.615952 3.0484328 0
-619.4621 -90.644897 3.0576458 0
-618.41321 -90.626518 3.0151992 0
-623.10608 -90.512505 3.0637028 0
-620.27649 -90.541756 3.0703266 0
-619.96338 -90.56369 3.0366237 0
-619.82703 -90.570084 3.0055056 0
-624.34277 -90.460838 3.0042593 0
-643.33765 -84.46106 3.0299177 0
-643.08417 -84.485306 3.011503 0
-600.66766 -82.439507 3.008575 0
-600.67194 -82.181778 3.0836015 0
-600.55847 -76.939545 3.099097 0
-600.51581 -76.374954 3.0771532 0
-642.87097 -75.366188 3.0675054 0
-600.34253 -73.524696 3.0664842 0
-600.44733 -72.799248 3.0893323 0
-636.11157 -63.688976 3.0332923 0
-554.05817 -62.594021 3.0634031 0
-553.92236 -62.524349 3.0891454 0
-553.95691 -62.379665 3.080503 0
-636.00317 -61.404732 3.0205913 0
-635.54535 -61.439045 3.0390685 0
-636.0318 -61.300762 3.0272884 0
-635.86755 -61.393875 3.0576735 0
-553.90997 -60.873802 3.0027869 0
-554.00641 -60.277714 3.0332835 0
-553.84015 -60.231197 3.0174537 0
-648.36011 -60.054543 3.0949662 0
-635.97345 -59.637951 3.0822971 0
-635.94922 -59.53466 3.0785513 0
-635.95465 -59.344757 3.0232797 0
-635.86194 -59.351158 3.034894 0
-553.77917 -59.379429 3.0260384 0
-648.33423 -59.073341 3.070081 0
-635.93304 -59.064106 3.0781918 0
-635.54297 -58.369907 3.0706239 0
-635.7171 -58.265549 3.07865 0
-635.91608 -58.013958 3.0679569 0
-648.28662 -57.793137 3.0462334 0
-553.91498 -57.425957 3.0366535 0
-648.17072 -57.329407 3.0623291 0
-648.1748 -57.275105 3.0956395 0
-553.95355 -56.927734 3.0839221 0
-553.83594 -56.952099 3.0852079 0
-553.82489 -56.623386 3.0167243 0
-635.90759 -56.48011 3.0996583 0
-635.85364 -56.442005 3.0106611 0
-648.22949 -56.170712 3.0354774 0
-635.8476 -56.165543 3.0896347 0
-635.8479 -56.02597 3.0601852 0
-635.698 -55.859188 3.0157402 0
-553.86377 -55.803146 3.0489616 0
-553.86133 -55.787304 3.0992968 0
-553.83081 -55.564568 3.03932 0
-553.82672 -55.393246 3.0052934 0
-635.71564 -55.241089 3.0977335 0
-648.12317 -54.756134 3.0951481 0
-635.86707 -54.797302 3.0504286 0
-648.14417 -54.69133 3.0750451 0
-648.0365 -54.571404 3.0514812 0
-553.63422 -54.36578 3.0798407 0
-553.61505 -54.210716 3.0800388 0
-635.80115 -53.499794 3.0554891 0
-635.77661 -53.421875 3.0497832 0
-635.79333 -53.341 3.023802 0
-635.77698 -53.220169 3.0931304 0
-635.77545 -53.130329 3.0152473 0
-553.71204 -53.113304 3.0642874 0
-648.1377 -52.398457 3.0563998 0
-635.77032 -52.315399 3.0811167 0
-635.82739 -52.254856 3.0926974 0
-635.7439 -52.271702 3.0883152 0
-635.64722 -52.258976 3.0450282 0
-635.53674 -52.261826 3.061748 0
-635.49786 -52.289089 3.042402 0
-635.37207 -52.293819 3.0067732 0
-635.29761 -52.278473 3.0053573 0
-635.82104 -52.136642 3.0731258 0
-635.76019 -52.137424 3.0490518 0
-635.81311 -51.931099 3.0428154 0
-648.10767 -51.783104 3.0754418 0
-635.84875 -51.794651 3.0532203 0
-635.77911 -51.625187 3.0045028 0
-648.10236 -51.410141 3.0955298 0
-635.79681 -51.473141 3.0015664 0
-635.68829 -51.439785 3.0742495 0
-648.12787 -51.340702 3.0955215 0
-635.75134 -51.399841 3.0476782 0
-635.72845 -51.295719 3.007138 0
-635.73181 -51.18914 3.0007207 0
-635.67773 -51.138786 3.0203967 0
-635.69843 -51.047661 3.0748992 0
-553.69159 -50.904285 3.0673454 0
-635.75464 -50.852268 3.0997922 0
-553.64685 -50.88232 3.0230422 0
-635.72089 -50.573528 3.0157864 0
-635.75513 -50.474167 3.0795336 0
-553.57758 -50.403309 3.0937121 0
-635.82831 -50.379787 3.0802748 0
-635.75146 -50.292416 3.0362649 0
-629.84497 -90.933296 3.162415 0
-630.67993 -90.875549 3.1816931 0
-618.46594 -90.809998 3.1605759 0
-636.69891 -90.748856 3.1783848 0
-636.76288 -90.688492 3.1658525 0
-618.33252 -90.648697 3.1338713 0
-601.02722 -85.017685 3.1324248 0
-600.53833 -77.88623 3.1935127 0
-600.44684 -74.838707 3.1832373 0
-600.41937 -74.087303 3.1703789 0
-600.37311 -71.704247 3.1966999 0
-554.04822 -63.630863 3.1654053 0
-554.01532 -63.491493 3.1432493 0
-635.89215 -62.031002 3.1237929 0
-635.68793 -61.4156 3.1614721 0
-635.73981 -61.38002 3.1263151 0
-635.67365 -61.37989 3.1383388 0
-636.09198 -61.273869 3.1989002 0
-649.22485 -60.00209 3.1943641 0
-649.18713 -59.987606 3.1757517 0
-635.95514 -59.642895 3.1569324 0
-635.97723 -59.454288 3.1198659 0
-635.93542 -59.395523 3.1134737 0
-553.91522 -58.827248 3.155232 0
-635.94989 -58.304165 3.1367371 0
-635.63782 -58.398315 3.1158669 0
-635.5271 -58.334652 3.1464632 0
-636.0152 -58.277962 3.1902962 0
-635.9892 -58.281471 3.1702843 0
-553.91473 -57.882614 3.106653 0
-648.26898 -57.778099 3.1610787 0
-553.89941 -57.732975 3.101378 0
-648.20428 -57.610489 3.197356 0
-553.87994 -57.593781 3.10094 0
-648.1745 -57.315075 3.131988 0
-553.8819 -56.76334 3.1214395 0
-635.90088 -56.597099 3.1074531 0
-635.87128 -56.542995 3.1726913 0
-553.6803 -56.490421 3.163377 0
-635.89801 -56.135681 3.1564925 0
-553.80865 -55.892796 3.1683259 0
-648.24487 -55.702534 3.1371555 0
-635.81354 -55.310932 3.1651075 0
-635.75354 -55.326019 3.1476586 0
-553.83984 -55.365208 3.1279325 0
-648.19189 -55.236637 3.134773 0
-636.01843 -55.237354 3.1609144 0
-635.8783 -55.275589 3.1422243 0
-635.59912 -55.293335 3.1009631 0
-553.66071 -55.202702 3.1377957 0
-635.92249 -55.180683 3.1489134 0
-648.16516 -54.732231 3.1904449 0
-648.11517 -54.64093 3.1609068 0
-648.02344 -54.302158 3.105644 0
-648.09003 -54.266586 3.1531365 0
-648.12408 -54.055771 3.1495931 0
-642.12628 -53.972103 3.1645446 0
-642.06128 -53.997437 3.1668253 0
-553.79968 -53.840118 3.1414347 0
-635.79462 -53.565468 3.1457109 0
-635.81091 -53.333874 3.1543818 0
-635.76093 -53.147617 3.1481621 0
-635.82764 -52.302048 3.1030078 0
-648.15192 -52.201279 3.1363599 0
-635.76599 -52.262753 3.1622472 0
-635.78607 -52.185791 3.1300435 0
-635.7641 -51.904217 3.1587079 0
-553.68066 -51.90078 3.1701956 0
-648.09161 -51.591087 3.1375747 0
-635.74841 -51.533737 3.15891 0
-553.6377 -51.52256 3.1794372 0
-635.8299 -51.329979 3.1496217 0
-635.81024 -51.24847 3.1357474 0
-635.71149 -51.297764 3.1253388 0
-635.81665 -50.866924 3.152576 0
-635.7536 -50.853161 3.1525593 0
-648.12073 -50.73711 3.145757 0
-635.75812 -50.74514 3.1738987 0
-648.09277 -50.666813 3.1342857 0
-635.72412 -50.664845 3.1705923 0
-635.80219 -50.485363 3.165143 0
-635.74634 -50.433281 3.1652672 0
-553.70679 -50.439346 3.1660898 0
-553.62506 -50.120323 3.1539631 0
-635.75299 -50.033653 3.1461871 0
-600.8797 -95.67868 3.2697227 0
-626.05328 -91.00872 3.2627885 0
-629.76392 -90.977768 3.2455392 0
-629.10303 -90.92794 3.2473493 0
-628.59845 -90.925941 3.2042825 0
-619.35529 -90.834488 3.2501388 0
-617.80371 -90.700096 3.2107561 0
-619.40845 -90.625687 3.2925634 0
-617.88031 -90.653015 3.2429259 0
-617.73883 -90.646866 3.2381334 0
-618.01904 -90.581749 3.2786088 0
-624.77045 -90.430145 3.2596066 0
-624.52039 -90.454773 3.2348037 0
-624.05939 -90.444069 3.2864187 0
-623.92133 -90.475456 3.2817283 0
-623.77002 -90.457237 3.2664125 0
-600.76404 -85.345261 3.2784019 0
-643.06653 -84.477165 3.2922122 0
-600.69641 -80.384811 3.2042308 0
-600.51746 -76.891434 3.2812519 0
-600.41669 -74.732712 3.2797215 0
-600.414 -73.827042 3.2220411 0
-600.38269 -72.003601 3.2074842 0
-600.24323 -71.97187 3.2642055 0
-554.04834 -64.962769 3.2255423 0
-553.8689 -63.401257 3.2708402 0
-635.89996 -61.348038 3.2534275 0
-553.96088 -60.280991 3.2228909 0
-649.91229 -60.006622 3.201741 0
-649.26367 -60.013386 3.2089894 0
-648.37256 -60.055676 3.2463913 0
-649.94104 -59.928276 3.2699008 0
-649.15839 -59.978058 3.227562 0
-635.95959 -59.768547 3.297261 0
-635.94952 -59.498734 3.2383502 0
-648.34705 -58.641064 3.2397783 0
-635.54675 -58.425003 3.2759631 0
-636.11597 -58.303078 3.2954133 0
-635.86798 -58.373791 3.2750981 0
-635.62952 -58.350967 3.2627845 0
-635.888 -58.281597 3.280195 0
-648.27667 -57.736366 3.2319169 0
-635.90338 -56.642628 3.2327058 0
-635.86499 -56.663498 3.2442789 0
-635.86414 -56.599434 3.2177737 0
-553.84552 -56.319492 3.2099082 0
-635.69391 -56.259037 3.2984612 0
-635.83289 -55.324116 3.2515266 0
-635.63318 -55.362862 3.2475533 0
-635.51434 -55.346352 3.2366147 0
-635.43567 -55.346756 3.2745812 0
-635.88916 -55.237091 3.2630167 0
-648.23669 -54.867424 3.2460303 0
-648.19653 -54.874336 3.2376552 0
-648.22089 -54.766895 3.2636094 0
-553.82892 -54.40263 3.2690296 0
-553.76819 -53.831509 3.2334268 0
-635.76624 -53.393955 3.2217216 0
-635.9137 -53.256458 3.2330897 0
-553.52142 -53.027225 3.2070808 0
-635.69342 -52.719925 3.2567842 0
-635.39355 -52.56068 3.2120571 0
-648.15375 -52.461945 3.2633612 0
-635.57422 -52.315514 3.2966518 0
-635.37762 -52.343822 3.2904344 0
-635.68353 -52.239025 3.2181811 0
-635.47113 -52.236347 3.2632513 0
-648.12256 -52.061325 3.287971 0
-553.5899 -51.93063 3.2748756 0
-635.76935 -51.885605 3.238807 0
-635.80383 -51.766853 3.2266271 0
-635.76862 -51.751511 3.2817612 0
-553.70868 -51.76091 3.2542784 0
-635.73438 -51.582764 3.2127342 0
-635.78748 -51.471958 3.2748883 0
-635.76184 -51.384228 3.2476685 0
-635.70795 -51.225231 3.2450523 0
-635.74103 -51.188133 3.2780943 0
-635.72729 -51.067734 3.251925 0
-635.82501 -50.913395 3.256146 0
-635.74762 -50.93882 3.2342644 0
-635.73065 -50.78513 3.261734 0
-635.74097 -50.626286 3.2439349 0
-635.74164 -50.525471 3.2233229 0
-635.81177 -50.407822 3.2408977 0
-635.74274 -50.449841 3.2529793 0
-635.79791 -50.353386 3.2425461 0
-616.37964 -105.62121 3.3029208 0
-626.08386 -91.007607 3.3549418 0
-627.4823 -90.98584 3.3139794 0
-626.73755 -90.973175 3.3525755 0
-631.40063 -90.884361 3.357789 0
-630.62537 -90.8927 3.3500948 0
-621.20081 -90.812355 3.3877647 0
-618.54248 -90.854706 3.3294165 0
-635.19287 -90.776001 3.3545446 0
-639.69116 -90.643738 3.3034234 0
-638.97699 -90.667 3.3561559 0
-623.12482 -90.678825 3.3619699 0
-620.23053 -90.602188 3.3160181 0
-618.09711 -90.627502 3.377918 0
-617.85071 -90.624863 3.3630164 0
-617.79102 -90.656227 3.3129582 0
-619.91608 -90.559578 3.3945754 0
-619.78888 -90.562424 3.3901839 0
-617.85516 -90.567604 3.3703523 0
-624.27112 -90.461113 3.3912444 0
-624.1615 -90.47377 3.3406143 0
-623.97681 -90.446487 3.3520665 0
-623.84064 -90.436913 3.3595085 0
-623.71448 -90.464912 3.3500516 0
-623.06329 -90.451958 3.3200777 0
-643.31543 -79.171303 3.3363378 0
-648.35797 -63.690624 3.3214951 0
-554.10736 -63.400002 3.3717992 0
-554.05304 -63.123287 3.3648775 0
-554.03729 -62.607002 3.3400495 0
-553.85309 -61.779877 3.3744721 0
-635.59009 -61.582317 3.3422978 0
-635.70868 -61.43499 3.372139 0
-636.0025 -61.379669 3.3002269 0
-635.86346 -61.371532 3.3696556 0
-635.74561 -61.399067 3.3736992 0
-635.53876 -61.370419 3.3709671 0
-636.32642 -61.277702 3.329514 0
-636.11554 -61.275162 3.3946047 0
-553.91296 -60.417515 3.3382752 0
-649.20386 -60.026634 3.3371642 0
-648.36804 -60.057137 3.35304 0
-649.1958 -59.988972 3.3200872 0
-636.04358 -59.538139 3.3177509 0
-635.95581 -59.457867 3.3452237 0
-553.89423 -59.431309 3.3029685 0
-553.9173 -59.202541 3.3152056 0
-553.87073 -58.849785 3.3649244 0
-635.95325 -58.362705 3.3622229 0
-635.8316 -58.356094 3.3487587 0
-635.76703 -58.380196 3.3708942 0
-635.6803 -58.366287 3.3401155 0
-635.93915 -58.259846 3.3976948 0
-648.20807 -57.708321 3.3994262 0
-648.20087 -57.672543 3.3739154 0
-648.12592 -57.680275 3.3763273 0
-553.87891 -57.387024 3.3608131 0
-553.85516 -57.248234 3.3088572 0
-553.80804 -56.623352 3.3933041 0
-635.89923 -56.454559 3.3351848 0
-553.69598 -56.293041 3.352073 0
-648.25012 -56.164989 3.3159451 0
-635.86169 -55.351768 3.365711 0
-635.78363 -55.336086 3.3010066 0
-635.66809 -55.36536 3.3559945 0
-635.54401 -55.374454 3.3234372 0
-635.45306 -55.392811 3.3725665 0
-636.05017 -55.260513 3.3437188 0
-635.94141 -55.208813 3.3096917 0
-648.2207 -55.13179 3.3809803 0
-553.71783 -55.139198 3.3557737 0
-648.21771 -54.880775 3.3023746 0
-648.12927 -54.718964 3.3894448 0
-553.80322 -54.74725 3.3975859 0
-553.70312 -54.794662 3.338681 0
-648.12317 -54.694229 3.3468556 0
-648.06714 -54.676918 3.3823063 0
-553.75372 -54.515461 3.3787608 0
-553.67828 -54.253925 3.3099315 0
-635.81714 -53.590664 3.3569293 0
-553.73444 -53.574326 3.3767867 0
-635.78613 -53.494587 3.348407 0
-553.79895 -53.49638 3.3554649 0
-635.87408 -53.390366 3.3853934 0
-648.10785 -53.179401 3.3672805 0
-635.85602 -53.069843 3.3069015 0
-553.72015 -52.317371 3.3766897 0
-635.81525 -52.239887 3.3593256 0
-635.78046 -52.242676 3.3187404 0
-635.67059 -52.262672 3.3733244 0
-635.58612 -52.271751 3.3817821 0
-635.36316 -52.270813 3.3343661 0
-553.69653 -52.255646 3.3595936 0
-648.13397 -52.137005 3.3319507 0
-635.33142 -52.132645 3.3236845 0
-635.77972 -52.008362 3.3554506 0
-635.76709 -51.904839 3.344265 0
-635.74884 -51.726879 3.3804381 0
-635.74731 -51.694916 3.3020198 0
-635.76337 -51.585335 3.3536043 0
-635.83643 -51.431801 3.3646941 0
-635.73804 -51.478428 3.3580081 0
-648.08466 -51.305099 3.3904469 0
-635.73114 -51.318008 3.3180923 0
-648.1062 -51.221302 3.384552 0
-635.75818 -51.266567 3.3679276 0
-648.1272 -51.187168 3.3666985 0
-648.08075 -51.130699 3.3256783 0
-635.75513 -51.110085 3.3396854 0
-635.72534 -51.007305 3.3342044 0
-635.73956 -50.939548 3.3095253 0
-635.76801 -50.892906 3.3210826 0
-635.74554 -50.729435 3.3613679 0
-635.76074 -50.681259 3.3412707 0
-635.72498 -50.542309 3.3917217 0
-635.78931 -50.466877 3.3148189 0
-635.83063 -50.372276 3.3317013 0
-616.09216 -105.58618 3.4922905 0
-625.42932 -91.064247 3.4370894 0
-629.80011 -90.928001 3.4466269 0
-626.76379 -90.984261 3.4682999 0
-634.33984 -90.824547 3.4936075 0
-632.87866 -90.841103 3.4378355 0
-632.10541 -90.819687 3.4336519 0
-636.70319 -90.73037 3.4794354 0
-635.1192 -90.759018 3.4010928 0
-634.45544 -90.773468 3.4971673 0
-619.94617 -90.606956 3.401233 0
-643.48669 -90.521446 3.4726875 0
-620.13721 -90.594513 3.4430773 0
-619.75653 -90.596115 3.4992223 0
-624.39551 -90.451057 3.4004753 0
-623.06085 -90.493996 3.4406998 0
-643.01422 -84.48835 3.47999 0
-642.99799 -84.498718 3.4454637 0
-600.78412 -83.676376 3.4126384 0
-600.4281 -73.81031 3.4600573 0
-600.31952 -73.355835 3.4889796 0
-600.37921 -71.47261 3.4744041 0
-600.31006 -71.303741 3.498456 0
-600.23505 -71.220673 3.4964745 0
-553.98065 -67.491417 3.4891241 0
-553.98914 -67.077385 3.4673288 0
-553.96021 -65.925453 3.4139423 0
-554.11261 -65.274727 3.4775879 0
-553.93091 -64.729568 3.4979079 0
-553.89343 -62.874813 3.415462 0
-635.60059 -61.520645 3.4284253 0
-636.03302 -61.416985 3.4944618 0
-635.81799 -61.414845 3.4783857 0
-636.45874 -61.303131 3.4595103 0
-636.33264 -61.320103 3.4221678 0
-636.20667 -61.385014 3.4230425 0
-635.97083 -61.328133 3.4801435 0
-635.59296 -61.383842 3.4088457 0
-636.17163 -61.27034 3.4686012 0
-553.99274 -61.086678 3.4376013 0
-553.92322 -60.645287 3.4990563 0
-553.93042 -60.464806 3.4859195 0
-648.29602 -59.771515 3.4345305 0
-635.37268 -58.648785 3.4928081 0
-635.95496 -58.350384 3.402576 0
-635.82214 -58.319275 3.4870906 0
-635.65588 -58.364029 3.4429538 0
-635.91479 -58.282425 3.4615226 0
-635.77783 -58.287842 3.4489338 0
-648.26294 -57.854221 3.4353433 0
-648.09515 -57.751621 3.4367037 0
-648.20911 -57.694321 3.4657824 0
-648.15784 -57.655926 3.4549501 0
-553.87335 -56.829712 3.4007244 0
-553.77087 -56.858677 3.4072306 0
-635.87457 -56.501865 3.4647048 0
-635.91199 -56.433693 3.4275746 0
-635.90863 -56.214615 3.4605875 0
-635.88275 -56.226833 3.4886584 0
-553.73169 -56.240982 3.4107215 0
-553.84357 -56.03949 3.4921405 0
-635.80573 -55.975777 3.452909 0
-648.20471 -55.429722 3.4945235 0
-635.85907 -55.303745 3.4327283 0
-635.61615 -55.324234 3.4179506 0
-635.52954 -55.317413 3.4524598 0
-635.44464 -55.321068 3.4792778 0
-636.0769 -55.283813 3.4518604 0
-635.96545 -55.218346 3.4392035 0
-635.79669 -55.294415 3.4916217 0
-635.65912 -55.29351 3.4975717 0
-553.78326 -55.250366 3.4170988 0
-635.80481 -53.539474 3.4298444 0
-635.79791 -53.485664 3.4614596 0
-648.16357 -53.20042 3.4131029 0
-635.71655 -53.151299 3.4224405 0
-648.15198 -52.94101 3.4150116 0
-635.71118 -52.864811 3.4482765 0
-648.12561 -52.465508 3.4397459 0
-553.72491 -52.458275 3.429745 0
-648.1261 -52.303318 3.4552016 0
-635.64893 -52.30978 3.4365971 0
-635.3399 -52.346695 3.4438636 0
-635.80127 -52.229774 3.4846697 0
-635.74585 -52.252007 3.460016 0
-635.66235 -52.273876 3.4335527 0
-635.45215 -52.263966 3.4338989 0
-635.35742 -52.276955 3.493613 0
-635.76636 -52.145363 3.4675667 0
-648.14075 -52.06036 3.433686 0
-635.76038 -52.057392 3.4375114 0
-635.76141 -51.963364 3.4312549 0
-635.75964 -51.866135 3.4112725 0
-635.75073 -51.739887 3.4778244 0
-635.85352 -51.643372 3.4925396 0
-635.81165 -51.420826 3.4767082 0
-635.75104 -51.432587 3.4172146 0
-635.76837 -51.158585 3.460835 0
-635.74127 -51.000591 3.4713211 0
-631.67517 -51.075169 3.4187453 0
-635.78021 -50.93095 3.4210525 0
-635.85333 -50.849831 3.4979424 0
-635.7774 -50.866833 3.4627218 0
-648.10535 -50.646412 3.4429908 0
-635.7934 -50.569477 3.4356098 0
-635.69653 -50.572124 3.4323575 0
-635.81702 -50.440475 3.4423451 0
-635.75464 -50.467735 3.4539471 0
-635.83112 -50.363747 3.4664006 0
-625.97162 -91.116005 3.5930128 0
-624.9967 -91.004562 3.5552216 0
-629.14569 -90.926613 3.5841751 0
-628.22394 -90.994888 3.580749 0
-620.52521 -90.823273 3.582047 0
-620.84552 -90.786674 3.596787 0
-619.41345 -90.724602 3.5879238 0
-618.22516 -90.64679 3.5656989 0
-617.93616 -90.602455 3.5612156 0
-641.315 -90.571152 3.5098875 0
-619.85425 -90.540283 3.5927773 0
-619.51166 -90.577026 3.5924392 0
-624.36487 -90.472504 3.5329649 0
-624.20001 -90.477654 3.5830159 0
-623.51465 -90.478928 3.5868471 0
-623.47272 -90.497261 3.5339806 0
-600.87079 -86.117035 3.5661347 0
-643.40613 -84.451477 3.5073819 0
-643.29578 -84.461922 3.5446796 0
-643.16125 -84.479042 3.5684464 0
-643.02271 -84.49649 3.5724194 0
-600.57898 -77.164963 3.5477774 0
-643.19971 -76.460869 3.5819077 0
-600.51837 -76.403419 3.5778775 0
-600.3642 -75.934441 3.5854967 0
-600.48358 -74.718948 3.5240307 0
-600.41779 -74.003822 3.5625045 0
-600.36456 -72.622673 3.5285234 0
-554.00208 -67.880325 3.5099044 0
-636.21619 -65.838753 3.5002408 0
-553.96722 -65.694893 3.5385878 0
-554.00598 -63.551632 3.576293 0
-554.0257 -63.350597 3.5277569 0
-554.05988 -62.804783 3.5784738 0
-636.0882 -62.655437 3.5911586 0
-554.0199 -62.380692 3.5872114 0
-553.84052 -62.200569 3.5215778 0
-553.93152 -61.710407 3.5587523 0
-635.66168 -61.42923 3.5159435 0
-635.96112 -61.346401 3.5904007 0
-635.84814 -61.37394 3.5485885 0
-649.22021 -59.922379 3.5330608 0
-553.81525 -59.129383 3.5684571 0
-635.77899 -58.913837 3.5068376 0
-553.80383 -58.960506 3.5564878 0
-648.3045 -58.795082 3.5538988 0
-635.5816 -58.615246 3.5153046 0
-635.50177 -58.411438 3.5150483 0
-635.84131 -58.332176 3.5323188 0
-635.77307 -58.322304 3.5620975 0
-635.53369 -58.353821 3.5664012 0
-635.47217 -58.355938 3.562562 0
-636.17163 -58.286179 3.5797501 0
-636.0249 -58.245335 3.5289469 0
-635.99457 -58.233578 3.5588539 0
-553.83093 -58.198948 3.5877008 0
-648.29498 -57.751293 3.5715804 0
-553.82843 -57.227081 3.527894 0
-553.84418 -57.015732 3.5688674 0
-635.85638 -56.649925 3.5152602 0
-635.85016 -56.541332 3.5993903 0
-636.02026 -56.403873 3.5680859 0
-635.87152 -56.432446 3.5055728 0
-635.83978 -56.347328 3.5251679 0
-553.81689 -56.243431 3.5214629 0
-635.94232 -56.161732 3.5570922 0
-648.23718 -55.918774 3.585253 0
-648.21796 -55.869854 3.5020235 0
-635.92023 -55.830818 3.5346174 0
-648.21222 -55.657104 3.5121331 0
-553.86163 -55.602669 3.5335691 0
-635.4494 -55.508106 3.5786605 0
-635.68652 -55.330532 3.5365367 0
-635.52905 -55.329494 3.5727181 0
-635.44305 -55.387482 3.580956 0
-636.31311 -55.29652 3.5942218 0
-636.10083 -55.272953 3.5774674 0
-636.08765 -55.28569 3.5636837 0
-635.93457 -55.240417 3.5463829 0
-635.8606 -55.241585 3.5586472 0
-635.78552 -55.285786 3.5400794 0
-635.64783 -55.272305 3.5512464 0
-648.12213 -54.697056 3.522171 0
-648.09235 -54.686207 3.5174954 0
-553.82635 -53.931786 3.5765808 0
-635.80377 -53.515121 3.5287743 0
-635.74115 -53.50626 3.5072787 0
-635.83667 -53.168285 3.5628695 0
-635.76422 -53.12595 3.592895 0
-635.63867 -53.072624 3.5348787 0
-553.72461 -53.018089 3.535897 0
-648.15204 -52.951756 3.5920208 0
-635.84552 -52.914944 3.5086656 0
-635.75641 -52.995808 3.5636337 0
-553.7027 -52.848537 3.5085549 0
-648.14386 -52.754444 3.5238523 0
-648.12756 -52.681007 3.5724859 0
-648.05988 -52.582363 3.5870061 0
-635.56317 -52.302849 3.5732911 0
-635.32166 -52.307644 3.5211854 0
-635.617 -52.2724 3.5066566 0
-635.45642 -52.294006 3.5213714 0
-635.37695 -52.256367 3.5160234 0
-635.8429 -52.196445 3.5762994 0
-635.82819 -52.006924 3.5072622 0
-635.7901 -52.030552 3.5412335 0
-553.54462 -52.057484 3.5514476 0
-635.7757 -51.932434 3.5759845 0
-635.78619 -51.887859 3.519006 0
-635.77448 -51.722191 3.5510724 0
-648.13068 -51.640724 3.5583277 0
-635.76227 -51.435429 3.5265725 0
-635.78259 -51.358433 3.5426214 0
-635.70636 -50.960651 3.564992 0
-635.79474 -50.715981 3.5467873 0
-553.58691 -50.770535 3.5102971 0
-635.74146 -50.636272 3.5703728 0
-635.7287 -50.50415 3.5405841 0
-635.74835 -50.343777 3.5499701 0
-625.12976 -91.131752 3.6627617 0
-627.75336 -91.012047 3.6597185 0
-627.62531 -91.011574 3.6507483 0
-627.19116 -91.016006 3.6334555 0
-626.52106 -91.031548 3.6320393 0
-625.56781 -91.068169 3.6372762 0
-625.42682 -91.066277 3.638042 0
-625.29413 -91.0588 3.6337357 0
-632.78918 -90.950417 3.6895084 0
-628.30011 -90.948837 3.653919 0
-627.97882 -90.972137 3.6386719 0
-627.88501 -90.991608 3.6690249 0
-632.11292 -90.823547 3.6963015 0
-619.22528 -90.831696 3.6525736 0
-618.95416 -90.86422 3.6947043 0
-618.62927 -90.897751 3.6399376 0
-636.76672 -90.714966 3.6101391 0
-622.86078 -90.772545 3.698267 0
-620.47913 -90.740013 3.6882052 0
-618.39252 -90.665314 3.6609607 0
-618.24921 -90.64003 3.6528053 0
-617.61334 -90.670914 3.6422019 0
-620.05933 -90.558456 3.6703026 0
-618.02667 -90.599777 3.6196847 0
-624.86743 -90.469498 3.6850142 0
-624.29126 -90.468742 3.6455622 0
-623.55054 -90.471092 3.6811268 0
-623.33496 -90.484413 3.6222808 0
-600.8465 -86.943062 3.6206017 0
-643.1908 -84.501823 3.6544294 0
-643.29059 -84.494194 3.6870053 0
-643.04706 -84.491898 3.649477 0
-600.51721 -77.276268 3.6574368 0
-600.55109 -77.13942 3.6873806 0
-600.53674 -76.991493 3.6938386 0
-643.00098 -75.311279 3.6200175 0
-600.49402 -74.237419 3.6018825 0
-600.37616 -73.895172 3.6997182 0
-600.48334 -73.529305 3.6888099 0
-554.1571 -65.623253 3.6083155 0
-554.02887 -64.429291 3.661459 0
-596.72058 -62.853806 3.6894572 0
-636.07727 -62.643166 3.6354859 0
-553.9729 -61.751553 3.6715581 0
-635.97009 -61.422028 3.6306348 0
-635.86475 -61.392643 3.6180048 0
-635.58386 -61.38818 3.6236768 0
-649.13898 -60.012058 3.6622241 0
-649.93323 -59.99176 3.6567953 0
-649.14301 -59.985619 3.6849453 0
-648.33966 -59.970329 3.6483657 0
-648.2702 -59.974472 3.6539412 0
-635.97772 -59.603516 3.609448 0
-648.32837 -59.20961 3.6228044 0
-553.88263 -58.66095 3.6135135 0
-635.51642 -58.453495 3.6578271 0
-635.83221 -58.337475 3.6291704 0
-635.75702 -58.346272 3.6768427 0
-635.65906 -58.344719 3.6692815 0
-553.90814 -58.345459 3.6456177 0
-648.32593 -57.847713 3.6567252 0
-553.82996 -57.83176 3.6561198 0
-648.19525 -57.72863 3.6004057 0
-648.14417 -57.669819 3.6000583 0
-553.84851 -57.528923 3.6882792 0
-635.83508 -56.68092 3.6089585 0
-635.93146 -56.591156 3.6458976 0
-635.86127 -56.575127 3.6044521 0
-635.85931 -56.496048 3.6676912 0
-648.23053 -56.157417 3.6190069 0
-635.81964 -55.846672 3.6795783 0
-553.83032 -55.876083 3.6015127 0
-635.67957 -55.789833 3.6197057 0
-636.27429 -55.318756 3.6446116 0
-635.78577 -55.312794 3.6247194 0
-635.6947 -55.310902 3.6526194 0
-635.5047 -55.336655 3.6774635 0
-635.42499 -55.361664 3.6973326 0
-648.18451 -55.275017 3.6399751 0
-636.23816 -55.286045 3.6480989 0
-635.93585 -55.251678 3.6398027 0
-635.84851 -55.288696 3.6175475 0
-648.21222 -54.786133 3.6006649 0
-648.13574 -54.711704 3.6938531 0
-553.8244 -54.706581 3.6442299 0
-635.76019 -53.606438 3.6352396 0
-635.76514 -53.552967 3.6801212 0
-553.63568 -53.591236 3.6311362 0
-635.77808 -53.453308 3.6409559 0
-635.7243 -53.338852 3.660095 0
-635.75244 -53.243568 3.6427538 0
-648.11957 -52.999256 3.6530402 0
-635.86578 -52.973869 3.6718833 0
-648.13428 -52.689083 3.6416728 0
-635.69641 -52.31736 3.6518528 0
-635.38428 -52.364483 3.6071782 0
-553.67902 -52.32383 3.6408534 0
-635.71655 -52.285412 3.6712139 0
-635.53271 -52.251091 3.6390805 0
-635.40515 -52.286312 3.6218631 0
-635.75317 -52.161259 3.6924968 0
-553.70807 -52.118984 3.6672082 0
-648.13306 -52.060547 3.6957181 0
-635.8313 -52.085453 3.6205854 0
-635.76843 -52.090256 3.6494606 0
-648.13788 -51.828125 3.6268392 0
-635.75751 -51.849316 3.6539357 0
-553.48376 -51.845505 3.6536698 0
-648.10382 -51.763802 3.6284945 0
-635.76672 -51.578827 3.644074 0
-635.79346 -51.366917 3.6255653 0
-648.07184 -51.278328 3.6038883 0
-635.74738 -51.286896 3.6853073 0
-635.76031 -51.157131 3.6462092 0
-648.11145 -51.085537 3.6728723 0
-635.75793 -50.956215 3.6177425 0
-635.70312 -50.873199 3.6059055 0
-635.71124 -50.726738 3.6185334 0
-635.6933 -50.616608 3.6909454 0
-635.72968 -50.458645 3.6462245 0
-635.80786 -50.342262 3.6977615 0
-553.6366 -50.225689 3.6821218 0
-616.4826 -105.56303 3.7642035 0
-619.0274 -91.977837 3.7671039 0
-617.85095 -91.166664 3.7018039 0
-625.97296 -91.013863 3.7535958 0
-630.68323 -90.931152 3.7250481 0
-629.76068 -90.934982 3.7256811 0
-629.28278 -90.937698 3.7717304 0
-626.85663 -90.999863 3.7732313 0
-632.92383 -90.809212 3.7112415 0
-632.12891 -90.839798 3.7939212 0
-629.98029 -90.895828 3.7667539 0
-619.28424 -90.860252 3.702096 0
-622.94757 -90.776588 3.7000368 0
-622.68689 -90.748978 3.7663794 0
-621.80847 -90.739914 3.7437153 0
-621.6521 -90.77404 3.7373652 0
-621.16412 -90.746231 3.729377 0
-620.16687 -90.630684 3.7421908 0
-618.33521 -90.641876 3.7028825 0
-618.13373 -90.633377 3.7959657 0
-623.55804 -90.536324 3.7329412 0
-620.1181 -90.579887 3.7448235 0
-624.78198 -90.430656 3.789685 0
-624.62634 -90.450294 3.7254801 0
-624.44574 -90.479088 3.7370148 0
-624.39355 -90.426056 3.7136514 0
-624.00812 -90.421127 3.7928252 0
-623.67285 -90.420258 3.7717743 0
-623.43286 -90.478798 3.7952759 0
-623.32983 -90.438927 3.7781777 0
-624.43256 -90.387138 3.7147248 0
-600.90765 -89.353798 3.7784808 0
-643.28162 -87.511612 3.7734601 0
-600.75513 -86.391991 3.78424 0
-600.63293 -83.713722 3.7440307 0
-600.67047 -82.352715 3.7432418 0
-600.59406 -81.497597 3.7891109 0
-643.33698 -81.397003 3.7750878 0
-600.60333 -80.325035 3.7482109 0
-643.06073 -78.428047 3.7315392 0
-600.60205 -78.472832 3.7730961 0
-600.58728 -77.950195 3.7625089 0
-600.54724 -76.804962 3.7284729 0
-600.55664 -76.160057 3.7421815 0
-600.49365 -74.624313 3.7722635 0
-600.44049 -74.276726 3.7027023 0
-600.39935 -73.261192 3.7021415 0
-600.3631 -72.18663 3.7210126 0
-554.07178 -65.708374 3.7829878 0
-553.91577 -64.442741 3.784029 0
-553.87677 -63.014751 3.707655 0
-553.97589 -62.771305 3.7361019 0
-635.93213 -61.899143 3.794688 0
-636.22742 -61.413868 3.7543695 0
-635.99896 -61.423607 3.7066081 0
-635.6665 -61.429138 3.780638 0
-636.29761 -61.379684 3.7601223 0
-636.02765 -61.354122 3.7527578 0
-553.97998 -60.9249 3.7108076 0
-648.37744 -60.042065 3.7137735 0
-635.96729 -59.622402 3.7350414 0
-648.28632 -59.338287 3.7295766 0
-635.95667 -59.24395 3.7471027 0
-553.86768 -58.731762 3.7511697 0
-635.5351 -58.437511 3.7463756 0
-635.48749 -58.421249 3.7620616 0
-553.74615 -58.433922 3.7660012 0
-636.21002 -58.301968 3.7130926 0
-635.94971 -58.327606 3.7223792 0
-635.86987 -58.349361 3.7869041 0
-635.64679 -58.365269 3.7530487 0
-635.53491 -58.388897 3.7529194 0
-636.0766 -58.271545 3.7645783 0
-635.99493 -58.267776 3.7928326 0
-635.79431 -58.287395 3.7249563 0
-553.89514 -58.082275 3.7963078 0
-635.8822 -56.640972 3.7017496 0
-635.96246 -56.442272 3.7384095 0
-635.83051 -56.40432 3.7416117 0
-635.90112 -56.393677 3.7483032 0
-635.86523 -56.362061 3.7665906 0
-635.96082 -56.180206 3.7998567 0
-635.85767 -56.185482 3.731343 0
-553.7951 -56.059555 3.7260482 0
-553.82104 -55.802822 3.7861862 0
-635.78497 -55.380398 3.7579346 0
-635.63403 -55.352638 3.7757273 0
-635.54639 -55.332653 3.7624946 0
-635.49945 -55.324955 3.7572584 0
-635.3844 -55.333294 3.7928929 0
-635.84961 -55.277477 3.7734599 0
-648.18677 -55.140015 3.754369 0
-648.04633 -54.688831 3.734323 0
-642.31104 -53.972843 3.7221053 0
-553.71637 -53.889957 3.7448144 0
-553.72247 -53.77206 3.7342112 0
-635.75348 -53.552017 3.7449703 0
-553.64197 -53.330017 3.7968957 0
-635.72333 -53.175552 3.7192881 0
-648.11505 -53.033169 3.713397 0
-635.81683 -53.018791 3.7410648 0
-553.70648 -53.079746 3.7274382 0
-635.77905 -52.973717 3.708225 0
-635.40143 -52.372738 3.7995894 0
-635.3736 -52.311954 3.79526 0
-648.14777 -52.217819 3.758245 0
-635.57117 -52.257576 3.7496798 0
-635.39478 -52.292679 3.7280815 0
-648.10242 -52.1637 3.7073243 0
-648.14447 -51.862022 3.7004735 0
-635.75452 -51.869465 3.7268219 0
-635.77795 -51.744984 3.7386663 0
-635.75793 -51.525314 3.7771044 0
-635.71954 -51.350071 3.7605836 0
-635.73718 -51.22525 3.7514849 0
-648.07916 -51.153397 3.725467 0
-648.07892 -50.959736 3.7706876 0
-635.74866 -50.841629 3.7917445 0
-635.72522 -50.758385 3.7311177 0
-635.72314 -50.628189 3.7521658 0
-553.67188 -50.6688 3.7703762 0
-648.09009 -50.536922 3.7279971 0
-635.73761 -50.567795 3.7273009 0
-635.76825 -50.439404 3.7506573 0
-553.65314 -50.45705 3.7320418 0
-635.78809 -50.346199 3.7066462 0
-624.9151 -91.040871 3.8106623 0
-632.90668 -90.839577 3.8794913 0
-632.81488 -90.853157 3.839143 0
-632.19434 -90.836845 3.8588309 0
-622.72589 -90.828598 3.8341863 0
-622.0686 -90.815826 3.878216 0
-622.29004 -90.738808 3.8724761 0
-621.87201 -90.775169 3.8155329 0
-639.73022 -90.662994 3.8379292 0
-643.63153 -90.508125 3.8849473 0
-624.255 -90.493599 3.8655577 0
-624.18311 -90.47567 3.8273649 0
-624.03418 -90.497269 3.8241353 0
-623.74579 -90.484161 3.8078871 0
-623.23993 -90.492882 3.8316929 0
-623.15161 -90.484779 3.8038797 0
-643.40619 -87.529778 3.8430605 0
-600.70007 -84.556648 3.8936486 0
-600.80176 -84.334641 3.8627412 0
-600.6828 -83.084717 3.8382349 0
-642.99377 -81.429382 3.8838317 0
-600.64362 -80.603355 3.8636165 0
-600.55829 -78.999695 3.8434269 0
-600.57721 -78.453934 3.819334 0
-600.53687 -75.681412 3.8521426 0
-600.48193 -74.834297 3.8830037 0
-600.50433 -74.223267 3.8468339 0
-600.48279 -74.164513 3.8188121 0
-600.39313 -71.759476 3.8974261 0
-600.35156 -71.685745 3.8853459 0
-600.35608 -71.325104 3.8383963 0
-553.95856 -63.601437 3.8173528 0
-636.06152 -62.666912 3.8919787 0
-636.05017 -61.376026 3.8907917 0
-635.82312 -61.39621 3.804332 0
-635.61188 -61.393974 3.8998737 0
-649.21167 -60.037045 3.8267131 0
-648.47156 -60.020535 3.8289125 0
-649.97156 -59.963394 3.8308842 0
-649.22852 -59.979305 3.8583658 0
-649.17889 -59.992935 3.8569503 0
-553.9433 -59.85569 3.8277419 0
-635.93073 -59.6348 3.8578105 0
-553.66754 -59.671448 3.8855309 0
-635.92279 -59.539639 3.8345811 0
-553.88672 -59.366875 3.8158669 0
-648.29327 -59.241951 3.8017218 0
-648.29852 -59.177689 3.8157341 0
-553.95331 -59.078297 3.8230937 0
-635.93848 -58.817604 3.8756914 0
-553.84216 -58.695095 3.8131802 0
-648.24725 -58.344086 3.8032627 0
-635.93939 -58.31699 3.8441191 0
-635.89008 -58.374073 3.863224 0
-635.58722 -58.345131 3.8435526 0
-636.02051 -58.279755 3.8198965 0
-635.92487 -58.279522 3.8406761 0
-553.89423 -58.286343 3.8987257 0
-553.8587 -57.873585 3.8216796 0
-553.86255 -57.160854 3.8109779 0
-553.84302 -56.993561 3.8355227 0
-635.85803 -56.533066 3.8017774 0
-635.94659 -56.381004 3.8881037 0
-635.87781 -56.241776 3.8599837 0
-553.86353 -56.21545 3.8160541 0
-635.94855 -56.178482 3.8453803 0
-635.86591 -55.976784 3.8331757 0
-635.79358 -55.998688 3.8629861 0
-635.55743 -55.304771 3.8921735 0
-635.41046 -55.377708 3.8083029 0
-635.81128 -55.267677 3.8767414 0
-635.56586 -55.283493 3.8494952 0
-648.20209 -55.131222 3.8068416 0
-648.13116 -54.721039 3.8240929 0
-553.72583 -54.772667 3.8938518 0
-635.80811 -53.40313 3.8606033 0
-635.82434 -53.319973 3.8718445 0
-635.78967 -53.384586 3.8279574 0
-635.7522 -53.142021 3.845747 0
-635.75653 -53.032619 3.8219271 0
-553.66241 -52.856987 3.8839262 0
-648.11499 -52.473038 3.888618 0
-648.12445 -52.361938 3.8967404 0
-635.4787 -52.323181 3.8855853 0
-635.37598 -52.391178 3.8818898 0
-648.10431 -52.243732 3.8676524 0
-635.8186 -52.255444 3.8198864 0
-635.70068 -52.286991 3.8648534 0
-635.62189 -52.250416 3.8269153 0
-635.78375 -52.091969 3.8231051 0
-635.68951 -51.956783 3.8689904 0
-635.76361 -51.842136 3.8513699 0
-648.09149 -51.72662 3.8706782 0
-635.72498 -51.735035 3.8115788 0
-648.09595 -51.607727 3.8064222 0
-635.83295 -51.498878 3.896198 0
-635.7287 -51.343018 3.8414388 0
-635.75073 -51.223988 3.8699398 0
-635.70422 -51.133331 3.8921511 0
-553.64154 -51.163002 3.8914101 0
-635.7478 -51.087868 3.8470857 0
-635.74542 -50.850033 3.8511 0
-635.69208 -50.815556 3.8159783 0
-635.71436 -50.789139 3.8677502 0
-635.6958 -50.701893 3.8583515 0
-635.82574 -50.506477 3.885602 0
-635.71185 -50.5098 3.8774505 0
-635.75891 -50.447979 3.8701882 0
-635.69611 -50.491104 3.8909976 0
-635.79211 -50.354599 3.8588495 0
-615.94672 -105.63077 3.9039128 0
-601.08508 -92.598083 3.9861708 0
-626.80109 -91.012245 3.9960575 0
-625.198 -91.062576 3.9891596 0
-626.72681 -90.974075 3.9693215 0
-621.29578 -90.800064 3.955534 0
-619.41022 -90.707817 3.9968116 0
-638.94409 -90.652946 3.9204702 0
-638.17273 -90.620369 3.9068453 0
-636.7536 -90.699547 3.9837236 0
-618.94983 -90.639679 3.9977312 0
-618.49292 -90.653038 3.9234104 0
-618.03595 -90.614014 3.9073315 0
-617.87964 -90.642883 3.9588256 0
-640.28607 -90.582718 3.9229424 0
-620.07434 -90.589096 3.9907057 0
-619.91034 -90.560745 3.9383831 0
-619.87396 -90.57756 3.9429626 0
-619.68512 -90.595863 3.9912944 0
-619.53979 -90.586777 3.982713 0
-624.75482 -90.460098 3.9283705 0
-624.24915 -90.472221 3.935236 0
-623.30975 -90.481064 3.911896 0
-623.29688 -90.491142 3.9261162 0
-600.91901 -90.472443 3.9815054 0
-643.33099 -87.599037 3.967344 0
-600.7276 -85.539795 3.927691 0
-643.19458 -84.514671 3.9855859 0
-643.40417 -84.419266 3.9874079 0
-642.92871 -81.49099 3.9492605 0
-600.651 -81.226479 3.9652665 0
-600.67841 -80.975502 3.952353 0
-600.62366 -80.817482 3.9460011 0
-600.61676 -80.587631 3.932153 0
-600.58887 -80.003632 3.9213369 0
-600.57092 -79.512794 3.9123683 0
-643.10638 -78.368416 3.9993412 0
-600.47919 -76.487541 3.9950047 0
-600.51257 -75.318611 3.9194565 0
-600.414 -73.35508 3.9878161 0
-600.39642 -72.70636 3.9253733 0
-600.30566 -71.75576 3.9520607 0
-600.33356 -71.264297 3.9998469 0
-648.60248 -70.970207 3.9798753 0
-636.00482 -61.420322 3.9011703 0
-635.80048 -61.421173 3.9725041 0
-635.77374 -61.415932 3.9813251 0
-635.67065 -61.418522 3.9636061 0
-635.60345 -61.369549 3.9937041 0
-635.9873 -61.280708 3.9983633 0
-648.32452 -60.011246 3.9205806 0
-649.90027 -59.940487 3.9883351 0
-649.89899 -59.908173 3.9632206 0
-649.24872 -59.982399 3.9994254 0
-648.40643 -59.934841 3.9917812 0
-553.94366 -59.681068 3.9213843 0
-635.96051 -59.512127 3.905719 0
-635.97241 -59.444836 3.9021237 0
-648.3266 -58.586567 3.9060421 0
-635.53009 -58.423954 3.9416444 0
-635.91962 -58.303684 3.9893141 0
-635.8634 -58.361305 3.943481 0
-635.79462 -58.380245 3.9039419 0
-635.6438 -58.3242 3.9554207 0
-635.55164 -58.361977 3.9291101 0
-635.49878 -58.396385 3.9244907 0
-635.95844 -58.297318 3.9725783 0
-648.15668 -57.708855 3.9692385 0
-553.95087 -57.666698 3.9897723 0
-635.83636 -56.57267 3.9882493 0
-635.89484 -56.444332 3.9486213 0
-553.59064 -56.042183 3.9255686 0
-635.81775 -55.915302 3.9216449 0
-553.87463 -55.816696 3.9080126 0
-648.20752 -55.505741 3.9394436 0
-635.50116 -55.559814 3.9243267 0
-635.6283 -55.42495 3.9943271 0
-636.29272 -55.301785 3.9334712 0
-635.74695 -55.306721 3.9309781 0
-635.9494 -55.140869 3.9587741 0
-553.75507 -54.77499 3.9345443 0
-648.05658 -54.672504 3.9492338 0
-635.85229 -53.587379 3.9350235 0
-635.76855 -53.40477 3.9156382 0
-635.86334 -53.317131 3.916142 0
-635.78802 -53.191532 3.9605513 0
-635.81848 -52.802807 3.9725819 0
-648.13397 -52.662228 3.9195116 0
-635.70392 -52.325245 3.9325702 0
-635.62183 -52.339058 3.9637556 0
-635.54779 -52.354649 3.9409411 0
-635.41327 -52.349026 3.9225912 0
-635.37994 -52.320118 3.9299133 0
-635.76129 -52.271431 3.9048047 0
-635.651 -52.225388 3.9568655 0
-635.56927 -52.272511 3.9005916 0
-635.46796 -52.275135 3.9339418 0
-635.784 -52.177494 3.9294772 0
-635.74902 -51.949131 3.9543486 0
-635.77075 -51.803627 3.9950559 0
-648.0791 -51.745617 3.9975414 0
-635.7525 -51.784058 3.970283 0
-635.74982 -51.531044 3.9919715 0
-553.66418 -51.576054 3.9164398 0
-635.7276 -51.435474 3.9752269 0
-648.09863 -51.394474 3.9368312 0
-635.83862 -51.350342 3.9701488 0
-635.68628 -51.238911 3.9551072 0
-635.72784 -51.078693 3.9399483 0
-648.09076 -50.993927 3.9799137 0
-635.81158 -50.921257 3.9136231 0
-635.71881 -50.939636 3.9514618 0
-635.81183 -50.733067 3.9905536 0
-635.70605 -50.785114 3.9273245 0
-635.71924 -50.654537 3.9018726 0
-635.80011 -50.575104 3.9745109 0
-635.77637 -50.443604 3.9718068 0
-635.69366 -50.480625 3.9217043 0
-648.08472 -50.398735 3.9957697 0
-635.86261 -50.359974 3.9317927 0
-635.73425 -50.332973 3.9438977 0
-628.37567 -91.025955 4.0695691 0
-626.79517 -91.015411 4.0956626 0
-625.33087 -91.047249 4.0377588 0
-625.21552 -91.08712 4.0480933 0
-627.51837 -90.97496 4.0858231 0
-629.79077 -90.888283 4.0819769 0
-635.89771 -90.760307 4.0164981 0
-634.3941 -90.741875 4.0105057 0
-633.72729 -90.757713 4.0846033 0
-638.27069 -90.650894 4.0312433 0
-637.48999 -90.685532 4.0394769 0
-618.26306 -90.621033 4.0864768 0
-642.93439 -90.553757 4.0329218 0
-642.79474 -90.566917 4.0260201 0
-642.65948 -90.554802 4.0231824 0
-642.28809 -90.582161 4.0327806 0
-623.31451 -90.517471 4.0398855 0
-624.60547 -90.483627 4.0018911 0
-623.63245 -90.482658 4.0427752 0
-623.06909 -90.476868 4.0110235 0
-643.5213 -87.483437 4.0491362 0
-600.8078 -87.120552 4.0489368 0
-643.56909 -84.419304 4.0021892 0
-600.44171 -76.974625 4.0747519 0
-600.43774 -76.73455 4.0583634 0
-642.77332 -75.428596 4.0700588 0
-600.52936 -74.943672 4.0746198 0
-600.47369 -74.141708 4.0314078 0
-600.42468 -72.146385 4.0854168 0
-600.37848 -72.037033 4.0395899 0
-600.37421 -71.656471 4.0556488 0
-635.62915 -61.428268 4.0685172 0
-635.58032 -61.447849 4.0428834 0
-636.23004 -61.339531 4.0876803 0
-636.07129 -61.315788 4.0788279 0
-635.71619 -61.385548 4.0685148 0
-635.69629 -61.351143 4.0273314 0
-649.89032 -59.974396 4.0122766 0
-648.31049 -59.852654 4.0935717 0
-636.02344 -59.632404 4.0995603 0
-635.88562 -59.624985 4.0496097 0
-635.96375 -59.369854 4.01192 0
-648.30658 -59.262829 4.0904245 0
-636.172 -58.339073 4.0073605 0
-635.95825 -58.329678 4.0502362 0
-635.74036 -58.370365 4.0234098 0
-635.65021 -58.347454 4.027997 0
-635.47577 -58.343689 4.076056 0
-648.30603 -57.706974 4.0371852 0
-648.29883 -57.78006 4.0685921 0
-648.20551 -57.685123 4.0853238 0
-648.21143 -57.572552 4.0224133 0
-635.82764 -56.419811 4.091764 0
-635.82831 -56.217262 4.0509701 0
-635.84717 -56.037273 4.0633488 0
-553.89008 -55.987793 4.0348525 0
-648.22003 -55.803329 4.0813189 0
-635.83655 -55.803455 4.0013499 0
-635.6322 -55.707874 4.0065298 0
-648.1972 -55.696705 4.005146 0
-635.80426 -55.33189 4.0798054 0
-635.74805 -55.331112 4.0528879 0
-635.68121 -55.32069 4.0813661 0
-635.44904 -55.343571 4.0461054 0
-635.94263 -55.250755 4.0477619 0
-635.85468 -55.22179 4.0894375 0
-648.16858 -54.715649 4.0849981 0
-648.10468 -54.661308 4.0440502 0
-648.04657 -54.656605 4.0443187 0
-647.97809 -54.612087 4.0576768 0
-635.79675 -53.536976 4.0260944 0
-635.79535 -53.367641 4.0886106 0
-635.75208 -53.168701 4.0654655 0
-648.10577 -52.947903 4.0920582 0
-648.10162 -52.6399 4.0527825 0
-635.52795 -52.426041 4.0207891 0
-635.29663 -52.327972 4.0200362 0
-635.71222 -52.266693 4.0935402 0
-635.63116 -52.260193 4.0713015 0
-635.57458 -52.249855 4.0261011 0
-635.42676 -52.239052 4.0412292 0
-635.3501 -52.298901 4.0298853 0
-635.78113 -52.147385 4.0602255 0
-635.72632 -52.084496 4.0419159 0
-648.11835 -51.944576 4.0819077 0
-635.8421 -51.925415 4.0682721 0
-635.70966 -51.917896 4.0505404 0
-648.09662 -51.87484 4.0712943 0
-635.74695 -51.876099 4.0599971 0
-648.11639 -51.776028 4.0182772 0
-635.75537 -51.707104 4.0266519 0
-648.07367 -51.694569 4.0507016 0
-635.73553 -51.65416 4.0796289 0
-635.72308 -51.510914 4.046885 0
-648.0755 -51.374126 4.0573535 0
-635.72577 -51.364483 4.0305185 0
-635.72314 -51.219528 4.000854 0
-648.06458 -51.047787 4.0543022 0
-635.71631 -50.947071 4.0174403 0
-635.71191 -50.830605 4.0390978 0
-635.76263 -50.739555 4.0264149 0
-635.68445 -50.769272 4.0924673 0
-635.57465 -50.704876 4.0702744 0
-635.75537 -50.520508 4.0089355 0
-635.68732 -50.523216 4.004097 0
-635.83014 -50.418861 4.01336 0
-635.76501 -50.434731 4.0548925 0
-553.67773 -50.303638 4.0224557 0
-635.69012 -50.031898 4.0363641 0
-615.8374 -105.56747 4.1102448 0
-627.53851 -91.03196 4.1729083 0
-624.91321 -91.092575 4.1653728 0
-629.71722 -90.916649 4.1696615 0
-632.1203 -90.822136 4.1115332 0
-621.06897 -90.801598 4.1223254 0
-619.18329 -90.839363 4.1540308 0
-619.04944 -90.851044 4.1632309 0
-618.92987 -90.845428 4.1657062 0
-618.64032 -90.854584 4.1251388 0
-636.78009 -90.732857 4.1886783 0
-636.00769 -90.740944 4.1729379 0
-623.17859 -90.701775 4.1349487 0
-623.04755 -90.765388 4.1307416 0
-639.63116 -90.652489 4.1369057 0
-619.50305 -90.656357 4.1171708 0
-643.43091 -90.527458 4.1034799 0
-642.7265 -90.571106 4.1532702 0
-620.27869 -90.596306 4.1088505 0
-620.02051 -90.563416 4.1487031 0
-619.88745 -90.577408 4.1427488 0
-643.54901 -90.460617 4.1029391 0
-624.64661 -90.445999 4.1853771 0
-623.98712 -90.485542 4.1690497 0
-643.34528 -87.516945 4.1230049 0
-643.17035 -87.528847 4.1052551 0
-643.04248 -87.532944 4.1106057 0
-643.00226 -81.488022 4.1941991 0
-600.57117 -80.166985 4.1631413 0
-600.56049 -79.536125 4.1540236 0
-600.61407 -79.069801 4.13904 0
-600.59827 -78.892624 4.1040263 0
-600.58905 -78.666862 4.1378503 0
-643.21069 -78.422081 4.1943126 0
-600.57404 -78.263229 4.1317105 0
-600.55969 -77.889931 4.1277037 0
-600.54437 -77.471375 4.12291 0
-600.48218 -77.411186 4.1493826 0
-600.55939 -77.066589 4.1118846 0
-600.5592 -76.652679 4.1066475 0
-600.54492 -76.279373 4.1025262 0
-600.52057 -75.901787 4.103766 0
-600.47821 -75.469551 4.1585226 0
-643.05762 -75.343811 4.1735625 0
-600.46472 -74.007042 4.1552005 0
-600.48236 -73.381042 4.1132126 0
-600.33856 -72.261269 4.1703658 0
-600.38293 -71.934723 4.1028876 0
-600.30133 -71.502228 4.1478224 0
-600.27588 -71.391838 4.1628456 0
-599.9209 -71.24382 4.1152272 0
-599.86609 -71.25576 4.1126609 0
-635.57849 -61.577526 4.1385903 0
-635.92731 -61.402798 4.1433911 0
-635.83124 -61.478004 4.1314654 0
-635.73523 -61.438843 4.1190262 0
-636.38965 -61.342224 4.1117363 0
-636.12622 -61.326496 4.1506596 0
-636.02338 -61.34922 4.1945233 0
-635.95673 -61.37365 4.1248994 0
-635.75409 -61.364483 4.1764183 0
-636.00323 -60.822945 4.1680498 0
-649.45758 -60.06012 4.1584315 0
-646.80585 -60.08569 4.148499 0
-649.95056 -59.916702 4.1553674 0
-649.54785 -59.951153 4.1560497 0
-649.43329 -59.952919 4.1565838 0
-649.39313 -59.905815 4.1710496 0
-649.04224 -59.97868 4.1044512 0
-648.89636 -59.949039 4.1565137 0
-648.7334 -59.978756 4.1439724 0
-648.67712 -59.959106 4.1564236 0
-648.57269 -59.986931 4.1461205 0
-648.44318 -59.982319 4.1336899 0
-648.36188 -59.922764 4.1579695 0
-635.88116 -59.759449 4.1591759 0
-635.90485 -59.168095 4.1848612 0
-648.26862 -58.456348 4.185451 0
-635.56537 -58.404167 4.1224775 0
-635.46838 -58.414925 4.1865015 0
-635.93658 -58.387421 4.1602831 0
-635.82581 -58.350319 4.1435938 0
-635.75171 -58.347855 4.1476021 0
-636.00806 -58.267696 4.1276374 0
-648.22522 -57.737663 4.1166515 0
-648.11566 -57.709717 4.1157522 0
-648.185 -57.672729 4.1409378 0
-635.85522 -56.620262 4.1678724 0
-635.84442 -56.46661 4.1270804 0
-635.87909 -56.291412 4.1434326 0
-648.21649 -56.011539 4.1648374 0
-648.21539 -55.806206 4.1029925 0
-648.21906 -55.610916 4.1521416 0
-635.68024 -55.330864 4.1770272 0
-635.49286 -55.395893 4.1019659 0
-635.92358 -55.234406 4.1083159 0
-635.81274 -55.267654 4.1905251 0
-635.74371 -55.275307 4.1824069 0
-648.15186 -54.751667 4.1243906 0
-648.07782 -54.672211 4.1461773 0
-635.84326 -53.421364 4.152081 0
-635.85724 -53.237373 4.1857085 0
-648.11737 -53.023312 4.1279063 0
-635.6709 -53.007587 4.1668153 0
-648.14081 -52.930355 4.157886 0
-635.72876 -52.907803 4.1836724 0
-635.60938 -52.316067 4.1741295 0
-635.35504 -52.347366 4.1467986 0
-635.75745 -52.25116 4.1572409 0
-635.6521 -52.246395 4.1413755 0
-635.47296 -52.283039 4.1309566 0
-635.35394 -52.251431 4.1784153 0
-648.10315 -52.126743 4.1923108 0
-635.74426 -52.113987 4.163527 0
-648.1001 -52.059494 4.1851649 0
-635.78467 -52.003242 4.1378913 0
-648.10468 -51.940144 4.1742792 0
-635.74683 -51.968842 4.138608 0
-635.73761 -51.813858 4.1227665 0
-635.74255 -51.746761 4.1470022 0
-635.59711 -51.668427 4.1634908 0
-635.74487 -51.552208 4.134562 0
-635.72137 -51.383236 4.177989 0
-635.72498 -51.251724 4.1308308 0
-635.70544 -51.108719 4.1183934 0
-635.73297 -50.972256 4.176672 0
-635.69269 -50.915134 4.1494651 0
-648.06744 -50.873657 4.1441355 0
-635.76056 -50.808567 4.1426935 0
-635.71777 -50.791466 4.1293015 0
-635.70361 -50.614754 4.1045914 0
-635.70416 -50.579384 4.1551447 0
-635.72797 -50.49968 4.1351938 0
-635.76471 -50.364334 4.1794271 0
-626.05811 -91.014381 4.2045946 0
-627.47119 -90.997841 4.2528977 0
-631.33325 -90.876953 4.2363348 0
-622.74677 -90.725349 4.2505827 0
-622.60626 -90.743805 4.2517767 0
-622.58392 -90.750931 4.2725229 0
-622.44836 -90.752335 4.248023 0
-622.30212 -90.750198 4.2449889 0
-618.38324 -90.73101 4.2340436 0
-618.95026 -90.628311 4.2156949 0
-622.65015 -90.522133 4.2667379 0
-622.07709 -90.558708 4.258707 0
-620.28558 -90.571594 4.2129474 0
-600.82697 -85.800529 4.2524686 0
-600.78589 -85.362221 4.2450299 0
-600.72101 -84.0345 4.2381506 0
-643.2937 -81.436562 4.2624078 0
-600.6684 -80.786827 4.2545538 0
-643.0293 -78.395615 4.2497563 0
-600.48358 -77.865631 4.2237096 0
-643.11218 -75.337181 4.2493811 0
-600.50403 -73.878891 4.2031364 0
-600.38849 -73.606194 4.2060041 0
-600.41632 -72.926254 4.2335215 0
-599.26917 -71.306168 4.211411 0
-598.30621 -71.306259 4.2220216 0
-599.29974 -71.2836 4.2860179 0
-598.98724 -71.270782 4.2192955 0
-636.19196 -62.558685 4.2028451 0
-635.98889 -62.589542 4.2919693 0
-636.07605 -62.286499 4.2262259 0
-636.00873 -62.072128 4.2326274 0
-635.66028 -61.710587 4.2891598 0
-635.81396 -61.52486 4.24575 0
-635.88165 -61.483253 4.2716684 0
-635.7312 -61.443588 4.2564178 0
-635.64502 -61.444405 4.2141929 0
-635.85706 -61.397446 4.2479892 0
-636.01099 -60.740463 4.2896757 0
-649.05896 -60.012989 4.2960701 0
-648.81866 -60.031784 4.2998605 0
-649.62634 -59.940552 4.2122211 0
-648.88458 -59.992271 4.2547679 0
-636.04193 -59.562801 4.2014236 0
-635.91211 -58.839321 4.2192097 0
-648.26825 -58.715084 4.2307205 0
-635.92804 -58.339855 4.2849684 0
-636.04504 -58.24519 4.294517 0
-648.23889 -57.650673 4.2953329 0
-648.20087 -56.890938 4.2876449 0
-635.85376 -56.80563 4.2213821 0
-635.9671 -56.50985 4.2622046 0
-648.23706 -55.981941 4.2316241 0
-635.79761 -55.338646 4.2635732 0
-635.59161 -55.322582 4.2294135 0
-635.46741 -55.367851 4.2353792 0
-635.84882 -55.277847 4.2298222 0
-635.59576 -55.272636 4.2617202 0
-648.19415 -55.187225 4.2491899 0
-635.78625 -53.003033 4.2332311 0
-635.7381 -52.974186 4.2092524 0
-635.19745 -52.638382 4.2103705 0
-635.37585 -52.314312 4.2609568 0
-635.74811 -52.291233 4.2097483 0
-635.60461 -52.253281 4.2816749 0
-635.52222 -52.261936 4.2861781 0
-635.45654 -52.252453 4.2905064 0
-635.3501 -52.273018 4.2454972 0
-635.77173 -52.136257 4.278697 0
-635.78827 -51.925316 4.2404475 0
-635.74805 -51.868271 4.2532935 0
-648.08142 -51.742321 4.2517633 0
-635.73584 -51.777393 4.2166295 0
-635.72858 -51.653305 4.2627087 0
-648.10162 -51.555367 4.29247 0
-635.74261 -51.550873 4.2187705 0
-635.74677 -51.446308 4.2013884 0
-635.74548 -51.343384 4.2644343 0
-648.0755 -51.053844 4.249804 0
-635.72504 -51.097408 4.2602487 0
-635.79211 -50.984905 4.2578683 0
-648.08997 -50.839844 4.256043 0
-635.72443 -50.852451 4.2634406 0
-635.71558 -50.772491 4.2702246 0
-635.74561 -50.647678 4.2387352 0
-635.75073 -50.551025 4.213274 0
-635.6944 -50.520111 4.2201457 0
-635.68158 -50.311104 4.217412 0
-648.0741 -50.288017 4.2910848 0
-635.71436 -50.234081 4.2982659 0
-635.70911 -50.091541 4.2958331 0
-615.48474 -105.58351 4.3496017 0
-629.06836 -90.943253 4.3150525 0
-633.63055 -90.848534 4.3179278 0
-632.93774 -90.834999 4.313828 0
-632.06091 -90.852982 4.3966918 0
-638.22925 -90.694405 4.3052492 0
-620.20764 -90.60067 4.3517785 0
-619.49493 -90.613258 4.3290997 0
-618.44238 -90.628624 4.3596816 0
-618.36969 -90.653 4.3029542 0
-618.03522 -90.664543 4.3201342 0
-617.8902 -90.671783 4.306241 0
-622.26404 -90.539398 4.36657 0
-621.76355 -90.554359 4.3963313 0
-624.77484 -90.445023 4.3101535 0
-624.47101 -90.448479 4.3224735 0
-624.33942 -90.426338 4.3170824 0
-624.20044 -90.448318 4.3108387 0
-600.85095 -88.232361 4.3726673 0
-600.78271 -83.362076 4.3761907 0
-643.10443 -78.45829 4.3913898 0
-600.59033 -77.577293 4.3627048 0
-600.5835 -76.252968 4.374691 0
-600.53998 -75.346817 4.3107824 0
-600.46924 -74.958504 4.3836169 0
-600.44611 -74.862259 4.3319116 0
-600.36578 -73.600853 4.3486238 0
-600.32294 -72.912079 4.3565569 0
-600.32782 -72.166687 4.3220634 0
-599.43884 -71.330101 4.3202333 0
-598.53766 -71.317841 4.3331447 0
-598.21674 -71.330643 4.3514471 0
-597.9245 -71.321266 4.3665252 0
-596.84369 -71.348793 4.3428802 0
-636.00177 -62.631477 4.3356042 0
-636.01001 -62.504601 4.3677435 0
-636.0257 -62.416264 4.3159094 0
-635.99695 -62.362572 4.342947 0
-636.02533 -61.416073 4.3388948 0
-635.65283 -61.459969 4.3517866 0
-635.56671 -61.484673 4.3015099 0
-635.80664 -61.388664 4.3366094 0
-635.77808 -61.389145 4.3956013 0
-635.646 -61.329597 4.3003449 0
-648.86816 -60.024162 4.3047819 0
-648.45734 -60.015652 4.318357 0
-648.38251 -60.049755 4.3100195 0
-649.88965 -59.94725 4.3689699 0
-649.76392 -59.950058 4.3697968 0
-649.43408 -59.953465 4.3656383 0
-635.93225 -59.293732 4.3772388 0
-635.4975 -58.565125 4.3855247 0
-635.92999 -58.310959 4.3721657 0
-635.54889 -58.364223 4.3566833 0
-635.49786 -58.369659 4.3267317 0
-648.26355 -57.788769 4.3251958 0
-635.8988 -57.290871 4.3881826 0
-635.85864 -56.67416 4.3646445 0
-635.83447 -56.515694 4.3873906 0
-635.3866 -55.413151 4.3277025 0
-635.77386 -55.340351 4.3773379 0
-635.67059 -55.336502 4.3257027 0
-635.50067 -55.3316 4.3277926 0
-635.45245 -55.3578 4.3568721 0
-635.85193 -55.131622 4.3698964 0
-635.8396 -54.854256 4.3030267 0
-635.85352 -54.74173 4.3120341 0
-648.16486 -54.451164 4.3982172 0
-647.9975 -53.673637 4.3759942 0
-648.11224 -53.492912 4.3306074 0
-635.75391 -53.365643 4.3332539 0
-648.16888 -53.249599 4.3920803 0
-635.72601 -53.251663 4.3140764 0
-648.16852 -53.115788 4.3234634 0
-635.75256 -53.123619 4.3018312 0
-648.12714 -52.539642 4.3618999 0
-648.12958 -52.312576 4.3129954 0
-635.63245 -52.344376 4.3518448 0
-635.74097 -52.257919 4.3637748 0
-635.64856 -52.274925 4.3646865 0
-635.55353 -52.263683 4.3304224 0
-635.46423 -52.269089 4.3549361 0
-635.36414 -52.287048 4.3464832 0
-635.74994 -52.141079 4.3427525 0
-635.86786 -51.847145 4.3348389 0
-635.73926 -51.714622 4.3072443 0
-635.74976 -51.680721 4.3682499 0
-635.72504 -51.548283 4.3970637 0
-648.09747 -51.493515 4.3172593 0
-635.72046 -51.421394 4.341126 0
-635.70148 -51.293495 4.334548 0
-635.72278 -51.009918 4.3509283 0
-635.72186 -50.996235 4.3085289 0
-635.69867 -50.948971 4.3533831 0
-648.0647 -50.889709 4.3551621 0
-635.77942 -50.749874 4.3182411 0
-635.74164 -50.699509 4.3203397 0
-635.70203 -50.44886 4.3818283 0
-635.70544 -50.33139 4.3550754 0
-635.69067 -50.36293 4.310504 0
-635.68451 -50.254272 4.3615451 0
-635.71338 -50.04422 4.3379617 0
-628.27411 -90.968224 4.4459138 0
-629.03436 -90.897156 4.4880166 0
-637.47668 -90.727905 4.433125 0
-635.96442 -90.737907 4.442543 0
-634.38342 -90.797508 4.4181118 0
-639.07269 -90.667786 4.4940319 0
-636.67651 -90.695061 4.4813504 0
-619.79761 -90.630905 4.4024868 0
-619.05865 -90.606613 4.4931746 0
-618.20435 -90.639389 4.4704027 0
-624.63202 -90.520233 4.4126787 0
-623.78516 -90.510323 4.4232059 0
-623.47638 -90.505478 4.443162 0
-623.31915 -90.508667 4.450624 0
-622.91821 -90.533623 4.4321909 0
-622.78259 -90.534752 4.47191 0
-621.91595 -90.540779 4.4844975 0
-620.44824 -90.504158 4.4550953 0
-618.89471 -90.599136 4.4635172 0
-624.07788 -90.471024 4.4941001 0
-623.9278 -90.474983 4.485209 0
-623.59637 -90.490128 4.4545083 0
-622.02856 -90.462807 4.4697566 0
-623.83765 -90.391724 4.4914737 0
-643.17633 -84.552727 4.4208221 0
-600.68524 -83.111343 4.4453974 0
-600.65741 -81.645615 4.485137 0
-600.64697 -81.420967 4.4699044 0
-600.57916 -77.230675 4.4477434 0
-643.19202 -76.573036 4.4599524 0
-600.43073 -74.634262 4.439805 0
-600.52191 -74.596809 4.4913788 0
-600.38385 -72.353813 4.4299183 0
-597.54633 -71.399986 4.4294591 0
-597.16901 -71.35009 4.4811478 0
-635.98083 -63.292458 4.478652 0
-636.07452 -62.409714 4.475069 0
-635.77203 -61.441719 4.4872665 0
-636.03632 -61.268009 4.4499297 0
-649.85071 -60.002995 4.4320936 0
-649.49207 -60.034615 4.4247432 0
-649.13666 -60.022602 4.4234366 0
-648.88538 -60.031502 4.4306893 0
-648.73724 -60.049999 4.4258113 0
-648.41699 -60.034698 4.4165039 0
-649.9718 -59.980789 4.4552422 0
-649.69159 -59.987579 4.4428935 0
-649.55444 -59.972202 4.4633889 0
-649.36017 -59.972157 4.4638 0
-649.06622 -59.9412 4.4325776 0
-648.61383 -59.996857 4.410707 0
-648.29553 -59.770519 4.401021 0
-635.92542 -59.38081 4.4112539 0
-635.51917 -58.423779 4.4397044 0
-635.87524 -58.334808 4.4983153 0
-635.72943 -58.379944 4.4748287 0
-635.50903 -58.385834 4.4232283 0
-635.93378 -58.298504 4.4869647 0
-635.8924 -57.4389 4.4352603 0
-648.23553 -56.957211 4.4603157 0
-635.85913 -56.60236 4.4771023 0
-635.84302 -56.425777 4.4891305 0
-648.25623 -56.395035 4.4187355 0
-635.86169 -56.115906 4.4170361 0
-635.87512 -55.974503 4.4447284 0
-635.57056 -55.315414 4.4990978 0
-635.48785 -55.340263 4.40732 0
-635.89313 -55.255795 4.4826183 0
-648.20367 -54.956562 4.4982653 0
-648.16815 -54.213547 4.4879742 0
-648.13104 -53.703098 4.4540772 0
-635.74591 -53.653763 4.4044127 0
-648.17426 -53.364449 4.4488626 0
-635.755 -53.35376 4.4320984 0
-635.76025 -53.216003 4.4744349 0
-635.72003 -53.033836 4.4611835 0
-635.80475 -52.909367 4.4910746 0
-635.77002 -52.944626 4.4431992 0
-648.09656 -52.857639 4.4709187 0
-635.61462 -52.862659 4.4618316 0
-648.13458 -52.747379 4.4397016 0
-648.08911 -52.755379 4.4199204 0
-635.59351 -52.674431 4.4762616 0
-648.13507 -52.522438 4.4244642 0
-635.36774 -52.492107 4.4075384 0
-635.66785 -52.315037 4.4417715 0
-635.80518 -52.224823 4.4395065 0
-635.71997 -52.24485 4.4631324 0
-635.56342 -52.242455 4.4261537 0
-635.48328 -52.268383 4.4275179 0
-635.37872 -52.251736 4.4170852 0
-635.76349 -51.970474 4.4105935 0
-635.75568 -51.775566 4.4221377 0
-635.72101 -51.548653 4.4275513 0
-648.07654 -51.487301 4.4134684 0
-635.72565 -51.265812 4.4321427 0
-635.79669 -51.11198 4.4481463 0
-635.68555 -51.01812 4.4730282 0
-635.71515 -50.840424 4.4647889 0
-648.04675 -50.743008 4.4476066 0
-635.70038 -50.791485 4.4858861 0
-635.69043 -50.703941 4.4326744 0
-635.71289 -50.647003 4.4490066 0
-635.68842 -50.689114 4.491971 0
-635.73389 -50.556213 4.454504 0
-635.68652 -50.586956 4.4191461 0
-635.69116 -50.438602 4.4847622 0
-635.72034 -50.382751 4.4274197 0
-635.72229 -50.201233 4.4718881 0
-635.6673 -50.203644 4.4076986 0
-635.65668 -50.013317 4.4123006 0
-626.56293 -91.061913 4.5528464 0
-625.23663 -91.023964 4.5707431 0
-624.93756 -91.040909 4.5379186 0
-629.78247 -90.919838 4.5231266 0
-628.43921 -90.921494 4.5716615 0
-633.65094 -90.828575 4.5251708 0
-632.896 -90.842407 4.501575 0
-632.15576 -90.871864 4.5013871 0
-631.4679 -90.809891 4.5590243 0
-636.68146 -90.73938 4.5858045 0
-634.35803 -90.79744 4.5689464 0
-620.03259 -90.626053 4.5509439 0
-619.55579 -90.620682 4.5411167 0
-619.3703 -90.610886 4.516603 0
-618.91022 -90.612228 4.5386324 0
-618.79218 -90.636398 4.5130663 0
-618.50763 -90.635353 4.5330276 0
-618.46826 -90.654839 4.5437369 0
-618.24786 -90.661263 4.5403686 0
-618.04309 -90.667198 4.5652094 0
-617.89276 -90.656807 4.5912051 0
-617.78229 -90.663422 4.543541 0
-624.08264 -90.518204 4.560914 0
-623.48462 -90.516945 4.5641341 0
-622.84784 -90.517601 4.5431237 0
-622.12885 -90.52784 4.5525022 0
-622.07239 -90.532303 4.5503922 0
-621.83221 -90.508835 4.5461593 0
-621.53699 -90.535233 4.5776758 0
-621.38269 -90.539452 4.5392547 0
-620.18427 -90.56279 4.5867639 0
-619.71051 -90.584137 4.5097389 0
-619.47015 -90.567535 4.567925 0
-624.22681 -90.44709 4.5029292 0
-624.18524 -90.424568 4.5063076 0
-623.91754 -90.432274 4.5437813 0
-624.64429 -90.395096 4.5131607 0
-643.54803 -87.519554 4.5959573 0
-643.38214 -87.52507 4.5903506 0
-600.8869 -86.632568 4.5798745 0
-600.82825 -84.865555 4.5454001 0
-600.62231 -80.802086 4.5706306 0
-600.60931 -78.984344 4.5798993 0
-643.08679 -78.399841 4.5876012 0
-600.56702 -75.391861 4.5507946 0
-600.64062 -74.435684 4.5975885 0
-600.45673 -74.137688 4.5343862 0
-600.62671 -74.021515 4.5793347 0
-600.63849 -73.572845 4.5589752 0
-600.39185 -73.447098 4.5094843 0
-600.57733 -72.602913 4.5158544 0
-596.15289 -71.386856 4.5410361 0
-595.56201 -71.365829 4.5711212 0
-599.84772 -71.223129 4.525754 0
-599.29742 -71.269417 4.5653872 0
-600.06311 -71.188591 4.5559287 0
-635.66937 -64.60083 4.5889955 0
-635.69415 -63.449471 4.5836616 0
-636.02869 -62.45126 4.5811081 0
-636.0918 -62.366405 4.5001249 0
-635.62512 -61.600502 4.5879779 0
-635.78296 -61.43742 4.5776067 0
-635.64874 -61.487144 4.5516534 0
-649.375 -60.017506 4.5478559 0
-649.22253 -60.035339 4.5024672 0
-649.13959 -59.953945 4.562129 0
-649.04358 -59.958809 4.5674076 0
-635.9328 -59.418392 4.5411472 0
-635.99017 -59.178566 4.5893159 0
-635.466 -58.452797 4.560926 0
-635.88977 -58.347107 4.595665 0
-635.62158 -58.332317 4.5625105 0
-635.56848 -58.350487 4.5471983 0
-635.48553 -58.343639 4.5439377 0
-635.48761 -58.253006 4.5281024 0
-635.90491 -57.686363 4.519486 0
-648.28607 -57.574326 4.5232458 0
-635.9165 -57.595093 4.5185251 0
-635.82361 -56.597672 4.5539913 0
-635.84668 -56.379471 4.5459695 0
-635.85681 -56.139977 4.54882 0
-648.18567 -55.831501 4.5128636 0
-635.71222 -55.427608 4.5419006 0
-635.53186 -55.299267 4.5627007 0
-635.44232 -55.287258 4.5274401 0
-635.84412 -54.64957 4.5602531 0
-648.14264 -54.136253 4.5671182 0
-648.1225 -54.088974 4.5921745 0
-635.80719 -53.869549 4.5751848 0
-648.15192 -53.718719 4.5177774 0
-635.80792 -53.474266 4.5400295 0
-648.12396 -53.254925 4.5843205 0
-635.7594 -53.288139 4.5084014 0
-635.81128 -53.194469 4.5155416 0
-648.14221 -52.965107 4.5171523 0
-635.75391 -52.953484 4.5737548 0
-635.41467 -52.30101 4.513484 0
-635.34949 -52.327366 4.54006 0
-635.6709 -52.259472 4.5075083 0
-635.56799 -52.266495 4.5195279 0
-635.45453 -52.285706 4.5343413 0
-635.76569 -52.166229 4.5836749 0
-635.70642 -52.062851 4.5006576 0
-635.75415 -51.759933 4.5602522 0
-635.72284 -51.637184 4.5008402 0
-635.74573 -51.556374 4.5275145 0
-648.07141 -51.47929 4.560637 0
-648.10028 -51.295338 4.5228643 0
-635.6955 -51.204182 4.5479369 0
-635.75366 -51.186913 4.569746 0
-635.69281 -51.139786 4.5518041 0
-635.72388 -51.05024 4.5034041 0
-635.75146 -50.910442 4.574739 0
-635.68555 -50.981663 4.5391364 0
-635.68079 -50.805561 4.5067143 0
-648.05573 -50.798046 4.5321698 0
-635.73877 -50.765106 4.5175295 0
-648.08405 -50.699738 4.5434942 0
-635.73346 -50.633362 4.5112543 0
-635.68292 -50.473755 4.5053687 0
-635.71033 -50.34074 4.5872078 0
-635.69794 -50.339989 4.5826511 0
-635.72778 -50.232433 4.5990086 0
-635.67914 -50.177498 4.594553 0
-627.9292 -91.000992 4.687345 0
-627.16571 -91.021866 4.6390209 0
-627.05023 -91.018967 4.6558766 0
-625.43481 -91.080154 4.6705484 0
-629.41034 -90.9571 4.6476955 0
-628.06616 -90.976898 4.6992683 0
-635.12799 -90.802322 4.6836042 0
-632.93005 -90.891708 4.6743555 0
-624.85431 -90.897308 4.6312785 0
-635.26953 -90.791199 4.6909404 0
-634.95605 -90.783684 4.6654105 0
-619.89166 -90.613159 4.6271005 0
-619.04541 -90.624611 4.6988206 0
-618.76746 -90.633278 4.612464 0
-618.21484 -90.65435 4.6359434 0
-623.36462 -90.502533 4.6293602 0
-623.11108 -90.502083 4.6787825 0
-622.59827 -90.501793 4.6890144 0
-622.04041 -90.521164 4.6554952 0
-621.90631 -90.513641 4.6463108 0
-621.62634 -90.534943 4.6415567 0
-621.30603 -90.545502 4.6316891 0
-621.24158 -90.527779 4.6877351 0
-619.91669 -90.573997 4.6167212 0
-619.62329 -90.574417 4.637217 0
-619.42688 -90.599823 4.6081362 0
-619.30682 -90.597366 4.6057467 0
-619.07935 -90.578674 4.6938152 0
-618.6723 -90.586731 4.6971393 0
-618.54126 -90.587448 4.6965952 0
-624.82397 -90.440125 4.6921329 0
-624.64502 -90.48439 4.6074729 0
-623.85376 -90.492172 4.6461248 0
-623.16992 -90.485756 4.6586385 0
-623.05499 -90.48822 4.6566248 0
-622.94501 -90.490578 4.6547022 0
-622.25012 -90.495491 4.6421022 0
-621.77271 -90.477806 4.6323199 0
-642.94348 -83.512756 4.6979508 0
-642.92456 -83.178566 4.6628141 0
-642.83325 -81.336807 4.6799669 0
-600.57568 -79.827484 4.6478128 0
-600.50916 -78.700661 4.6757984 0
-643.27002 -78.381584 4.6352243 0
-600.55969 -77.664635 4.6008072 0
-600.47406 -75.856628 4.6943026 0
-600.71185 -75.70256 4.6565204 0
-600.67316 -75.265709 4.6390977 0
-600.47192 -75.292297 4.6409841 0
-600.69727 -74.809906 4.6145506 0
-600.44635 -74.49102 4.6073642 0
-600.33319 -72.795647 4.6877093 0
-575.46173 -71.983231 4.6926136 0
-596.92676 -71.361542 4.6646166 0
-635.65521 -66.081123 4.6811423 0
-635.83246 -65.886108 4.631587 0
-635.75433 -65.808586 4.6980119 0
-635.70776 -65.784607 4.6966171 0
-635.66431 -65.005981 4.6443019 0
-635.65533 -62.341751 4.6799936 0
-636.11157 -62.160126 4.6063766 0
-635.69897 -61.4104 4.6424913 0
-635.55145 -61.480251 4.6631269 0
-636.06207 -61.35825 4.6682954 0
-635.98175 -61.291908 4.6971855 0
-636.03473 -61.18206 4.6865058 0
-635.62866 -60.527519 4.6148305 0
-649.75104 -60.021622 4.6477475 0
-649.09387 -60.00285 4.6663852 0
-648.75195 -60.024452 4.6270256 0
-648.34021 -60.02581 4.6215754 0
-649.94714 -59.965897 4.6054397 0
-649.88031 -59.926205 4.6493139 0
-649.66119 -59.97636 4.6315751 0
-649.30023 -59.958435 4.6048231 0
-649.00787 -59.940956 4.6871095 0
-648.87878 -59.985165 4.6998725 0
-648.51294 -59.95377 4.6596065 0
-648.2829 -59.942375 4.6015921 0
-635.53094 -58.441715 4.6632776 0
-635.83881 -58.35918 4.6829643 0
-635.73975 -58.346996 4.6229777 0
-635.65363 -58.321983 4.6233511 0
-635.55365 -58.364784 4.6640596 0
-635.48553 -58.34808 4.6945977 0
-635.95129 -58.254517 4.6260405 0
-648.24756 -58.180016 4.6930141 0
-635.88647 -58.05344 4.6391129 0
-635.8927 -57.437115 4.698379 0
-648.24146 -56.591129 4.6054935 0
-635.86871 -56.438953 4.6543064 0
-648.20844 -56.113373 4.6771808 0
-648.23285 -55.549198 4.6172934 0
-635.59961 -55.564003 4.6787939 0
-635.4939 -55.515236 4.6141071 0
-635.82025 -55.319729 4.6497803 0
-635.63586 -55.324074 4.6550541 0
-635.50415 -55.32328 4.6524992 0
-635.30365 -55.265465 4.6413407 0
-648.17932 -54.699535 4.6260309 0
-635.7821 -54.580105 4.6459732 0
-635.82037 -54.11161 4.6189013 0
-648.15839 -53.763306 4.6477976 0
-635.76062 -53.351803 4.6217308 0
-635.75629 -52.930973 4.6341915 0
-635.37524 -52.501263 4.6470118 0
-635.28448 -52.462978 4.676929 0
-635.65759 -52.330772 4.6172581 0
-635.35419 -52.331554 4.6959291 0
-635.73389 -52.265179 4.6804218 0
-635.64636 -52.276917 4.637557 0
-635.552 -52.262512 4.6404581 0
-635.46808 -52.288193 4.6177511 0
-635.3338 -52.295029 4.6238022 0
-648.11273 -52.179146 4.6360617 0
-648.08972 -52.117321 4.6029115 0
-635.75537 -52.136528 4.6248817 0
-635.72473 -52.027546 4.6276908 0
-635.74823 -51.835735 4.6636491 0
-648.08643 -51.780476 4.6694007 0
-635.71216 -51.749794 4.6427126 0
-635.70422 -51.615364 4.6418791 0
-635.76288 -51.306496 4.6813216 0
-648.07965 -51.242981 4.6343441 0
-635.72198 -51.265644 4.6690965 0
-635.75562 -51.163094 4.6402702 0
-635.73621 -51.03495 4.649085 0
-635.69281 -51.01379 4.6089301 0
-635.65924 -50.878975 4.6666265 0
-648.05603 -50.763103 4.6727252 0
-635.71661 -50.715355 4.6254506 0
-635.70001 -50.720665 4.6228871 0
-635.70105 -50.621834 4.6849689 0
-635.69159 -50.639839 4.6161318 0
-635.70441 -50.423134 4.6796632 0
-635.69031 -50.454063 4.6705809 0
-635.67688 -50.24041 4.6419783 0
-635.70203 -50.197323 4.6642814 0
-635.71564 -50.082253 4.6725998 0
-635.65948 -50.072262 4.6202555 0
-625.28918 -91.041718 4.7042203 0
-625.13556 -91.086693 4.7028379 0
-624.9649 -91.024498 4.7734857 0
-632.50391 -90.912872 4.7009225 0
-631.64343 -90.931854 4.7564068 0
-629.07806 -90.947388 4.733326 0
-628.93195 -90.951485 4.7210765 0
-633.03857 -90.88723 4.7042656 0
-632.37335 -90.898964 4.7084742 0
-631.43176 -90.877449 4.7316017 0
-631.23206 -90.861183 4.7914577 0
-630.60236 -90.845139 4.7567449 0
-638.26965 -90.683823 4.7055702 0
-620.97382 -90.600014 4.7391558 0
-619.70258 -90.661392 4.746778 0
-619.54333 -90.619461 4.7130384 0
-619.30951 -90.60482 4.7581472 0
-619.23059 -90.626869 4.7003574 0
-618.91394 -90.640793 4.7106619 0
-618.31647 -90.6614 4.7119203 0
-618.28131 -90.63768 4.7167625 0
-618.10333 -90.635529 4.7491679 0
-618.03076 -90.64341 4.7368355 0
-623.61829 -90.516068 4.7867393 0
-623.02722 -90.523277 4.7753921 0
-622.61658 -90.509636 4.7250409 0
-622.50836 -90.504349 4.7602148 0
-621.90479 -90.526756 4.712038 0
-621.81195 -90.556351 4.7514129 0
-621.79382 -90.517944 4.7820063 0
-621.25018 -90.542603 4.7447858 0
-621.1405 -90.560974 4.7193365 0
-620.8302 -90.546814 4.7176576 0
-620.36566 -90.57563 4.7221518 0
-619.18011 -90.59079 4.7554502 0
-622.65302 -90.493111 4.7653494 0
-622.45776 -90.491913 4.7650661 0
-622.06165 -90.497993 4.7666039 0
-600.56781 -79.362213 4.7435927 0
-643.25018 -78.332779 4.7911773 0
-642.90143 -78.398186 4.7501621 0
-642.79187 -78.387802 4.7457967 0
-642.8252 -77.270302 4.7250304 0
-600.47125 -75.620186 4.7149239 0
-600.42639 -75.545639 4.7299953 0
-600.45581 -75.402824 4.7495041 0
-600.34717 -72.968513 4.7528062 0
-600.33008 -71.789505 4.727273 0
-597.36542 -71.621765 4.7676492 0
-595.07562 -71.461967 4.7488055 0
-596.73035 -71.394554 4.7090302 0
-597.65771 -71.21862 4.7520056 0
-599.9541 -71.111626 4.7663846 0
-599.84625 -71.196365 4.7154989 0
-635.65222 -66.540298 4.7929654 0
-635.66913 -66.336906 4.7645555 0
-635.65222 -64.295982 4.740346 0
-635.64734 -64.030731 4.7072291 0
-635.57977 -61.632324 4.7653522 0
-635.578 -61.44017 4.7352495 0
-635.599 -60.999432 4.710793 0
-635.55042 -60.777359 4.7686377 0
-635.61536 -60.66576 4.7138739 0
-635.5899 -60.66761 4.7725902 0
-635.80975 -60.533997 4.7359519 0
-635.46198 -60.38937 4.7451663 0
-635.68878 -60.281219 4.7307 0
-635.5592 -60.2799 4.7040815 0
-649.14282 -60.013027 4.7346201 0
-649.04059 -60.034271 4.7154422 0
-648.9682 -60.013687 4.782815 0
-648.61597 -60.00938 4.787868 0
-646.67212 -60.085411 4.7002192 0
-649.9765 -59.996593 4.7285023 0
-649.80731 -59.993431 4.7744045 0
-648.64636 -59.928379 4.7087779 0
-648.45258 -59.988918 4.7026091 0
-635.88928 -59.396957 4.7942643 0
-635.70404 -59.095436 4.7912731 0
-635.48322 -59.028553 4.716392 0
-648.26544 -58.848713 4.7939234 0
-635.91821 -58.350407 4.7680578 0
-635.74976 -58.351078 4.7347317 0
-635.67566 -58.343254 4.7387438 0
-635.54895 -58.3517 4.7352819 0
-635.48462 -58.376457 4.770822 0
-648.29529 -58.270256 4.7986898 0
-636.09131 -58.226044 4.7406402 0
-635.53735 -58.187031 4.7567654 0
-635.71191 -57.935776 4.7901425 0
-635.68121 -57.396973 4.7991724 0
-648.25842 -56.943138 4.751441 0
-635.85724 -56.7071 4.7011771 0
-635.56329 -56.630558 4.7039595 0
-635.4342 -56.632343 4.7409678 0
-635.84424 -56.541229 4.7069101 0
-635.854 -56.217731 4.7406287 0
-635.8559 -55.980801 4.7801089 0
-635.49371 -55.987526 4.7786007 0
-635.44891 -55.593277 4.7787957 0
-635.79126 -55.306911 4.7570133 0
-635.68658 -55.318733 4.7506652 0
-635.58038 -55.316456 4.7207422 0
-635.39972 -55.3214 4.7477255 0
-635.83746 -55.244926 4.7615399 0
-635.4118 -55.225056 4.7771573 0
-635.53735 -55.034142 4.7817144 0
-635.43866 -55.089977 4.7593493 0
-635.69055 -54.793076 4.7491846 0
-635.86768 -54.679337 4.7203298 0
-635.65533 -54.576359 4.7780442 0
-635.45782 -54.471237 4.7745152 0
-635.37238 -54.415363 4.7415037 0
-635.88263 -54.363888 4.7793984 0
-635.79449 -54.246174 4.7468748 0
-635.4209 -53.750206 4.7520428 0
-635.78644 -53.358116 4.7388792 0
-648.11487 -52.805431 4.713603 0
-648.10638 -52.560497 4.7571321 0
-648.06683 -52.588303 4.761764 0
-635.42902 -52.569748 4.782299 0
-635.46143 -52.315514 4.7095613 0
-635.34631 -52.340706 4.7447014 0
-635.70807 -52.234905 4.7449188 0
-635.63336 -52.24773 4.7712312 0
-635.5368 -52.245094 4.720695 0
-635.44995 -52.271919 4.7288866 0
-635.39203 -52.248768 4.751864 0
-635.72437 -52.123348 4.7301493 0
-635.71307 -52.026772 4.7508812 0
-635.72571 -51.956726 4.7024517 0
-635.74158 -51.879066 4.7116013 0
-635.7149 -51.657604 4.7620158 0
-635.75989 -51.430325 4.7163997 0
-635.73718 -51.217125 4.7486644 0
-648.06311 -51.194122 4.7389278 0
-635.69281 -50.930019 4.7981606 0
-635.70544 -50.72892 4.7381473 0
-635.7052 -50.696762 4.7411795 0
-635.68457 -50.536572 4.7074728 0
-635.68665 -50.470577 4.7484231 0
-635.6958 -50.378571 4.7751102 0
-635.7113 -50.144802 4.704814 0
-635.68066 -50.154839 4.7753706 0
-635.67023 -50.02515 4.7512183 0
-626.54065 -91.060997 4.8863626 0
-630.4881 -90.967278 4.8627653 0
-629.87524 -90.901329 4.8758631 0
-629.0282 -90.961342 4.874752 0
-628.34277 -90.950951 4.8927965 0
-630.47034 -90.880318 4.8566265 0
-638.1521 -90.668381 4.8259487 0
-620.60754 -90.610916 4.8534174 0
-619.35077 -90.612267 4.8705268 0
-618.81818 -90.649628 4.817245 0
-618.36755 -90.650398 4.8095255 0
-617.72266 -90.681976 4.8407683 0
-624.33923 -90.505386 4.8056359 0
-621.10095 -90.577438 4.8991814 0
-619.86969 -90.586777 4.8701262 0
-624.82214 -90.462982 4.8365502 0
-624.72784 -90.459991 4.8228517 0
-624.59851 -90.452705 4.816123 0
-624.49701 -90.437431 4.8151722 0
-624.37256 -90.4552 4.8124094 0
-623.46259 -90.489258 4.8654957 0
-643.26245 -84.492538 4.8272948 0
-643.05737 -81.523483 4.824398 0
-600.52411 -77.433746 4.8921542 0
-600.51019 -77.031197 4.8232942 0
-600.48505 -76.514534 4.8056097 0
-600.37805 -73.434715 4.8564382 0
-600.35168 -73.040367 4.8610983 0
-600.20203 -72.096283 4.846117 0
-575.6217 -72.037033 4.8824663 0
-576.74121 -71.930107 4.8080149 0
-595.21136 -71.404762 4.8516021 0
-599.086 -71.304985 4.8191953 0
-596.22668 -71.380745 4.8071465 0
-595.90027 -71.38221 4.8265228 0
-595.59357 -71.372627 4.842052 0
-599.16064 -71.22052 4.8735251 0
-598.76196 -71.277031 4.8995337 0
-597.8371 -71.256203 4.8681631 0
-597.64215 -71.232262 4.8736835 0
-635.80072 -65.856667 4.8698626 0
-635.89148 -65.647881 4.8423691 0
-635.64539 -63.178169 4.8151779 0
-635.62866 -62.699478 4.8680367 0
-635.62354 -62.509174 4.8575616 0
-635.55286 -62.051556 4.8564248 0
-635.76624 -61.911373 4.8042588 0
-635.59735 -61.501976 4.8245907 0
-635.84888 -61.431156 4.8617649 0
-635.64191 -61.488487 4.8928585 0
-635.8432 -61.393833 4.8127861 0
-648.63977 -60.0089 4.8819733 0
-648.49841 -60.014351 4.899518 0
-649.98932 -59.935596 4.8541093 0
-649.68787 -59.932674 4.8563724 0
-649.54651 -59.96933 4.8204651 0
-649.45325 -59.987671 4.8293076 0
-649.3382 -59.980156 4.8290663 0
-649.24866 -59.953007 4.8247223 0
-649.13281 -59.973442 4.8358955 0
-648.99786 -59.965935 4.894475 0
-648.73663 -59.98288 4.8512721 0
-648.36133 -59.975716 4.8763657 0
-635.58081 -59.82188 4.857347 0
-635.88727 -59.700871 4.8521528 0
-635.90631 -59.570992 4.8306332 0
-635.90973 -59.259995 4.8238811 0
-635.54913 -58.969749 4.8595405 0
-635.32825 -58.413643 4.819252 0
-635.94922 -58.312706 4.8374557 0
-635.67657 -58.362366 4.8297539 0
-635.90851 -57.887123 4.8009152 0
-635.40295 -57.553928 4.8258862 0
-635.94073 -57.417953 4.8988929 0
-648.24139 -57.023323 4.825161 0
-635.36157 -56.722393 4.860189 0
-635.39459 -56.429447 4.830328 0
-635.44067 -56.22467 4.8222771 0
-635.78888 -56.178967 4.8959088 0
-635.43958 -56.144077 4.8285813 0
-648.24518 -56.063469 4.8496294 0
-635.6048 -55.78186 4.8153243 0
-635.40491 -55.657276 4.8468118 0
-635.40442 -55.573727 4.8274751 0
-635.73645 -55.317966 4.8156648 0
-635.68811 -55.333336 4.8790503 0
-635.56232 -55.318562 4.8982024 0
-635.44678 -55.351372 4.8152056 0
-635.6673 -55.290607 4.8099484 0
-635.57007 -55.287384 4.8406787 0
-635.43793 -55.290756 4.8834195 0
-635.39008 -55.292213 4.8133769 0
-635.8396 -55.129417 4.8922477 0
-635.81635 -55.00301 4.857451 0
-635.50458 -55.063782 4.8024192 0
-635.44202 -55.083469 4.8021483 0
-648.16895 -54.955002 4.8556137 0
-635.83087 -54.918179 4.8367162 0
-648.16119 -54.736065 4.8401132 0
-635.43665 -54.534603 4.8966088 0
-635.38678 -54.540478 4.8488507 0
-635.56219 -54.381844 4.8255396 0
-635.46429 -54.378662 4.8221121 0
-635.36908 -54.274715 4.8333983 0
-635.41583 -53.929516 4.8886142 0
-635.38574 -53.778374 4.8752933 0
-635.4519 -53.636284 4.8374052 0
-635.7478 -53.521824 4.89149 0
-635.3385 -53.543571 4.8988557 0
-635.35681 -53.300964 4.8452721 0
-648.11194 -53.28503 4.8216 0
-635.42487 -53.267307 4.8425508 0
-635.2981 -53.131279 4.8333535 0
-648.11029 -53.006084 4.8820763 0
-635.77942 -53.054352 4.8196869 0
-635.3396 -53.029297 4.8100977 0
-648.13013 -52.776424 4.8424249 0
-648.07391 -52.705944 4.8221588 0
-635.34772 -52.777626 4.815134 0
-635.31543 -52.65202 4.8451223 0
-635.44141 -52.493633 4.8035951 0
-635.34332 -52.462715 4.8869448 0
-635.28784 -52.461349 4.8683357 0
-635.58539 -52.302788 4.8501043 0
-635.44177 -52.312347 4.8727593 0
-635.37549 -52.342205 4.8820944 0
-648.07117 -52.275433 4.8462338 0
-635.72632 -52.203579 4.8081126 0
-635.64679 -52.290241 4.8333282 0
-635.54169 -52.283283 4.8504357 0
-635.46838 -52.244347 4.8860111 0
-635.72559 -51.915573 4.8939557 0
-635.67596 -51.985462 4.8412848 0
-635.74396 -51.827812 4.8612232 0
-635.74902 -51.765625 4.8486071 0
-635.72705 -51.64724 4.8144217 0
-648.08325 -51.566895 4.8937049 0
-635.72388 -51.506023 4.8171101 0
-635.71863 -51.451077 4.8295574 0
-635.70856 -51.333057 4.8823986 0
-635.69843 -51.379585 4.861073 0
-635.71332 -51.247787 4.8205986 0
-648.09418 -51.140339 4.8088131 0
-635.71338 -51.164062 4.8502951 0
-635.66968 -51.141331 4.8021498 0
-635.77539 -50.951267 4.8484511 0
-648.08325 -50.545624 4.8196087 0
-635.70105 -50.585724 4.862422 0
-635.72797 -50.445698 4.8226247 0
-635.69781 -50.419613 4.8691411 0
-635.66479 -50.383728 4.8747191 0
-635.68829 -50.170017 4.8133025 0
-635.64429 -50.086765 4.8111954 0
-616.88422 -105.5952 4.9869204 0
-626.9137 -91.028488 4.9960017 0
-626.65833 -91.048462 4.965189 0
-625.59656 -91.074593 4.9122772 0
-624.97327 -91.072273 4.9343557 0
-629.03442 -90.952042 4.9281135 0
-628.89502 -90.95787 4.930387 0
-628.73608 -90.969589 4.9385772 0
-628.43188 -90.972374 4.9443297 0
-628.27344 -90.99408 4.9524832 0
-633.56891 -90.849365 4.9903126 0
-620.38733 -90.601509 4.9108686 0
-620.24188 -90.616432 4.9602947 0
-619.3736 -90.610825 4.9047194 0
-618.72864 -90.605606 4.9313216 0
-641.97058 -90.595322 4.9271302 0
-623.29999 -90.531013 4.9208212 0
-622.95844 -90.552597 4.91079 0
-622.42542 -90.508194 4.9441247 0
-622.28235 -90.515022 4.910882 0
-621.88434 -90.535362 4.9339533 0
-621.79889 -90.531464 4.9653296 0
-621.65967 -90.549339 4.9747839 0
-621.4632 -90.57283 4.9147387 0
-620.61176 -90.570099 4.9447341 0
-620.38855 -90.577103 4.9540472 0
-620.2735 -90.582565 4.9186563 0
-620.1709 -90.562683 4.9260778 0
-624.81824 -90.46051 4.9337454 0
-624.61115 -90.461617 4.9283895 0
-624.43756 -90.442879 4.9277978 0
-624.22388 -90.462021 4.9471288 0
-623.18555 -90.488754 4.9412293 0
-600.61682 -81.479668 4.9942856 0
-642.97046 -81.357872 4.9457974 0
-600.57172 -80.249809 4.9167304 0
-600.47156 -76.834732 4.9187264 0
-600.48309 -76.728806 4.9395089 0
-642.87195 -75.317482 4.902204 0
-576.25391 -72.035439 4.9595079 0
-600.24286 -71.938622 4.9927607 0
-578.0556 -71.917023 4.937593 0
-579.65369 -71.863358 4.9616828 0
-585.53595 -71.761833 4.9938083 0
-595.43085 -71.688232 4.9586382 0
-597.28979 -71.32151 4.9635859 0
-597.10132 -71.347168 4.9690542 0
-596.20862 -71.377159 4.9942775 0
-595.40637 -71.318474 4.9656925 0
-595.27612 -71.324707 4.9696617 0
-599.52454 -71.221672 4.9048047 0
-598.57935 -71.225609 4.9057884 0
-598.14581 -71.24437 4.9246635 0
-597.8783 -71.250572 4.9346924 0
-597.63043 -71.226357 4.9255857 0
-599.65228 -71.193871 4.9854417 0
-635.94366 -66.306793 4.9392257 0
-635.80438 -66.338409 4.9056163 0
-635.69916 -66.165634 4.9844694 0
-635.92517 -65.743324 4.9933476 0
-635.86914 -65.622635 4.9867072 0
-636.03131 -65.591423 4.9923873 0
-635.94135 -65.210518 4.9770927 0
-635.65417 -65.21579 4.9753752 0
-635.92981 -65.146347 4.9858923 0
-635.7937 -65.127464 4.9309721 0
-635.91321 -65.006363 4.9561224 0
-635.84137 -64.72361 4.9926925 0
-636.00708 -64.622444 4.9938116 0
-636.11346 -64.535271 4.9999604 0
-635.96991 -64.558624 4.9418344 0
-635.67114 -64.439301 4.9974794 0
-635.86963 -64.313713 4.9996147 0
-635.59906 -64.374725 4.9909477 0
-635.67645 -64.208878 4.9840527 0
-635.76831 -64.179787 4.9803352 0
-635.98358 -64.006958 4.9896321 0
-635.87213 -63.907997 4.9551878 0
-635.646 -63.613514 4.9998894 0
-635.836 -63.409317 4.9905872 0
-635.62292 -63.489319 4.9818339 0
-635.63452 -63.368221 4.9572353 0
-635.96368 -62.453945 4.9639077 0
-635.96808 -62.349602 4.9402962 0
-635.83844 -61.444099 4.9530134 0
-635.98419 -61.254349 4.9305429 0
-635.45471 -60.638035 4.9993033 0
-635.60968 -60.295227 4.9567199 0
-649.1203 -60.012875 4.9134669 0
-649.07745 -60.003609 4.9626675 0
-648.72266 -60.016151 4.9306021 0
-648.67822 -60.028149 4.9048023 0
-648.47571 -60.044636 4.9438276 0
-635.55933 -60.029835 4.9744391 0
-649.92633 -59.961224 4.946538 0
-649.87671 -59.955074 4.9104562 0
-649.75659 -59.979382 4.9520636 0
-649.62714 -59.976734 4.9080219 0
-649.4455 -59.96027 4.9971805 0
-649.21533 -59.986908 4.9003987 0
-635.90662 -59.622215 4.9167662 0
-635.92731 -59.46666 4.9148836 0
-635.83392 -59.430733 4.9059763 0
-635.61182 -58.963207 4.9921217 0
-635.54651 -58.949062 4.9856234 0
-648.25464 -58.647923 4.9134474 0
-635.52478 -58.362762 4.9308839 0
-635.50452 -58.172157 4.9255652 0
-635.4494 -57.99432 4.9253173 0
-635.71088 -57.79982 4.9186335 0
-635.8656 -57.566917 4.9876537 0
-635.86023 -57.477867 4.9593148 0
-635.90271 -57.312164 4.9912968 0
-635.88965 -57.347843 4.9024568 0
-635.48047 -57.038467 4.9344363 0
-635.75165 -56.949169 4.9804516 0
-635.70947 -56.736423 4.933516 0
-635.81152 -56.218845 4.9407554 0
-648.17133 -56.026047 4.9557629 0
-635.83893 -56.039478 4.9756632 0
-635.51007 -55.956985 4.9042296 0
-648.18292 -55.757309 4.944706 0
-635.40332 -55.584148 4.9043903 0
-648.19025 -55.467747 4.9043636 0
-635.4408 -55.447289 4.9623117 0
-635.82025 -55.312202 4.9193249 0
-635.75665 -55.350269 4.9359207 0
-635.63763 -55.322803 4.9568267 0
-635.55292 -55.368687 4.9072161 0
-635.43597 -55.394932 4.9982419 0
-635.82483 -55.20927 4.9126172 0
-635.66412 -55.297382 4.9447646 0
-635.52161 -55.278492 4.9529929 0
-635.8371 -55.199139 4.9125137 0
-635.77704 -55.139858 4.9885764 0
-648.16925 -54.944263 4.9224129 0
-635.83466 -54.938206 4.9217091 0
-648.17395 -54.559528 4.9012256 0
-635.36652 -54.416481 4.9256463 0
-635.77448 -54.256874 4.994988 0
-648.159 -54.178596 4.9969883 0
-648.17047 -54.095131 4.9377875 0
-648.13281 -53.925198 4.9279547 0
-635.51855 -53.911701 4.9794288 0
-648.11768 -53.816574 4.9182405 0
-635.67944 -53.845818 4.9844441 0
-635.32886 -53.866405 4.9756446 0
-635.7674 -53.446514 4.9681287 0
-635.66083 -53.463066 4.9907241 0
-635.4223 -53.44495 4.9918089 0
-635.29913 -53.44302 4.9070663 0
-635.73462 -53.334171 4.9443264 0
-635.44824 -53.363037 4.9369311 0
-635.70929 -53.215431 4.9740362 0
-648.1485 -53.185093 4.9517894 0
-635.7644 -53.044926 4.9961967 0
-635.44318 -53.071892 4.9224858 0
-648.14392 -52.807537 4.9808245 0
-635.38647 -52.884869 4.9871244 0
-648.1192 -52.755459 4.9792943 0
-635.5033 -52.336334 4.9193521 0
-635.33624 -52.303478 4.9267697 0
-635.81158 -52.222305 4.9278159 0
-635.72632 -52.231453 4.970582 0
-635.64465 -52.27702 4.945549 0
-635.58594 -52.266922 4.9512453 0
-635.42889 -52.255093 4.9008155 0
-635.32605 -52.28915 4.9319959 0
-635.76147 -52.151588 4.909132 0
-635.72711 -52.063969 4.9366002 0
-648.11603 -51.96983 4.9117875 0
-635.71039 -51.942661 4.9616504 0
-635.86841 -51.883625 4.9534273 0
-635.73706 -51.747623 4.9217839 0
-635.71283 -51.528423 4.9672308 0
-648.0741 -51.292862 4.971683 0
-635.68457 -51.152069 4.9267764 0
-635.64551 -51.02924 4.9415555 0
-648.039 -50.743114 4.9344735 0
-648.05896 -50.594242 4.9729857 0
-635.65619 -50.550201 4.9246511 0
-635.69513 -50.408089 4.9155326 0
-635.71191 -50.39975 4.9071274 0
-635.68188 -50.295803 4.9242649 0
-635.7027 -50.048862 4.9081674 0
-635.66968 -50.043251 4.9345489 0
-627.10907 -91.035172 5.0367346 0
-626.59546 -91.040405 5.0302162 0
-626.44781 -91.027863 5.0260921 0
-626.23163 -91.072243 5.006649 0
-625.99017 -91.054314 5.0652351 0
-625.85278 -91.066635 5.0555739 0
-625.72064 -91.069107 5.0463238 0
-625.23944 -91.077629 5.0123549 0
-624.96277 -91.071129 5.0094452 0
-630.37311 -90.925407 5.0793729 0
-630.245 -90.922684 5.063302 0
-629.84338 -90.921898 5.0822148 0
-629.17029 -90.938866 5.0839891 0
-628.83002 -90.967018 5.0998015 0
-628.75873 -90.959366 5.0765953 0
-628.4884 -90.969742 5.0761728 0
-627.41113 -90.992203 5.0926862 0
-627.26648 -90.98111 5.0827923 0
-627.12885 -90.991257 5.073245 0
-632.93152 -90.840302 5.0044193 0
-632.79791 -90.854836 5.0887117 0
-630.83398 -90.876053 5.0882473 0
-630.3847 -90.869141 5.0222602 0
-617.88446 -90.725883 5.0952487 0
-618.98303 -90.616608 5.0934134 0
-617.99756 -90.63205 5.0033884 0
-617.87756 -90.648315 5.0056953 0
-624.61145 -90.510132 5.0621371 0
-623.28735 -90.500977 5.0431643 0
-623.00562 -90.516907 5.0857992 0
-622.91553 -90.527969 5.0014191 0
-622.4071 -90.57196 5.000607 0
-622.30267 -90.560242 5.0530534 0
-622.08868 -90.513092 5.0859098 0
-621.58392 -90.56678 5.0957646 0
-620.87335 -90.54277 5.0588031 0
-620.05212 -90.582268 5.0769868 0
-624.75433 -90.441689 5.07932 0
-624.53961 -90.45916 5.0264068 0
-624.1756 -90.427856 5.0763941 0
-623.76208 -90.489609 5.0566068 0
-623.64508 -90.494301 5.0659394 0
-623.41858 -90.497459 5.0374227 0
-622.20099 -90.492767 5.038003 0
-643.0235 -87.563896 5.0285912 0
-643.05487 -86.071838 5.0507197 0
-643.40247 -85.690834 5.019062 0
-600.68225 -81.937141 5.0536723 0
-642.79633 -80.93541 5.0975647 0
-600.53424 -78.652931 5.0147586 0
-642.78003 -78.530563 5.0393243 0
-642.85657 -76.733871 5.0284095 0
-600.43469 -75.274925 5.0944233 0
-600.43127 -74.786858 5.0444202 0
-600.33917 -74.313583 5.0500426 0
-600.40955 -74.141281 5.0502734 0
-600.38062 -73.682487 5.077096 0
-583.36053 -71.943481 5.054852 0
-581.86652 -71.994011 5.0671978 0
-580.69556 -71.994408 5.0729704 0
-578.79102 -71.909744 5.0299435 0
-577.41595 -71.90007 5.0971041 0
-577.16602 -71.909744 5.0650949 0
-576.92493 -71.954643 5.0386052 0
-576.85956 -71.989883 5.0308528 0
-576.67004 -71.964188 5.0062504 0
-584.35742 -71.878296 5.0431247 0
-584.02014 -71.889618 5.0430689 0
-580.34265 -71.831734 5.044106 0
-579.37482 -71.883583 5.0680294 0
-586.37622 -71.728432 5.0879455 0
-583.86157 -71.799591 5.0210352 0
-583.13403 -71.755203 5.0270748 0
-580.44208 -71.707573 5.0144124 0
-600.28644 -71.433121 5.0916166 0
-593.93408 -71.340935 5.0242219 0
-599.65741 -71.200737 5.0099597 0
-598.93201 -71.213989 5.0306888 0
-594.85107 -71.286774 5.0862222 0
-599.29285 -71.193161 5.0047212 0
-635.74963 -65.872208 5.0127749 0
-635.75916 -65.660019 5.0331993 0
-635.716 -64.370277 5.0015368 0
-635.86432 -64.256645 5.0032449 0
-635.53973 -63.074661 5.0825295 0
-635.59869 -62.955936 5.041163 0
-636.01215 -62.834286 5.0699692 0
-635.60889 -62.739391 5.0135951 0
-635.8891 -62.317944 5.0229959 0
-636.02783 -61.448811 5.0903563 0
-635.53412 -61.233727 5.0800939 0
-635.76147 -61.084309 5.0378103 0
-635.5531 -60.679325 5.0229168 0
-635.53632 -60.537121 5.0469885 0
-635.57135 -60.324814 5.0274048 0
-635.7525 -60.251221 5.0661373 0
-635.65094 -60.249672 5.0299149 0
-635.72144 -60.19384 5.026022 0
-635.52527 -60.172203 5.0547481 0
-649.41113 -60.025688 5.0886464 0
-649.29138 -60.006878 5.0641532 0
-648.9325 -60.036411 5.0137782 0
-648.49005 -60.035023 5.0484061 0
-635.92395 -60.063545 5.0305152 0
-635.61914 -60.038338 5.0157452 0
-635.51385 -60.0261 5.0933309 0
-649.78241 -59.957977 5.094573 0
-649.09198 -59.923077 5.0845542 0
-648.97339 -59.975525 5.0260754 0
-648.65698 -59.986736 5.0285454 0
-635.95331 -59.963772 5.0102272 0
-635.83411 -59.971085 5.0173554 0
-635.53027 -59.839066 5.0553846 0
-635.7829 -59.766506 5.012466 0
-635.63831 -59.715126 5.0225034 0
-635.50104 -59.705944 5.022306 0
-635.54645 -59.660427 5.0742526 0
-635.91278 -59.410919 5.0448532 0
-635.83862 -59.488834 5.0216808 0
-635.70856 -59.497356 5.0394154 0
-635.58124 -59.295334 5.0241389 0
-635.58704 -59.116222 5.0354929 0
-648.30487 -59.009991 5.0885134 0
-635.54645 -59.027596 5.0230265 0
-635.62878 -58.953537 5.0173092 0
-635.685 -58.846172 5.0057111 0
-648.23273 -58.776634 5.0020256 0
-635.466 -58.28899 5.0979123 0
-635.50476 -58.14616 5.0354848 0
-635.52911 -57.950592 5.0174642 0
-635.90521 -57.836121 5.0443249 0
-635.48737 -57.738529 5.0592995 0
-635.45923 -57.515312 5.0658722 0
-648.23639 -57.4842 5.0189457 0
-635.87805 -57.365795 5.0312724 0
-635.88721 -57.252842 5.0073276 0
-635.55261 -57.257957 5.05757 0
-635.94617 -57.13533 5.0327239 0
-635.56158 -57.140759 5.0689273 0
-635.66168 -56.871872 5.03298 0
-635.57751 -56.823589 5.0423741 0
-635.45367 -56.892387 5.0953341 0
-635.70782 -56.72282 5.040256 0
-635.64911 -56.727608 5.0222721 0
-635.82745 -56.607533 5.0378098 0
-635.76556 -56.656567 5.0322847 0
-635.51349 -56.563713 5.0278115 0
-635.44849 -56.475964 5.0857019 0
-635.79761 -56.277332 5.0114293 0
-648.18243 -56.183956 5.0195942 0
-635.63391 -56.151821 5.0836992 0
-635.45911 -55.779213 5.0270972 0
-635.82959 -55.646263 5.0891495 0
-635.39703 -55.662468 5.0892801 0
-635.8266 -55.310833 5.0234356 0
-635.82715 -55.261723 5.0131688 0
-635.79114 -55.120094 5.0941777 0
-635.80884 -54.966297 5.0166426 0
-635.38635 -54.85183 5.0956707 0
-635.57672 -54.725525 5.077527 0
-635.76147 -54.66214 5.0345263 0
-635.42145 -54.600941 5.079196 0
-635.81494 -54.571621 5.016686 0
-635.4118 -54.537819 5.0679111 0
-635.82019 -54.414272 5.0154538 0
-635.48016 -54.33337 5.0273962 0
-635.81329 -54.208794 5.0675802 0
-635.77167 -54.257706 5.0828733 0
-635.6438 -54.177166 5.0344276 0
-635.38977 -54.171349 5.0744829 0
-635.54102 -54.029621 5.0556769 0
-635.71613 -53.996124 5.0559087 0
-635.64465 -53.981869 5.0612078 0
-635.59131 -53.972473 5.0711021 0
-635.40808 -53.838715 5.0644956 0
-635.39246 -53.83144 5.0982161 0
-635.49664 -53.726208 5.0420866 0
-648.15845 -53.673679 5.0870094 0
-635.50244 -53.68568 5.0217991 0
-635.62634 -53.511879 5.0773392 0
-635.73676 -53.301403 5.0604963 0
-635.38568 -53.366459 5.0372252 0
-635.76056 -53.207378 5.0307207 0
-635.64294 -53.292572 5.037611 0
-635.7478 -53.101749 5.0389614 0
-635.37 -53.194885 5.0835257 0
-635.36548 -53.010036 5.0661416 0
-648.12262 -52.923279 5.0530672 0
-635.35004 -52.936424 5.0347705 0
-635.57526 -52.84573 5.0500088 0
-635.32727 -52.899567 5.071382 0
-635.33459 -52.730495 5.0528622 0
-635.33728 -52.425926 5.0754929 0
-635.71698 -52.317589 5.0006046 0
-635.34595 -52.336681 5.0554028 0
-635.71155 -52.26696 5.0257535 0
-635.4881 -52.260906 5.0450969 0
-635.7312 -52.065773 5.0564284 0
-635.71832 -51.90752 5.0273552 0
-635.71759 -51.81905 5.0309534 0
-635.67249 -51.656052 5.0227652 0
-648.09778 -50.955818 5.0870137 0
-648.0639 -50.834213 5.0270362 0
-635.70306 -50.881268 5.0302701 0
-635.68066 -50.760983 5.0518265 0
-635.69214 -50.642231 5.0116258 0
-635.72919 -50.567074 5.0030351 0
-635.67792 -50.520931 5.0102568 0
-635.68726 -50.469555 5.0408525 0
-635.69232 -50.324039 5.0135713 0
-635.68719 -50.245941 5.0448384 0
-635.74011 -50.174393 5.056488 0
-635.68445 -50.1455 5.0908117 0
-635.70575 -50.006458 5.0351439 0
-635.69617 -50.036655 5.0245237 0
-626.47528 -91.055435 5.117837 0
-626.37128 -91.039696 5.1103592 0
-625.98944 -91.047966 5.1146488 0
-630.7666 -90.94986 5.1008863 0
-629.51251 -90.942703 5.1012321 0
-629.0011 -90.946693 5.1856337 0
-628.13068 -90.963333 5.1266351 0
-627.97632 -90.98394 5.1152158 0
-627.38831 -90.999893 5.1629887 0
-627.23645 -90.991783 5.1524873 0
-634.11328 -90.871185 5.1757479 0
-632.66663 -90.83567 5.1598492 0
-632.521 -90.85347 5.1540251 0
-632.43652 -90.851425 5.1352663 0
-632.38092 -90.846359 5.15312 0
-631.81842 -90.863571 5.1050549 0
-636.27625 -90.757835 5.1678233 0
-635.85663 -90.795639 5.1045599 0
-634.65106 -90.787949 5.1955066 0
-634.55182 -90.77298 5.1671896 0
-621.17346 -90.628906 5.1789579 0
-618.45819 -90.641922 5.1767159 0
-617.88171 -90.656952 5.1899376 0
-617.76245 -90.636879 5.1450682 0
-624.64172 -90.52916 5.1303048 0
-624.21204 -90.530159 5.1411729 0
-623.87732 -90.507568 5.1312594 0
-623.4931 -90.542374 5.162168 0
-623.14886 -90.525742 5.1086426 0
-622.78571 -90.571037 5.1819439 0
-622.69708 -90.525116 5.1017671 0
-621.72638 -90.546181 5.1102719 0
-621.02002 -90.581001 5.1755095 0
-624.53979 -90.42762 5.1871977 0
-624.25073 -90.478134 5.1434979 0
-623.40387 -90.476959 5.1204948 0
-600.70898 -83.972382 5.1355081 0
-600.67352 -83.696274 5.1134319 0
-642.83154 -81.56871 5.1619821 0
-642.86743 -81.388908 5.101037 0
-600.53247 -79.989571 5.143651 0
-642.77563 -78.934608 5.1023993 0
-600.51923 -78.085052 5.1349883 0
-600.4726 -76.193619 5.1920953 0
-600.4599 -75.716225 5.1415009 0
-600.28412 -74.639732 5.1757026 0
-600.24042 -72.117561 5.1708932 0
-600.29077 -72.070633 5.1634383 0
-574.34277 -72.089905 5.1228204 0
-578.21735 -71.931862 5.1023884 0
-578.12317 -71.966751 5.1851091 0
-577.96161 -71.908997 5.1731911 0
-577.86444 -71.972656 5.1548867 0
-577.68042 -71.905731 5.1300678 0
-575.11017 -71.924255 5.1987138 0
-584.7135 -71.804214 5.1180115 0
-582.28748 -71.800423 5.1055007 0
-581.04211 -71.831932 5.1275997 0
-578.33051 -71.897438 5.1412687 0
-577.2334 -71.890076 5.109683 0
-576.61084 -71.869354 5.1335664 0
-587.24658 -71.70385 5.1883755 0
-585.22656 -71.775978 5.1751447 0
-584.9845 -71.709633 5.1545496 0
-582.01276 -71.735855 5.1388621 0
-580.0921 -71.761055 5.1574793 0
-579.90515 -71.762039 5.1200719 0
-590.06616 -71.632027 5.1900411 0
-585.99628 -71.649109 5.1402011 0
-589.80792 -71.55043 5.1862617 0
-589.01068 -71.526901 5.1178355 0
-596.89362 -71.482262 5.162323 0
-594.0943 -71.463852 5.1246133 0
-590.64331 -71.48378 5.1669788 0
-590.41931 -71.457069 5.1716323 0
-590.17236 -71.463158 5.1832218 0
-597.03247 -71.325455 5.1642861 0
-596.86493 -71.340752 5.1059422 0
-596.12067 -71.329346 5.1922488 0
-599.49261 -71.283386 5.1697187 0
-598.31708 -71.246979 5.1356325 0
-597.67096 -71.291161 5.1178956 0
-596.50964 -71.2827 5.1737523 0
-635.65192 -65.187866 5.1175165 0
-636.13684 -63.955051 5.1214609 0
-636.07031 -63.760662 5.1041532 0
-636.02612 -63.51775 5.1777797 0
-636.02612 -63.301193 5.1449223 0
-636.02063 -63.080208 5.112288 0
-635.58392 -62.919655 5.1120992 0
-635.54425 -62.099197 5.1495743 0
-635.53619 -61.547428 5.1506371 0
-635.4538 -61.242847 5.120852 0
-635.53784 -60.841614 5.1406388 0
-635.90222 -60.791786 5.1769476 0
-635.53381 -60.710827 5.1257896 0
-635.49286 -60.664978 5.1346464 0
-635.51733 -60.381096 5.1562252 0
-635.52765 -60.239929 5.126194 0
-635.51666 -60.120754 5.1214538 0
-648.94806 -60.005344 5.1122174 0
-648.72266 -60.075668 5.1355462 0
-648.60944 -60.007076 5.119616 0
-648.3396 -60.046516 5.1382923 0
-649.61194 -59.996815 5.1049771 0
-648.39349 -59.984695 5.1374068 0
-635.85834 -59.886406 5.1517906 0
-635.53979 -59.817852 5.1111279 0
-635.52966 -59.768127 5.195003 0
-635.50769 -59.651482 5.1397018 0
-635.93939 -58.646828 5.176218 0
-635.94275 -58.146351 5.1091986 0
-635.89471 -58.142738 5.1343164 0
-635.65424 -58.027866 5.1571045 0
-635.48486 -57.627815 5.1505585 0
-635.34473 -57.58884 5.1519799 0
-635.92444 -57.060028 5.1705852 0
-635.63782 -57.07288 5.1140871 0
-648.23419 -56.918846 5.1489363 0
-635.88611 -56.925724 5.1481562 0
-635.8952 -56.883816 5.1527028 0
-635.45721 -56.854149 5.1662259 0
-635.46405 -56.599442 5.1237144 0
-635.44232 -56.413918 5.1606326 0
-635.44806 -56.23259 5.1904883 0
-635.4137 -56.075893 5.1295466 0
-648.17163 -55.22514 5.1985993 0
-635.36731 -54.9767 5.1094689 0
-635.35614 -54.316257 5.1156526 0
-635.28497 -54.347431 5.15416 0
-635.758 -54.116978 5.136508 0
-635.34357 -54.150028 5.1924787 0
-635.71893 -54.061504 5.1766605 0
-635.32947 -54.064819 5.1637654 0
-635.32855 -53.927071 5.1321373 0
-648.17322 -53.872597 5.1377392 0
-635.71936 -53.890141 5.1481957 0
-635.36713 -53.760509 5.1385679 0
-635.74695 -53.528088 5.1898613 0
-635.37451 -53.541412 5.1816344 0
-648.16614 -53.42717 5.139493 0
-648.11847 -53.346661 5.1266699 0
-635.36584 -53.346489 5.1469402 0
-635.76868 -53.282154 5.1404457 0
-648.1145 -53.028042 5.191937 0
-648.08636 -52.709045 5.1268854 0
-635.33221 -52.754368 5.1930833 0
-635.33282 -52.544964 5.1096706 0
-635.67255 -52.248459 5.1573706 0
-635.45496 -52.286682 5.1539965 0
-635.35468 -52.29985 5.1842899 0
-635.70996 -52.144451 5.1861243 0
-635.72418 -52.041576 5.1135464 0
-635.73462 -51.865776 5.149508 0
-635.69788 -51.88723 5.1282616 0
-635.68652 -51.628254 5.1189332 0
-635.67413 -51.454227 5.1885028 0
-635.71625 -51.356789 5.1129279 0
-635.65875 -51.244781 5.1984272 0
-635.66589 -51.194061 5.1718502 0
-635.70215 -50.909981 5.1757913 0
-635.69324 -50.815548 5.1518664 0
-635.72607 -50.692947 5.1778989 0
-635.67621 -50.589283 5.1495662 0
-648.07202 -50.428406 5.129344 0
-635.70288 -50.423439 5.1580501 0
-635.66113 -50.378113 5.1087074 0
-635.6651 -50.152782 5.1327672 0
-635.6601 -50.045815 5.1310582 0
-636.76727 -90.705986 5.270083 0
-636.3067 -90.742027 5.2599173 0
-641.17322 -90.65831 5.2862415 0
-636.42566 -90.681786 5.2606344 0
-620.7724 -90.666794 5.2561593 0
-620.48602 -90.682297 5.2658677 0
-620.2608 -90.624603 5.2054906 0
-619.40717 -90.606438 5.2525616 0
-618.71716 -90.610733 5.2352686 0
-618.63715 -90.632393 5.2966256 0
-618.48499 -90.640923 5.2946854 0
-618.36414 -90.624161 5.2451782 0
-617.8999 -90.663231 5.2680759 0
-623.63477 -90.526611 5.2855649 0
-622.90192 -90.509605 5.2334137 0
-621.91602 -90.550377 5.2047439 0
-621.76593 -90.578606 5.2138915 0
-621.45758 -90.563728 5.2850051 0
-621.24432 -90.555466 5.2757545 0
-620.99866 -90.580002 5.2921057 0
-620.85059 -90.559494 5.289465 0
-619.30798 -90.556686 5.218894 0
-623.28003 -90.486183 5.2428722 0
-622.34668 -90.468521 5.2785459 0
-600.58264 -80.606445 5.2075696 0
-642.77753 -79.733406 5.2285252 0
-600.4848 -78.462921 5.2617373 0
-600.39545 -76.828583 5.2651696 0
-600.39557 -74.462631 5.2101316 0
-600.37439 -73.099625 5.2574029 0
-600.37317 -72.865417 5.2668595 0
-600.3324 -72.638077 5.2087607 0
-600.35791 -72.056725 5.2768283 0
-575.55566 -71.90274 5.2496929 0
-575.07477 -71.903618 5.2730961 0
-582.04639 -71.810555 5.2497835 0
-580.5459 -71.802071 5.2760582 0
-575.43066 -71.894119 5.2569704 0
-583.79944 -71.707603 5.2630162 0
-582.07275 -71.763901 5.2393432 0
-581.62042 -71.78273 5.273901 0
-579.64691 -71.745811 5.2018003 0
-587.93805 -71.686409 5.2665114 0
-586.18378 -71.603195 5.2236876 0
-585.41956 -71.612206 5.2516427 0
-600.2774 -71.564438 5.2750106 0
-590.7771 -71.538834 5.2355995 0
-598.42279 -71.428139 5.2043428 0
-592.66058 -71.483322 5.2363849 0
-592.38702 -71.494736 5.2300282 0
-586.45563 -71.492928 5.2712955 0
-600.16803 -71.345345 5.2569971 0
-599.54767 -71.371254 5.2390199 0
-599.14319 -71.30928 5.252296 0
-598.84802 -71.330833 5.2525949 0
-596.27802 -71.312523 5.2169547 0
-600.01819 -71.250137 5.2923408 0
-599.79114 -71.203362 5.2917233 0
-598.86261 -71.283112 5.2817421 0
-598.26495 -71.268394 5.2489076 0
-636.03528 -64.264763 5.2930708 0
-636.03571 -63.99017 5.2528172 0
-636.06409 -63.730759 5.229413 0
-636.17395 -62.14164 5.2440195 0
-636.01892 -61.045937 5.2435884 0
-648.92712 -60.019875 5.2422714 0
-648.85187 -60.024223 5.23246 0
-648.77759 -60.015808 5.2317767 0
-648.58667 -60.022018 5.2371063 0
-648.41772 -60.028664 5.258255 0
-648.27893 -60.042446 5.2408619 0
-635.93298 -60.089611 5.2979264 0
-635.69513 -60.030144 5.2589645 0
-649.95117 -59.967606 5.2364941 0
-649.6214 -59.995399 5.2437649 0
-649.18634 -59.976795 5.2396193 0
-635.9256 -59.944008 5.2857981 0
-635.91534 -59.401615 5.2004881 0
-648.24432 -59.325451 5.2055035 0
-635.94055 -59.13015 5.2315078 0
-636.01843 -59.066265 5.2952137 0
-635.94153 -59.044113 5.2640486 0
-648.29224 -58.498466 5.2937493 0
-635.8338 -58.369225 5.209228 0
-635.91943 -58.220203 5.2508836 0
-635.90741 -58.030273 5.2202024 0
-635.88745 -57.957649 5.23101 0
-635.5498 -57.854542 5.2442307 0
-635.92639 -57.741249 5.223876 0
-635.89825 -57.568714 5.2829876 0
-635.94928 -57.49786 5.2824779 0
-635.88031 -57.462116 5.2878036 0
-635.88885 -57.365173 5.253499 0
-648.21051 -56.38472 5.2394338 0
-635.7973 -55.881248 5.2034507 0
-635.5636 -55.802799 5.2014422 0
-635.81311 -55.328129 5.2316189 0
-635.39948 -55.161003 5.2159896 0
-648.15735 -55.003353 5.2666907 0
-635.84369 -54.612804 5.2628188 0
-648.14673 -54.455223 5.2731385 0
-635.35919 -54.259926 5.2254577 0
-635.39252 -53.829514 5.2079735 0
-635.72656 -53.738316 5.2089219 0
-648.12946 -53.680485 5.2557244 0
-648.12756 -53.452259 5.2884088 0
-635.39362 -53.47118 5.2046256 0
-635.7547 -53.303925 5.2213092 0
-648.09412 -53.035065 5.2477307 0
-635.41754 -52.943447 5.275773 0
-648.1145 -52.806229 5.2536621 0
-648.09601 -52.822704 5.2607288 0
-635.33258 -52.813942 5.2149701 0
-648.13647 -52.50135 5.2215557 0
-635.74359 -52.457973 5.263649 0
-635.32727 -52.499676 5.2113733 0
-635.71637 -52.207561 5.2195711 0
-635.69556 -52.090828 5.2927923 0
-635.71667 -51.907951 5.2787309 0
-648.1142 -51.793377 5.2108078 0
-635.7522 -51.468628 5.2788014 0
-635.71045 -51.38866 5.2507992 0
-635.69177 -51.397186 5.2090268 0
-635.69354 -51.241604 5.2794476 0
-648.07184 -51.124107 5.2868652 0
-635.7157 -51.112118 5.216629 0
-635.69025 -51.114059 5.231657 0
-635.67065 -51.053749 5.2307081 0
-635.72351 -50.864967 5.2747235 0
-635.6875 -50.889774 5.2547641 0
-635.71875 -50.705212 5.2441678 0
-635.71802 -50.673119 5.2535067 0
-635.67517 -50.52647 5.2344956 0
-635.67847 -50.269241 5.2556415 0
-635.65417 -50.163914 5.2010498 0
-636.1972 -90.737274 5.3069191 0
-640.82257 -90.615417 5.3049903 0
-637.96259 -90.647163 5.3900461 0
-637.20569 -90.698341 5.3046355 0
-623.4201 -90.612648 5.3199739 0
-619.49823 -90.659752 5.3046684 0
-618.93469 -90.607605 5.3102288 0
-618.77753 -90.651001 5.3606524 0
-618.3783 -90.660263 5.3869109 0
-617.99689 -90.633385 5.3427877 0
-642.5047 -90.507889 5.3749132 0
-642.38531 -90.535614 5.3689699 0
-642.25537 -90.533585 5.3616295 0
-641.91205 -90.575821 5.3069644 0
-641.20911 -90.526024 5.3022933 0
-623.37372 -90.505226 5.3176117 0
-623.14038 -90.57988 5.3423591 0
-622.75513 -90.504921 5.3749475 0
-622.27991 -90.532196 5.3219109 0
-621.74207 -90.563042 5.3020506 0
-621.59949 -90.515068 5.3643503 0
-620.54999 -90.572617 5.3789167 0
-620.39886 -90.574013 5.3720045 0
-619.75336 -90.583122 5.3783245 0
-624.71625 -90.460556 5.3905306 0
-624.64923 -90.433983 5.3533487 0
-624.50824 -90.419189 5.3534193 0
-624.37292 -90.468117 5.359169 0
-624.08551 -90.480141 5.3958206 0
-623.39703 -90.462547 5.3371611 0
-622.88501 -90.478241 5.3086324 0
-600.60376 -82.698029 5.3109145 0
-600.44806 -78.18428 5.3027186 0
-600.48553 -77.034927 5.3066974 0
-600.47522 -71.836449 5.3754315 0
-579.72791 -71.863441 5.3077459 0
-585.21686 -71.735344 5.3823161 0
-584.54596 -71.750587 5.3553476 0
-583.53564 -71.771088 5.3550038 0
-600.32697 -71.66658 5.3136029 0
-586.28247 -71.669464 5.3873167 0
-585.95203 -71.692062 5.3814464 0
-585.31213 -71.697708 5.3655396 0
-584.99359 -71.676414 5.3019276 0
-584.23877 -71.632446 5.31353 0
-582.41675 -71.695816 5.3626385 0
-600.33423 -71.566628 5.3456216 0
-590.97437 -71.55529 5.3739905 0
-590.07324 -71.575676 5.3189106 0
-588.80048 -71.563255 5.3489642 0
-588.38812 -71.57563 5.3703294 0
-600.23621 -71.445755 5.3670321 0
-594.75934 -71.410278 5.3805737 0
-599.00098 -71.314087 5.3654413 0
-598.21289 -71.353111 5.3360987 0
-597.23981 -71.369667 5.3059583 0
-596.3382 -71.391037 5.3325748 0
-594.03363 -71.384544 5.398366 0
-592.55737 -71.385292 5.3654752 0
-600.22418 -71.239204 5.3694344 0
-599.90796 -71.229576 5.3750982 0
-599.71112 -71.251755 5.3564219 0
-599.6153 -71.270164 5.3900776 0
-599.59973 -71.238495 5.3919406 0
-599.47882 -71.201653 5.3661103 0
-599.36804 -71.240791 5.3856382 0
-599.05371 -71.230827 5.3492312 0
-598.90631 -71.265343 5.3778491 0
-598.75433 -71.272537 5.3871899 0
-598.28204 -71.248405 5.3516769 0
-597.49347 -71.286964 5.3864393 0
-599.95117 -71.194046 5.390132 0
-636.12201 -65.404213 5.344872 0
-636.07538 -64.72126 5.3693099 0
-636.06152 -64.470947 5.3322287 0
-636.09436 -63.824966 5.3818917 0
-636.0686 -63.715034 5.3893862 0
-636.08392 -62.71735 5.387269 0
-635.82043 -62.536514 5.3354249 0
-635.94427 -62.031635 5.3699007 0
-636.07092 -61.810898 5.3791656 0
-635.96552 -61.636707 5.3891511 0
-635.94531 -61.256462 5.3296428 0
-636.06537 -61.099358 5.304512 0
-635.93304 -60.528801 5.3611856 0
-649.97656 -60.01125 5.3913431 0
-649.41217 -60.034981 5.3376932 0
-648.93756 -60.05138 5.3432908 0
-648.65002 -60.029621 5.314579 0
-648.36353 -60.043156 5.3588142 0
-648.2486 -60.008636 5.3096581 0
-649.94934 -59.958267 5.3843594 0
-649.44208 -59.976326 5.3121648 0
-649.2937 -59.957207 5.3870778 0
-649.15295 -59.97501 5.3405299 0
-649.00977 -59.960632 5.3754444 0
-636.04211 -59.907997 5.3683214 0
-635.96906 -59.803192 5.309916 0
-635.9433 -59.736977 5.340775 0
-635.82831 -59.699528 5.3853464 0
-635.97156 -59.39661 5.3115201 0
-635.99487 -58.539429 5.3291392 0
-648.24371 -58.086952 5.3437071 0
-635.90576 -57.77655 5.3071976 0
-635.8703 -57.617771 5.3583202 0
-648.23126 -57.379425 5.3624029 0
-635.86816 -57.349068 5.3195629 0
-648.27045 -57.198521 5.3550105 0
-635.85211 -56.439293 5.3659639 0
-648.23218 -56.345482 5.3503327 0
-635.84595 -56.294968 5.3850851 0
-648.23712 -56.195717 5.3802571 0
-635.85193 -56.135174 5.3160715 0
-635.91901 -55.932903 5.3743033 0
-635.82715 -55.887966 5.3120961 0
-635.87073 -55.750202 5.3783097 0
-648.16272 -55.694382 5.3041668 0
-648.22516 -55.206539 5.3670669 0
-648.16852 -55.292774 5.3803263 0
-648.14709 -54.847046 5.3978062 0
-648.13806 -53.466187 5.3588486 0
-648.11292 -53.1143 5.3548093 0
-635.78479 -53.095596 5.3649182 0
-648.11127 -52.930923 5.3754578 0
-648.10791 -52.615536 5.3847756 0
-635.82257 -52.609161 5.3797078 0
-635.79022 -52.603226 5.3905745 0
-635.78571 -52.436119 5.3824077 0
-635.78076 -52.241203 5.3423367 0
-635.82874 -52.194408 5.318697 0
-635.71881 -52.094898 5.3077869 0
-635.6571 -51.879898 5.3461704 0
-635.72052 -51.607849 5.385838 0
-635.73828 -51.592266 5.3032751 0
-635.68616 -51.54361 5.3743782 0
-635.69434 -51.456882 5.3568749 0
-635.7207 -51.260963 5.3409328 0
-635.69208 -51.22171 5.3937883 0
-635.72125 -51.140247 5.3582134 0
-635.72314 -51.043354 5.3216853 0
-635.67102 -50.890324 5.324934 0
-635.69208 -50.740013 5.3777504 0
-635.67523 -50.681782 5.3225837 0
-635.68445 -50.501801 5.3921814 0
-635.52997 -50.516903 5.3002386 0
-635.70264 -50.476315 5.3947215 0
-635.68073 -50.216236 5.3191171 0
-635.63812 -50.173103 5.3195949 0
-635.77307 -50.04195 5.3370929 0
-619.16394 -90.643791 5.4135151 0
-617.76215 -90.668526 5.4028525 0
-639.40533 -90.589844 5.4123392 0
-622.17456 -90.526352 5.4619465 0
-621.73022 -90.53862 5.4628429 0
-621.61615 -90.567261 5.492939 0
-621.51843 -90.52935 5.4176431 0
-621.45532 -90.553856 5.444838 0
-621.3576 -90.566704 5.4827218 0
-621.23004 -90.579781 5.4772396 0
-621.10095 -90.597855 5.4765425 0
-621.04767 -90.572823 5.4251842 0
-620.41077 -90.583992 5.4066386 0
-624.62012 -90.470573 5.4968309 0
-624.31415 -90.493355 5.4058518 0
-623.28644 -90.47052 5.4926195 0
-622.30115 -90.487083 5.4167576 0
-622.18054 -90.483673 5.4138412 0
-643.26862 -83.077812 5.4934254 0
-600.51477 -80.206779 5.4387407 0
-600.38464 -77.230652 5.4750295 0
-600.38647 -74.064812 5.4307685 0
-600.31281 -73.025276 5.460958 0
-600.32599 -72.432648 5.4438186 0
-600.31024 -72.251953 5.4390664 0
-600.29291 -71.958473 5.4153757 0
-582.8418 -71.738388 5.4489436 0
-581.86566 -71.75592 5.4402528 0
-600.33221 -71.611221 5.4203043 0
-589.33344 -71.614189 5.4080138 0
-587.56696 -71.663361 5.4242864 0
-586.16022 -71.666672 5.4709058 0
-589.93329 -71.530357 5.4415765 0
-588.20575 -71.563286 5.4849777 0
-594.06989 -71.456573 5.4062467 0
-593.11407 -71.4842 5.4407887 0
-591.85461 -71.430458 5.419065 0
-591.27246 -71.461624 5.4657397 0
-591.1217 -71.482773 5.4020391 0
-589.97351 -71.499657 5.4537258 0
-600.09595 -71.303535 5.4053593 0
-598.44373 -71.324097 5.4272594 0
-597.86694 -71.31031 5.4702826 0
-597.54395 -71.362114 5.4409552 0
-596.85095 -71.345375 5.4651546 0
-596.6983 -71.306038 5.4160843 0
-596.2644 -71.334236 5.4839163 0
-595.25867 -71.349548 5.4857063 0
-600.15948 -71.239632 5.4063354 0
-599.14429 -71.266388 5.4141855 0
-599.08838 -71.213943 5.4131203 0
-598.93707 -71.250343 5.4144874 0
-598.54889 -71.268608 5.4369059 0
-598.3197 -71.292114 5.4260092 0
-597.87555 -71.271248 5.4016151 0
-597.63629 -71.291679 5.4494586 0
-597.14807 -71.295555 5.4306192 0
-600.26007 -71.157402 5.4562492 0
-636.10809 -65.913635 5.4745026 0
-636.05414 -65.496887 5.4698372 0
-636.06415 -65.178444 5.4546189 0
-636.1413 -64.707016 5.4194231 0
-636.07001 -64.725601 5.41746 0
-636.03455 -64.162193 5.4730225 0
-636.05554 -63.909832 5.4122291 0
-636.21613 -63.461929 5.4186974 0
-636.03174 -63.022526 5.4726467 0
-635.97516 -62.219341 5.4426365 0
-635.95984 -61.270363 5.4726305 0
-635.95221 -61.103668 5.4666667 0
-635.95459 -61.007389 5.4683475 0
-635.96912 -60.951115 5.4646039 0
-635.95715 -60.824348 5.461832 0
-636.02875 -60.734592 5.4768109 0
-635.99469 -60.662792 5.4127707 0
-636.02203 -60.576717 5.4614878 0
-649.38489 -60.024338 5.413002 0
-649.258 -60.000587 5.467454 0
-649.10468 -60.018417 5.4850736 0
-648.96912 -60.015793 5.4264531 0
-648.79706 -60.005619 5.4738278 0
-648.56427 -60.055885 5.4195294 0
-649.91125 -59.950012 5.4753294 0
-649.83514 -59.968174 5.4818754 0
-649.71606 -59.998535 5.4042501 0
-649.24335 -59.994854 5.4539814 0
-649.16779 -59.991909 5.4648046 0
-648.71515 -59.974804 5.4365692 0
-648.43109 -59.994865 5.475461 0
-649.3595 -59.897728 5.4618134 0
-636.01611 -59.695877 5.4719172 0
-635.9043 -59.336849 5.4670982 0
-635.89655 -59.320698 5.4110532 0
-635.95959 -59.251236 5.4391398 0
-635.87665 -58.722614 5.495369 0
-635.93597 -58.650665 5.419807 0
-635.90155 -58.525429 5.4319353 0
-635.88562 -58.163792 5.4570456 0
-635.883 -57.557133 5.4971209 0
-635.85901 -57.233345 5.486093 0
-635.85889 -57.038048 5.4886508 0
-635.85858 -56.782375 5.4356747 0
-635.90466 -56.467258 5.4299965 0
-635.79266 -56.006847 5.4646764 0
-635.82727 -55.819389 5.4996195 0
-635.74841 -55.801567 5.4602904 0
-635.94446 -55.644913 5.47224 0
-635.82507 -55.246063 5.4158592 0
-635.95032 -55.168831 5.4076414 0
-635.76501 -55.033752 5.4565096 0
-648.17023 -54.942787 5.4229989 0
-635.74518 -54.886784 5.4468923 0
-648.15936 -54.750908 5.4639821 0
-635.79065 -54.620178 5.4881301 0
-635.80365 -54.513931 5.4671965 0
-648.18585 -54.335419 5.4687858 0
-635.80597 -54.314766 5.4584689 0
-635.74512 -54.309975 5.4115348 0
-635.76617 -54.221794 5.4314241 0
-635.80585 -54.030975 5.4536972 0
-648.13171 -53.873837 5.4940448 0
-635.77441 -53.86433 5.4851251 0
-648.11621 -53.633564 5.44383 0
-648.10925 -53.50589 5.4252362 0
-635.73694 -53.587029 5.4111152 0
-635.72156 -52.644836 5.4305563 0
-635.71326 -52.248459 5.4179115 0
-635.74231 -52.153091 5.4278417 0
-635.54749 -52.019958 5.4594746 0
-635.74878 -51.943329 5.4079795 0
-635.69495 -51.900265 5.4905171 0
-635.6897 -51.845196 5.4404364 0
-648.06671 -51.754276 5.4700274 0
-635.70929 -51.791191 5.4216814 0
-635.67896 -51.608921 5.4569364 0
-635.72314 -51.506222 5.4255686 0
-635.73657 -51.477734 5.4518943 0
-635.71692 -51.320713 5.4061694 0
-635.71649 -51.129089 5.4745526 0
-635.69922 -51.18058 5.4143438 0
-635.70581 -50.987408 5.4612274 0
-648.07635 -50.861641 5.4189153 0
-635.62006 -50.638271 5.4382029 0
-635.6571 -50.529926 5.451015 0
-635.70233 -50.463093 5.4286833 0
-648.05585 -50.315865 5.444181 0
-635.68585 -50.337086 5.4616904 0
-635.64929 -50.260235 5.4754105 0
-635.63782 -50.177975 5.4658637 0
-635.67017 -50.053345 5.4638729 0
-619.12952 -90.601326 5.5593944 0
-618.60883 -90.635124 5.5239701 0
-618.42035 -90.620071 5.5511465 0
-618.29004 -90.616974 5.5269198 0
-617.81 -90.630043 5.5347934 0
-642.38 -90.598145 5.5080533 0
-624.07086 -90.517738 5.5920048 0
-623.09955 -90.529396 5.5123057 0
-622.39716 -90.528778 5.5201612 0
-620.15582 -90.519852 5.5495496 0
-620.0954 -90.588074 5.57517 0
-623.49945 -90.454079 5.5009084 0
-623.33118 -90.466812 5.5066724 0
-622.82904 -90.481522 5.513854 0
-600.36993 -74.578041 5.5792422 0
-600.34772 -73.075745 5.5002131 0
-600.39648 -72.979767 5.5256004 0
-600.38989 -72.284035 5.5022101 0
-600.26562 -71.958008 5.5060692 0
-600.25653 -71.894684 5.561502 0
-584.19556 -71.769829 5.5815878 0
-592.37323 -71.434555 5.5540557 0
-589.83813 -71.490921 5.5700006 0
-599.17981 -71.318375 5.5303345 0
-598.11755 -71.395683 5.565424 0
-597.86212 -71.33889 5.5582519 0
-597.60565 -71.329018 5.5247817 0
-597.30707 -71.331749 5.546844 0
-597.21802 -71.394836 5.5042276 0
-597.01263 -71.365936 5.5733242 0
-595.71857 -71.367538 5.5187616 0
-595.34235 -71.328194 5.5929627 0
-600.20837 -71.260201 5.5071297 0
-599.91156 -71.244713 5.5110893 0
-599.80048 -71.212524 5.529871 0
-599.30524 -71.269669 5.5734878 0
-599.06812 -71.247826 5.5691738 0
-598.82727 -71.259903 5.5856519 0
-598.08325 -71.293404 5.5608444 0
-600.10986 -71.176132 5.5345774 0
-636.07855 -65.621971 5.542078 0
-636.15955 -65.382904 5.5180936 0
-636.07812 -65.329338 5.5957007 0
-636.09412 -65.201805 5.5849919 0
-636 -63.500275 5.5966144 0
-636.01074 -63.388126 5.5539207 0
-636.00677 -63.189144 5.5129209 0
-636.00513 -63.008331 5.535912 0
-636.01569 -62.613853 5.5204201 0
-635.97083 -62.412071 5.5092001 0
-636.09387 -62.397835 5.5813122 0
-635.92456 -62.358673 5.5942788 0
-635.90735 -61.969215 5.5340104 0
-635.98059 -61.76226 5.545505 0
-635.96924 -61.462677 5.5777249 0
-636.06134 -61.182217 5.5594873 0
-635.98541 -61.181332 5.5076389 0
-635.94897 -60.7239 5.5677986 0
-635.95612 -60.533775 5.5951943 0
-635.94757 -60.304436 5.5822411 0
-649.35022 -60.015812 5.5086064 0
-649.81964 -59.959648 5.5863433 0
-649.64282 -59.949173 5.5349531 0
-649.46851 -59.927299 5.5472603 0
-649.17456 -59.940262 5.5541134 0
-649.04187 -59.9538 5.5557742 0
-648.33856 -59.975391 5.5691695 0
-648.28522 -59.72208 5.5064363 0
-635.92358 -59.760353 5.5142121 0
-635.95734 -59.530655 5.5261803 0
-635.93573 -59.072769 5.5528197 0
-635.86542 -58.954453 5.569643 0
-635.87604 -58.76226 5.5682797 0
-635.90558 -58.531334 5.5821519 0
-635.87323 -58.364281 5.5158191 0
-635.9118 -58.28381 5.5470638 0
-635.89099 -58.181221 5.5276856 0
-648.25415 -58.024563 5.5529222 0
-635.91821 -57.938087 5.5628529 0
-635.89032 -57.853088 5.5691714 0
-635.96735 -57.751545 5.5538707 0
-635.92987 -57.567146 5.5329647 0
-635.87469 -57.401573 5.5375409 0
-648.24207 -57.363354 5.5235934 0
-635.81915 -57.143017 5.5810227 0
-648.23364 -57.056824 5.5187602 0
-635.85779 -56.625271 5.5922418 0
-635.84967 -56.432327 5.5391378 0
-635.77155 -56.307915 5.5452766 0
-648.21277 -56.093094 5.5987024 0
-635.83643 -56.001808 5.5216703 0
-635.78815 -55.798809 5.5326748 0
-635.8042 -55.601864 5.5378299 0
-648.20312 -55.541714 5.5231605 0
-635.81738 -55.565273 5.5810394 0
-635.77307 -55.425781 5.5535755 0
-635.83032 -55.379879 5.5646963 0
-635.77777 -55.261139 5.5239305 0
-635.78552 -55.162724 5.5095725 0
-635.85333 -54.937515 5.5961666 0
-635.80072 -54.759289 5.5408773 0
-635.76953 -54.627625 5.5240197 0
-635.76288 -54.532955 5.5276837 0
-635.82324 -54.478146 5.5885592 0
-648.14789 -54.283531 5.5910144 0
-635.78534 -53.944321 5.5026464 0
-635.83069 -53.882927 5.539381 0
-635.76294 -53.851131 5.5551281 0
-635.75739 -53.790985 5.5428123 0
-635.76233 -53.688927 5.5193229 0
-635.74548 -53.553055 5.5592117 0
-635.75909 -53.486961 5.5098867 0
-648.09656 -53.337063 5.5827518 0
-635.69464 -53.322784 5.5959978 0
-635.72357 -53.209541 5.5704618 0
-635.81256 -53.044201 5.5610876 0
-635.73541 -52.976635 5.5905533 0
-648.11639 -52.870708 5.5597401 0
-635.73846 -52.870514 5.5854235 0
-635.76562 -52.718506 5.5934076 0
-635.55377 -52.72929 5.5403371 0
-635.71124 -52.69611 5.5544758 0
-648.09442 -52.585258 5.5639853 0
-635.72864 -52.463985 5.522686 0
-635.69482 -52.485722 5.5262351 0
-635.75415 -52.289497 5.5123987 0
-635.70453 -52.176003 5.5334921 0
-635.72266 -51.974052 5.5292187 0
-635.7356 -51.84708 5.5336218 0
-635.73651 -51.713337 5.5115685 0
-648.11243 -51.62188 5.5103292 0
-635.73676 -51.684063 5.5207725 0
-635.69946 -51.638344 5.5649962 0
-635.74207 -51.531292 5.5629368 0
-635.7099 -51.459843 5.5836444 0
-635.65271 -51.413528 5.5638719 0
-648.06335 -51.256214 5.558166 0
-648.05847 -51.164833 5.5823159 0
-635.70892 -51.032536 5.5898166 0
-635.6759 -50.940262 5.5546031 0
-635.68115 -50.843197 5.584341 0
-635.69861 -50.742783 5.5498824 0
-635.62085 -50.540016 5.5454907 0
-635.68445 -50.370506 5.573504 0
-635.65076 -50.207054 5.5941715 0
-635.67816 -50.134666 5.5508599 0
-635.6781 -50.064995 5.5579395 0
-618.1297 -90.700592 5.642282 0
-619.64142 -90.645905 5.6945019 0
-618.29285 -90.660065 5.6021056 0
-624.4422 -90.468269 5.6376405 0
-624.01398 -90.481979 5.6323991 0
-622.80939 -90.494019 5.6123686 0
-643.22882 -82.059608 5.632905 0
-643.20996 -81.758705 5.6742635 0
-643.22406 -81.538002 5.640554 0
-600.46021 -73.963768 5.6660366 0
-600.44611 -73.78479 5.6127739 0
-600.39624 -73.482315 5.6076159 0
-600.39001 -72.879379 5.6138005 0
-598.74878 -71.323418 5.6516309 0
-598.36853 -71.338341 5.6123915 0
-597.32422 -71.319992 5.6347041 0
-596.01489 -71.358353 5.6539268 0
-595.06122 -71.34745 5.6192875 0
-593.41241 -71.394417 5.6388912 0
-599.14215 -71.215523 5.6349568 0
-598.76105 -71.289574 5.6764474 0
-598.35272 -71.249107 5.6098328 0
-636.11682 -65.684967 5.650547 0
-636.26794 -65.404671 5.6712461 0
-636.12231 -65.454498 5.6179376 0
-636.05304 -65.172104 5.6817384 0
-636.00024 -63.974739 5.6231475 0
-636.14459 -63.859509 5.6035399 0
-635.96338 -63.851944 5.6806245 0
-636.05457 -63.437996 5.6301394 0
-636.00079 -63.051815 5.6681561 0
-636.11041 -62.790878 5.6863317 0
-635.97345 -62.30928 5.6953735 0
-636.06482 -62.236736 5.6356702 0
-636.05261 -62.157482 5.6691346 0
-636.01227 -61.762871 5.6193714 0
-636.00372 -61.523499 5.6752224 0
-635.98749 -61.093571 5.6078701 0
-635.94489 -60.581268 5.6450496 0
-635.9433 -60.43811 5.6131282 0
-649.89532 -59.95084 5.6291466 0
-649.54626 -59.9636 5.6081228 0
-635.97955 -59.973099 5.6476283 0
-635.94879 -59.89764 5.6537886 0
-635.9386 -59.562897 5.6673641 0
-635.91791 -59.452324 5.6940718 0
-635.94031 -59.159653 5.63059 0
-635.87659 -59.052071 5.6306314 0
-635.86688 -58.705563 5.6808348 0
-635.94763 -58.381989 5.611331 0
-635.85724 -57.952091 5.6918244 0
-635.88123 -57.561668 5.6222219 0
-635.84619 -57.369106 5.61272 0
-648.22357 -57.238964 5.6675658 0
-635.8623 -57.197006 5.6862187 0
-635.87402 -57.024391 5.6658688 0
-635.85736 -56.889076 5.6597366 0
-635.76971 -56.640709 5.6022739 0
-648.18512 -56.407841 5.6162033 0
-635.84851 -56.35125 5.6557517 0
-635.78955 -56.394867 5.6639314 0
-635.79218 -56.181583 5.6004386 0
-635.81702 -56.063728 5.6157427 0
-635.78925 -56.094696 5.6138678 0
-635.83087 -55.981987 5.6087685 0
-635.84167 -55.822411 5.66785 0
-635.80859 -55.711681 5.6110597 0
-635.8111 -55.612392 5.6581521 0
-635.83264 -55.429802 5.6585093 0
-635.8399 -55.229073 5.6013608 0
-635.73901 -55.267769 5.616303 0
-635.8045 -55.151051 5.6946549 0
-635.80066 -54.924232 5.6571536 0
-635.81842 -54.80492 5.681982 0
-635.77509 -54.802734 5.6876268 0
-635.87268 -54.537521 5.6757102 0
-648.11981 -54.467831 5.6929989 0
-648.15894 -54.347546 5.6852832 0
-635.77075 -54.298286 5.6031423 0
-648.17084 -54.092255 5.6973057 0
-635.76654 -54.056747 5.6806021 0
-635.72101 -53.70525 5.6050406 0
-635.75934 -53.626022 5.6693735 0
-635.59662 -53.603683 5.6397195 0
-635.7514 -53.518017 5.6205134 0
-635.77594 -53.431137 5.6877246 0
-635.74469 -53.115719 5.6025038 0
-648.09412 -53.096439 5.6011691 0
-635.74054 -52.760784 5.6985822 0
-635.76477 -52.650349 5.6225133 0
-648.10742 -52.535366 5.6759472 0
-635.72955 -52.509701 5.6543045 0
-635.76147 -52.445442 5.632741 0
-648.08826 -52.353836 5.6854992 0
-635.72815 -52.377056 5.6492753 0
-635.73303 -52.247772 5.6361518 0
-635.68237 -52.128838 5.6453867 0
-635.66833 -51.971733 5.6912551 0
-648.07843 -51.79126 5.6852875 0
-635.68372 -51.732204 5.6441588 0
-648.05347 -51.337173 5.639987 0
-635.69037 -51.399502 5.6627483 0
-648.05579 -51.012093 5.640327 0
-635.68073 -50.765503 5.6344948 0
-635.68646 -50.578796 5.6777959 0
-635.76898 -50.461666 5.6591959 0
-635.664 -50.432911 5.6349044 0
-635.6665 -50.333076 5.6047974 0
-635.66968 -50.149063 5.6585898 0
-623.73132 -90.515869 5.7692881 0
-623.2132 -90.508644 5.7690864 0
-623.15625 -90.532745 5.7608323 0
-622.39557 -90.516441 5.733696 0
-622.16235 -90.555389 5.7677326 0
-621.76532 -90.515564 5.7686195 0
-621.29852 -90.59642 5.7608218 0
-618.52997 -90.508049 5.7667041 0
-617.80682 -90.551109 5.7537255 0
-624.52155 -90.495186 5.7808914 0
-622.26379 -90.469299 5.7235665 0
-619.62256 -90.469337 5.7980895 0
-643.34265 -83.58683 5.7675214 0
-643.33209 -83.283638 5.7199244 0
-643.23358 -82.277466 5.7502975 0
-600.59802 -82.296631 5.7437315 0
-643.2381 -82.046379 5.7167335 0
-600.50085 -75.243622 5.794014 0
-600.46851 -74.624939 5.7625704 0
-600.44177 -74.571495 5.7985077 0
-600.37024 -74.446175 5.7342238 0
-600.38409 -74.190887 5.7449164 0
-600.38214 -73.938133 5.7043018 0
-600.3111 -73.496292 5.7324739 0
-600.33649 -72.222359 5.7282023 0
-600.32123 -71.909584 5.7732034 0
-600.26617 -71.777885 5.7425237 0
-599.57617 -71.253105 5.7773662 0
-599.29901 -71.250778 5.7856574 0
-598.47192 -71.232246 5.7177725 0
-636.14362 -65.672249 5.7193017 0
-636.0777 -65.651924 5.7938809 0
-636.18201 -65.028954 5.7386894 0
-636.13806 -63.920761 5.7179608 0
-635.9884 -62.884373 5.7403722 0
-635.99786 -62.497227 5.7994132 0
-635.96997 -61.444771 5.7790575 0
-635.96997 -61.201366 5.7875028 0
-635.94507 -60.905811 5.7823701 0
-635.92969 -60.501438 5.7944708 0
-635.92291 -60.313244 5.7533979 0
-635.86523 -60.168434 5.7365904 0
-635.91052 -59.917801 5.7075324 0
-635.90723 -59.762627 5.7207818 0
-635.91565 -59.52961 5.7779136 0
-635.89221 -59.431824 5.7823052 0
-648.26605 -59.003815 5.7908249 0
-635.92108 -59.029552 5.7438326 0
-635.93121 -58.96801 5.7313066 0
-635.87897 -58.051426 5.7298427 0
-636.02826 -57.803131 5.787137 0
-648.23938 -57.750141 5.736752 0
-648.23932 -57.573582 5.7414136 0
-635.86218 -57.21431 5.7566175 0
-635.86896 -57.169682 5.7380605 0
-635.86835 -57.074242 5.7086782 0
-635.84027 -56.940319 5.7624488 0
-635.84088 -56.816486 5.7603827 0
-635.86066 -56.785271 5.7492905 0
-635.81531 -56.659706 5.7051177 0
-635.88562 -56.59391 5.7849975 0
-635.88605 -56.480026 5.7285976 0
-635.85236 -56.310368 5.7941132 0
-648.20691 -56.241787 5.797163 0
-635.74933 -56.186424 5.767756 0
-635.8429 -55.940926 5.7630262 0
-635.82178 -55.825272 5.7978506 0
-635.81531 -55.726627 5.77176 0
-635.81403 -55.62764 5.7408433 0
-635.81213 -55.523693 5.709621 0
-635.82935 -55.18737 5.7737336 0
-635.74408 -54.990582 5.762022 0
-635.81073 -54.751888 5.7226768 0
-635.7782 -54.576553 5.7584138 0
-635.80023 -54.248848 5.7633867 0
-635.75159 -54.240555 5.7679577 0
-635.77197 -54.1903 5.7255569 0
-635.77991 -54.05748 5.7806692 0
-635.77173 -53.988945 5.7179646 0
-648.13672 -53.596882 5.7092233 0
-635.7229 -53.570492 5.7239509 0
-648.13385 -53.458111 5.7338481 0
-635.7215 -53.416157 5.7612915 0
-635.72809 -53.389511 5.7371316 0
-635.68427 -53.280693 5.7101789 0
-635.79114 -53.125259 5.7191353 0
-635.75702 -53.03059 5.7212067 0
-635.74536 -52.94175 5.7665091 0
-635.72723 -52.848946 5.7217178 0
-635.79144 -52.612713 5.7408419 0
-635.73132 -52.547684 5.7016563 0
-635.74799 -52.361691 5.7294521 0
-635.74231 -52.245674 5.713747 0
-648.08466 -52.175655 5.7351522 0
-635.66901 -52.047626 5.7593842 0
-635.7196 -51.614544 5.7679129 0
-635.64905 -51.655563 5.744894 0
-635.71527 -51.580956 5.7478418 0
-635.70618 -51.40794 5.7906475 0
-635.74866 -51.269058 5.7796998 0
-635.6485 -51.221363 5.737525 0
-635.68958 -51.015732 5.7650352 0
-648.05334 -50.922714 5.7481027 0
-635.74359 -50.868927 5.7211313 0
-635.68219 -50.839554 5.7320004 0
-648.06964 -50.72842 5.7372227 0
-635.64526 -50.75753 5.7430859 0
-635.70117 -50.69978 5.7037683 0
-635.67212 -50.639343 5.769557 0
-635.67548 -50.441502 5.7668395 0
-635.64319 -50.31562 5.7080193 0
-635.65131 -50.284485 5.7573309 0
-635.66626 -50.062393 5.7277102 0
-624.0246 -90.484039 5.8043413 0
-623.24921 -90.405136 5.8301334 0
-624.50647 -90.369247 5.8541603 0
-624.12433 -90.379402 5.8573895 0
-623.97308 -90.364433 5.8478999 0
-643.40198 -87.755363 5.8137112 0
-600.41559 -75.48455 5.8379316 0
-600.33618 -72.340263 5.8316689 0
-593.92017 -71.403618 5.8328104 0
-600.23016 -71.391304 5.8864617 0
-596.86951 -71.369545 5.8365841 0
-599.70337 -71.263481 5.8012514 0
-599.633 -71.229843 5.8352585 0
-600.1684 -71.166382 5.8326173 0
-636.17261 -65.95829 5.890769 0
-636.06256 -65.70488 5.8372045 0
-636.09949 -65.660751 5.8769884 0
-636.14862 -65.418213 5.8026786 0
-636.04803 -65.2742 5.8934641 0
-636.0376 -64.845268 5.8460565 0
-636.15906 -64.268944 5.8029256 0
-636.08362 -64.243187 5.8770504 0
-636.05078 -64.172783 5.8067832 0
-636.01044 -63.43351 5.8606205 0
-636.10852 -62.908127 5.8769827 0
-635.99005 -62.840462 5.8220916 0
-636.0517 -61.772484 5.8187656 0
-635.97748 -61.430565 5.8852363 0
-635.90643 -61.018738 5.893517 0
-635.95532 -60.977325 5.8002138 0
-635.91364 -60.724831 5.8543301 0
-635.94403 -60.652657 5.8754845 0
-635.94556 -60.563816 5.8200588 0
-635.85229 -60.568352 5.8576074 0
-635.90118 -60.108944 5.8502684 0
-635.95856 -59.916019 5.8689313 0
-635.94336 -59.135319 5.8110495 0
-635.92804 -59.008331 5.8037186 0
-635.87762 -58.936687 5.891192 0
-635.87616 -58.510063 5.8624134 0
-635.8858 -58.160225 5.8691473 0
-635.8941 -57.97543 5.8161716 0
-635.8042 -57.8563 5.8055811 0
-635.86853 -57.614986 5.8732615 0
-635.86676 -57.501282 5.8385468 0
-635.93799 -57.455997 5.8183632 0
-635.80939 -57.208591 5.8468499 0
-635.90198 -57.038879 5.8927832 0
-635.8609 -56.924332 5.842207 0
-635.75275 -56.973747 5.8339624 0
-635.81903 -56.895313 5.8867307 0
-635.66296 -56.860233 5.8668213 0
-648.21991 -56.543896 5.8072667 0
-635.81354 -56.579552 5.8552933 0
-635.82495 -56.360046 5.8487473 0
-635.84009 -56.22311 5.8988543 0
-635.8194 -56.108864 5.8745713 0
-635.82159 -56.062347 5.8195534 0
-635.81641 -55.91032 5.8227029 0
-635.90253 -55.558426 5.8299136 0
-648.18073 -55.4911 5.8211317 0
-635.80109 -55.167397 5.8003001 0
-635.85187 -55.000782 5.8134861 0
-635.77759 -55.092899 5.8102789 0
-648.1214 -54.804745 5.8597603 0
-635.82892 -54.763149 5.8562574 0
-648.15186 -54.620621 5.841043 0
-635.78943 -54.646393 5.8443818 0
-635.76715 -54.476318 5.8136244 0
-635.78796 -54.337402 5.843307 0
-635.75769 -54.014481 5.8630099 0
-648.1358 -53.883041 5.8120551 0
-635.74927 -53.464584 5.8983159 0
-635.74634 -53.387165 5.8002129 0
-635.74817 -53.237877 5.8434296 0
-635.71759 -52.659481 5.8802924 0
-648.09088 -52.547218 5.8325777 0
-635.72955 -52.551178 5.8325067 0
-635.73242 -52.320343 5.8825831 0
-635.72357 -52.282864 5.8294892 0
-635.74432 -52.070129 5.8480225 0
-635.72778 -51.99078 5.8804102 0
-635.70618 -51.873165 5.8276172 0
-635.68732 -51.893349 5.8670516 0
-635.71637 -51.74881 5.89994 0
-648.10022 -51.496727 5.8494458 0
-635.70337 -51.374405 5.8637977 0
-635.68365 -51.355282 5.8846045 0
-635.67755 -51.293087 5.8241596 0
-635.68164 -51.028313 5.8126793 0
-635.69727 -50.921227 5.8100019 0
-635.66254 -50.865677 5.8798943 0
-635.76117 -50.783119 5.8944964 0
-635.64032 -50.744728 5.8296423 0
-635.70306 -50.331539 5.8520827 0
-635.68964 -50.335896 5.8379421 0
-635.65405 -50.248482 5.8397484 0
-635.62323 -50.1087 5.8051295 0
-635.69128 -50.05571 5.8323736 0
-636.0766 -65.574783 5.994123 0
-636.06976 -64.725563 5.9175897 0
-636.03851 -64.310143 5.9456897 0
-635.97589 -62.866982 5.981915 0
-635.9693 -62.728798 5.9449234 0
-636.02301 -62.41423 5.9415908 0
-635.98523 -61.85675 5.9095068 0
-635.93903 -60.947819 5.9148755 0
-648.88922 -60.510075 5.9524431 0
-635.97797 -60.564304 5.9651351 0
-649.05798 -60.482117 5.9068823 0
-635.96069 -60.405735 5.9873137 0
-635.91272 -60.388462 5.976253 0
-635.95038 -60.125423 5.9024868 0
-635.90204 -60.045418 5.9234061 0
-648.26825 -59.937294 5.9542007 0
-635.95691 -59.899273 5.913178 0
-648.30347 -59.758694 5.9368672 0
-635.93384 -59.720005 5.921679 0
-635.86737 -59.682564 5.9999342 0
-648.25983 -59.0919 5.9722514 0
-635.90649 -58.971935 5.9997015 0
-635.90747 -58.852753 5.9018774 0
-635.88708 -58.819508 5.9798746 0
-635.70374 -58.774399 5.9488502 0
-635.90076 -58.557629 5.9841652 0
-635.85608 -58.542191 5.981607 0
-635.87231 -57.988441 5.9576955 0
-635.89844 -57.658554 5.9765739 0
-635.85907 -57.536263 5.9227905 0
-635.74976 -57.290092 5.9097562 0
-635.89612 -57.185364 5.9068785 0
-635.91211 -56.915348 5.9745107 0
-635.81512 -56.998985 5.9166894 0
-635.8067 -56.80098 5.9278336 0
-635.8125 -56.646988 5.9786882 0
-635.81403 -56.564091 5.953146 0
-635.82874 -56.321068 5.9375038 0
-635.82129 -56.212807 5.9058037 0
-635.85199 -55.916695 5.9450521 0
-635.64166 -55.647644 5.9585166 0
-635.83411 -55.587162 5.9668789 0
-635.82269 -55.432133 5.9399252 0
-635.78363 -55.420616 5.947423 0
-635.74475 -55.219887 5.92662 0
-648.18042 -55.166695 5.9173717 0
-635.79724 -55.17458 5.926405 0
-648.13422 -54.915726 5.962882 0
-648.15588 -54.827713 5.935492 0
-635.76526 -54.807217 5.9486771 0
-635.77258 -54.78067 5.9416237 0
-635.80164 -54.531582 5.901422 0
-635.77679 -54.21925 5.9028053 0
-635.74231 -54.18742 5.9887214 0
-635.7663 -54.068871 5.942843 0
-635.72937 -53.517708 5.9893408 0
-635.76068 -53.448326 5.9733791 0
-648.10638 -53.325451 5.9332442 0
-635.75793 -53.363922 5.9185019 0
-635.5921 -53.352859 5.9404917 0
-648.11707 -52.984436 5.9577026 0
-648.11127 -52.827507 5.9776397 0
-635.71802 -52.859852 5.9583178 0
-635.72272 -52.662708 5.9381046 0
-635.70398 -52.46151 5.9565859 0
-648.09741 -52.232468 5.9525452 0
-635.70215 -52.205528 5.9371152 0
-635.70654 -52.124691 5.9010959 0
-648.06299 -51.911106 5.9832845 0
-635.81464 -51.938416 5.9705625 0
-648.07538 -51.845665 5.9741974 0
-635.70947 -51.649895 5.9658976 0
-635.72156 -51.491989 5.9804144 0
-635.66669 -51.282295 5.9874635 0
-635.70667 -51.162163 5.9413099 0
-635.65082 -51.13335 5.9414592 0
-635.66241 -51.006248 5.9169145 0
-648.04462 -50.899048 5.9938254 0
-635.65222 -50.766808 5.9309049 0
-648.05084 -50.617123 5.9478445 0
-635.69452 -50.646244 5.9609957 0
-635.6994 -50.461445 5.9805851 0
-635.66901 -50.225433 5.9515524 0
-635.66705 -50.096912 5.9111977 0
-643.18268 -79.505714 6.0382867 0
-636.06006 -65.902344 6.0519638 0
-636.06299 -65.085739 6.0947542 0
-636.01611 -64.176781 6.0189219 0
-635.89307 -61.483376 6.0648036 0
-649.32739 -60.42411 6.0440931 0
-649.17761 -60.461815 6.0545034 0
-635.99298 -60.223667 6.0879889 0
-635.95734 -60.063408 6.037065 0
-635.91394 -59.399757 6.0942898 0
-635.89941 -58.745266 6.0926957 0
-635.8772 -58.162567 6.0263481 0
-635.88397 -58.001919 6.0554643 0
-635.83258 -57.818356 6.0104208 0
-635.85474 -57.755085 6.0268607 0
-635.82257 -57.640869 6.0883965 0
-648.26746 -57.591431 6.0423803 0
-635.81866 -57.443432 6.0538135 0
-648.23407 -57.14846 6.0156116 0
-635.83313 -57.071289 6.0384245 0
-635.83923 -56.997738 6.0117354 0
-635.83405 -56.62822 6.025919 0
-635.909 -56.29443 6.016964 0
-648.18274 -55.942329 6.0396214 0
-635.79694 -55.56662 6.0046921 0
-635.86908 -55.112282 6.0061622 0
-635.77667 -55.171806 6.0737944 0
-648.15417 -54.939281 6.04178 0
-635.77435 -54.776356 6.0754032 0
-635.77423 -54.504723 6.0090065 0
-635.76215 -54.455891 6.027771 0
-648.14832 -54.117519 6.0958266 0
-635.76404 -54.040154 6.0317326 0
-635.72577 -53.567036 6.0724263 0
-648.14777 -53.32251 6.0962014 0
-648.12256 -53.272644 6.0978894 0
-635.55835 -53.222637 6.0121102 0
-648.1189 -53.020718 6.0709658 0
-635.72174 -53.047298 6.0519619 0
-635.83948 -52.80394 6.0553832 0
-635.8183 -52.762173 6.0165367 0
-635.6875 -52.395775 6.0733895 0
-635.88245 -52.268818 6.0103765 0
-635.72614 -52.240585 6.0037384 0
-635.71167 -52.090191 6.0039854 0
-635.71051 -51.997417 6.044826 0
-635.68872 -51.919701 6.0808034 0
-648.09509 -51.743362 6.0310082 0
-635.66248 -51.676601 6.0989375 0
-635.66705 -51.541672 6.0635123 0
-635.64941 -51.446087 6.0575018 0
-635.69031 -51.31657 6.0091848 0
-635.71039 -51.108738 6.0384374 0
-635.64551 -51.177017 6.0891075 0
-635.6593 -50.980736 6.0329933 0
-635.55713 -50.969326 6.0174122 0
-635.67511 -50.827442 6.0892038 0
-635.65393 -50.261028 6.0470953 0
-635.66125 -50.156223 6.0397353 0
-635.76752 -50.077229 6.0416574 0
-635.66547 -50.084274 6.0146255 0
-635.9408 -65.824959 6.1931138 0
-636.12695 -65.726692 6.1067581 0
-636.05151 -65.228951 6.1266427 0
-636.06146 -64.421913 6.1080503 0
-636.03674 -63.967239 6.1052957 0
-636.00708 -63.375721 6.1078191 0
-636.03632 -62.914967 6.1237688 0
-636.04535 -62.759205 6.1599059 0
-635.99408 -62.037441 6.1372561 0
-635.97968 -61.596199 6.1049843 0
-636.00861 -61.246319 6.1215587 0
-635.83618 -61.275661 6.1985712 0
-635.83618 -61.153431 6.1264515 0
-635.9472 -60.95425 6.1692996 0
-648.73529 -60.466251 6.1882081 0
-636.14148 -60.049664 6.1188293 0
-635.8006 -59.739864 6.1973729 0
-635.93738 -59.573914 6.1746831 0
-635.94855 -59.486431 6.1592593 0
-635.8158 -59.282948 6.1859555 0
-635.90369 -58.81958 6.1194415 0
-635.94818 -58.548229 6.1531253 0
-635.78125 -57.919495 6.1792078 0
-635.78467 -57.80262 6.1531682 0
-635.87567 -57.457497 6.1838169 0
-635.8844 -57.311367 6.1599975 0
-635.79523 -57.083286 6.1114564 0
-635.84698 -56.96777 6.1863933 0
-635.91327 -56.409992 6.1799302 0
-635.85791 -56.040264 6.1667333 0
-635.7337 -55.754463 6.1913843 0
-635.72485 -55.671581 6.1897955 0
-635.68457 -55.598568 6.1806102 0
-635.59198 -55.384541 6.1756101 0
-635.76691 -55.284149 6.1032634 0
-635.66766 -55.198067 6.1926284 0
-635.8407 -55.089577 6.1534386 0
-635.68213 -54.494934 6.1779852 0
-635.83655 -54.398949 6.1761122 0
-635.73688 -54.219013 6.1527615 0
-635.81836 -53.911003 6.1304359 0
-635.77045 -53.825813 6.1045728 0
-635.6496 -53.601482 6.1569762 0
-635.71118 -53.495514 6.1134548 0
-635.88464 -53.298973 6.1104174 0
-635.74091 -52.795074 6.1514211 0
-635.63843 -52.71389 6.1681404 0
-635.76251 -52.488953 6.1463647 0
-635.73645 -52.347603 6.1529264 0
-635.76654 -52.291882 6.1887789 0
-635.75702 -52.148708 6.1883001 0
-635.74939 -52.088074 6.1554604 0
-635.63745 -52.046894 6.1997886 0
-648.10669 -51.900871 6.1056652 0
-635.73975 -51.873611 6.1685901 0
-648.06525 -51.748001 6.102119 0
-648.08832 -51.244572 6.1007223 0
-635.75092 -51.214588 6.1959538 0
-635.67151 -50.911953 6.154047 0
-635.58514 -50.924858 6.1830688 0
-635.71478 -50.77972 6.1815252 0
-635.65594 -50.761677 6.11092 0
-635.58044 -50.64481 6.1427093 0
-635.67975 -50.514713 6.1560168 0
-635.71393 -50.454082 6.1204691 0
-635.67255 -50.464031 6.1299791 0
-635.72632 -50.374763 6.151957 0
-648.03412 -50.287292 6.1228724 0
-635.69489 -50.239105 6.1621747 0
-635.66418 -50.154556 6.11062 0
-588.2514 -74.230255 6.2415714 0
-635.94226 -64.937798 6.2682061 0
-636.07312 -64.789413 6.2285299 0
-635.87042 -60.839169 6.2047911 0
-648.94922 -60.528969 6.2475438 0
-648.83362 -60.514839 6.2469859 0
-649.2478 -60.452984 6.2244635 0
-648.58966 -60.478603 6.2020969 0
-648.34106 -59.750698 6.2574282 0
-635.98395 -59.619553 6.2049685 0
-635.79987 -58.929909 6.2459426 0
-648.24817 -58.742016 6.2451491 0
-635.73999 -58.264973 6.2463574 0
-635.75592 -58.128876 6.2101903 0
-648.31427 -58.037132 6.2534647 0
-635.82239 -58.065483 6.2042174 0
-635.72693 -57.695621 6.2723594 0
-635.72369 -57.32362 6.2005458 0
-648.23517 -56.928429 6.2370682 0
-635.84534 -56.12571 6.2016444 0
-635.68884 -55.796989 6.201149 0
-635.65503 -55.629013 6.2567701 0
-635.70428 -55.514759 6.228374 0
-648.14734 -55.413742 6.261086 0
-635.65625 -55.324226 6.2684312 0
-635.64038 -55.267345 6.2031879 0
-648.27271 -55.124332 6.2695408 0
-648.21735 -54.82634 6.2828178 0
-648.12341 -54.656162 6.2760019 0
-635.6673 -54.684128 6.2283192 0
-648.14087 -54.54715 6.2469978 0
-635.66925 -54.497589 6.2215071 0
-635.81097 -54.135586 6.2050581 0
-635.63947 -54.100582 6.2030826 0
-635.66321 -54.0065 6.2197919 0
-648.16467 -53.405354 6.2864447 0
-648.13336 -53.345936 6.2247791 0
-635.61768 -52.878551 6.2776608 0
-635.75861 -52.727108 6.2122493 0
-635.69824 -52.631756 6.2254882 0
-635.61133 -52.553101 6.2435641 0
-648.10553 -52.423653 6.2922182 0
-648.06885 -52.489498 6.2949939 0
-635.58215 -52.4291 6.2315674 0
-648.08484 -52.242233 6.2682514 0
-635.56604 -52.24971 6.2387738 0
-635.57574 -52.119549 6.2034955 0
-648.10394 -52.045017 6.2492771 0
-648.06122 -52.048855 6.2910666 0
-635.70447 -51.983974 6.2012596 0
-635.61243 -51.971912 6.2306352 0
-648.04254 -51.650375 6.2750387 0
-635.63385 -51.645962 6.206326 0
-635.55536 -51.374023 6.2544427 0
-635.57947 -51.295937 6.2745485 0
-635.7218 -51.149689 6.2159576 0
-648.11926 -51.098083 6.295444 0
-635.54187 -51.036804 6.2335629 0
-635.68353 -50.901821 6.2067752 0
-635.57538 -50.911385 6.2361889 0
-635.56006 -50.878006 6.2219949 0
-635.68658 -50.753681 6.2335773 0
-635.55939 -50.767471 6.2394581 0
-635.72644 -50.641373 6.2090101 0
-635.62671 -50.560207 6.2099037 0
-635.70221 -50.405125 6.2143607 0
-635.54883 -50.407768 6.2109923 0
-635.53052 -50.33284 6.2353621 0
-635.53229 -50.206512 6.2753954 0
-635.62891 -50.035175 6.2254605 0
-635.55994 -50.084621 6.2097225 0
-648.22644 -55.880829 6.3108854 0
-648.16113 -53.505535 6.3073239 0
-648.12244 -53.08757 6.3119178 0
-648.16174 -52.902325 6.3126421 0
-648.0957 -52.259094 6.3289866 0
-648.11896 -52.19302 6.3212709 0
-648.08594 -51.615433 6.3000031 0
-648.17303 -51.559185 6.3145547 0
-648.09827 -51.48394 6.3056469 0
-648.08185 -51.3699 6.3593316 0
-648.12988 -50.764427 6.3123608 0
-648.09344 -50.353184 6.3357453 0
-588.37488 -77.922676 6.851881 0
-587.05164 -75.103798 6.8479948 0
-588.32843 -75.165543 6.9424586 0
-588.23279 -76.97583 7.1801257 0
-588.28931 -78.883621 7.2663317 0
-588.27954 -77.951233 7.2829561 0
-588.18127 -77.858139 7.2360444 0
-587.25482 -77.123901 7.3561778 0
-588.242 -76.951027 7.3086329 0
-587.01196 -75.169731 7.3820467 0
-586.89862 -74.367111 7.3979349 0
-586.92041 -74.218369 7.3743925 0
-588.35449 -79.671928 7.4491978 0
-588.34491 -81.161133 7.5690455 0
-588.22827 -77.819641 7.5266948 0
-587.00726 -77.063744 7.5200481 0
-588.14777 -74.163116 7.5482697 0
-588.13513 -82.330742 7.6731672 0
-588.35217 -81.751953 7.6400781 0
-588.25757 -77.897507 7.6418924 0
-588.57825 -79.763138 7.7927432 0
-586.96405 -74.148003 7.7218032 0
-587.21637 -82.787933 7.8890285 0
-587.11304 -77.940895 7.8042369 0
-586.97156 -75.034973 7.848762 0
-587.16498 -82.674255 7.9607844 0
-586.93237 -74.288414 7.9277463 0
-587.28882 -82.727577 8.0710449 0
-588.23926 -78.851463 8.0698128 0
-588.35181 -84.846909 8.1100693 0
-587.04083 -76.955185 8.1630898 0
-588.30896 -78.803078 8.2387362 0
-588.3703 -82.177429 8.3559322 0
-588.24945 -76.924606 8.3655891 0
-588.3432 -84.436958 8.5132198 0
-588.18536 -77.879173 8.5429296 0
-587.00885 -75.060539 8.5104437 0
