# .PCD v0.7 - Point Cloud Data file format
VERSION 0.7
FIELDS x y z intensity
SIZE 4 4 4 4
TYPE F F F F
COUNT 1 1 1 1
WIDTH 9291
HEIGHT 1
VIEWPOINT 0 0 0 1 0 0 0
POINTS 9291
DATA ascii
-653.17395 -57.332054 -3.7037849 0
-652.68005 -56.627556 -3.726927 0
-651.24457 -56.694752 -3.7018688 0
-650.58972 -56.68264 -3.7157199 0
-650.40247 -56.69553 -3.7428143 0
-650.03333 -56.67041 -3.7464995 0
-651.15424 -56.541599 -3.7327807 0
-650.95789 -56.562439 -3.7346663 0
-650.80157 -56.589111 -3.7365503 0
-651.77435 -56.434837 -3.7200611 0
-650.37585 -56.477341 -3.7495034 0
-652.57233 -56.38876 -3.7284627 0
-651.92621 -56.383011 -3.717123 0
-650.68658 -56.333298 -3.7417648 0
-652.47723 -56.246212 -3.7295287 0
-651.03796 -56.194916 -3.7343409 0
-650.99036 -56.167667 -3.7212799 0
-651.53546 -56.015511 -3.7313914 0
-651.73346 -55.944004 -3.7252257 0
-651.56946 -55.93111 -3.7009149 0
-651.48364 -55.913853 -3.7023551 0
-651.38849 -55.916882 -3.7040098 0
-651.22784 -55.912006 -3.7067516 0
-651.07751 -55.916794 -3.7093453 0
-650.45911 -55.871422 -3.7148983 0
-650.25781 -55.702698 -3.7131648 0
-650.17676 -55.62476 -3.7348022 0
-653.30341 -55.389584 -3.7096028 0
-653.03101 -55.373894 -3.7165523 0
-651.66882 -55.118725 -3.7375317 0
-650.29578 -55.109756 -3.7324288 0
-650.17596 -55.109192 -3.7331707 0
-652.75201 -55.092812 -3.7018516 0
-651.49646 -55.090698 -3.7388649 0
-651.38434 -55.063408 -3.7409861 0
-650.46075 -55.070576 -3.7299008 0
-652.37177 -54.995113 -3.7025623 0
-652.81903 -54.890392 -3.7193739 0
-652.73218 -54.874069 -3.7204475 0
-652.46222 -54.830757 -3.7241347 0
-651.55469 -54.746834 -3.7269297 0
-651.34778 -54.669739 -3.7401242 0
-651.02094 -54.588314 -3.7205968 0
-650.6485 -54.539036 -3.7487187 0
-652.61377 -54.498035 -3.7117717 0
-650.3042 -54.443199 -3.7514613 0
-650.62262 -54.321926 -3.7463391 0
-650.50281 -54.396881 -3.750545 0
-650.36005 -54.327389 -3.7290876 0
-650.73218 -54.078701 -3.7095728 0
-650.01807 -54.029537 -3.7231014 0
-651.59875 -53.950737 -3.7376409 0
-650.35522 -53.999306 -3.7455916 0
-650.19165 -53.818321 -3.7221296 0
-652.16309 -53.737411 -3.7322206 0
-650.57666 -53.750053 -3.7191322 0
-650.59692 -53.647091 -3.7123578 0
-653.03125 -53.522331 -3.7516544 0
-651.88086 -53.441998 -3.7373776 0
-651.51001 -53.402618 -3.7383471 0
-653.00494 -53.395958 -3.7747774 0
-652.84241 -53.346348 -3.7215967 0
-652.51013 -53.377972 -3.7269018 0
-650.50598 -53.376717 -3.7464089 0
-650.45068 -53.377769 -3.7470174 0
-650.3551 -53.382763 -3.7482934 0
-650.13397 -53.386951 -3.750726 0
-650.93585 -53.224941 -3.7167132 0
-650.50201 -53.209171 -3.7373567 0
-650.16742 -53.233547 -3.7427549 0
-650.05609 -53.273506 -3.7464716 0
-653.07324 -53.137573 -3.7086232 0
-651.33984 -53.174068 -3.7351391 0
-651.28522 -53.171452 -3.7355082 0
-650.65247 -53.165913 -3.7150626 0
-650.48596 -53.149277 -3.7176552 0
-650.39996 -53.167786 -3.7706571 0
-651.55865 -53.069092 -3.7287898 0
-651.29486 -53.012199 -3.759526 0
-650.93451 -53.023102 -3.7607336 0
-650.6366 -53.068142 -3.7626197 0
-650.00085 -53.068993 -3.7239966 0
-651.71429 -52.934387 -3.7566037 0
-651.97003 -52.878757 -3.7020454 0
-652.29578 -52.740093 -3.7456188 0
-651.9967 -52.704861 -3.7420893 0
-651.31738 -52.789948 -3.7081733 0
-651.25732 -52.771904 -3.7107377 0
-651.0141 -52.709911 -3.7103753 0
-652.82458 -52.618496 -3.7353828 0
-652.54987 -52.628521 -3.7343595 0
-652.24579 -52.669483 -3.7359266 0
-651.72186 -52.695492 -3.7481549 0
-651.5517 -52.683498 -3.7475765 0
-651.06091 -52.617825 -3.7533858 0
-650.65387 -52.626469 -3.7141247 0
-652.70093 -52.558155 -3.7353804 0
-650.86493 -52.561081 -3.752826 0
-650.77148 -52.551304 -3.7524767 0
-650.53369 -52.590069 -3.7142329 0
-651.06055 -52.463928 -3.750632 0
-650.44806 -52.450882 -3.7543521 0
-650.30231 -52.410809 -3.7536685 0
-650.29828 -52.482491 -3.7119703 0
-650.03601 -52.330647 -3.7569292 0
-651.94147 -52.207489 -3.720741 0
-651.68311 -52.276062 -3.7180142 0
-651.54144 -52.286991 -3.7158129 0
-650.67932 -52.278519 -3.7226918 0
-650.39893 -52.281113 -3.7316689 0
-650.17175 -52.299252 -3.7275343 0
-652.34039 -52.182606 -3.7064128 0
-652.20209 -52.135399 -3.7353497 0
-652.44043 -52.070934 -3.7102485 0
-652.53009 -51.718567 -3.7590215 0
-652.07788 -51.500755 -3.7134721 0
-651.3233 -51.560268 -3.7252069 0
-650.95654 -51.565254 -3.7273755 0
-650.84125 -51.555378 -3.7275841 0
-650.70044 -51.562462 -3.7285805 0
-650.47418 -51.572746 -3.7301059 0
-650.36401 -51.555462 -3.7299521 0
-652.6626 -51.412258 -3.7062564 0
-652.55139 -51.440144 -3.7080996 0
-652.47058 -51.458557 -3.7093487 0
-652.1936 -51.493069 -3.7124588 0
-650.59906 -51.480179 -3.7690475 0
-651.1864 -51.002205 -3.7610524 0
-650.7536 -50.810841 -3.7588303 0
-650.21161 -50.728378 -3.7358096 0
-652.91675 -50.530449 -3.7150447 0
-650.57642 -50.567913 -3.7316053 0
-652.47858 -50.376938 -3.7109044 0
-652.0061 -50.295235 -3.7159834 0
-651.78357 -50.265568 -3.7212052 0
-651.29224 -50.267929 -3.724189 0
-653.96747 -64.710487 -3.6603534 0
-651.38947 -60.718239 -3.6530225 0
-651.27625 -60.705433 -3.6520562 0
-650.92871 -60.702587 -3.6755319 0
-650.59369 -60.722939 -3.6380255 0
-650.44702 -60.715225 -3.6531241 0
-652.66199 -60.657383 -3.6439567 0
-652.53534 -60.655373 -3.6775866 0
-652.19635 -60.667213 -3.6206989 0
-652.0791 -60.660378 -3.6475234 0
-651.96057 -60.689381 -3.6253846 0
-651.86285 -60.669937 -3.6502607 0
-651.60419 -60.660679 -3.6116984 0
-651.55078 -60.677063 -3.6564188 0
-651.44312 -60.68874 -3.6858311 0
-651.39465 -60.677345 -3.6300201 0
-651.26495 -60.666 -3.6248882 0
-651.112 -60.676811 -3.6627548 0
-651.0686 -60.662048 -3.6340079 0
-650.96826 -60.687275 -3.6600475 0
-650.81079 -60.683079 -3.6631854 0
-650.74109 -60.660221 -3.6597638 0
-650.66949 -60.69524 -3.6921334 0
-650.02637 -59.874733 -3.6867332 0
-653.52673 -59.458244 -3.668438 0
-653.60242 -59.3008 -3.689393 0
-652.61713 -57.525822 -3.6138213 0
-651.75055 -57.512856 -3.6246901 0
-651.0528 -57.500885 -3.6371224 0
-652.76123 -57.484905 -3.6195064 0
-652.68585 -57.479023 -3.6156881 0
-652.52203 -57.4631 -3.6092229 0
-652.35388 -57.481583 -3.6515026 0
-651.89917 -56.7024 -3.693738 0
-651.42444 -56.701191 -3.6978235 0
-653.05157 -56.604866 -3.6771269 0
-652.86658 -56.602974 -3.6757071 0
-652.65228 -56.627537 -3.6822162 0
-652.40283 -56.652294 -3.6843235 0
-652.33295 -56.65366 -3.685456 0
-652.00354 -56.674984 -3.689517 0
-653.28168 -56.138599 -3.6626248 0
-652.62408 -56.096508 -3.6671388 0
-653.23871 -55.907501 -3.6770985 0
-652.31122 -55.917362 -3.6881199 0
-652.74609 -51.355381 -3.6695943 0
-652.13568 -51.380432 -3.6793759 0
-651.86627 -51.384922 -3.6853163 0
-651.55457 -51.351032 -3.6852875 0
-651.29773 -51.34837 -3.6685085 0
-652.66174 -51.120747 -3.686167 0
-650.80896 -51.180779 -3.6920485 0
-652.87561 -51.092144 -3.6771798 0
-652.18256 -51.067963 -3.6569192 0
-652.88196 -50.878021 -3.6337407 0
-652.88855 -50.739799 -3.6321056 0
-652.93054 -50.434502 -3.6207619 0
-652.30817 -60.641975 -3.5962493 0
-651.95581 -60.660984 -3.5678742 0
-651.54535 -60.64822 -3.5987618 0
-652.94092 -60.579739 -3.522284 0
-652.71918 -60.579311 -3.5865452 0
-652.92145 -58.10585 -3.5681703 0
-653.02551 -58.002453 -3.5294142 0
-652.49585 -57.511436 -3.5984974 0
-651.68921 -57.546383 -3.5977075 0
-651.41846 -57.546375 -3.597589 0
-651.01227 -57.543785 -3.5924649 0
-650.75977 -57.556755 -3.5298886 0
-653.26379 -57.465794 -3.5961859 0
-652.92871 -57.428398 -3.5965667 0
-652.7016 -57.466507 -3.5535553 0
-652.24243 -57.478481 -3.5942852 0
-651.88806 -57.460079 -3.5841401 0
-650.54498 -57.497322 -3.592829 0
-650.21259 -55.638294 -3.5624528 0
-658.86163 -54.612049 -3.5780778 0
-652.95923 -51.343651 -3.576261 0
-652.83142 -50.851295 -3.5563414 0
-652.94604 -50.746902 -3.5557656 0
-653.01562 -50.664742 -3.5173421 0
-653.09473 -50.502926 -3.5094848 0
-652.96509 -50.442932 -3.5934134 0
-653.14484 -50.341335 -3.5436389 0
-653.10846 -50.184643 -3.5094662 0
-653.89868 -50.024231 -3.5315099 0
-653.5517 -59.835361 -3.4624977 0
-653.75879 -59.797909 -3.4074643 0
-660.16315 -58.764378 -3.4169486 0
-660.90424 -58.464169 -3.4095414 0
-652.90399 -58.048489 -3.4185846 0
-653.63556 -57.845268 -3.479001 0
-653.01581 -57.626793 -3.4078426 0
-651.74036 -57.525723 -3.4216304 0
-651.85175 -57.470886 -3.4215038 0
-651.71301 -57.467014 -3.4817698 0
-650.26196 -55.733398 -3.4816928 0
-650.21924 -55.683216 -3.4811859 0
-652.96313 -52.206078 -3.4019456 0
-653.01001 -51.803925 -3.4125462 0
-653.10229 -51.154728 -3.4452996 0
-652.98065 -50.975586 -3.4098542 0
-652.97742 -50.712807 -3.474709 0
-652.99762 -50.699917 -3.4862058 0
-652.84277 -95.344177 -3.3719993 0
-654.10022 -95.286354 -3.3369067 0
-651.57227 -95.259712 -3.3360765 0
-652.90997 -95.199181 -3.3372526 0
-650.41864 -62.17355 -3.3901432 0
-650.36023 -60.856606 -3.3208416 0
-653.65472 -59.855484 -3.3392978 0
-652.86914 -58.108257 -3.3641949 0
-652.7887 -58.11161 -3.3648396 0
-652.95056 -58.059948 -3.3617649 0
-650.29626 -57.754036 -3.3960016 0
-650.33722 -57.697365 -3.3686018 0
-650.26392 -57.658783 -3.3776915 0
-653.10199 -57.545696 -3.3432264 0
-653.04346 -57.593204 -3.3850412 0
-651.72345 -57.538967 -3.3325787 0
-665.13922 -57.078129 -3.3217409 0
-665.12231 -56.862766 -3.31919 0
-665.07715 -55.673244 -3.3048215 0
-650.18463 -55.675076 -3.3189678 0
-665.11865 -55.191887 -3.3091686 0
-664.86798 -53.926579 -3.3484259 0
-663.8252 -53.895283 -3.3114676 0
-664.96521 -53.784462 -3.3530617 0
-664.97369 -53.032566 -3.3559701 0
-652.9848 -52.986416 -3.3222542 0
-664.44818 -52.879951 -3.3266048 0
-662.1012 -52.806625 -3.3519163 0
-664.84674 -52.723145 -3.3577211 0
-664.58435 -52.722931 -3.3250606 0
-665.01019 -52.653992 -3.3130436 0
-665.01538 -52.564865 -3.3471448 0
-664.44183 -52.508362 -3.3311484 0
-664.96619 -52.213757 -3.3079472 0
-664.98944 -52.19603 -3.3578918 0
-653.01208 -52.154346 -3.3961267 0
-652.90186 -52.141113 -3.3944168 0
-652.86554 -52.066181 -3.3924713 0
-663.85876 -51.924789 -3.3418477 0
-664.53442 -51.70026 -3.326926 0
-664.89783 -51.590542 -3.3282104 0
-652.97504 -51.595554 -3.3642166 0
-665.02454 -51.381859 -3.3242271 0
-652.93781 -51.384777 -3.3981056 0
-664.37012 -51.246296 -3.3348463 0
-663.91534 -51.219429 -3.3329284 0
-664.95563 -51.137657 -3.3515806 0
-664.47559 -51.167442 -3.3314915 0
-662.93188 -50.939548 -3.3239472 0
-662.85419 -50.929565 -3.321373 0
-664.96552 -50.849083 -3.3244033 0
-663.50336 -50.8265 -3.3188624 0
-664.92743 -50.523258 -3.3145306 0
-652.98743 -50.583435 -3.3476892 0
-653.6416 -50.466244 -3.3538754 0
-653.0448 -50.41441 -3.3601799 0
-664.91986 -50.239994 -3.3035581 0
-653.40723 -50.146786 -3.3702843 0
-664.92889 -50.004612 -3.3569086 0
-653.94836 -50.01479 -3.311471 0
-651.75452 -63.862442 -3.2373507 0
-653.47522 -59.861603 -3.2780242 0
-665.22675 -59.225353 -3.2406793 0
-652.9845 -58.108692 -3.2902179 0
-653.07141 -58.04578 -3.2865977 0
-653.07446 -57.625366 -3.23721 0
-650.2392 -57.688034 -3.236062 0
-651.65332 -57.549526 -3.2356095 0
-650.16522 -55.708473 -3.2813621 0
-650.13885 -55.643299 -3.2804639 0
-650.09467 -55.571278 -3.2795556 0
-665.08533 -55.156933 -3.2017989 0
-665.08698 -53.995911 -3.2251036 0
-665.06982 -53.331627 -3.216949 0
-653.07123 -52.704708 -3.2742033 0
-665.0097 -52.529175 -3.2923524 0
-652.85724 -52.358486 -3.2507803 0
-653.03845 -52.108303 -3.2868092 0
-664.99896 -52.008286 -3.2854307 0
-652.95056 -51.991707 -3.259937 0
-652.95044 -51.874386 -3.2998984 0
-664.93817 -51.404957 -3.2803164 0
-664.9693 -51.356266 -3.2744052 0
-664.96588 -51.215889 -3.270649 0
-652.9408 -51.253448 -3.2414932 0
-664.93536 -51.16502 -3.2727499 0
-664.99548 -51.084942 -3.2517123 0
-653.08105 -51.045422 -3.2530539 0
-652.88843 -51.064175 -3.2302127 0
-653.01514 -50.951473 -3.2504778 0
-652.89966 -50.921722 -3.2216642 0
-665.0152 -50.864517 -3.2666318 0
-653.02637 -50.849968 -3.2159653 0
-652.90411 -50.809921 -3.2602456 0
-653.0199 -50.735756 -3.2608619 0
-652.99792 -50.719501 -3.2339549 0
-652.87976 -50.73991 -3.2065091 0
-664.92139 -50.525406 -3.2541089 0
-653.2049 -50.507 -3.2406602 0
-653.05707 -50.547176 -3.2294908 0
-652.95868 -50.568626 -3.2150276 0
-653.02563 -50.495102 -3.2943356 0
-653.12653 -50.363346 -3.2429836 0
-653.01953 -50.331779 -3.2712581 0
-664.93512 -50.022709 -3.2978802 0
-653.76733 -50.050171 -3.2800565 0
-653.56824 -50.057789 -3.2700493 0
-653.43707 -50.042759 -3.2715471 0
-653.38983 -50.028839 -3.2272625 0
-653.27155 -50.015247 -3.2671897 0
-651.43622 -74.935776 -3.1717317 0
-659.31848 -69.456238 -3.1858959 0
-659.81897 -69.356972 -3.1219664 0
-654.09631 -59.816662 -3.1222081 0
-653.51587 -59.827133 -3.1847677 0
-653.52417 -59.791908 -3.1299479 0
-660.4823 -59.583153 -3.125334 0
-652.86774 -59.49234 -3.1928387 0
-661.86749 -58.515366 -3.1681814 0
-652.93512 -58.028259 -3.1682503 0
-652.81927 -58.071053 -3.1031225 0
-665.11536 -56.212917 -3.1434405 0
-650.25372 -55.719711 -3.1829088 0
-665.05255 -54.238277 -3.1823862 0
-665.0246 -54.085728 -3.1673687 0
-665.02466 -53.558895 -3.1695821 0
-665.04126 -53.434395 -3.1209331 0
-665.04755 -53.034046 -3.1966007 0
-665.00763 -52.396202 -3.1484058 0
-664.9715 -52.366776 -3.1739078 0
-665.00714 -51.934971 -3.1385443 0
-652.96851 -51.419079 -3.1684897 0
-652.98126 -51.041771 -3.1564198 0
-664.99237 -50.831356 -3.1319098 0
-653.08875 -50.840034 -3.162086 0
-652.90564 -50.88649 -3.1760166 0
-652.86438 -50.85009 -3.153302 0
-664.995 -50.723347 -3.1331573 0
-652.97217 -50.778458 -3.1167235 0
-653.11584 -50.532318 -3.1645055 0
-652.99359 -50.529259 -3.1985564 0
-664.94763 -50.45142 -3.1712785 0
-653.08667 -50.322384 -3.1958451 0
-653.17383 -50.232391 -3.1479974 0
-664.95837 -50.081253 -3.1553099 0
-653.90784 -50.035839 -3.177913 0
-653.65656 -50.099998 -3.1927299 0
-653.40033 -50.040005 -3.1887798 0
-654.91791 -59.812363 -3.0838432 0
-653.66345 -59.805901 -3.0658419 0
-652.8147 -58.112415 -3.0336726 0
-652.9729 -58.052353 -3.0945582 0
-653.0224 -57.638588 -3.0247281 0
-653.08765 -57.571171 -3.0798984 0
-652.62604 -57.522938 -3.0261695 0
-651.65656 -57.587288 -3.0325491 0
-650.755 -57.563213 -3.0393572 0
-650.2312 -55.718121 -3.0712876 0
-650.37701 -55.699421 -3.0650468 0
-665.11206 -55.002857 -3.0152431 0
-657.4812 -54.090073 -3.0515399 0
-665.01562 -52.738777 -3.0457373 0
-665.0141 -52.684002 -3.0864136 0
-664.97852 -52.254375 -3.012331 0
-653.27094 -52.244873 -3.0475736 0
-664.96466 -52.012798 -3.0185392 0
-665.01025 -51.673733 -3.0290687 0
-652.91302 -51.636875 -3.0681522 0
-665.00726 -51.538597 -3.0252252 0
-652.92566 -51.513908 -3.0636995 0
-664.99951 -51.398193 -3.0216076 0
-653.28979 -51.259525 -3.0202608 0
-652.86621 -50.949913 -3.0185742 0
-653.17487 -50.845547 -3.0508037 0
-652.95624 -50.883537 -3.0414429 0
-664.95343 -50.74509 -3.0297332 0
-653.0144 -50.762753 -3.0523651 0
-653.22388 -50.662159 -3.0672603 0
-653.18634 -50.63686 -3.0654457 0
-653.96631 -50.532104 -3.0124717 0
-653.73297 -50.560421 -3.0173397 0
-653.5144 -50.542137 -3.0446467 0
-653.23822 -50.476437 -3.0410409 0
-653.10535 -50.426731 -3.0609825 0
-653.31897 -50.310059 -3.0840745 0
-654.07489 -50.270515 -3.0617583 0
-653.52332 -50.215153 -3.0745487 0
-653.72278 -50.185036 -3.0312078 0
-653.53052 -50.170372 -3.0072622 0
-653.41833 -50.159798 -3.0491765 0
-653.36719 -50.193726 -3.0107918 0
-653.23773 -50.155354 -3.0971141 0
-653.74384 -50.063938 -3.0622838 0
-653.58948 -50.044071 -3.0401347 0
-651.43799 -92.803535 -2.9088073 0
-651.54852 -92.798355 -2.9049678 0
-653.92639 -92.685211 -2.9593041 0
-653.41534 -59.818451 -2.9328847 0
-650.33417 -59.049572 -2.9730072 0
-665.19244 -58.439163 -2.9184124 0
-650.32629 -58.270096 -2.901684 0
-653.62164 -57.869419 -2.9964864 0
-665.16248 -57.749054 -2.9573982 0
-657.54938 -57.731956 -2.9378841 0
-653.08594 -57.558987 -2.9206309 0
-652.53876 -57.524124 -2.9028344 0
-650.75702 -57.526035 -2.9351952 0
-652.02783 -57.471512 -2.9295583 0
-651.71313 -57.464603 -2.9179995 0
-651.4303 -57.480988 -2.9076777 0
-650.20416 -55.659275 -2.9152586 0
-650.17358 -55.693855 -2.9961267 0
-665.09137 -55.266861 -2.9335759 0
-653.539 -54.227516 -2.9569364 0
-665.04218 -53.179604 -2.9084735 0
-665.04419 -53.029537 -2.9101861 0
-665.04126 -52.879517 -2.9068806 0
-665.01807 -52.719913 -2.903615 0
-653.06183 -51.874718 -2.9979682 0
-653.02271 -51.424416 -2.9122515 0
-653.04486 -51.213261 -2.9042752 0
-664.95697 -50.912598 -2.9657125 0
-653.2558 -50.779686 -2.9240153 0
-653.18219 -50.632442 -2.9872575 0
-664.94647 -50.331787 -2.941891 0
-653.35565 -50.382362 -2.9924119 0
-653.51331 -50.21405 -2.965281 0
-653.46979 -50.274681 -2.9645123 0
-664.96136 -50.188572 -2.9160273 0
-654.63062 -50.199825 -2.9899278 0
-653.85645 -50.132141 -2.9829502 0
-654.48486 -50.093609 -2.9748998 0
-652.79419 -92.766006 -2.8575706 0
-653.79645 -59.832031 -2.8057358 0
-653.5434 -59.792336 -2.8135912 0
-650.36176 -59.259689 -2.8662949 0
-653.58917 -57.785461 -2.8887527 0
-657.59943 -57.601185 -2.8828881 0
-653.04004 -57.60717 -2.8403993 0
-665.15259 -57.520649 -2.8715324 0
-651.96045 -57.468464 -2.8586302 0
-650.75214 -57.480747 -2.8580289 0
-657.53448 -54.031548 -2.8413451 0
-653.45282 -52.724163 -2.8245094 0
-653.49567 -52.606236 -2.8769546 0
-653.31213 -52.666798 -2.8157723 0
-664.57446 -52.279064 -2.8087211 0
-664.9823 -52.137867 -2.8518851 0
-653.0542 -51.978752 -2.8053155 0
-653.25812 -51.587215 -2.8016765 0
-653.0614 -51.593872 -2.8818274 0
-653.13495 -51.455643 -2.8768589 0
-653.28448 -51.317024 -2.8061955 0
-664.97803 -51.205128 -2.890744 0
-653.48828 -51.231659 -2.8375876 0
-653.10388 -51.133198 -2.8643916 0
-653.30457 -50.93491 -2.8352704 0
-653.38293 -50.764534 -2.8229823 0
-653.15411 -50.785107 -2.8915949 0
-653.34735 -50.578545 -2.8876357 0
-664.9408 -50.407494 -2.887152 0
-654.3877 -50.33633 -2.8307061 0
-653.74896 -50.393349 -2.8184559 0
-653.53754 -50.389969 -2.847409 0
-653.32043 -50.30159 -2.8047776 0
-653.84216 -50.113312 -2.8679512 0
-653.54285 -50.128723 -2.8781443 0
-664.98621 -50.015709 -2.8972683 0
-654.45074 -50.031437 -2.8706045 0
-653.92853 -50.014484 -2.8338761 0
-653.81042 -50.078098 -2.869802 0
-653.50684 -50.080952 -2.8719501 0
-669.78986 -105.72306 -2.7959304 0
-650.40332 -60.832771 -2.7890751 0
-653.35419 -60.6399 -2.7684729 0
-653.14777 -60.628517 -2.7424359 0
-650.16925 -59.920715 -2.7454085 0
-657.26898 -59.749855 -2.7299671 0
-660.46149 -59.565811 -2.7161117 0
-650.39655 -59.320457 -2.7123644 0
-665.10638 -58.070225 -2.7110252 0
-653.02069 -57.651917 -2.708529 0
-650.28387 -57.649666 -2.7329998 0
-650.72339 -57.583981 -2.7363958 0
-653.03094 -57.48856 -2.7442312 0
-651.96039 -57.465008 -2.7444217 0
-651.60413 -57.478966 -2.7434015 0
-650.59113 -57.434116 -2.7213869 0
-665.05939 -57.211365 -2.7018492 0
-664.66431 -55.620537 -2.7501719 0
-650.22632 -55.690262 -2.7192104 0
-653.52209 -54.251675 -2.7080741 0
-657.49323 -54.080948 -2.7350266 0
-664.60828 -53.77507 -2.7264748 0
-664.60303 -53.629807 -2.7247694 0
-664.59308 -53.209068 -2.7102184 0
-664.58435 -52.803036 -2.7013373 0
-653.32758 -52.467541 -2.7296276 0
-653.42407 -52.217148 -2.7240465 0
-653.36566 -52.070377 -2.7103567 0
-653.0799 -51.711864 -2.7969103 0
-653.26361 -51.491463 -2.7220414 0
-653.23175 -51.362648 -2.7974024 0
-653.36627 -51.05051 -2.7979176 0
-653.40826 -50.915138 -2.7097545 0
-653.66418 -50.567726 -2.7798393 0
-653.42999 -50.524487 -2.784483 0
-653.31921 -50.595333 -2.778729 0
-654.48248 -50.466728 -2.7647269 0
-654.10553 -50.41991 -2.7639508 0
-653.99188 -50.491463 -2.7679384 0
-653.68951 -50.437057 -2.7747505 0
-664.50745 -50.364403 -2.7777016 0
-654.5575 -50.348782 -2.7100105 0
-653.6142 -50.31678 -2.7009051 0
-653.58716 -50.32756 -2.7770665 0
-653.47247 -50.366066 -2.7400022 0
-654.15417 -50.257568 -2.7727318 0
-654.00623 -50.276402 -2.7921848 0
-653.66956 -50.211449 -2.770952 0
-653.44324 -50.233864 -2.7563283 0
-653.29108 -50.289391 -2.7768142 0
-653.77972 -50.11441 -2.7808902 0
-653.42743 -50.198597 -2.781136 0
-650.3158 -60.879642 -2.6343369 0
-650.25812 -60.849403 -2.636205 0
-650.00342 -60.89246 -2.6753199 0
-653.44641 -60.696331 -2.6998427 0
-653.47198 -59.847294 -2.6379678 0
-653.40625 -59.783825 -2.6836729 0
-653.27502 -59.799698 -2.6723855 0
-662.79968 -59.535465 -2.6179647 0
-659.60309 -59.569511 -2.6944139 0
-665.13605 -59.435257 -2.6338191 0
-650.33282 -59.11422 -2.6672022 0
-650.34985 -59.097652 -2.6539981 0
-653.67297 -57.833836 -2.6621394 0
-657.53888 -57.685429 -2.6992812 0
-653.04211 -57.600857 -2.6514921 0
-651.40411 -57.652786 -2.6733167 0
-650.42664 -57.683342 -2.6892405 0
-650.24768 -57.640335 -2.6361213 0
-653.03644 -57.564262 -2.6511879 0
-651.729 -57.57692 -2.6425059 0
-650.72601 -57.54525 -2.6637721 0
-652.2196 -57.414646 -2.6496899 0
-652.12323 -57.472736 -2.6194816 0
-652.06116 -57.450615 -2.6021874 0
-651.48566 -57.477764 -2.6516666 0
-651.3092 -57.430367 -2.6361716 0
-650.87579 -57.47242 -2.6589446 0
-664.81781 -55.878399 -2.6663263 0
-650.23492 -55.709354 -2.6638265 0
-665.10486 -55.128677 -2.6112247 0
-664.61066 -54.804703 -2.6797595 0
-664.57391 -53.575981 -2.6687114 0
-653.3316 -52.978642 -2.6104565 0
-664.71436 -52.830421 -2.6197987 0
-664.79938 -52.739555 -2.6324975 0
-653.64886 -52.373932 -2.6093287 0
-653.41333 -52.264496 -2.6571198 0
-664.53021 -52.127083 -2.6512613 0
-653.56116 -52.14109 -2.6051309 0
-664.53015 -51.973225 -2.6499922 0
-653.63049 -51.909584 -2.6825738 0
-653.77271 -51.837944 -2.6783993 0
-653.64209 -51.671833 -2.6190095 0
-653.75787 -51.564835 -2.6434925 0
-653.62836 -51.457977 -2.618036 0
-653.66266 -51.213665 -2.6692979 0
-653.50391 -51.228943 -2.6446757 0
-653.67859 -51.052849 -2.674993 0
-653.50055 -51.032486 -2.693311 0
-664.49872 -50.944237 -2.6386034 0
-654.59662 -50.856411 -2.6829026 0
-653.84851 -50.89365 -2.6868312 0
-653.61066 -50.824142 -2.6881344 0
-664.94983 -50.730473 -2.6538208 0
-654.52307 -50.695129 -2.6835699 0
-653.87585 -50.692936 -2.6541307 0
-653.8302 -50.446777 -2.667876 0
-654.18427 -50.339394 -2.6869559 0
-653.42242 -50.317242 -2.6953435 0
-653.82825 -50.248528 -2.6140132 0
-654.47687 -50.090405 -2.6784899 0
-654.39905 -50.040955 -2.6780818 0
-653.73602 -50.064945 -2.6949735 0
-657.49762 -63.939297 -2.5853956 0
-650.35181 -60.853752 -2.5054379 0
-650.28217 -60.886871 -2.5661695 0
-650.10699 -60.858593 -2.5478091 0
-650.31598 -60.797146 -2.5083437 0
-655.70459 -59.828991 -2.5185304 0
-654.05396 -59.803135 -2.5470927 0
-653.6084 -59.805988 -2.5632074 0
-653.48395 -59.846745 -2.5669615 0
-655.58191 -59.770916 -2.5584049 0
-661.20654 -59.533207 -2.5188839 0
-661.18896 -59.583698 -2.5232253 0
-665.14984 -59.211315 -2.5411711 0
-665.26599 -58.704235 -2.5237565 0
-665.19543 -58.658947 -2.5778496 0
-653.64246 -57.859798 -2.5545189 0
-653.63788 -57.798225 -2.5797856 0
-653.05505 -57.640858 -2.5434036 0
-650.29346 -57.668091 -2.5165706 0
-651.76422 -57.589951 -2.5250282 0
-651.64417 -57.594936 -2.5919361 0
-651.54688 -57.515732 -2.5485086 0
-652.42609 -57.445301 -2.5958047 0
-652.25299 -57.463238 -2.5339398 0
-651.85547 -57.493305 -2.5825334 0
-651.7973 -57.46558 -2.5094492 0
-651.14508 -57.470604 -2.5799098 0
-650.72516 -57.483265 -2.5698977 0
-665.1087 -57.083336 -2.5055988 0
-664.86206 -55.907162 -2.5141003 0
-664.7796 -55.967197 -2.5880356 0
-664.74689 -55.864483 -2.5622091 0
-664.68896 -55.867691 -2.5337458 0
-665.18274 -55.081753 -2.5494397 0
-657.5321 -54.112598 -2.5355031 0
-665.0575 -54.051216 -2.546771 0
-665.12567 -53.991936 -2.5206187 0
-665.00543 -53.86055 -2.5520217 0
-665.03149 -53.638618 -2.5375798 0
-664.6521 -52.828018 -2.5406401 0
-654.4743 -52.263454 -2.51493 0
-653.7002 -52.230835 -2.5734966 0
-653.95898 -52.197647 -2.5960524 0
-654.18451 -51.986694 -2.5123363 0
-653.71564 -51.951351 -2.5557637 0
-653.72284 -51.792095 -2.5949321 0
-653.60651 -51.62722 -2.5343671 0
-653.73236 -51.546692 -2.5881329 0
-653.87354 -51.411217 -2.5971942 0
-654.01215 -51.316456 -2.5185735 0
-653.77332 -51.246391 -2.5282185 0
-654.07196 -51.149784 -2.519284 0
-653.92657 -51.198772 -2.5399306 0
-653.75842 -51.182644 -2.5356014 0
-653.80908 -51.083843 -2.5367699 0
-664.95825 -50.987541 -2.5044138 0
-654.03278 -50.994919 -2.5231206 0
-653.73145 -50.989662 -2.5789306 0
-653.66504 -50.927094 -2.5952282 0
-654.37024 -50.842873 -2.5518479 0
-654.24353 -50.899921 -2.5213077 0
-653.81738 -50.792595 -2.5519528 0
-664.9743 -50.64917 -2.5625384 0
-664.93323 -50.555702 -2.5076482 0
-653.58087 -50.583588 -2.5544786 0
-653.5636 -50.443764 -2.5128493 0
-658.44415 -63.878128 -2.420243 0
-657.88934 -63.780807 -2.489064 0
-658.47955 -63.605694 -2.4171841 0
-651.55121 -60.702675 -2.4744329 0
-650.12305 -59.923603 -2.47609 0
-654.94373 -59.826729 -2.4371867 0
-654.1424 -59.808285 -2.4547582 0
-653.70319 -59.820381 -2.4835811 0
-653.55212 -59.836617 -2.486105 0
-653.39471 -59.884865 -2.4785268 0
-653.28705 -59.842354 -2.4393427 0
-658.86273 -59.735382 -2.4123657 0
-654.94031 -59.782387 -2.4668038 0
-654.83978 -59.75864 -2.4635229 0
-654.16217 -59.758057 -2.4227386 0
-658.06262 -59.678818 -2.4550979 0
-657.30249 -59.623177 -2.4709377 0
-664.33588 -59.506496 -2.4988883 0
-663.56934 -59.529537 -2.4307904 0
-661.255 -59.546474 -2.4260769 0
-661.14551 -59.551872 -2.4236305 0
-665.1264 -59.312496 -2.49038 0
-665.13843 -59.212753 -2.4910939 0
-665.18842 -58.780899 -2.4847813 0
-653.71411 -57.841858 -2.471817 0
-653.61591 -57.851311 -2.4595609 0
-657.5929 -57.731598 -2.4922256 0
-653.0481 -57.6222 -2.4631567 0
-651.66748 -57.618008 -2.4368749 0
-653.0069 -57.576305 -2.479193 0
-651.60095 -57.598667 -2.4481492 0
-651.17834 -57.525635 -2.4269888 0
-650.49414 -57.592983 -2.4207013 0
-651.85345 -57.46822 -2.4929156 0
-651.27466 -57.480328 -2.4501002 0
-651.05139 -57.45871 -2.4480479 0
-665.09857 -56.790085 -2.4364235 0
-665.04944 -55.924934 -2.4414315 0
-664.87427 -55.908897 -2.4573832 0
-664.78424 -55.912788 -2.4512134 0
-664.67004 -55.929371 -2.4540446 0
-665.2417 -55.851517 -2.4350412 0
-665.10645 -55.844776 -2.4626315 0
-665.0686 -55.849117 -2.4203579 0
-664.92017 -55.866943 -2.4242485 0
-664.78033 -55.84071 -2.4605601 0
-665.06476 -55.610832 -2.4614382 0
-665.10083 -55.184414 -2.4292526 0
-665.09845 -55.17149 -2.468617 0
-653.56073 -54.227646 -2.4655058 0
-665.05469 -54.190693 -2.4374764 0
-653.52832 -54.159889 -2.4235427 0
-665.05969 -53.883858 -2.4195461 0
-665.08771 -53.660881 -2.4254334 0
-664.99567 -53.63245 -2.4065912 0
-664.65668 -52.954063 -2.4278736 0
-664.57825 -52.944973 -2.4055278 0
-664.92114 -52.89904 -2.4476357 0
-664.84656 -52.834564 -2.4323738 0
-664.72137 -52.814007 -2.4955349 0
-665.19263 -52.722343 -2.4822283 0
-654.2934 -52.777393 -2.4922011 0
-665.01569 -52.483639 -2.4046316 0
-654.25946 -52.448967 -2.4472272 0
-665.03723 -52.088547 -2.4053898 0
-653.89648 -51.258389 -2.4173644 0
-653.74365 -51.291019 -2.4829586 0
-664.97919 -51.146301 -2.4617257 0
-664.95062 -51.093491 -2.4727006 0
-654.04492 -51.035957 -2.4953783 0
-664.98108 -50.930515 -2.4261322 0
-664.92767 -50.888779 -2.4273717 0
-653.6366 -50.760048 -2.4784553 0
-664.96796 -50.694118 -2.4469848 0
-664.95361 -50.470802 -2.4653573 0
-657.90332 -63.825123 -2.3778083 0
-658.68652 -63.545937 -2.3014135 0
-658.52759 -63.564461 -2.3647792 0
-650.22772 -59.955727 -2.3124642 0
-655.74805 -59.826759 -2.3712299 0
-654.14459 -59.801765 -2.3264825 0
-656.58771 -59.770985 -2.3184047 0
-655.70782 -59.769703 -2.3213005 0
-655.54761 -59.751213 -2.3238142 0
-655.44324 -59.743263 -2.3633077 0
-655.39929 -59.761425 -2.3652573 0
-654.90826 -59.68882 -2.324733 0
-662.05737 -59.536884 -2.3493171 0
-661.98248 -59.577713 -2.3244417 0
-658.06714 -59.599625 -2.3175282 0
-665.20782 -59.433887 -2.3927739 0
-664.35101 -59.416836 -2.3116632 0
-665.17603 -58.958508 -2.3528619 0
-665.14453 -58.277626 -2.3721418 0
-657.5694 -57.671631 -2.3149955 0
-650.27881 -57.691826 -2.3216062 0
-650.60468 -57.54874 -2.3591776 0
-650.41632 -57.582478 -2.3193288 0
-665.15521 -57.110985 -2.3729908 0
-665.03369 -55.918079 -2.3331513 0
-665.16205 -55.825142 -2.3041632 0
-665.15918 -55.529903 -2.3587692 0
-653.5097 -54.210327 -2.3451412 0
-657.49585 -54.117229 -2.3306129 0
-665.05054 -54.087349 -2.3418286 0
-657.54382 -54.031055 -2.3125052 0
-657.43768 -54.057323 -2.3972292 0
-665.01898 -53.97578 -2.3732822 0
-665.03491 -53.854473 -2.3522015 0
-664.60126 -52.91658 -2.3568714 0
-664.5611 -52.978859 -2.3402534 0
-665.2049 -52.828472 -2.3842449 0
-665.05328 -52.826904 -2.3618958 0
-664.99353 -52.801739 -2.385272 0
-664.79572 -52.873161 -2.3527849 0
-665.24542 -52.765396 -2.3957195 0
-664.99506 -52.211922 -2.3766613 0
-665.00366 -52.158199 -2.3843281 0
-664.99146 -51.136631 -2.3470047 0
-664.96033 -50.936623 -2.3474023 0
-664.93842 -50.750969 -2.3332338 0
-664.94922 -50.678551 -2.3740275 0
-664.92902 -50.512424 -2.3485878 0
-664.95087 -50.46336 -2.3563271 0
-664.83295 -50.430824 -2.3490162 0
-664.6521 -50.155094 -2.3573341 0
-650.19122 -59.905319 -2.2863052 0
-655.69409 -59.811127 -2.2625532 0
-654.97803 -59.841919 -2.245971 0
-654.10181 -59.859966 -2.2865038 0
-654.18542 -59.778694 -2.2615085 0
-659.69086 -59.625568 -2.2601681 0
-658.23944 -59.623001 -2.2939932 0
-657.29608 -59.660389 -2.2782791 0
-662.80615 -59.507385 -2.2517064 0
-661.33844 -59.553982 -2.280638 0
-661.00128 -59.581417 -2.2016072 0
-660.44238 -59.586143 -2.2887876 0
-665.12476 -59.490868 -2.2691512 0
-662.87244 -59.463413 -2.2310464 0
-665.22424 -59.292786 -2.2143068 0
-665.22894 -59.052052 -2.2255244 0
-665.16663 -58.887489 -2.2807708 0
-665.19446 -58.330601 -2.2319524 0
-665.22815 -58.299675 -2.2149727 0
-665.18304 -58.298058 -2.2344003 0
-653.6499 -57.850323 -2.2063565 0
-652.99597 -57.626469 -2.228827 0
-652.55273 -57.511429 -2.2967112 0
-651.23553 -57.588833 -2.299381 0
-665.1369 -57.141514 -2.2608716 0
-665.01721 -56.664211 -2.2093804 0
-664.66815 -56.020126 -2.2393785 0
-664.9671 -55.913586 -2.2309115 0
-664.69745 -55.931389 -2.2329307 0
-665.12726 -55.583652 -2.2900953 0
-665.08209 -55.147667 -2.258935 0
-653.54266 -54.231987 -2.2779665 0
-657.43475 -54.11768 -2.2640417 0
-657.51996 -54.053066 -2.2674301 0
-664.63965 -52.903667 -2.2234337 0
-664.81812 -52.866085 -2.2063096 0
-664.65814 -52.829929 -2.232235 0
-664.58032 -52.873211 -2.2325499 0
-665.39392 -52.799026 -2.2103629 0
-665.04364 -52.7159 -2.2291 0
-665.0578 -52.595982 -2.2188616 0
-665.04456 -52.498024 -2.2515976 0
-665.02216 -52.135818 -2.2499499 0
-664.93628 -51.092678 -2.292176 0
-664.94666 -50.871864 -2.2973833 0
-664.92883 -50.799931 -2.2083402 0
-664.63715 -50.078182 -2.2886429 0
-653.49323 -64.699364 -2.1437991 0
-657.55969 -63.867447 -2.1260607 0
-654.12854 -59.836388 -2.1600931 0
-654.03723 -59.830528 -2.1930542 0
-653.56439 -59.870674 -2.1560659 0
-653.49341 -59.837162 -2.1092927 0
-654.02063 -59.717289 -2.1632502 0
-660.48535 -59.655762 -2.1205728 0
-659.64301 -59.657616 -2.1189933 0
-658.1264 -59.685417 -2.1580338 0
-656.37909 -59.643932 -2.1262188 0
-662.0611 -59.554157 -2.162288 0
-660.74146 -59.561844 -2.1797869 0
-665.15906 -59.453911 -2.1332767 0
-663.44507 -59.480633 -2.1288137 0
-663.3501 -59.48991 -2.1505597 0
-657.56567 -57.6866 -2.1291139 0
-651.72864 -57.530884 -2.1011617 0
-651.66968 -57.582623 -2.1009731 0
-652.61072 -57.453472 -2.1044917 0
-665.17737 -57.158394 -2.1202328 0
-665.13892 -56.76865 -2.1907821 0
-664.95032 -55.919643 -2.1755798 0
-664.84814 -55.906105 -2.1810355 0
-664.68225 -55.961987 -2.1644306 0
-665.13562 -55.848587 -2.1881382 0
-664.97839 -55.861893 -2.1376033 0
-664.79736 -55.867085 -2.1724303 0
-665.10065 -55.218845 -2.1157031 0
-665.15961 -55.174385 -2.1812327 0
-653.53485 -54.234127 -2.1003528 0
-653.49872 -54.260593 -2.1529903 0
-665.0506 -54.151535 -2.1171584 0
-657.49738 -54.11972 -2.1708357 0
-653.54858 -54.147381 -2.117281 0
-665.04956 -54.036358 -2.1316476 0
-665.02594 -53.790176 -2.1201799 0
-664.90637 -53.606537 -2.1537979 0
-664.89935 -53.391281 -2.1250539 0
-664.53693 -53.044697 -2.1141603 0
-664.80823 -52.824638 -2.1202502 0
-664.94104 -51.232563 -2.1041746 0
-664.99146 -51.183743 -2.1986992 0
-664.87335 -51.057938 -2.1049683 0
-665.00317 -50.939075 -2.1990571 0
-664.9632 -50.436207 -2.1571953 0
-657.69196 -63.851227 -2.0184214 0
-655.75073 -59.802803 -2.0476396 0
-654.96271 -59.816856 -2.0586531 0
-657.31659 -59.720245 -2.0239179 0
-655.70593 -59.795734 -2.0036378 0
-654.86945 -59.79533 -2.0656223 0
-657.33386 -59.659882 -2.0896106 0
-657.24457 -59.693947 -2.0854542 0
-656.51923 -59.687313 -2.0346205 0
-665.21002 -58.993584 -2.0948346 0
-665.23724 -58.652645 -2.0356855 0
-657.63489 -57.721554 -2.0443134 0
-650.1911 -57.710129 -2.0225775 0
-652.99744 -57.689106 -2.0057318 0
-653.00006 -57.57534 -2.0190897 0
-652.67206 -57.513985 -2.0027359 0
-651.90289 -57.547218 -2.0264015 0
-651.86639 -57.524509 -2.0315268 0
-651.65118 -57.547062 -2.0197334 0
-651.47406 -57.582123 -2.0207188 0
-650.72394 -57.530457 -2.099334 0
-665.11591 -57.160694 -2.0831985 0
-665.06189 -55.86705 -2.038111 0
-665.17334 -55.620106 -2.0813546 0
-653.52515 -54.238449 -2.0619683 0
-657.49597 -54.173229 -2.0010226 0
-665.01355 -54.080536 -2.0537453 0
-657.51416 -54.01424 -2.0385745 0
-665.0462 -53.898159 -2.0652168 0
-665.10156 -53.558697 -2.0106318 0
-664.66522 -53.124786 -2.0636539 0
-664.65472 -52.900028 -2.0558412 0
-664.59808 -52.995941 -2.0138288 0
-664.84204 -52.854023 -2.0440328 0
-664.78363 -52.854374 -2.028085 0
-664.64001 -52.867516 -2.0485702 0
-665.04907 -52.567532 -2.0321147 0
-665.034 -52.14674 -2.0047441 0
-665.04968 -52.075535 -2.0392072 0
-664.97375 -51.090054 -2.0612755 0
-664.99048 -50.848694 -2.0675073 0
-664.88806 -50.811371 -2.0969195 0
-664.97009 -50.736721 -2.0850718 0
-650.00574 -59.963413 -1.9102817 0
-653.65796 -59.823128 -1.9132779 0
-653.50751 -59.806202 -1.9064605 0
-653.43475 -59.852188 -1.9273386 0
-658.87122 -59.701607 -1.9939543 0
-661.1991 -59.584114 -1.9072827 0
-665.23151 -59.40324 -1.9371743 0
-665.29608 -59.393517 -1.9351319 0
-653.6626 -57.86129 -1.9147666 0
-657.45721 -57.711632 -1.9047093 0
-653.16101 -57.685368 -1.9810747 0
-651.68414 -57.60598 -1.949236 0
-650.22607 -57.664959 -1.9084203 0
-651.67029 -57.542786 -1.9760063 0
-650.73932 -57.529408 -1.9839946 0
-652.55377 -57.436905 -1.9694842 0
-664.64893 -55.973522 -1.9337569 0
-665.06604 -55.808643 -1.9429986 0
-664.8371 -55.888802 -1.934836 0
-664.75647 -55.89196 -1.9301271 0
-665.16113 -55.573608 -1.9404677 0
-665.15356 -55.098351 -1.9990461 0
-664.98804 -54.25293 -1.9058291 0
-653.6366 -54.210659 -1.9015398 0
-653.55048 -54.230446 -1.9754514 0
-653.49384 -54.207348 -1.946257 0
-657.50879 -54.11792 -1.9724984 0
-657.3645 -54.125095 -1.9708754 0
-653.58698 -54.159245 -1.9653589 0
-665.1225 -54.08532 -1.9259897 0
-664.9137 -54.060814 -1.9364164 0
-665.02747 -53.977268 -1.984212 0
-664.94421 -53.762253 -1.9609797 0
-664.96094 -53.399834 -1.9098567 0
-664.73151 -53.109188 -1.9551373 0
-664.58777 -53.152306 -1.9364519 0
-665.47186 -52.803051 -1.9539037 0
-664.94427 -52.806465 -1.9281325 0
-664.82623 -52.890194 -1.9275118 0
-664.73779 -52.811359 -1.9446108 0
-664.69995 -52.896553 -1.9246202 0
-664.58612 -52.897022 -1.9331076 0
-665.03979 -52.143723 -1.9942842 0
-664.98792 -52.166092 -1.9437501 0
-664.92731 -51.311855 -1.9534217 0
-664.99847 -51.052437 -1.9805611 0
-664.94989 -50.956066 -1.9300185 0
-665.00195 -50.861076 -1.9216754 0
-664.95007 -50.852821 -1.944207 0
-664.84967 -50.874355 -1.9116485 0
-665.01276 -50.620052 -1.9149568 0
-664.90729 -50.56871 -1.920645 0
-665.01398 -50.389412 -1.9089464 0
-664.79956 -50.370975 -1.9521437 0
-664.60364 -50.198711 -1.9036222 0
-654.5976 -60.03484 -1.8629135 0
-650.22101 -59.941429 -1.8437569 0
-655.7132 -59.811619 -1.8584902 0
-655.68335 -59.802544 -1.833426 0
-654.02814 -59.810696 -1.8757734 0
-653.83551 -59.837601 -1.8959264 0
-653.44763 -59.840244 -1.8188993 0
-650.14618 -59.887405 -1.8225673 0
-659.52637 -59.710827 -1.8079684 0
-658.90247 -59.724464 -1.8622624 0
-658.73083 -59.738369 -1.8104843 0
-657.99152 -59.709545 -1.8132206 0
-657.8067 -59.705902 -1.8178276 0
-657.31403 -59.743172 -1.8373125 0
-656.47845 -59.740818 -1.8821597 0
-655.86816 -59.733849 -1.8206627 0
-654.96527 -59.792244 -1.8494388 0
-659.68799 -59.632431 -1.8700269 0
-659.5473 -59.691811 -1.8802727 0
-665.10706 -59.504822 -1.8350697 0
-663.60938 -59.535072 -1.8453385 0
-662.05249 -59.554981 -1.8559549 0
-658.87531 -59.566929 -1.8267386 0
-665.15308 -59.451424 -1.8491421 0
-665.1377 -59.142811 -1.8529171 0
-665.21893 -58.642406 -1.8575122 0
-665.14435 -58.319366 -1.8641251 0
-650.30316 -57.728668 -1.8726642 0
-657.53375 -57.695518 -1.8107529 0
-652.98138 -57.642868 -1.8407103 0
-650.24805 -57.624088 -1.8747953 0
-651.65002 -57.558506 -1.8505902 0
-650.69769 -57.546272 -1.8334084 0
-665.12256 -57.189602 -1.8973889 0
-665.06201 -55.911743 -1.8892902 0
-664.8999 -55.895988 -1.8018217 0
-664.75452 -55.899628 -1.8062656 0
-664.98645 -55.684223 -1.8442204 0
-653.60101 -54.236172 -1.8493046 0
-653.58527 -54.20332 -1.8122053 0
-664.9137 -54.161839 -1.8656679 0
-665.04285 -54.076183 -1.8958844 0
-657.56653 -54.098694 -1.8012398 0
-657.48962 -54.098148 -1.8538873 0
-657.34796 -54.052479 -1.8131907 0
-665.03577 -53.718285 -1.8872261 0
-665.02887 -53.593418 -1.8946317 0
-664.49805 -53.104858 -1.881897 0
-664.59839 -52.925213 -1.8274746 0
-665.41785 -52.819481 -1.8369373 0
-665.3587 -52.83712 -1.8319033 0
-665.00507 -52.865154 -1.8470247 0
-665.13165 -52.708561 -1.837303 0
-664.96545 -51.254009 -1.8260086 0
-664.97559 -50.944199 -1.8574094 0
-664.98254 -50.640015 -1.8979157 0
-664.95319 -50.326691 -1.8882352 0
-655.90057 -71.124275 -1.736926 0
-653.09564 -64.772919 -1.7897365 0
-659.90125 -60.038239 -1.7690134 0
-654.12341 -59.823376 -1.7132452 0
-653.45996 -59.820908 -1.7233535 0
-657.66711 -59.73241 -1.7770512 0
-657.57904 -59.706573 -1.7802747 0
-657.4682 -59.721161 -1.7426304 0
-653.55011 -59.773762 -1.7169955 0
-660.12201 -59.639263 -1.7804803 0
-660.04364 -59.638958 -1.7079513 0
-659.63037 -59.663639 -1.7526851 0
-658.86792 -59.668751 -1.793298 0
-658.75751 -59.638256 -1.7247326 0
-657.71808 -59.68269 -1.7435311 0
-657.63953 -59.673294 -1.7452495 0
-656.52142 -59.696484 -1.767327 0
-660.37408 -59.574402 -1.7664535 0
-662.80762 -59.489136 -1.7761788 0
-665.21796 -58.640274 -1.7802564 0
-653.71106 -57.829773 -1.7888529 0
-653.6347 -57.834736 -1.7869887 0
-653.54132 -57.824684 -1.7932751 0
-657.72186 -57.752983 -1.7943934 0
-651.72809 -57.552986 -1.7274013 0
-651.66284 -57.540329 -1.736344 0
-650.74426 -57.574657 -1.7981089 0
-665.10101 -57.244541 -1.7889851 0
-665.13251 -55.943512 -1.7067498 0
-664.83826 -55.91806 -1.710372 0
-664.77997 -55.932983 -1.7568361 0
-664.67126 -55.946026 -1.7341795 0
-665.42316 -55.863937 -1.7113354 0
-665.12878 -55.847664 -1.7484301 0
-665.04529 -55.892868 -1.7924073 0
-664.93457 -55.898411 -1.7494859 0
-665.16144 -55.729237 -1.7867297 0
-665.0849 -55.64933 -1.7107962 0
-665.09332 -55.564419 -1.7546968 0
-665.16827 -55.225639 -1.7910391 0
-653.49402 -54.211742 -1.7752793 0
-664.9917 -53.701809 -1.7002563 0
-665.12531 -52.809322 -1.7386833 0
-664.75244 -52.867264 -1.7439857 0
-664.66602 -52.876881 -1.7283251 0
-665.125 -52.736019 -1.7527039 0
-665.04163 -52.798161 -1.730786 0
-665.05408 -52.512142 -1.7530763 0
-665.02539 -52.144306 -1.7617506 0
-664.95972 -51.132175 -1.7918777 0
-664.94574 -51.02755 -1.7533364 0
-664.89349 -50.301971 -1.7063845 0
-655.69702 -59.806168 -1.6373878 0
-654.51007 -59.887852 -1.6476325 0
-658.11896 -59.706451 -1.612231 0
-657.23962 -59.737816 -1.6298667 0
-654.90613 -59.742733 -1.6608491 0
-660.38019 -59.64402 -1.6690993 0
-660.29999 -59.604488 -1.6712146 0
-659.93311 -59.631569 -1.6815932 0
-659.64154 -59.683205 -1.6949605 0
-657.25647 -59.672089 -1.629669 0
-664.50323 -59.502071 -1.6494374 0
-661.98047 -59.583717 -1.6402957 0
-661.18591 -59.58445 -1.6176896 0
-660.33289 -59.566891 -1.6321912 0
-664.91766 -59.479053 -1.6389087 0
-665.17084 -59.275597 -1.6967332 0
-665.20264 -59.040424 -1.6423825 0
-665.13214 -59.024769 -1.6436017 0
-665.15369 -58.987339 -1.6350712 0
-665.23969 -58.541653 -1.6745514 0
-665.24432 -58.201416 -1.6747756 0
-653.6214 -57.85561 -1.6205456 0
-657.59607 -57.771439 -1.677519 0
-657.49921 -57.768486 -1.62343 0
-651.67761 -57.535835 -1.6092906 0
-652.61542 -57.472191 -1.621032 0
-665.05383 -57.276409 -1.6780801 0
-665.07611 -57.190586 -1.6826011 0
-665.11786 -57.079777 -1.6745527 0
-665.07825 -57.07243 -1.6412569 0
-665.03052 -55.933228 -1.6520094 0
-664.92981 -55.916946 -1.6240389 0
-664.74341 -55.929604 -1.6775717 0
-664.65161 -55.914928 -1.6064011 0
-665.35242 -55.860161 -1.6963794 0
-665.06635 -55.859993 -1.6374192 0
-665.3028 -55.798515 -1.6415854 0
-665.1131 -55.597824 -1.6452138 0
-665.20074 -55.262768 -1.6230921 0
-665.11157 -55.233665 -1.6206686 0
-665.09637 -55.213711 -1.6766618 0
-657.35413 -54.120869 -1.6149008 0
-653.60461 -54.193684 -1.6173339 0
-653.46503 -54.191101 -1.6668103 0
-657.5163 -54.090065 -1.6603962 0
-657.47418 -54.030891 -1.6083658 0
-664.97333 -53.953682 -1.6471635 0
-665.04877 -53.789722 -1.6416883 0
-664.58734 -53.033905 -1.6791565 0
-664.57336 -52.930946 -1.6061264 0
-665.13263 -52.827263 -1.6122655 0
-665.0033 -52.838776 -1.6032419 0
-664.90533 -52.885162 -1.6710185 0
-664.80798 -52.833954 -1.6210506 0
-665.0412 -52.711697 -1.6904404 0
-665.03967 -52.578156 -1.6662077 0
-664.922 -51.148762 -1.6597573 0
-664.97351 -50.954456 -1.6185126 0
-664.92932 -50.800236 -1.6521345 0
-664.93201 -50.592705 -1.6025724 0
-664.91888 -50.475426 -1.6869981 0
-656.01117 -71.129539 -1.5253325 0
-655.8877 -71.098618 -1.5318246 0
-653.35205 -64.786903 -1.5830497 0
-657.28064 -59.76577 -1.5645431 0
-657.14227 -59.705494 -1.5012406 0
-654.94159 -59.783615 -1.5897565 0
-661.19397 -59.60696 -1.5840706 0
-664.40796 -59.512363 -1.5287653 0
-664.38715 -59.551582 -1.5942332 0
-663.62152 -59.517147 -1.5443888 0
-662.84003 -59.534683 -1.578366 0
-665.16034 -59.485374 -1.5420539 0
-665.04565 -59.478611 -1.5641587 0
-664.85046 -59.48455 -1.5736721 0
-662.01099 -59.472481 -1.5487895 0
-665.1864 -58.736008 -1.5151765 0
-665.17651 -58.67062 -1.5807498 0
-665.13586 -58.323479 -1.585355 0
-651.76532 -57.509716 -1.5682498 0
-664.97382 -56.720116 -1.5478694 0
-664.92078 -56.556137 -1.5463372 0
-664.78107 -56.266289 -1.5650755 0
-665.04919 -55.924767 -1.5299255 0
-664.96875 -55.913864 -1.5859473 0
-664.82703 -55.921574 -1.502709 0
-664.72296 -55.911716 -1.5328685 0
-665.09503 -55.854595 -1.535803 0
-665.09778 -55.539642 -1.508999 0
-653.53162 -54.232056 -1.5519779 0
-657.43237 -54.074234 -1.5055081 0
-664.67346 -53.163849 -1.590077 0
-665.04572 -52.883533 -1.5271286 0
-664.84125 -52.872643 -1.5731237 0
-664.7334 -52.865555 -1.538463 0
-664.59552 -52.852348 -1.5600106 0
-665.2796 -52.748234 -1.5090054 0
-665.05286 -52.784218 -1.5764656 0
-664.99011 -52.769581 -1.5039787 0
-665.00104 -52.495018 -1.5256437 0
-664.94 -51.199753 -1.5404624 0
-664.93744 -50.962158 -1.5452709 0
-664.93378 -50.820675 -1.5144957 0
-664.89215 -50.816418 -1.5466619 0
-664.93182 -50.70047 -1.5184376 0
-664.90533 -50.554478 -1.5015943 0
-664.92804 -50.431683 -1.5209892 0
-664.85535 -62.867416 -1.445039 0
-651.91699 -60.703796 -1.4109117 0
-651.5451 -60.701694 -1.4112854 0
-650.91522 -60.704853 -1.4628795 0
-650.28284 -60.775505 -1.4588083 0
-651.67816 -60.613403 -1.4187349 0
-651.53638 -60.665569 -1.4166019 0
-651.38403 -60.690411 -1.4648513 0
-651.06915 -60.661007 -1.4659289 0
-650.96356 -60.693531 -1.4158822 0
-650.35254 -60.635216 -1.4218051 0
-656.4455 -59.814716 -1.4253747 0
-654.15948 -59.863213 -1.4234351 0
-653.50793 -59.834469 -1.4366859 0
-654.60883 -59.766529 -1.4906996 0
-659.66278 -59.656963 -1.4059449 0
-663.59387 -59.516495 -1.4491204 0
-662.80646 -59.507118 -1.4819127 0
-661.32257 -59.574783 -1.4943396 0
-665.11792 -59.49411 -1.4593542 0
-664.44812 -59.472965 -1.4136516 0
-664.39417 -59.494556 -1.4688172 0
-665.18335 -59.271091 -1.4665902 0
-665.16119 -59.108227 -1.4633576 0
-665.20105 -58.87505 -1.4558058 0
-653.5459 -57.896805 -1.4565628 0
-650.85236 -57.717464 -1.4085935 0
-650.25085 -57.733055 -1.4711496 0
-653.04767 -57.630737 -1.4401994 0
-650.97833 -57.660374 -1.4091402 0
-650.24603 -57.659222 -1.4664925 0
-651.76135 -57.559921 -1.447559 0
-650.90643 -57.549469 -1.4087288 0
-650.78595 -57.572006 -1.4164674 0
-650.5365 -57.554276 -1.40437 0
-650.3363 -57.551617 -1.4066782 0
-650.22064 -57.555115 -1.4020424 0
-652.52197 -57.487633 -1.462369 0
-665.08514 -56.724899 -1.4800677 0
-665.06714 -55.92767 -1.4074502 0
-664.94592 -55.874268 -1.4210695 0
-664.88208 -55.899315 -1.4663957 0
-665.09631 -55.574898 -1.4644011 0
-657.42371 -54.106251 -1.4949236 0
-653.51331 -54.178009 -1.4674126 0
-665.01172 -54.024986 -1.4535283 0
-664.99487 -53.990238 -1.4824342 0
-665.0661 -53.847759 -1.4323472 0
-664.99603 -53.832108 -1.4195185 0
-665.01111 -52.838963 -1.4967163 0
-664.96887 -52.857506 -1.4609317 0
-664.88171 -52.858856 -1.4396911 0
-664.73358 -52.870316 -1.4575659 0
-664.6734 -52.833698 -1.4466131 0
-665.40509 -52.731766 -1.4243326 0
-665.12097 -52.713791 -1.4569769 0
-665.09253 -52.779556 -1.4439925 0
-665.08008 -52.485832 -1.4616207 0
-664.94275 -52.132153 -1.4241375 0
-664.91907 -51.183979 -1.4363973 0
-664.94324 -50.962811 -1.4382708 0
-664.97583 -50.868034 -1.4897261 0
-664.94122 -50.731426 -1.422753 0
-664.85419 -50.283569 -1.494319 0
-651.53009 -60.823689 -1.3735033 0
-652.53558 -60.700512 -1.364817 0
-651.0556 -60.715694 -1.3859612 0
-650.8446 -60.715248 -1.3879806 0
-653.46576 -60.633251 -1.3483418 0
-653.10211 -60.633244 -1.3557481 0
-652.81787 -60.633591 -1.3715847 0
-652.72418 -60.655106 -1.3751891 0
-652.67926 -60.654701 -1.3219806 0
-652.57922 -60.644672 -1.3663274 0
-652.36841 -60.661415 -1.3364151 0
-652.26361 -60.659088 -1.3645712 0
-651.27032 -60.651276 -1.3173422 0
-650.742 -60.611053 -1.3899636 0
-652.62378 -60.572113 -1.3392059 0
-653.63525 -59.80722 -1.3860899 0
-656.51343 -59.770596 -1.3229841 0
-655.65881 -59.796959 -1.3349659 0
-659.66809 -59.676495 -1.3894167 0
-657.30951 -59.699982 -1.3197767 0
-655.73962 -59.638046 -1.3045831 0
-664.35944 -59.514751 -1.306344 0
-663.61688 -59.565815 -1.3480134 0
-663.52881 -59.507416 -1.388536 0
-665.18823 -59.435387 -1.3333765 0
-664.43707 -59.464542 -1.3652291 0
-665.26685 -59.087822 -1.3378478 0
-665.19269 -58.81081 -1.3423421 0
-665.23029 -58.687325 -1.3445954 0
-665.17908 -58.285255 -1.3313528 0
-650.12439 -58.166443 -1.3980327 0
-652.83661 -57.988472 -1.344119 0
-652.65521 -57.904255 -1.3537115 0
-653.73676 -57.871532 -1.3280656 0
-653.5556 -57.836754 -1.3409834 0
-657.57166 -57.735241 -1.3863226 0
-652.59821 -57.707169 -1.3673384 0
-652.46887 -57.627285 -1.3754247 0
-651.79248 -57.606033 -1.3021907 0
-652.36761 -57.507885 -1.3505955 0
-652.25787 -57.508549 -1.3538001 0
-652.07159 -57.54348 -1.3739495 0
-651.88647 -57.540066 -1.3664094 0
-651.79901 -57.546375 -1.3673288 0
-651.68018 -57.553944 -1.3972199 0
-651.35486 -57.530731 -1.3640084 0
-651.25946 -57.548779 -1.3541096 0
-651.12646 -57.536892 -1.367553 0
-651.06293 -57.511494 -1.3626286 0
-650.9834 -57.5406 -1.3119978 0
-650.88062 -57.512085 -1.3991097 0
-652.94135 -57.479393 -1.3337991 0
-652.80627 -57.485867 -1.3033041 0
-652.77417 -57.469173 -1.3765086 0
-652.51703 -57.498814 -1.3723687 0
-652.47186 -57.490135 -1.3034465 0
-651.87042 -57.493111 -1.3208194 0
-651.12744 -57.486851 -1.3105004 0
-650.98767 -57.48259 -1.3544654 0
-665.1853 -57.173061 -1.3777823 0
-665.1944 -57.086929 -1.3790733 0
-665.05127 -57.099876 -1.3791064 0
-665.117 -56.867889 -1.3009961 0
-665.07446 -55.902275 -1.3221931 0
-664.74365 -55.914368 -1.326075 0
-664.66382 -55.952847 -1.3130699 0
-665.30707 -55.811756 -1.3900127 0
-665.11359 -55.879559 -1.3763745 0
-665.08972 -55.202126 -1.3121035 0
-665.07568 -55.165466 -1.3818496 0
-657.46594 -54.109062 -1.3073075 0
-653.4502 -54.19883 -1.3692561 0
-664.78271 -53.309036 -1.3054438 0
-665.02032 -52.901699 -1.3396019 0
-665.31012 -52.804825 -1.3236802 0
-664.77649 -52.864403 -1.3532058 0
-665.02649 -52.559227 -1.3433888 0
-664.91803 -51.158836 -1.3700429 0
-664.92102 -50.906841 -1.3862927 0
-664.92517 -50.663033 -1.3968697 0
-691.7724 -50.440765 -1.393224 0
-691.836 -50.242695 -1.3809586 0
-653.38904 -64.753548 -1.2586982 0
-653.27887 -64.740547 -1.2620112 0
-653.16925 -64.762383 -1.2618717 0
-652.22296 -60.66761 -1.2996087 0
-651.96191 -60.643738 -1.2355652 0
-654.16858 -59.850182 -1.203984 0
-653.57343 -59.818867 -1.2228385 0
-657.25183 -59.749939 -1.2720678 0
-660.42993 -59.647591 -1.2433856 0
-659.59021 -59.674015 -1.2518162 0
-665.13361 -59.455494 -1.2532554 0
-665.16254 -59.22229 -1.2750177 0
-665.15558 -59.091415 -1.2704794 0
-665.14313 -58.672844 -1.2013841 0
-665.11084 -58.346077 -1.2073942 0
-653.67719 -57.854984 -1.2937735 0
-653.15753 -57.510963 -1.2340214 0
-652.96313 -57.503868 -1.2376856 0
-652.84515 -57.507549 -1.2266327 0
-651.22552 -57.513729 -1.2280804 0
-650.5152 -57.573833 -1.2666553 0
-650.38611 -57.586121 -1.2549423 0
-650.21021 -57.579273 -1.271998 0
-650.13147 -57.595821 -1.2007631 0
-650.09021 -57.581409 -1.2741758 0
-652.7583 -57.488647 -1.2277372 0
-652.60742 -57.499962 -1.2238433 0
-652.55774 -57.447411 -1.2355645 0
-652.24304 -57.474789 -1.2853674 0
-652.1369 -57.487606 -1.2163663 0
-652.05383 -57.474777 -1.2033281 0
-651.9082 -57.463924 -1.2459482 0
-651.59851 -57.474411 -1.2507501 0
-651.45685 -57.490242 -1.2343453 0
-651.29364 -57.479843 -1.2559582 0
-651.09381 -57.483402 -1.259495 0
-650.94391 -57.491055 -1.2615627 0
-665.01379 -55.981289 -1.2074274 0
-664.64166 -55.957897 -1.2823694 0
-665.1228 -55.853004 -1.2535342 0
-664.97217 -55.857979 -1.2301599 0
-664.84399 -55.872025 -1.2659659 0
-664.74756 -55.879448 -1.2021915 0
-665.47528 -55.794872 -1.2574595 0
-665.06921 -55.204121 -1.2783805 0
-653.48004 -54.229279 -1.23409 0
-653.54071 -54.188271 -1.2855028 0
-664.99011 -53.602798 -1.2885549 0
-664.86078 -52.938377 -1.2085207 0
-664.5415 -52.935417 -1.2428017 0
-665.02356 -52.896194 -1.2520142 0
-664.96472 -52.837502 -1.2536753 0
-664.88177 -52.869797 -1.2520272 0
-664.74579 -52.875298 -1.2492645 0
-664.58252 -52.889736 -1.2557243 0
-665.04639 -52.761742 -1.2758112 0
-664.98474 -52.51376 -1.2890621 0
-665.01135 -52.490269 -1.2002418 0
-665.00537 -52.162632 -1.2866281 0
-664.92535 -51.140877 -1.2397119 0
-664.93427 -50.928207 -1.2466766 0
-664.93774 -50.733234 -1.2467391 0
-664.89539 -50.744026 -1.2025831 0
-664.91943 -50.606369 -1.2019178 0
-664.55859 -50.130581 -1.2482983 0
-655.99634 -71.179214 -1.1205941 0
-665.2663 -62.881668 -1.1795255 0
-655.74347 -59.806679 -1.1435899 0
-656.37268 -59.762959 -1.1504855 0
-658.0498 -59.67297 -1.1239386 0
-662.74805 -59.557827 -1.1112149 0
-664.33362 -59.450283 -1.1333096 0
-663.64423 -59.489067 -1.1515914 0
-662.80383 -59.484062 -1.1301866 0
-665.16754 -58.849865 -1.1702036 0
-653.56165 -57.863136 -1.172278 0
-653.10077 -57.541439 -1.1584487 0
-653.05402 -57.543922 -1.1151364 0
-652.70532 -57.519249 -1.1312518 0
-652.67517 -57.532654 -1.1510799 0
-652.57507 -57.53017 -1.1264321 0
-652.20264 -57.55315 -1.1187949 0
-651.93854 -57.560562 -1.1196986 0
-651.67181 -57.536144 -1.1370738 0
-651.59656 -57.53458 -1.1374451 0
-651.43732 -57.518646 -1.1394873 0
-651.3689 -57.570667 -1.1116608 0
-651.25372 -57.555302 -1.1262856 0
-650.83948 -57.53022 -1.1060925 0
-650.77368 -57.539307 -1.1254385 0
-650.6283 -57.571877 -1.1183964 0
-650.54321 -57.58305 -1.1260281 0
-650.44592 -57.595348 -1.1410638 0
-650.38733 -57.550419 -1.1245688 0
-650.28076 -57.559891 -1.1381269 0
-650.10999 -57.592331 -1.1432253 0
-650.09857 -57.507519 -1.111902 0
-653.21234 -57.472115 -1.1764193 0
-653.13892 -57.495399 -1.1244125 0
-652.95337 -57.486065 -1.18137 0
-652.65466 -57.495125 -1.1056963 0
-652.32501 -57.494629 -1.1365767 0
-651.68433 -57.497868 -1.1445603 0
-650.99725 -57.46648 -1.1096486 0
-665.09412 -56.713322 -1.1835965 0
-664.83051 -56.362587 -1.1030867 0
-664.75177 -55.928295 -1.1372958 0
-665.05103 -55.852566 -1.1363968 0
-665.0542 -55.212727 -1.1105169 0
-653.54138 -54.228355 -1.1375892 0
-664.98523 -53.912701 -1.1648979 0
-664.99127 -53.782936 -1.1926298 0
-665.22449 -52.826008 -1.1767306 0
-664.99982 -52.827564 -1.1446751 0
-664.8606 -52.830734 -1.1665192 0
-664.61224 -52.872604 -1.158283 0
-664.58057 -52.890701 -1.1739348 0
-664.99554 -52.498909 -1.1670854 0
-664.94501 -51.262062 -1.1970524 0
-664.93188 -50.674679 -1.1431551 0
-664.92395 -50.521599 -1.101498 0
-664.96387 -50.444557 -1.1382338 0
-665.12701 -62.853054 -1.0189039 0
-653.59827 -59.818836 -1.0413489 0
-656.48767 -59.78944 -1.0060775 0
-654.92749 -59.79562 -1.0198076 0
-654.14594 -59.74247 -1.0935941 0
-661.22937 -59.603546 -1.0395308 0
-661.08429 -59.62249 -1.0299594 0
-660.43561 -59.615063 -1.0528288 0
-659.66516 -59.681549 -1.070159 0
-658.88922 -59.650688 -1.0232825 0
-662.04059 -59.553333 -1.0534853 0
-660.45123 -59.514767 -1.058553 0
-662.95776 -59.482643 -1.0766048 0
-665.13727 -58.323067 -1.0152701 0
-653.60486 -57.885216 -1.0406115 0
-653.51575 -57.866035 -1.0885834 0
-652.76117 -57.554134 -1.0882899 0
-652.6217 -57.51878 -1.035176 0
-652.43829 -57.531673 -1.0790572 0
-652.36151 -57.510944 -1.036363 0
-652.05347 -57.543098 -1.0956877 0
-651.9317 -57.522892 -1.0827324 0
-651.84497 -57.538757 -1.0460644 0
-651.7063 -57.525566 -1.0263231 0
-651.64197 -57.510017 -1.0402141 0
-651.4574 -57.510685 -1.0176845 0
-651.04291 -57.52092 -1.0503225 0
-650.93439 -57.505981 -1.0334948 0
-650.73987 -57.516304 -1.0641879 0
-650.61047 -57.525986 -1.0492306 0
-650.34338 -57.527714 -1.0836251 0
-650.22308 -57.540115 -1.0559042 0
-653.14722 -57.462166 -1.0148891 0
-653.02167 -57.485523 -1.0529219 0
-652.94769 -57.495995 -1.0630817 0
-652.88184 -57.455948 -1.0109904 0
-652.73883 -57.454285 -1.0148457 0
-652.60822 -57.460602 -1.0247905 0
-652.58118 -57.474476 -1.0194793 0
-652.3822 -57.459507 -1.0318989 0
-652.29932 -57.496605 -1.0046512 0
-651.86755 -57.489799 -1.0222713 0
-651.77808 -57.486107 -1.0563521 0
-651.51532 -57.48455 -1.0113989 0
-651.39984 -57.490536 -1.0153005 0
-650.98688 -57.499947 -1.0534234 0
-664.63928 -56.019089 -1.0140496 0
-665.09833 -55.908684 -1.0507525 0
-664.81201 -55.925156 -1.0046787 0
-664.69025 -55.934742 -1.0521679 0
-665.12653 -55.78915 -1.0869572 0
-665.0918 -55.558685 -1.0654858 0
-665.06958 -55.189224 -1.0804754 0
-653.6156 -54.2159 -1.0923592 0
-653.54919 -54.201046 -1.0142318 0
-664.98334 -54.193001 -1.0853084 0
-657.37958 -54.127731 -1.0414704 0
-653.60608 -54.171223 -1.0922195 0
-664.99304 -54.072174 -1.0780383 0
-664.99884 -53.756676 -1.004838 0
-665.26477 -52.820007 -1.0516077 0
-664.81055 -52.854126 -1.0487304 0
-665.01794 -52.536388 -1.0280389 0
-665.01141 -52.473724 -1.0188533 0
-664.94733 -52.145012 -1.0137445 0
-664.97058 -51.151485 -1.0667694 0
-664.88593 -51.135582 -1.002728 0
-664.93793 -51.052254 -1.0644965 0
-665.00037 -50.993233 -1.0247303 0
-664.96313 -50.9142 -1.0806198 0
-664.93445 -50.763531 -1.0675145 0
-664.89923 -50.706364 -1.0801558 0
-664.94287 -50.658588 -1.0792595 0
-669.45465 -70.746849 -0.90389961 0
-653.56274 -59.951031 -0.9255501 0
-650.1322 -59.900558 -0.9428001 0
-650.06061 -59.857655 -0.94649041 0
-655.65497 -59.722229 -0.9657836 0
-658.84949 -59.630116 -0.98790896 0
-658.01422 -59.604191 -0.99992388 0
-665.065 -59.511074 -0.96625268 0
-663.56506 -59.52475 -0.93892843 0
-661.19592 -59.58194 -0.99331117 0
-660.46069 -59.553669 -0.98612726 0
-665.15918 -59.479031 -0.96187937 0
-664.38361 -59.478081 -0.93715507 0
-662.13519 -59.480484 -0.94836789 0
-665.16156 -59.319393 -0.96891093 0
-665.07446 -59.32885 -0.93949425 0
-665.2381 -59.21883 -0.93486738 0
-665.16278 -59.228535 -0.91819805 0
-665.16541 -59.129818 -0.97730023 0
-665.16443 -58.935013 -0.98594517 0
-665.15808 -58.749943 -0.9941678 0
-652.68384 -58.149559 -0.95314807 0
-657.38922 -57.828369 -0.93687338 0
-653.55847 -57.87479 -0.98051864 0
-652.25891 -57.505486 -0.98190117 0
-651.95947 -57.505966 -0.94924223 0
-651.84796 -57.516884 -0.96794891 0
-651.79321 -57.515266 -0.97333372 0
-651.55481 -57.519058 -0.97144973 0
-651.35236 -57.510925 -0.9606688 0
-651.13684 -57.531193 -0.96740901 0
-651.05444 -57.528137 -0.96956778 0
-650.68451 -57.519268 -0.97894901 0
-650.55023 -57.581924 -0.99321538 0
-650.27649 -57.523506 -0.98841774 0
-653.17053 -57.463062 -0.97503984 0
-652.80005 -57.472267 -0.96441281 0
-652.60522 -57.487625 -0.97016913 0
-652.51837 -57.472229 -0.99655563 0
-652.24023 -57.485382 -0.96341884 0
-651.89111 -57.463055 -0.94810778 0
-651.50189 -57.493687 -0.95053953 0
-651.3241 -57.47995 -0.99041533 0
-665.07855 -57.301445 -0.90528256 0
-665.15857 -56.985916 -0.90700626 0
-664.64258 -56.006573 -0.97692561 0
-664.88062 -55.833378 -0.95178521 0
-665.2674 -55.779854 -0.99128157 0
-665.04706 -54.231102 -0.92065865 0
-664.99182 -54.256638 -0.99080229 0
-657.43701 -54.116814 -0.94172788 0
-665.02039 -54.062435 -0.92659217 0
-665.01306 -53.998375 -0.99580526 0
-665.00726 -53.680672 -0.97184193 0
-664.94171 -52.902664 -0.90154225 0
-664.72498 -52.860725 -0.96296817 0
-664.6507 -52.847736 -0.94389057 0
-665.27112 -52.74049 -0.95245737 0
-665.06946 -52.755669 -0.96667707 0
-664.89349 -52.787643 -0.98373479 0
-665.03253 -52.548832 -0.97152382 0
-664.99475 -52.144318 -0.938178 0
-664.92102 -50.851707 -0.97376609 0
-664.91724 -50.615425 -0.98927796 0
-664.88373 -50.682625 -0.99392956 0
-664.84894 -50.306091 -0.90333933 0
-665.59698 -72.015862 -0.80068141 0
-669.73822 -70.695389 -0.88942343 0
-665.08038 -62.857292 -0.84600353 0
-650.56335 -59.906914 -0.88041109 0
-655.70862 -59.835037 -0.88064039 0
-653.09161 -59.800167 -0.87163919 0
-650.77844 -59.882446 -0.87926042 0
-655.61047 -59.756241 -0.88204962 0
-661.19025 -59.623276 -0.89837837 0
-659.64587 -59.615799 -0.84178567 0
-659.59711 -59.633904 -0.81421638 0
-657.26013 -59.698101 -0.86167318 0
-656.51129 -59.697876 -0.82305914 0
-662.86566 -59.524082 -0.89625722 0
-662.77716 -59.558178 -0.80409449 0
-662.01184 -59.567181 -0.88802737 0
-650.08746 -59.579868 -0.8149671 0
-663.65668 -59.462738 -0.84341723 0
-665.13666 -59.309242 -0.87846649 0
-665.15619 -59.052494 -0.84590113 0
-653.51953 -57.919064 -0.89877075 0
-665.11273 -57.543869 -0.89103281 0
-665.10773 -57.256248 -0.83554959 0
-665.117 -57.141266 -0.83995372 0
-664.9032 -57.044853 -0.84544551 0
-665.19885 -56.957928 -0.82313967 0
-665.1745 -56.748417 -0.83033019 0
-664.87488 -55.925087 -0.85614204 0
-664.72186 -55.938217 -0.88734031 0
-665.17712 -55.832325 -0.86348516 0
-665.05164 -55.871349 -0.8819313 0
-665.01874 -54.384556 -0.86141527 0
-665.02942 -54.246391 -0.86134303 0
-653.60474 -54.204247 -0.88890094 0
-653.55804 -54.247601 -0.84318513 0
-665.0166 -54.184113 -0.87333757 0
-653.63385 -54.187065 -0.88743377 0
-657.49634 -54.088692 -0.88626862 0
-664.91266 -53.85598 -0.89650917 0
-665.01453 -53.758213 -0.89972097 0
-664.76721 -52.903088 -0.80168033 0
-664.70312 -52.862305 -0.80592549 0
-664.63403 -52.887238 -0.83615494 0
-664.99585 -52.409359 -0.85928416 0
-664.94904 -51.213184 -0.82599974 0
-664.92334 -51.057251 -0.81078827 0
-664.99847 -50.728817 -0.84126288 0
-681.68475 -50.512508 -0.82635045 0
-664.91656 -50.498753 -0.87820929 0
-665.15576 -62.792439 -0.70025909 0
-651.73511 -59.931019 -0.71877801 0
-651.62573 -59.919098 -0.74675494 0
-651.22388 -59.901058 -0.79759264 0
-650.93359 -59.907246 -0.79670548 0
-650.43188 -59.916252 -0.76002717 0
-650.0672 -59.984554 -0.77098519 0
-654.10461 -59.869492 -0.73950171 0
-654.08228 -59.84771 -0.71377993 0
-653.26636 -59.847225 -0.73542488 0
-651.46313 -59.876476 -0.74949878 0
-650.82739 -59.864437 -0.77708495 0
-656.49255 -59.715202 -0.71367079 0
-661.20074 -59.610657 -0.70100945 0
-658.85608 -59.663914 -0.79243064 0
-657.31439 -59.68874 -0.70829868 0
-664.47394 -59.419628 -0.78575999 0
-664.38239 -59.454052 -0.78710854 0
-665.26862 -58.643623 -0.75422245 0
-657.50842 -57.745415 -0.75944889 0
-665.10907 -57.314167 -0.73801321 0
-665.117 -57.22681 -0.74478537 0
-665.0874 -57.121792 -0.71106702 0
-664.84045 -55.919891 -0.75956047 0
-664.67004 -55.93668 -0.75546396 0
-665.13074 -55.84771 -0.74128795 0
-665.04498 -55.899467 -0.79689676 0
-653.55188 -54.220741 -0.74869305 0
-657.44611 -54.107651 -0.72348547 0
-657.49799 -54.069534 -0.78623849 0
-665.05188 -53.7075 -0.758452 0
-664.54688 -52.937237 -0.76904798 0
-664.7655 -52.843636 -0.76582634 0
-664.98596 -52.784672 -0.73243636 0
-664.95477 -51.049053 -0.73322463 0
-664.93799 -50.610546 -0.70735127 0
-665.05981 -62.836395 -0.60646611 0
-653.75153 -60.124683 -0.65999961 0
-653.52307 -59.946911 -0.69971091 0
-651.87634 -59.940235 -0.66208398 0
-651.71582 -59.927509 -0.69113284 0
-651.61963 -59.921185 -0.66342729 0
-651.46484 -59.930447 -0.63072693 0
-651.20538 -59.91188 -0.65005523 0
-651.06189 -59.93409 -0.65446115 0
-650.92261 -59.973614 -0.65892804 0
-650.66736 -59.910694 -0.63229334 0
-650.57849 -59.920124 -0.64510113 0
-650.46985 -59.949318 -0.65850741 0
-650.35828 -59.960888 -0.68409026 0
-650.26129 -59.968307 -0.65828836 0
-650.16119 -59.943058 -0.65361911 0
-650.05377 -59.931133 -0.64293289 0
-654.11157 -59.850262 -0.66954494 0
-652.1286 -59.843914 -0.65645647 0
-651.89471 -59.886951 -0.68607479 0
-651.31372 -59.888199 -0.6108073 0
-650.81421 -59.842899 -0.65310287 0
-650.7558 -59.850559 -0.62576264 0
-650.04926 -59.881489 -0.65111947 0
-658.80719 -59.632038 -0.67535353 0
-657.34558 -59.684719 -0.62526858 0
-658.08594 -59.560429 -0.6914444 0
-665.25537 -59.147808 -0.6902771 0
-665.19421 -58.669182 -0.67928243 0
-665.11365 -57.248013 -0.67039508 0
-665.10645 -57.084568 -0.63413262 0
-665.04535 -56.900631 -0.69697464 0
-664.77631 -55.933792 -0.61789632 0
-665.11334 -55.837818 -0.63854069 0
-653.56439 -54.296352 -0.60671192 0
-657.52283 -54.138863 -0.62452149 0
-657.38721 -54.141739 -0.63033646 0
-665.01971 -53.906277 -0.61109138 0
-665.01031 -53.86417 -0.63405734 0
-664.54883 -52.983158 -0.69521803 0
-665.00494 -52.819954 -0.69757521 0
-665.19635 -52.783249 -0.65926808 0
-664.94897 -51.025284 -0.60452819 0
-664.89148 -50.64674 -0.64037454 0
-664.97253 -50.489365 -0.60000378 0
-664.91595 -50.322277 -0.60977733 0
-653.36658 -59.906128 -0.57138586 0
-652.5014 -59.900703 -0.57584476 0
-652.36646 -59.903042 -0.57815099 0
-652.14679 -59.921776 -0.58037794 0
-650.55444 -59.912357 -0.52483654 0
-650.46136 -59.907146 -0.52023107 0
-653.33612 -59.896229 -0.5609923 0
-653.15576 -59.869488 -0.56695378 0
-652.83826 -59.839027 -0.55463982 0
-652.46399 -59.834057 -0.55313164 0
-652.33032 -59.888092 -0.53820014 0
-652.03961 -59.856461 -0.5516721 0
-651.62195 -59.840561 -0.53810495 0
-651.07703 -59.858238 -0.55274707 0
-650.64423 -59.87339 -0.53061599 0
-650.38141 -59.889633 -0.54887491 0
-650.20685 -59.858685 -0.58905256 0
-657.21973 -59.719021 -0.50183821 0
-656.44348 -59.761749 -0.52316576 0
-655.82581 -59.73341 -0.50332808 0
-655.63623 -59.778465 -0.5497883 0
-660.38519 -59.619648 -0.53637195 0
-658.85651 -59.638924 -0.5843007 0
-663.56433 -59.531078 -0.51131445 0
-662.82855 -59.527386 -0.58567661 0
-660.49414 -59.589191 -0.56631154 0
-664.31995 -59.497868 -0.55903238 0
-662.82721 -59.493259 -0.58299428 0
-665.15997 -59.239849 -0.540658 0
-665.16522 -59.04446 -0.55785698 0
-653.62769 -57.888317 -0.56189895 0
-665.0708 -57.262489 -0.50945306 0
-665.10858 -57.15374 -0.5111298 0
-665.0932 -56.916355 -0.516927 0
-665.05603 -56.845383 -0.53495508 0
-664.61127 -56.040993 -0.50919014 0
-665.33862 -55.865032 -0.56125873 0
-653.51807 -54.223343 -0.53295624 0
-664.98663 -54.181118 -0.51079142 0
-664.97632 -53.866276 -0.53061873 0
-664.63287 -52.920925 -0.52501827 0
-664.59509 -52.941776 -0.55394995 0
-665.35345 -52.871525 -0.50328535 0
-664.95868 -52.823334 -0.51565313 0
-664.74188 -52.871567 -0.57871974 0
-664.62604 -52.845615 -0.58309031 0
-664.95935 -51.14349 -0.59540445 0
-664.95056 -50.954346 -0.58249676 0
-664.95203 -50.85664 -0.53935146 0
-664.98755 -50.780407 -0.58613402 0
-664.98547 -50.604286 -0.59421158 0
-664.98651 -50.548992 -0.59199262 0
-664.87897 -50.568378 -0.52609479 0
-664.95325 -50.433876 -0.59623498 0
-652.45349 -59.918201 -0.42910242 0
-652.10803 -59.901978 -0.438476 0
-651.40906 -59.925507 -0.45357499 0
-651.12427 -59.936325 -0.45975336 0
-651.0827 -59.910446 -0.42072228 0
-650.8905 -59.964283 -0.46332034 0
-650.7962 -59.922226 -0.45556831 0
-650.52307 -59.914639 -0.49218935 0
-650.43005 -59.914356 -0.45717648 0
-650.28937 -59.921513 -0.45317566 0
-653.59338 -59.81591 -0.43461332 0
-653.23663 -59.861294 -0.4755592 0
-653.13092 -59.800259 -0.47272474 0
-652.91553 -59.87323 -0.42183033 0
-652.81012 -59.839581 -0.44562176 0
-652.72736 -59.802265 -0.48100102 0
-652.57196 -59.891815 -0.42840546 0
-652.2627 -59.868099 -0.45010242 0
-652.12585 -59.852863 -0.46898031 0
-651.94592 -59.89645 -0.45311064 0
-651.7558 -59.872253 -0.45826662 0
-651.57458 -59.859642 -0.44852629 0
-651.05151 -59.88763 -0.47065431 0
-650.77319 -59.825478 -0.49424034 0
-657.56305 -59.704823 -0.40389115 0
-656.73871 -59.749325 -0.4342722 0
-656.47095 -59.719669 -0.42246884 0
-656.16241 -59.701065 -0.42127013 0
-655.23694 -59.760643 -0.45997679 0
-654.85352 -59.740082 -0.42770654 0
-654.74884 -59.765953 -0.45610905 0
-654.47583 -59.785362 -0.45168209 0
-654.32233 -59.77322 -0.45917591 0
-661.94659 -59.611004 -0.42343587 0
-660.44995 -59.625729 -0.44439426 0
-660.3396 -59.632965 -0.4427937 0
-660.01337 -59.620045 -0.40812278 0
-659.95325 -59.622078 -0.40918091 0
-659.87823 -59.624622 -0.41547006 0
-659.19995 -59.60556 -0.4247703 0
-656.70428 -59.660389 -0.41102096 0
-656.64795 -59.689743 -0.42440078 0
-665.10388 -59.490078 -0.43409392 0
-665.16449 -59.334015 -0.42207909 0
-665.10547 -58.833675 -0.40329173 0
-653.58502 -57.913555 -0.45904997 0
-653.6684 -57.875866 -0.45854303 0
-665.06683 -57.142376 -0.41580215 0
-664.65674 -56.027843 -0.46085465 0
-664.83612 -55.933823 -0.4961614 0
-664.75305 -55.920368 -0.42166412 0
-665.13647 -55.853027 -0.43317211 0
-664.974 -54.266342 -0.44749165 0
-653.53094 -54.238464 -0.42968997 0
-653.44812 -54.275146 -0.42652604 0
-657.42987 -54.129223 -0.41099307 0
-664.94843 -54.040161 -0.48898229 0
-657.44708 -54.006344 -0.40137461 0
-665.06653 -53.625519 -0.44733343 0
-664.64587 -53.117424 -0.48701668 0
-664.4729 -52.901897 -0.46549746 0
-665.4234 -52.819962 -0.40613297 0
-665.18115 -52.821369 -0.40290821 0
-664.97125 -52.861641 -0.4604162 0
-664.86584 -52.878033 -0.4519462 0
-664.75568 -52.871529 -0.49594331 0
-664.56799 -52.884346 -0.46206814 0
-665.32172 -52.776146 -0.47949046 0
-664.91693 -50.908875 -0.41112843 0
-664.92755 -50.853371 -0.47346491 0
-694.08234 -50.730885 -0.4203974 0
-664.87006 -50.382748 -0.40193182 0
-664.5321 -50.026138 -0.4211843 0
-665.17511 -60.095215 -0.33459827 0
-665.14294 -59.9464 -0.34987888 0
-652.42609 -59.911037 -0.36083719 0
-652.05182 -59.920956 -0.30137086 0
-651.73431 -59.927376 -0.32684338 0
-651.63574 -59.939369 -0.35317335 0
-651.44147 -59.93121 -0.31751984 0
-651.07617 -59.928276 -0.33373952 0
-650.9516 -59.940331 -0.33666033 0
-650.72968 -59.956638 -0.31653723 0
-650.65662 -59.964706 -0.31776857 0
-650.46759 -59.953468 -0.35491711 0
-650.13116 -59.9272 -0.34022546 0
-650.06146 -59.964939 -0.301366 0
-665.09937 -59.817574 -0.37139469 0
-654.28339 -59.810291 -0.37223375 0
-654.12018 -59.80658 -0.34559399 0
-653.91943 -59.804722 -0.37269834 0
-653.84393 -59.803303 -0.32737392 0
-653.34833 -59.835468 -0.37263602 0
-652.90222 -59.842735 -0.30349958 0
-652.81873 -59.828281 -0.31186578 0
-652.62573 -59.874413 -0.37072808 0
-652.50378 -59.86821 -0.34128225 0
-652.46155 -59.85503 -0.37847129 0
-652.10754 -59.87891 -0.38422099 0
-652.06476 -59.860294 -0.36401448 0
-651.92181 -59.888393 -0.35882574 0
-651.57043 -59.887955 -0.31384611 0
-657.22821 -59.756153 -0.31497794 0
-657.04443 -59.756237 -0.33454847 0
-656.8324 -59.727795 -0.33711034 0
-655.60645 -59.763287 -0.36756903 0
-655.36823 -59.791042 -0.37094921 0
-655.28448 -59.746006 -0.32311881 0
-655.00922 -59.769154 -0.38752833 0
-654.77515 -59.776375 -0.35170785 0
-654.02582 -59.745209 -0.32488549 0
-653.74249 -59.790302 -0.33462 0
-659.99634 -59.607742 -0.32042959 0
-659.55334 -59.619759 -0.33463651 0
-659.263 -59.610863 -0.33667144 0
-659.15002 -59.614006 -0.37324166 0
-658.06628 -59.666065 -0.35433707 0
-663.74072 -59.506638 -0.32991287 0
-663.08374 -59.525688 -0.36744291 0
-662.34558 -59.525547 -0.31742191 0
-661.73474 -59.541451 -0.3430787 0
-661.60913 -59.525379 -0.39028403 0
-661.35199 -59.543324 -0.38163167 0
-661.25903 -59.552689 -0.36136675 0
-660.3139 -59.586109 -0.32194579 0
-659.86737 -59.594936 -0.34589097 0
-659.78186 -59.591557 -0.35215405 0
-657.97083 -59.560314 -0.36269325 0
-665.13129 -59.465427 -0.33293644 0
-664.26727 -59.490108 -0.30168074 0
-663.55499 -59.431549 -0.32142165 0
-653.62061 -57.918236 -0.32005316 0
-653.69434 -57.832371 -0.32720891 0
-653.52979 -57.860069 -0.32751271 0
-665.09302 -57.172134 -0.35118079 0
-665.04803 -56.828777 -0.33280197 0
-664.65283 -56.100807 -0.35628709 0
-665.06433 -55.913406 -0.39878052 0
-664.8501 -55.907757 -0.3936362 0
-664.75317 -55.954193 -0.34690708 0
-665.42249 -55.867016 -0.39000604 0
-665.10767 -55.82428 -0.37028226 0
-665.05359 -55.872467 -0.33760396 0
-664.7533 -55.878654 -0.36541772 0
-665.06787 -54.229397 -0.3012625 0
-664.96045 -54.267155 -0.34800425 0
-653.41302 -54.256058 -0.38387412 0
-657.2901 -54.1595 -0.39042202 0
-657.38 -54.080952 -0.31162891 0
-665.0033 -53.909779 -0.34911019 0
-664.95728 -53.52758 -0.39208513 0
-664.53046 -52.98037 -0.34222668 0
-664.78302 -52.887096 -0.35069832 0
-664.93201 -50.610355 -0.34424236 0
-664.91412 -50.421036 -0.3088156 0
-650.88507 -60.005531 -0.21371646 0
-652.63446 -59.913635 -0.29006091 0
-652.5141 -59.904266 -0.25190195 0
-651.96997 -59.918098 -0.20355903 0
-651.79608 -59.904827 -0.22583684 0
-651.66382 -59.977428 -0.20776811 0
-651.10651 -59.908607 -0.24054897 0
-650.97723 -59.902069 -0.20663999 0
-650.82959 -59.964939 -0.23726791 0
-650.6955 -59.937874 -0.24555886 0
-650.53033 -59.927162 -0.27172878 0
-650.4325 -59.939812 -0.25306806 0
-650.27747 -59.924164 -0.25034982 0
-654.6554 -59.838631 -0.24057952 0
-654.54999 -59.836033 -0.2414272 0
-653.61194 -59.857784 -0.24292207 0
-653.56531 -59.851601 -0.24306491 0
-653.43164 -59.869694 -0.2435542 0
-653.21075 -59.807655 -0.23865163 0
-653.03271 -59.877056 -0.25917611 0
-652.98077 -59.856632 -0.2956112 0
-652.86511 -59.846027 -0.25282234 0
-652.7265 -59.89267 -0.26958862 0
-652.6806 -59.890995 -0.27178419 0
-652.58301 -59.885166 -0.2145666 0
-652.41589 -59.884022 -0.28402749 0
-652.21582 -59.860012 -0.2148751 0
-651.52875 -59.898754 -0.23119065 0
-651.25586 -59.889542 -0.2584579 0
-651.14392 -59.889259 -0.25896943 0
-650.74615 -59.897621 -0.21245691 0
-656.6778 -59.700024 -0.24348776 0
-656.59784 -59.715126 -0.2467006 0
-655.8089 -59.715618 -0.29408854 0
-655.71899 -59.74572 -0.29801938 0
-654.00616 -59.735214 -0.20007665 0
-661.52594 -59.601009 -0.26451334 0
-661.41199 -59.609333 -0.2442818 0
-661.3681 -59.603069 -0.20578967 0
-660.96893 -59.6353 -0.2220325 0
-660.69916 -59.637005 -0.25872216 0
-659.66638 -59.63858 -0.20607887 0
-659.45746 -59.638065 -0.20731549 0
-659.23163 -59.676777 -0.20682919 0
-658.5697 -59.678947 -0.21543466 0
-656.22845 -59.685207 -0.27362058 0
-664.21094 -59.514568 -0.23308557 0
-664.13501 -59.549011 -0.23131053 0
-663.54822 -59.52924 -0.26150006 0
-663.04175 -59.516655 -0.28529298 0
-662.7489 -59.536598 -0.24352126 0
-662.65576 -59.567039 -0.21935371 0
-662.45685 -59.546444 -0.25227627 0
-662.16498 -59.53841 -0.28162113 0
-662.04248 -59.532051 -0.21421602 0
-661.84631 -59.544052 -0.2931172 0
-661.77167 -59.523052 -0.28759986 0
-661.46814 -59.553051 -0.29902145 0
-661.23315 -59.552361 -0.20725732 0
-661.15363 -59.578979 -0.22882509 0
-660.78827 -59.596111 -0.28951177 0
-660.44116 -59.565277 -0.23469062 0
-664.90271 -59.472225 -0.210013 0
-664.4184 -59.482441 -0.22887304 0
-664.03918 -59.439301 -0.26194862 0
-663.99609 -59.483021 -0.23571165 0
-663.86432 -59.493843 -0.21389604 0
-663.70453 -59.432274 -0.25527987 0
-663.51312 -59.420734 -0.26972631 0
-665.13477 -59.077709 -0.26597911 0
-665.1095 -58.81319 -0.22905242 0
-665.1615 -58.668442 -0.23099041 0
-665.10608 -57.021248 -0.26805583 0
-664.69965 -56.149223 -0.26951537 0
-664.94629 -55.913612 -0.27117771 0
-665.30621 -55.880627 -0.24701631 0
-665.24628 -55.881592 -0.24800798 0
-665.10907 -55.856133 -0.25368905 0
-664.91626 -55.898129 -0.24797945 0
-664.95453 -53.728676 -0.22582977 0
-665.00793 -53.651405 -0.2651318 0
-664.94806 -53.64323 -0.21826047 0
-664.98242 -52.840084 -0.2656084 0
-664.82202 -52.800835 -0.21225449 0
-665.04175 -52.790924 -0.26768696 0
-664.94824 -51.163147 -0.27292174 0
-664.91913 -50.806759 -0.22029744 0
-694.76465 -50.738495 -0.25595418 0
-664.89972 -50.445133 -0.27859607 0
-664.81091 -50.250484 -0.28388476 0
-664.94922 -62.905689 -0.19875878 0
-652.1662 -59.923061 -0.18405816 0
-652.01514 -59.926235 -0.11680083 0
-651.83313 -59.905067 -0.11043958 0
-651.79456 -59.925148 -0.18711373 0
-651.69366 -59.927769 -0.14029673 0
-651.43347 -59.92683 -0.1158511 0
-651.21368 -59.93557 -0.11914602 0
-651.11548 -59.914558 -0.17233266 0
-650.99872 -59.939251 -0.12282738 0
-650.74744 -59.935211 -0.10685599 0
-650.51764 -59.909664 -0.17517459 0
-650.45026 -59.97123 -0.19712579 0
-650.34448 -59.955513 -0.17724271 0
-650.24377 -59.957157 -0.13566579 0
-650.15454 -59.963123 -0.1216183 0
-654.02576 -59.868958 -0.1946394 0
-653.22125 -59.847874 -0.16393192 0
-653.1712 -59.812508 -0.17560269 0
-652.79254 -59.821831 -0.16656473 0
-652.66296 -59.875191 -0.13737018 0
-651.96747 -59.890121 -0.15031011 0
-651.80524 -59.890457 -0.17423113 0
-651.45325 -59.883148 -0.1727304 0
-650.53625 -59.876736 -0.11707776 0
-657.81592 -59.731831 -0.10277768 0
-657.44348 -59.77227 -0.11910145 0
-654.19031 -59.77523 -0.13525389 0
-654.0412 -59.756008 -0.14208177 0
-653.60229 -59.793381 -0.15569624 0
-661.72241 -59.601089 -0.18590902 0
-661.09558 -59.620159 -0.18874772 0
-660.03558 -59.62772 -0.1749593 0
-659.10474 -59.603207 -0.10199723 0
-658.01611 -59.644043 -0.16566145 0
-657.84796 -59.657066 -0.10753199 0
-657.30518 -59.664932 -0.15694581 0
-656.94098 -59.625267 -0.1801421 0
-664.54993 -59.52911 -0.17742272 0
-664.32965 -59.520714 -0.18322709 0
-663.76617 -59.540314 -0.19483112 0
-663.66913 -59.534637 -0.17755547 0
-663.15527 -59.549072 -0.13862921 0
-663.06635 -59.54565 -0.18737134 0
-662.92999 -59.569386 -0.1222778 0
-662.57074 -59.581371 -0.1422725 0
-662.23297 -59.567726 -0.17947556 0
-661.92883 -59.577232 -0.1808321 0
-661.32104 -59.565449 -0.18386388 0
-661.23218 -59.572113 -0.19009098 0
-660.82373 -59.593536 -0.12605661 0
-660.7135 -59.596069 -0.1970323 0
-665.13879 -59.414688 -0.12515736 0
-665.03333 -59.460705 -0.19786187 0
-664.82312 -59.499836 -0.17336227 0
-664.5274 -59.439514 -0.18449926 0
-665.14508 -59.347633 -0.16255379 0
-665.24091 -58.940891 -0.15122561 0
-653.59961 -57.939529 -0.16017847 0
-665.13049 -57.166115 -0.13948712 0
-665.08069 -57.021858 -0.1828066 0
-665.06482 -56.836586 -0.19654776 0
-664.61487 -55.966389 -0.18850835 0
-665.44714 -55.855534 -0.1549623 0
-665.13562 -55.816788 -0.17717183 0
-664.9704 -54.182095 -0.15822594 0
-657.39429 -54.138119 -0.18397158 0
-664.97308 -54.056484 -0.17805915 0
-665.02643 -53.532024 -0.19401862 0
-664.53491 -53.028812 -0.1250107 0
-664.94073 -52.847843 -0.13415258 0
-664.83325 -52.857315 -0.12833641 0
-664.73529 -52.86824 -0.17579618 0
-664.95728 -51.117981 -0.11973061 0
-664.93195 -51.035347 -0.1578376 0
-664.8905 -50.777321 -0.15813768 0
-664.9082 -50.551064 -0.16904671 0
-694.72498 -50.312645 -0.10587405 0
-681.57593 -50.294262 -0.14998317 0
-664.47424 -50.002384 -0.16787238 0
-651.67975 -59.942677 -0.073075563 0
-651.43225 -59.912567 -0.09120135 0
-651.30872 -59.910969 -0.025487298 0
-651.04523 -59.915558 -0.098072559 0
-650.93738 -59.932419 -0.074743956 0
-650.84674 -59.907482 -0.099946201 0
-650.55359 -59.937965 -0.0021912379 0
-650.42841 -59.930893 -0.013809409 0
-650.26288 -59.929855 -0.076567918 0
-650.05463 -59.966164 -0.030564982 0
-654.94055 -59.826241 -0.052742962 0
-654.21173 -59.829762 -0.074349202 0
-654.12714 -59.856075 -0.073244497 0
-653.72681 -59.833008 -0.082712799 0
-653.46259 -59.864426 -0.069464371 0
-653.31543 -59.853527 -0.049269576 0
-653.23682 -59.826401 -0.09229394 0
-653.03882 -59.873848 -0.079547375 0
-652.93787 -59.841995 -0.07274653 0
-652.86328 -59.865818 -0.053743921 0
-652.75256 -59.874454 -0.096427701 0
-652.67773 -59.875122 -0.079056405 0
-652.20123 -59.856621 -0.081212588 0
-651.43909 -59.86248 -0.096303061 0
-651.12482 -59.892159 -0.0036648854 0
-650.83649 -59.869965 -0.086742096 0
-659.67542 -59.719315 -0.041978922 0
-659.0047 -59.72131 -0.0044976277 0
-657.87775 -59.701229 -0.021670509 0
-657.67932 -59.729599 -0.0032680342 0
-656.53229 -59.747612 -0.07774432 0
-655.67249 -59.760109 -0.032300927 0
-654.91669 -59.785717 -0.018696148 0
-654.77344 -59.798801 -0.026183922 0
-660.85992 -59.650124 -0.005881906 0
-658.49805 -59.684265 -0.020091156 0
-657.95154 -59.677258 -0.01741997 0
-656.35931 -59.697968 -0.039402284 0
-655.14233 -59.696598 -0.060721591 0
-665.00085 -59.512989 -0.010006303 0
-664.31219 -59.521774 -0.04896912 0
-663.72333 -59.535015 -0.080239154 0
-663.65881 -59.539742 -0.011646348 0
-663.54126 -59.546017 -0.0903017 0
-663.42395 -59.528511 -0.070373416 0
-663.0307 -59.569984 -0.018129725 0
-662.52057 -59.57988 -0.027936276 0
-661.83966 -59.578873 -0.055330589 0
-665.14429 -59.45031 -0.027425697 0
-664.83667 -59.494328 -0.055115499 0
-664.6308 -59.496338 -0.04322654 0
-663.60077 -59.470257 -0.026506672 0
-665.13538 -58.919407 -0.063808613 0
-665.12482 -58.872543 -0.065876357 0
-665.15094 -58.736832 -0.081242345 0
-653.61823 -57.852947 -0.018409057 0
-665.08295 -57.289818 -0.054260544 0
-650.61053 -57.086128 -0.0039784773 0
-650.72052 -56.783367 -0.0051451502 0
-664.65186 -56.034855 -0.023020381 0
-664.95685 -55.943745 -0.068436258 0
-665.47394 -55.898594 -0.020613823 0
-665.36023 -55.830818 -0.039137717 0
-665.0498 -55.819801 -0.067271747 0
-657.47278 -54.149399 -0.0075933761 0
-653.49371 -54.198616 -0.087781779 0
-653.3092 -53.925385 -0.0069965264 0
-664.94128 -53.718884 -0.040935468 0
-664.66913 -53.211887 -0.014704067 0
-664.55273 -53.02285 -0.0024398551 0
-664.92242 -52.939228 -0.067450508 0
-664.48248 -52.941879 -0.079038166 0
-665.01874 -52.878891 -0.073088512 0
-664.65326 -52.873798 -0.019556051 0
-664.55786 -52.889378 -0.033426121 0
-665.03168 -52.735722 -0.0071413736 0
-695.06256 -51.520634 -0.046768371 0
-664.91254 -51.219769 -0.093749143 0
-664.85504 -51.230312 -0.048181579 0
-664.93219 -51.148659 -0.06232496 0
-664.91199 -51.070713 -0.061412025 0
-665.00922 -50.840611 -0.049646754 0
-664.88031 -50.729809 -0.075327262 0
-695.44318 -50.699272 -0.018834049 0
-664.88965 -50.653957 -0.05659093 0
-664.90167 -50.520393 -0.052340344 0
-664.85089 -50.414715 -0.09497086 0
-695.14209 -50.396988 -0.025570488 0
-681.66803 -50.238613 -0.078743838 0
-664.89557 -50.166534 -0.063732482 0
-664.60352 -50.150856 -0.013489097 0
-653.41321 -59.902584 0.076179743 0
-653.22748 -59.908764 0.074723929 0
-653.0871 -59.90567 0.068937592 0
-652.44946 -59.927216 0.059094071 0
-652.13885 -59.909008 0.032070834 0
-651.98431 -59.910049 0.090308376 0
-651.55011 -59.912785 0.077601969 0
-651.39014 -59.910934 0.0072057331 0
-651.23474 -59.934311 0.027566928 0
-651.12292 -59.916962 0.064804301 0
-650.61426 -59.948692 0.053241335 0
-650.47186 -59.965435 0.051425874 0
-650.24567 -59.980747 0.054667037 0
-653.66943 -59.846672 0.056568664 0
-652.823 -59.874367 0.03693122 0
-652.7677 -59.871162 0.035971634 0
-652.63477 -59.881474 0.044678573 0
-652.25378 -59.894459 0.091713652 0
-652.11145 -59.887527 0.019634007 0
-651.86584 -59.890511 0.015414413 0
-656.41559 -59.75428 0.022130156 0
-656.00061 -59.713421 0.071568191 0
-655.73688 -59.750317 0.052965321 0
-655.24652 -59.779716 0.093930922 0
-654.75488 -59.770947 0.080425039 0
-653.19153 -59.797279 0.038348466 0
-662.00848 -59.670246 0.035195906 0
-661.4895 -59.641666 0.025791416 0
-660.80328 -59.671593 0.090785764 0
-660.77747 -59.637112 0.086303249 0
-660.6969 -59.617645 0.057965208 0
-660.55206 -59.664032 0.064981438 0
-660.47321 -59.606449 0.0077715716 0
-659.70551 -59.62505 0.02876443 0
-659.62286 -59.69138 0.066466965 0
-659.50397 -59.698864 0.0011402086 0
-658.52496 -59.674824 0.0085133733 0
-658.02759 -59.672657 0.048115447 0
-657.01685 -59.645187 0.07949128 0
-664.74988 -59.518257 0.0055914046 0
-663.51819 -59.507412 0.069833077 0
-663.45215 -59.583225 0.050944585 0
-663.26794 -59.573734 0.047537543 0
-663.17529 -59.552105 0.067749128 0
-662.83063 -59.54369 0.016175529 0
-662.40576 -59.578415 0.03795084 0
-662.14032 -59.582649 0.094431013 0
-661.90295 -59.593361 0.02481146 0
-661.73193 -59.587708 0.04833772 0
-665.13501 -58.779381 0.076667227 0
-651.10687 -58.341694 0.049520291 0
-650.32861 -58.323555 0.040661126 0
-650.25873 -58.304077 0.038768496 0
-650.16302 -58.311852 0.04232756 0
-653.33319 -58.290386 0.094651543 0
-651.17609 -58.209175 0.086396411 0
-665.04755 -58.134861 0.097425446 0
-650.92029 -58.151878 0.08089152 0
-650.79523 -58.135578 0.075308755 0
-665.06885 -58.079903 0.094923936 0
-650.55499 -58.063496 0.0023778125 0
-653.61908 -57.919033 0.056867003 0
-653.57037 -57.879597 0.023061145 0
-652.84747 -57.83942 0.090245903 0
-652.68219 -57.822308 0.085455164 0
-652.20795 -57.87014 0.081429012 0
-652.01312 -57.883396 0.079156898 0
-651.6131 -57.880226 0.071301602 0
-650.86267 -57.853172 0.054351136 0
-650.59241 -57.833385 0.042219248 0
-650.15442 -57.818199 0.034666352 0
-651.38605 -57.707951 0.074298106 0
-650.97766 -57.60059 0.068302974 0
-650.12061 -57.6185 0.025636561 0
-665.05115 -57.535969 0.052071497 0
-652.81769 -57.569786 0.025462057 0
-650.84698 -57.588009 0.068200856 0
-650.35004 -57.583935 0.073201641 0
-650.50354 -57.46946 0.057044338 0
-652.36896 -57.382877 0.094142959 0
-651.57263 -57.334801 0.081174202 0
-651.40198 -57.307213 0.073997676 0
-651.30841 -57.398991 0.085697368 0
-650.08148 -57.347363 0.076440647 0
-651.01855 -57.273258 0.064867638 0
-650.87823 -57.270821 0.063626632 0
-650.63647 -57.224369 0.055344976 0
-664.94629 -57.017117 0.050785549 0
-653.27032 -56.916622 0.043990027 0
-653.39264 -56.729988 0.048451364 0
-652.3623 -56.703194 0.095897958 0
-652.20215 -56.694618 0.090269327 0
-652.04681 -56.686222 0.084660023 0
-651.31055 -56.635521 0.072398834 0
-650.67548 -56.549072 0.057379976 0
-650.3454 -56.504364 0.052455172 0
-650.50208 -56.422714 0.064674579 0
-650.46198 -56.425022 0.063358419 0
-650.31305 -56.442169 0.059828039 0
-650.09058 -56.472763 0.055342466 0
-664.67847 -56.38369 0.019922484 0
-650.86993 -56.376076 0.062811948 0
-650.67401 -56.326752 0.059822388 0
-651.03009 -56.290359 0.013411861 0
-650.38409 -56.242245 0.053090196 0
-650.1358 -56.218723 0.049577735 0
-664.51544 -56.056885 0.079472475 0
-664.80206 -55.994934 0.084656782 0
-652.07373 -55.91782 0.088546023 0
-652 -55.93795 0.085576713 0
-651.14148 -55.987778 0.068648629 0
-664.66754 -55.885227 0.081336588 0
-650.71765 -55.795189 0.07435941 0
-650.41376 -55.701241 0.067756861 0
-651.64282 -55.638439 0.099605009 0
-650.93286 -55.665161 0.089288957 0
-650.8183 -55.679092 0.087429337 0
-651.78082 -55.45314 0.09484534 0
-651.50586 -55.457794 0.090136342 0
-651.36572 -55.450211 0.086700015 0
-651.19574 -55.44812 0.08328262 0
-650.98572 -55.451683 0.079574376 0
-650.54047 -55.44928 0.070755765 0
-650.15997 -55.430855 0.061457802 0
-652.65704 -55.221622 0.090871289 0
-652.05328 -55.257751 0.089611508 0
-651.56787 -55.209644 0.085207485 0
-650.88629 -55.242249 0.078429133 0
-650.5285 -55.237522 0.071127065 0
-650.05829 -55.210644 0.062514879 0
-651.80798 -55.181065 0.085051686 0
-651.02924 -55.129326 0.074145235 0
-651.09277 -55.010838 0.089720905 0
-650.88898 -55.034401 0.096605092 0
-650.40027 -55.07082 0.078692436 0
-650.19342 -55.05677 0.08192879 0
-650.64636 -54.94426 0.07283096 0
-650.47095 -54.966335 0.079097763 0
-650.21545 -54.93652 0.071076296 0
-651.00262 -54.342255 0.099232651 0
-650.63696 -54.337601 0.089834712 0
-650.52142 -54.309093 0.090149194 0
-650.45569 -54.368061 0.094066218 0
-650.12964 -54.316711 0.08082711 0
-650.02472 -54.307373 0.07777068 0
-653.52197 -54.243908 0.065105103 0
-651.51996 -54.268337 0.097037829 0
-651.36707 -54.267677 0.096201375 0
-650.85364 -54.265453 0.092729226 0
-650.76587 -54.287521 0.094445087 0
-650.22937 -54.286072 0.078873031 0
-650.1795 -54.291382 0.077384904 0
-650.44891 -54.165447 0.080373608 0
-665.03992 -54.045433 0.075800225 0
-664.96478 -54.088669 0.04016342 0
-652.3764 -53.924797 0.077796794 0
-651.7973 -53.996796 0.099376179 0
-651.04474 -53.959091 0.093384698 0
-665.04095 -53.838787 0.064074874 0
-654.04492 -53.842194 0.023457769 0
-653.74316 -53.86409 0.0095026251 0
-653.03149 -53.888771 0.08291956 0
-652.96155 -53.893864 0.080337606 0
-655.1347 -53.799397 0.071751982 0
-664.54297 -52.95327 0.085415579 0
-664.90503 -52.876354 0.070173584 0
-664.70068 -52.81982 0.071461141 0
-664.59039 -52.872505 0.078634664 0
-665.00305 -52.793743 0.013218125 0
-664.99164 -52.772545 0.070506863 0
-695.99908 -51.303661 0.073650114 0
-664.90466 -51.129288 0.012917476 0
-664.88452 -51.02243 0.011581164 0
-664.93219 -50.903065 0.084335744 0
-664.95325 -50.776588 0.027401142 0
-664.88367 -50.62463 0.0062607192 0
-653.26086 -59.900394 0.18302332 0
-652.35449 -59.928543 0.15106763 0
-651.97467 -59.939625 0.13459596 0
-651.63226 -59.937981 0.18005459 0
-651.01648 -59.964417 0.14118245 0
-650.94171 -59.944412 0.16736239 0
-653.63477 -59.830826 0.19686295 0
-653.1369 -59.878494 0.16428876 0
-653.05194 -59.848392 0.12163471 0
-652.74231 -59.829338 0.19881892 0
-652.66772 -59.860783 0.11041491 0
-652.20416 -59.889565 0.16415842 0
-652.13831 -59.896435 0.16468151 0
-652.04974 -59.890083 0.18635042 0
-651.34454 -59.894058 0.1694836 0
-650.4054 -59.895378 0.12474005 0
-657.71619 -59.732491 0.18187857 0
-656.823 -59.756344 0.13693419 0
-662.11353 -59.621399 0.18770237 0
-661.80725 -59.633221 0.16375959 0
-661.33514 -59.627647 0.13353805 0
-661.09326 -59.619068 0.14829768 0
-660.56354 -59.618519 0.11526665 0
-660.44421 -59.631203 0.14889285 0
-660.37189 -59.647385 0.15031447 0
-659.9433 -59.658489 0.15100381 0
-659.81146 -59.677631 0.15260664 0
-659.59033 -59.667873 0.15158607 0
-659.44165 -59.655525 0.16690367 0
-664.44043 -59.505936 0.14471152 0
-664.36267 -59.50819 0.1102467 0
-664.15112 -59.526352 0.12639189 0
-664.06342 -59.51252 0.14061342 0
-663.953 -59.516518 0.13942014 0
-663.6142 -59.538273 0.14265081 0
-663.23126 -59.546829 0.14319357 0
-662.84271 -59.550274 0.17393878 0
-662.79065 -59.55468 0.12572141 0
-662.63989 -59.579033 0.10767728 0
-662.44989 -59.57119 0.12398778 0
-661.60303 -59.548538 0.16140142 0
-661.20593 -59.542534 0.11537253 0
-661.16022 -59.59037 0.14454082 0
-660.62006 -59.589146 0.12713104 0
-660.25574 -59.598797 0.12920302 0
-659.79962 -59.57642 0.13304819 0
-665.0838 -59.41843 0.19526924 0
-664.8501 -59.496735 0.12857804 0
-664.24048 -59.481869 0.12854163 0
-662.82001 -59.492569 0.12490661 0
-665.16223 -59.375084 0.12461598 0
-665.08795 -59.232426 0.18292771 0
-665.0824 -59.036034 0.16590853 0
-665.08191 -58.834743 0.14912842 0
-665.06177 -58.618065 0.1327823 0
-653.75995 -58.296814 0.10833599 0
-652.29382 -58.205574 0.11916529 0
-654.66168 -58.184879 0.12946439 0
-653.16956 -58.192772 0.15749665 0
-652.94135 -58.149368 0.14517966 0
-653.31476 -58.086315 0.11225627 0
-654.00604 -57.966648 0.16423887 0
-652.62524 -57.969463 0.10145853 0
-652.29663 -57.989281 0.11943331 0
-654.58008 -57.884556 0.17664586 0
-654.24695 -57.815357 0.11817944 0
-653.28784 -57.876286 0.10694253 0
-654.8656 -57.413227 0.15088354 0
-654.51801 -57.42762 0.14335978 0
-653.82684 -57.411602 0.12713529 0
-653.24573 -57.400341 0.11196064 0
-652.85919 -57.401237 0.1037462 0
-653.09088 -57.391594 0.11042783 0
-657.10632 -57.26656 0.19906646 0
-652.25574 -57.092613 0.15236202 0
-652.56543 -56.813107 0.11283085 0
-652.86884 -56.708736 0.10387346 0
-653.49506 -56.584915 0.13105091 0
-653.0257 -56.474091 0.11727082 0
-652.46265 -56.42905 0.16280241 0
-653.10999 -56.218781 0.1418989 0
-652.05536 -56.214973 0.10205282 0
-664.72766 -56.149559 0.12185095 0
-652.94897 -56.112614 0.11829472 0
-652.77325 -56.149551 0.1167623 0
-652.4519 -56.10112 0.13018943 0
-653.47583 -56.042027 0.12925354 0
-653.34894 -56.055019 0.12597875 0
-653.20319 -56.061424 0.12086464 0
-664.66217 -55.942387 0.16547503 0
-654.00439 -55.981239 0.14184637 0
-665.10059 -55.863506 0.18326092 0
-664.99695 -55.886902 0.17679787 0
-652.73981 -55.825844 0.10140067 0
-651.0224 -55.89777 0.10527749 0
-653.4314 -55.721489 0.11998384 0
-653.31665 -55.729389 0.11142501 0
-653.08405 -55.786217 0.10764667 0
-653.88739 -55.62355 0.1266311 0
-652.27405 -55.602432 0.11254431 0
-652.01624 -55.61591 0.10716955 0
-651.24359 -55.609974 0.12380654 0
-651.16144 -55.696346 0.10926764 0
-653.49982 -55.502087 0.14090304 0
-653.31268 -55.511227 0.13193411 0
-653.23517 -55.507156 0.12981442 0
-653.04797 -55.515987 0.1258437 0
-652.90216 -55.551773 0.12454654 0
-652.49261 -55.596889 0.12249135 0
-665.10699 -55.492233 0.18459727 0
-665.06293 -55.459473 0.19442014 0
-654.79718 -55.40295 0.15068185 0
-654.57117 -55.479408 0.14635795 0
-652.60565 -55.43922 0.10874515 0
-665.10095 -55.326309 0.17108881 0
-665.08337 -55.380066 0.17721778 0
-654.9455 -55.367287 0.15619054 0
-654.83868 -55.33017 0.15816635 0
-654.02985 -55.394424 0.14010374 0
-653.82477 -55.392876 0.13635576 0
-652.18427 -55.300919 0.11807331 0
-651.0415 -55.389042 0.12171189 0
-650.81464 -55.363495 0.11322566 0
-650.49255 -55.359997 0.10715989 0
-650.30682 -55.394047 0.11241209 0
-665.03479 -55.257153 0.15297666 0
-656.38153 -55.208031 0.1931451 0
-653.26611 -55.285671 0.10168117 0
-652.95062 -55.170624 0.13038442 0
-652.35248 -55.183083 0.11212727 0
-653.11694 -55.098164 0.1272901 0
-652.27368 -55.034878 0.11769447 0
-652.06287 -55.024025 0.11201845 0
-651.38208 -55.063671 0.10231437 0
-650.98163 -55.086567 0.10041987 0
-665.02838 -54.904449 0.13142662 0
-653.7041 -54.928291 0.14752649 0
-653.26416 -54.967667 0.13986646 0
-652.77185 -54.955429 0.11980975 0
-652.42584 -54.968761 0.14622878 0
-653.77417 -54.841557 0.1420608 0
-653.37097 -54.896225 0.13452667 0
-651.01166 -54.859451 0.15567981 0
-654.93622 -54.737751 0.16906767 0
-653.95361 -54.762306 0.17640474 0
-653.84894 -54.749931 0.17251222 0
-654.22009 -54.696854 0.18053398 0
-653.90436 -54.6404 0.15720007 0
-654.73126 -54.527504 0.18489568 0
-651.94519 -54.423759 0.13176599 0
-651.74139 -54.306393 0.11451596 0
-651.19208 -54.326744 0.10268586 0
-653.74298 -54.220745 0.15051815 0
-653.22559 -54.252068 0.13920796 0
-652.8338 -54.275669 0.11978184 0
-652.25671 -54.288845 0.11059429 0
-651.85577 -54.280422 0.10351235 0
-651.72028 -54.282642 0.10262985 0
-651.49042 -54.203632 0.10901351 0
-665.01166 -54.188686 0.19419001 0
-657.42365 -54.19529 0.1793416 0
-654.65009 -54.046692 0.15678301 0
-654.54102 -54.081596 0.16220142 0
-653.05896 -54.024014 0.14640214 0
-652.99139 -54.045322 0.11135653 0
-652.88531 -54.022549 0.10937438 0
-652.74121 -54.031509 0.13423617 0
-652.62885 -54.013401 0.10709349 0
-652.47461 -54.033764 0.13028082 0
-652.1698 -54.044163 0.11156792 0
-651.97534 -54.085335 0.11075376 0
-651.16541 -54.092728 0.15307344 0
-650.74646 -54.003761 0.11430477 0
-650.23029 -54.018349 0.19069567 0
-650.17157 -54.023987 0.14957194 0
-650.09509 -54.020721 0.15098883 0
-664.94928 -53.980522 0.15226142 0
-655.98865 -53.978985 0.19789594 0
-654.57733 -53.95013 0.19742127 0
-653.9895 -53.940151 0.16475247 0
-653.65613 -53.911118 0.17406689 0
-653.45654 -53.90662 0.14940022 0
-653.2569 -53.907776 0.14362009 0
-653.10742 -53.92363 0.13423291 0
-653.01257 -53.939194 0.13643001 0
-652.9375 -53.946522 0.1722163 0
-652.82861 -53.957905 0.13550316 0
-652.73975 -53.947643 0.1650636 0
-652.66351 -53.966228 0.1212039 0
-652.54626 -53.954792 0.16237161 0
-652.44684 -53.945953 0.16218311 0
-652.36188 -53.956867 0.14204001 0
-652.28003 -53.931435 0.18535918 0
-652.16742 -53.935528 0.18754771 0
-652.09296 -53.923843 0.18660016 0
-651.98022 -53.951462 0.17330766 0
-651.84131 -53.957993 0.16250943 0
-651.61951 -53.947666 0.17908117 0
-651.43896 -53.976562 0.1712013 0
-651.35236 -53.962959 0.17507179 0
-651.28674 -53.974667 0.1727477 0
-651.13678 -53.981373 0.15511413 0
-650.96057 -53.968407 0.15092188 0
-650.69751 -53.979679 0.16905896 0
-650.51611 -53.993843 0.1761283 0
-650.22559 -53.99762 0.18580209 0
-650.17163 -53.989388 0.13628517 0
-654.63837 -53.848339 0.1849331 0
-654.20966 -53.872326 0.1812553 0
-654.17822 -53.881432 0.17083554 0
-664.94153 -53.732174 0.12857832 0
-657.05762 -53.7276 0.17014714 0
-655.87994 -53.795174 0.1917278 0
-655.76227 -53.776623 0.10436129 0
-664.54968 -52.913464 0.15281199 0
-664.82043 -52.893841 0.18687257 0
-664.70953 -52.88023 0.10035766 0
-664.59082 -52.877544 0.10377623 0
-664.95605 -52.191063 0.14786127 0
-664.95813 -51.788288 0.13283253 0
-664.92261 -50.647686 0.18722832 0
-665.28595 -65.794434 0.26774409 0
-653.05988 -59.914837 0.28002074 0
-652.42767 -59.901707 0.27828228 0
-652.14722 -59.904739 0.27172422 0
-651.50311 -59.928341 0.25769299 0
-651.26093 -59.943378 0.25786382 0
-650.6629 -59.967438 0.24504481 0
-650.3363 -59.969978 0.23741892 0
-650.19415 -59.974445 0.23431849 0
-657.18396 -59.800884 0.20330149 0
-655.3717 -59.804443 0.21387938 0
-655.01654 -59.804527 0.25404105 0
-654.95679 -59.807739 0.25289619 0
-654.37335 -59.824112 0.24055435 0
-654.09076 -59.821621 0.2629846 0
-653.60541 -59.845524 0.22426954 0
-653.4679 -59.823685 0.24215493 0
-653.15503 -59.830452 0.23005912 0
-653.06671 -59.846519 0.2288918 0
-652.97205 -59.860138 0.20558883 0
-652.89062 -59.859314 0.25665373 0
-652.44183 -59.864998 0.20553049 0
-652.04962 -59.842819 0.20188746 0
-651.66833 -59.861637 0.24186173 0
-650.89581 -59.833023 0.2084599 0
-658.61371 -59.711456 0.28846571 0
-657.2348 -59.746582 0.20016293 0
-654.58777 -59.796528 0.27993277 0
-663.04193 -59.601597 0.26839134 0
-661.35248 -59.620422 0.28787544 0
-660.9306 -59.614323 0.26637256 0
-660.58496 -59.641479 0.24592549 0
-660.46887 -59.619522 0.29490313 0
-660.37939 -59.650951 0.2363667 0
-660.05566 -59.640739 0.2480168 0
-659.96252 -59.645142 0.21980989 0
-659.46014 -59.683834 0.26073009 0
-659.12372 -59.661362 0.23869531 0
-657.80499 -59.676777 0.21727222 0
-664.34229 -59.545059 0.293818 0
-663.67017 -59.508976 0.29495475 0
-662.99158 -59.533363 0.25213316 0
-661.35284 -59.588669 0.26955837 0
-660.35962 -59.574486 0.22034821 0
-663.09827 -59.483509 0.28774863 0
-662.73267 -59.48901 0.25307554 0
-662.67102 -59.468235 0.24734285 0
-665.10577 -57.636417 0.25208136 0
-656.45978 -57.380661 0.21537559 0
-656.39331 -57.392689 0.21385229 0
-665.03705 -56.929432 0.27551085 0
-657.26025 -56.329212 0.22853236 0
-665.03528 -55.948185 0.27070194 0
-664.85938 -55.929642 0.2618705 0
-664.73022 -55.921635 0.25070131 0
-664.65887 -55.927608 0.24258286 0
-657.5799 -55.833023 0.20763996 0
-657.10675 -55.570629 0.20735663 0
-656.78149 -55.549206 0.21791898 0
-665.01251 -55.436985 0.2672371 0
-656.96051 -55.143223 0.20174617 0
-665.00055 -55.027824 0.23141995 0
-656.24927 -54.535793 0.20543993 0
-650.24115 -54.222721 0.28312501 0
-664.94281 -54.122784 0.24989839 0
-657.44287 -54.129166 0.21329248 0
-651.73291 -54.177032 0.28103775 0
-651.07208 -54.105579 0.28938755 0
-650.86621 -54.100159 0.28138596 0
-657.40991 -54.091042 0.2453572 0
-652.69904 -54.002205 0.29977316 0
-650.96271 -54.005032 0.21096937 0
-650.26355 -54.034222 0.20439921 0
-664.97668 -53.949036 0.26830202 0
-653.51379 -53.908485 0.26767594 0
-653.42365 -53.922993 0.2319603 0
-653.26416 -53.905514 0.21728869 0
-653.10278 -53.907951 0.21732984 0
-653.04297 -53.945759 0.23517621 0
-652.9151 -53.906097 0.22357887 0
-652.65405 -53.929939 0.2291393 0
-652.54395 -53.917526 0.2047562 0
-652.43701 -53.938782 0.21858311 0
-652.32874 -53.959667 0.23221871 0
-652.07263 -53.951477 0.22029188 0
-651.98425 -53.955299 0.21940145 0
-651.74561 -53.961975 0.21916756 0
-651.51508 -53.971008 0.256699 0
-651.41223 -53.990082 0.21813534 0
-651.28271 -53.991421 0.20406173 0
-651.15033 -53.993771 0.20103042 0
-650.8631 -53.966339 0.21747826 0
-650.45276 -53.996696 0.22187112 0
-650.37256 -53.98785 0.22096287 0
-650.15546 -53.997341 0.22142544 0
-664.95386 -53.878826 0.27747607 0
-657.32361 -53.804131 0.2720198 0
-657.17889 -53.801788 0.25916156 0
-657.01288 -53.835743 0.20510738 0
-656.91431 -53.811356 0.23845547 0
-656.52917 -53.80788 0.28272212 0
-656.31122 -53.806763 0.29873914 0
-656.22644 -53.80175 0.29098174 0
-656.01819 -53.805046 0.21107507 0
-655.98285 -53.822548 0.27522743 0
-655.53729 -53.854641 0.26727614 0
-655.13049 -53.833015 0.26578867 0
-654.97235 -53.814606 0.23543367 0
-654.5199 -53.850803 0.28734988 0
-654.4696 -53.889587 0.29170492 0
-654.30817 -53.873913 0.24468547 0
-654.11072 -53.863873 0.27903894 0
-653.87152 -53.885685 0.22867954 0
-653.74548 -53.877678 0.22305194 0
-653.633 -53.885452 0.22846754 0
-653.45038 -53.890495 0.23823172 0
-664.97723 -53.725479 0.24501382 0
-657.81232 -53.716934 0.23473713 0
-657.07458 -53.798866 0.25215137 0
-656.67737 -53.791687 0.24880511 0
-656.13678 -53.788116 0.2684761 0
-655.6701 -53.749866 0.22612669 0
-655.14777 -53.777172 0.21404542 0
-654.99854 -53.78236 0.20415197 0
-664.9422 -52.878494 0.2947076 0
-664.98669 -52.773819 0.20962477 0
-696.21442 -52.253311 0.22867021 0
-696.1933 -52.194164 0.22951744 0
-696.42798 -51.648636 0.25717846 0
-695.99304 -50.596443 0.24538021 0
-660.00018 -59.70385 0.37211686 0
-656.05249 -59.729046 0.30715623 0
-661.28992 -59.607067 0.32741213 0
-660.93439 -59.603672 0.31302059 0
-660.67407 -59.626713 0.33439711 0
-660.58826 -59.631474 0.31409007 0
-659.8161 -59.642166 0.30565974 0
-659.16333 -59.631645 0.36799768 0
-659.00537 -59.650921 0.39656106 0
-658.8396 -59.659809 0.30245271 0
-664.24597 -59.535725 0.37402046 0
-663.5481 -59.533607 0.3388167 0
-663.24011 -59.515396 0.31367514 0
-662.92767 -59.582813 0.38115719 0
-662.65503 -59.552292 0.38899413 0
-662.54791 -59.540813 0.31954649 0
-662.31476 -59.550274 0.34783137 0
-661.57745 -59.524158 0.32468289 0
-661.21027 -59.536018 0.32388851 0
-664.95251 -59.466625 0.37814638 0
-665.14471 -59.382286 0.32739177 0
-665.11151 -58.030312 0.34440351 0
-665.09912 -57.521034 0.30808973 0
-665.10956 -56.701332 0.36328119 0
-665.06897 -56.745865 0.34040481 0
-664.96027 -55.93288 0.35489085 0
-664.99573 -55.873287 0.34077147 0
-651.76294 -54.203854 0.3124277 0
-651.55438 -54.21048 0.3336992 0
-651.2757 -54.220604 0.33544004 0
-651.04187 -54.216469 0.31475815 0
-650.66003 -54.223545 0.33711609 0
-650.54504 -54.214962 0.31657398 0
-650.36755 -54.232716 0.31639224 0
-650.24878 -54.228924 0.30935624 0
-650.04498 -54.202759 0.32463849 0
-664.953 -54.140915 0.30156836 0
-653.99487 -54.132549 0.37360239 0
-653.78516 -54.126221 0.36269903 0
-653.44562 -54.121487 0.35194942 0
-653.36157 -54.117569 0.35213229 0
-653.22552 -54.119144 0.34521636 0
-652.95038 -54.158783 0.33226511 0
-652.89294 -54.13596 0.39330801 0
-652.55249 -54.136482 0.34367269 0
-652.44727 -54.129326 0.33750373 0
-652.39575 -54.196198 0.31092003 0
-652.25073 -54.160046 0.3345426 0
-652.11591 -54.139301 0.31469646 0
-651.6286 -54.158665 0.33402494 0
-651.52722 -54.13171 0.30558246 0
-650.99957 -54.146172 0.34873042 0
-650.54291 -54.187294 0.32925209 0
-650.37848 -54.187393 0.32787287 0
-664.98029 -54.072994 0.30116177 0
-655.56427 -54.055656 0.38652307 0
-655.49249 -54.031902 0.37418598 0
-655.18512 -54.064316 0.39154097 0
-654.82806 -54.076668 0.36927879 0
-654.53693 -54.096512 0.38383514 0
-654.31689 -54.067921 0.37792775 0
-653.69733 -54.062016 0.36720246 0
-653.37585 -54.090698 0.35490721 0
-653.0611 -54.070751 0.37102079 0
-655.40375 -53.919411 0.35550576 0
-654.31818 -53.93351 0.30826926 0
-657.49908 -53.846645 0.38370132 0
-654.01324 -53.880276 0.33178952 0
-657.55585 -53.742107 0.32847944 0
-657.33337 -53.764984 0.30544624 0
-657.2381 -53.743317 0.34881282 0
-656.66339 -53.734737 0.31786552 0
-650.37402 -53.74007 0.32817292 0
-650.21985 -53.72805 0.31980583 0
-651.96405 -53.657017 0.35897005 0
-651.8645 -53.624805 0.35464591 0
-651.44794 -53.636288 0.3517817 0
-650.94769 -53.6325 0.34437239 0
-650.88208 -53.663326 0.33223811 0
-650.29871 -53.621006 0.34533828 0
-650.00177 -53.622101 0.34467503 0
-652.62238 -53.508247 0.37561333 0
-652.56372 -53.510696 0.3424117 0
-652.4668 -53.508682 0.35746291 0
-652.27264 -53.507206 0.37913647 0
-652.10327 -53.52367 0.38745061 0
-652.04053 -53.519882 0.38667583 0
-651.68091 -53.51825 0.37957367 0
-651.56537 -53.510395 0.3795388 0
-651.48291 -53.500172 0.32965237 0
-651.21246 -53.511948 0.35187417 0
-651.17419 -53.537716 0.37896413 0
-651.07263 -53.508381 0.34481716 0
-650.74298 -53.5256 0.38000005 0
-650.60065 -53.569881 0.36684629 0
-650.43182 -53.556152 0.35053423 0
-650.20703 -53.565395 0.38555825 0
-650.14807 -53.540176 0.35854429 0
-650.05554 -53.526436 0.37818611 0
-654.9115 -53.463638 0.38420025 0
-654.59711 -53.450874 0.36631545 0
-652.62988 -53.496284 0.33759847 0
-652.52368 -53.470097 0.39676642 0
-652.23029 -53.492161 0.36309195 0
-652.17401 -53.45623 0.3816855 0
-651.36401 -53.498898 0.39394054 0
-651.28284 -53.498711 0.35305488 0
-655.25415 -53.361835 0.39216661 0
-654.7453 -53.358635 0.36228982 0
-664.66461 -52.801388 0.32532844 0
-664.9165 -50.658516 0.35481733 0
-664.88867 -50.554863 0.3737424 0
-662.22821 -59.604195 0.40650702 0
-661.02509 -59.631725 0.4157103 0
-660.48218 -59.625099 0.45357484 0
-660.05566 -59.652733 0.43762037 0
-659.71307 -59.656471 0.42650333 0
-659.32831 -59.679619 0.48604912 0
-664.54724 -59.524582 0.48635879 0
-664.32654 -59.52916 0.47239 0
-664.03766 -59.512108 0.4721337 0
-663.94519 -59.531647 0.44458482 0
-663.84955 -59.518341 0.47980806 0
-663.64502 -59.528778 0.47845885 0
-663.45294 -59.542107 0.42826587 0
-663.32709 -59.536648 0.4347488 0
-662.96265 -59.560963 0.44713962 0
-662.81488 -59.571156 0.46771848 0
-662.7627 -59.543678 0.42276371 0
-662.34619 -59.586227 0.45296371 0
-662.0061 -59.568272 0.44652724 0
-661.87701 -59.591377 0.43741331 0
-660.75531 -59.524174 0.4613384 0
-665.14105 -59.462379 0.44962659 0
-664.56427 -59.440948 0.42708638 0
-664.30475 -59.485275 0.43527097 0
-665.09857 -59.026714 0.48801956 0
-665.11926 -58.680115 0.49799165 0
-665.09149 -58.024628 0.41705343 0
-665.11981 -57.538506 0.45984414 0
-665.05286 -57.560921 0.43306702 0
-665.10474 -57.08823 0.41648567 0
-664.65674 -55.958431 0.42298147 0
-664.74768 -55.883232 0.42921361 0
-653.94775 -54.144703 0.4375121 0
-656.95447 -54.016357 0.46292409 0
-656.42163 -54.033302 0.41096023 0
-656.09424 -54.016418 0.42791966 0
-654.68317 -54.08432 0.44684875 0
-654.54333 -54.055878 0.44195765 0
-652.54578 -54.009747 0.40647742 0
-652.47577 -54.014706 0.40513885 0
-652.12653 -54.074196 0.44454232 0
-664.97644 -53.987274 0.4647145 0
-657.45099 -53.971313 0.40553197 0
-653.00751 -53.918144 0.40733269 0
-652.76074 -53.958649 0.40682247 0
-664.96655 -53.601524 0.40149319 0
-654.42206 -53.504704 0.44723794 0
-652.40735 -53.507084 0.41583955 0
-652.04822 -53.515968 0.42877889 0
-651.75098 -53.50116 0.44039804 0
-651.65723 -53.50235 0.49451494 0
-651.54956 -53.518101 0.4516409 0
-651.47418 -53.509491 0.45448062 0
-651.32294 -53.522358 0.42722604 0
-651.16809 -53.534889 0.42548692 0
-651.04395 -53.513611 0.47932854 0
-650.92249 -53.583042 0.43870896 0
-650.80304 -53.545944 0.41955698 0
-650.76056 -53.531532 0.44036797 0
-650.54602 -53.557796 0.43443257 0
-650.44067 -53.549747 0.44953531 0
-650.34723 -53.547592 0.44997925 0
-650.22961 -53.561184 0.48817429 0
-650.1709 -53.536392 0.44156182 0
-650.03485 -53.532299 0.43333939 0
-656.04279 -53.445068 0.4973217 0
-655.87085 -53.406895 0.45603427 0
-655.06207 -53.492653 0.46439591 0
-654.90094 -53.449982 0.46415344 0
-654.87866 -53.4156 0.42883939 0
-654.57257 -53.483967 0.44749624 0
-654.2525 -53.495022 0.43647489 0
-653.63184 -53.423485 0.46994343 0
-653.50494 -53.424801 0.43192822 0
-653.33118 -53.450874 0.4341321 0
-653.27728 -53.411659 0.47182921 0
-653.15778 -53.474438 0.40306377 0
-653.01886 -53.462593 0.41426763 0
-652.91663 -53.468128 0.44205537 0
-652.80389 -53.462162 0.40603349 0
-652.68774 -53.484806 0.44892523 0
-652.56268 -53.481899 0.44631386 0
-652.35486 -53.476326 0.47081089 0
-652.25922 -53.485832 0.49813217 0
-652.17865 -53.488705 0.49753514 0
-651.9668 -53.480789 0.49184036 0
-651.82239 -53.483021 0.48235452 0
-651.75525 -53.48896 0.49154109 0
-651.67645 -53.48991 0.48558182 0
-657.7771 -53.343346 0.41115221 0
-657.48981 -53.312687 0.49330869 0
-657.17487 -53.377754 0.46946055 0
-656.7052 -53.327721 0.4862234 0
-656.63983 -53.363319 0.47230396 0
-655.91187 -53.318184 0.4360792 0
-655.50385 -53.334595 0.48947009 0
-655.33624 -53.364689 0.44956535 0
-654.16602 -53.394711 0.47441822 0
-654.06799 -53.370804 0.49555713 0
-653.68634 -53.348286 0.47897941 0
-653.17621 -53.384941 0.46511975 0
-656.14215 -53.290249 0.45222652 0
-664.52222 -52.978069 0.49189344 0
-664.93549 -52.857479 0.47114736 0
-664.82251 -52.854271 0.46956941 0
-664.73584 -52.855171 0.46861029 0
-665.01538 -52.769669 0.41534641 0
-665.06488 -52.545765 0.46177882 0
-665.06158 -52.349438 0.44951862 0
-664.96295 -52.376507 0.48194596 0
-665.05695 -52.279114 0.44220278 0
-664.927 -51.203785 0.42947984 0
-664.88623 -51.225578 0.47710782 0
-664.87628 -51.096077 0.47643438 0
-664.87219 -50.818924 0.40701339 0
-664.89465 -50.775715 0.40454111 0
-664.87109 -50.555515 0.44380343 0
-664.88928 -50.440453 0.47784472 0
-664.77393 -50.471657 0.44163451 0
-662.3938 -59.617428 0.54918236 0
-662.27832 -59.625187 0.54270422 0
-662.17279 -59.637947 0.53110945 0
-661.9472 -59.638367 0.51381153 0
-661.77655 -59.640118 0.50191176 0
-660.99121 -59.610168 0.5069108 0
-660.31506 -59.604836 0.56934488 0
-659.93079 -59.657249 0.56660593 0
-659.61707 -59.65057 0.58492523 0
-664.78339 -59.535011 0.50379276 0
-664.55359 -59.514252 0.50609928 0
-664.1264 -59.531422 0.5052079 0
-663.65332 -59.537018 0.51879901 0
-663.21295 -59.522823 0.53436166 0
-662.92957 -59.564491 0.56140357 0
-662.6394 -59.547928 0.54947722 0
-662.39618 -59.558563 0.53295279 0
-662.02795 -59.578514 0.51988411 0
-661.88519 -59.587334 0.51595449 0
-661.33142 -59.568245 0.53882855 0
-661.14954 -59.552319 0.50598758 0
-665.07812 -59.466663 0.58379185 0
-664.9942 -59.450645 0.58005774 0
-664.63452 -59.480358 0.57234639 0
-664.48315 -59.488522 0.53853035 0
-664.26862 -59.475082 0.56115127 0
-664.02948 -59.498001 0.55471444 0
-665.14447 -59.251423 0.52834791 0
-665.10449 -59.135548 0.53742689 0
-665.02679 -58.436802 0.5625369 0
-665.09216 -58.38192 0.50482601 0
-665.12579 -57.91127 0.52851659 0
-665.05511 -57.39185 0.59352595 0
-665.06268 -57.059532 0.56226027 0
-665.04431 -55.553238 0.53888363 0
-665.04352 -55.408195 0.51582175 0
-664.99646 -53.853245 0.56800646 0
-664.96021 -53.756062 0.58830535 0
-651.70111 -53.523705 0.54654521 0
-651.31696 -53.558765 0.50484848 0
-650.85321 -53.54911 0.50569713 0
-650.67975 -53.56398 0.51192188 0
-650.56384 -53.540134 0.50949007 0
-650.39301 -53.51955 0.54201967 0
-650.1485 -53.552933 0.54044008 0
-655.67853 -53.429958 0.51056141 0
-653.58081 -53.400204 0.59311026 0
-653.45819 -53.4366 0.51684552 0
-653.39563 -53.477966 0.53931832 0
-653.28888 -53.432007 0.53580093 0
-653.1803 -53.457054 0.51507121 0
-653.07532 -53.443333 0.5290314 0
-652.90753 -53.44492 0.52486783 0
-652.71436 -53.437641 0.55453444 0
-652.6347 -53.451645 0.54239988 0
-652.55579 -53.460442 0.51354074 0
-652.4751 -53.462154 0.54111302 0
-652.36847 -53.491119 0.56217432 0
-652.18701 -53.469402 0.504004 0
-652.0838 -53.411793 0.58886606 0
-651.99487 -53.433147 0.56911331 0
-651.7417 -53.447712 0.55286372 0
-651.53815 -53.469536 0.56037813 0
-651.10382 -53.462158 0.5476923 0
-650.93628 -53.470863 0.54043901 0
-650.86597 -53.465469 0.5774287 0
-650.76624 -53.469757 0.56939483 0
-650.4751 -53.486004 0.52914846 0
-650.37524 -53.481625 0.52622747 0
-650.22272 -53.482811 0.56992 0
-658.17371 -53.31118 0.51953721 0
-657.82379 -53.31601 0.50518495 0
-657.05841 -53.32914 0.58580106 0
-656.70844 -53.34296 0.5948928 0
-656.52295 -53.378242 0.55112684 0
-656.43359 -53.365929 0.56931758 0
-656.39471 -53.36618 0.58816785 0
-656.01135 -53.33165 0.5793432 0
-655.44543 -53.374771 0.53981817 0
-654.86816 -53.37384 0.57549071 0
-654.4931 -53.312569 0.53216469 0
-654.38361 -53.357899 0.53747463 0
-653.75214 -53.357193 0.55679339 0
-653.68494 -53.381668 0.59522879 0
-653.41211 -53.381275 0.54141438 0
-653.34772 -53.395885 0.53903359 0
-652.86578 -53.399559 0.5104748 0
-664.521 -52.941586 0.57219946 0
-664.88959 -52.844872 0.52689201 0
-664.71472 -52.893524 0.5462597 0
-664.69843 -52.892582 0.50618958 0
-664.95068 -52.02758 0.59520972 0
-664.93958 -51.850826 0.57749468 0
-664.93103 -51.553173 0.54984754 0
-664.91357 -51.152256 0.53041649 0
-664.86316 -50.933136 0.58060092 0
-664.86334 -50.825512 0.53732097 0
-664.86505 -50.572075 0.52580768 0
-661.70569 -59.665031 0.69193417 0
-661.61798 -59.641857 0.68568051 0
-660.98401 -59.629829 0.68270588 0
-660.49072 -59.696552 0.6638068 0
-660.3985 -59.675331 0.66262555 0
-664.34424 -59.510181 0.61054206 0
-663.90845 -59.510441 0.69583583 0
-663.83948 -59.516029 0.64861381 0
-663.79883 -59.532097 0.69604087 0
-663.48883 -59.508114 0.67822874 0
-663.38422 -59.529694 0.67855155 0
-663.10461 -59.544579 0.67019862 0
-662.9848 -59.541988 0.66281116 0
-662.31592 -59.57402 0.63931429 0
-662.01575 -59.545353 0.62403345 0
-661.44702 -59.59935 0.6117847 0
-661.1759 -59.582958 0.65490305 0
-661.00861 -59.547459 0.67670554 0
-665.04999 -59.498089 0.66872698 0
-665.11133 -59.043419 0.66867673 0
-665.1463 -58.694481 0.63668031 0
-665.07477 -57.850452 0.63491082 0
-665.04443 -57.465759 0.6432451 0
-664.8335 -55.946552 0.68077618 0
-665.06012 -55.045891 0.625911 0
-665.11267 -54.988655 0.67549527 0
-665.11224 -54.832344 0.66174197 0
-665.03052 -54.137451 0.68404174 0
-664.9942 -54.122543 0.66265506 0
-664.98749 -53.966923 0.63013178 0
-652.84766 -53.42717 0.61956328 0
-652.34552 -53.416431 0.66318959 0
-652.14923 -53.464127 0.64423233 0
-652.00391 -53.443466 0.62506485 0
-651.24945 -53.470203 0.65322262 0
-650.71985 -53.433117 0.62334734 0
-650.49298 -53.486679 0.61632025 0
-650.24133 -53.476383 0.6048218 0
-658.22876 -53.329559 0.63174891 0
-657.97058 -53.334896 0.63393456 0
-657.87018 -53.33696 0.62004834 0
-657.60205 -53.341843 0.61445117 0
-657.54968 -53.346252 0.61294389 0
-657.13721 -53.332153 0.61897588 0
-656.02008 -53.346558 0.61524653 0
-655.74658 -53.335068 0.65722358 0
-654.10718 -53.361645 0.64183617 0
-653.61975 -53.351578 0.60410118 0
-653.22833 -53.370617 0.60002178 0
-650.46985 -53.364559 0.63333511 0
-658.21619 -53.225693 0.67614257 0
-658.06775 -53.237759 0.68022746 0
-657.87213 -53.266933 0.66429406 0
-657.54761 -53.278561 0.64469969 0
-657.44366 -53.24934 0.6855666 0
-657.29749 -53.273083 0.64410108 0
-656.51276 -53.216976 0.60407883 0
-664.59772 -53.199219 0.6037733 0
-658.03693 -53.158405 0.6725986 0
-664.88586 -52.928825 0.67180401 0
-664.58594 -52.912319 0.62387544 0
-664.7348 -52.872044 0.62001872 0
-665.02545 -52.791824 0.62166214 0
-664.97601 -52.090466 0.62005699 0
-664.98468 -51.986282 0.60501897 0
-664.9231 -51.017273 0.67090899 0
-664.90594 -50.961346 0.65327835 0
-662.35248 -59.616844 0.70518512 0
-661.24371 -59.634563 0.72889489 0
-661.01794 -59.656307 0.74726939 0
-659.83112 -59.652367 0.73199183 0
-664.76062 -59.533943 0.74266988 0
-664.45618 -59.523338 0.70027786 0
-664.27295 -59.503696 0.71162194 0
-664.04083 -59.587048 0.75769144 0
-663.7674 -59.523472 0.7365371 0
-663.5188 -59.556377 0.72561997 0
-663.34668 -59.548424 0.73515618 0
-663.02399 -59.55373 0.71716583 0
-662.22968 -59.582787 0.79695487 0
-661.95959 -59.515945 0.76264644 0
-661.73297 -59.596954 0.72657239 0
-664.78735 -59.499443 0.7834416 0
-664.57251 -59.498001 0.72630686 0
-665.1145 -58.647896 0.71286488 0
-665.08911 -58.345261 0.74798852 0
-665.08521 -57.581917 0.75678903 0
-665.08301 -57.411762 0.75429308 0
-665.0639 -57.151913 0.79347849 0
-664.61884 -56.055546 0.77835399 0
-664.599 -56.004997 0.72459817 0
-664.92151 -55.924747 0.75544822 0
-664.7132 -55.986439 0.76146579 0
-664.68195 -55.924915 0.73605525 0
-664.89722 -55.891323 0.72894108 0
-665.02527 -54.230877 0.79347819 0
-664.94702 -54.008717 0.7063092 0
-665.00562 -53.944637 0.78529543 0
-664.93445 -53.654358 0.70398456 0
-657.0769 -53.319843 0.76085865 0
-656.27429 -53.352291 0.71703994 0
-658.00104 -53.268482 0.73480499 0
-657.64429 -53.25436 0.74586046 0
-657.04187 -53.233128 0.71776861 0
-655.00177 -53.283092 0.70366889 0
-664.92041 -52.880993 0.72041428 0
-664.80176 -52.875725 0.72600126 0
-664.54236 -52.850471 0.78548074 0
-664.93573 -51.636021 0.79385394 0
-664.95575 -51.493206 0.76693118 0
-664.90692 -51.193413 0.70711219 0
-664.79309 -51.130299 0.71200186 0
-664.86261 -50.585121 0.7601555 0
-664.90997 -50.407906 0.74169105 0
-661.81482 -59.60215 0.8948366 0
-661.50848 -59.633263 0.8740806 0
-661.05957 -59.617538 0.87988627 0
-660.97186 -59.621658 0.8788566 0
-660.8078 -59.618797 0.87634206 0
-660.39185 -59.628319 0.87100881 0
-660.14679 -59.643265 0.8634792 0
-659.65216 -59.652367 0.85707021 0
-663.26208 -59.500374 0.89196324 0
-663.16229 -59.516861 0.89646798 0
-663.09692 -59.525074 0.89022261 0
-662.85089 -59.538284 0.86678898 0
-662.78992 -59.576244 0.8008818 0
-661.68359 -59.568272 0.8726238 0
-661.40961 -59.574677 0.89288658 0
-661.10052 -59.586227 0.89500755 0
-660.80365 -59.566742 0.89138788 0
-659.7984 -59.598354 0.85065323 0
-665.02313 -59.496929 0.81860375 0
-665.11285 -59.117435 0.8099668 0
-665.15472 -58.519875 0.89893335 0
-665.04309 -55.992348 0.86869723 0
-665.09119 -55.825356 0.83887136 0
-665.04614 -55.580837 0.82825232 0
-664.65814 -55.356384 0.89029598 0
-664.88666 -55.136803 0.88513768 0
-664.99603 -54.815422 0.8740527 0
-664.62042 -54.891537 0.86438471 0
-664.94153 -54.296204 0.84888744 0
-664.89331 -53.811443 0.80112648 0
-664.77289 -53.813263 0.89427119 0
-664.94647 -53.772034 0.89538503 0
-664.88367 -53.787014 0.89903724 0
-664.65442 -53.641926 0.87341148 0
-664.74133 -53.340172 0.87103105 0
-664.85217 -52.913624 0.82355142 0
-664.75439 -52.87949 0.80615693 0
-664.55786 -52.877628 0.80465108 0
-664.98792 -52.055779 0.89477044 0
-664.99146 -51.808208 0.86968279 0
-664.94891 -51.452446 0.83348298 0
-664.8764 -51.223061 0.87736082 0
-664.91339 -51.113754 0.88507611 0
-664.88031 -51.123333 0.89187449 0
-664.90588 -50.906258 0.84959614 0
-664.88898 -50.943787 0.84399992 0
-664.89423 -50.803715 0.85121006 0
-664.93823 -50.672504 0.84559804 0
-664.48193 -50.119244 0.8579573 0
-660.39838 -59.62685 0.97876245 0
-664.33997 -59.512115 0.91874009 0
-663.21729 -59.523392 0.90156734 0
-662.92517 -59.567375 0.91897082 0
-662.32947 -59.588028 0.90651536 0
-662.02411 -59.560863 0.90308893 0
-661.97766 -59.547138 0.90042961 0
-665.18512 -59.404579 0.94491476 0
-664.01355 -59.498627 0.9123497 0
-663.7912 -59.468479 0.94685179 0
-663.50806 -59.464058 0.91889328 0
-665.07428 -57.996372 0.92794484 0
-664.61047 -56.036396 0.99380404 0
-664.60144 -55.635551 0.94294912 0
-664.5249 -55.523609 0.97860122 0
-664.4679 -55.243996 0.97808379 0
-664.4624 -55.083939 0.96584469 0
-664.57996 -54.8867 0.9928059 0
-664.48987 -54.218117 0.91873717 0
-664.55505 -54.167778 0.92711103 0
-664.57141 -54.077118 0.91844118 0
-664.55591 -53.623344 0.91305804 0
-664.5943 -53.516457 0.98177129 0
-664.58972 -53.294598 0.95552033 0
-664.58643 -53.092884 0.93347317 0
-664.58496 -52.896297 0.9154228 0
-664.52954 -52.510799 0.91103488 0
-664.52991 -52.430115 0.99429762 0
-664.48822 -52.397858 0.9597528 0
-664.49963 -52.048615 0.99648815 0
-664.52582 -51.969753 0.98245549 0
-664.47241 -51.880341 0.97789299 0
-664.94348 -51.789425 0.9648813 0
-664.56982 -51.622452 0.98155129 0
-664.47937 -51.548126 0.99318552 0
-664.9574 -51.453663 0.94933432 0
-664.49084 -51.426838 0.99284899 0
-664.51123 -51.305099 0.96312726 0
-664.48157 -51.305466 0.97436047 0
-664.45276 -51.223068 0.95163238 0
-664.46442 -51.191097 0.9670577 0
-664.45502 -50.940388 0.90021366 0
-664.47266 -50.823517 0.94558138 0
-664.44928 -50.592983 0.97252387 0
-664.68658 -50.305637 0.93680209 0
-664.44666 -50.395485 0.95823956 0
-664.4472 -50.094566 0.97770911 0
-661.98303 -59.552368 1.0356129 0
-661.17316 -59.569717 1.0129594 0
-665.22882 -59.307529 1.0901054 0
-665.21356 -58.774036 1.0361927 0
-665.0791 -58.072861 1.0743361 0
-665.07635 -57.819378 1.0498912 0
-665.06659 -57.739994 1.082031 0
-665.07343 -57.639854 1.0283862 0
-665.06628 -57.5466 1.0123446 0
-664.54236 -55.997425 1.0860227 0
-664.67853 -55.897655 1.0689757 0
-664.65784 -55.546856 1.0777147 0
-664.63733 -54.806297 1.0592142 0
-664.6225 -54.391129 1.0485437 0
-664.61786 -54.10025 1.0440673 0
-664.76953 -53.402145 1.0890809 0
-664.5191 -53.449547 1.0784585 0
-664.5459 -53.35088 1.0504634 0
-664.60742 -53.280243 1.0229735 0
-664.51495 -53.225029 1.0477567 0
-664.52393 -53.04192 1.0187182 0
-664.53979 -52.97905 1.0297567 0
-664.54395 -52.823734 1.011137 0
-664.46564 -52.741673 1.0549687 0
-664.50098 -52.514862 1.0750936 0
-664.47876 -52.418282 1.0469139 0
-664.58606 -52.378376 1.0001011 0
-664.47278 -52.321892 1.0826687 0
-664.48303 -51.624062 1.0492594 0
-664.4549 -51.118313 1.0110292 0
-664.48181 -50.934509 1.0679862 0
-664.45972 -50.883915 1.0297551 0
-664.45679 -50.758881 1.0232006 0
-664.45825 -50.397938 1.0143642 0
-661.94446 -59.602646 1.1969762 0
-660.39056 -59.631031 1.1451 0
-663.52966 -59.541149 1.1495366 0
-663.46124 -59.534611 1.166276 0
-662.76306 -59.542545 1.1687788 0
-663.58362 -59.445816 1.1614634 0
-665.11035 -59.255516 1.1947951 0
-665.0954 -58.714718 1.138608 0
-665.09967 -58.515568 1.1658279 0
-665.14667 -57.5611 1.192746 0
-665.11597 -57.396362 1.1630174 0
-665.07483 -57.303825 1.1573677 0
-665.0202 -57.201366 1.1266134 0
-665.13696 -57.075008 1.1661786 0
-664.98792 -55.908722 1.1912704 0
-664.81763 -55.954887 1.1619049 0
-664.74823 -55.935638 1.1723884 0
-665.01355 -55.826214 1.1481224 0
-664.53662 -52.984341 1.1819917 0
-664.67004 -52.882332 1.1794975 0
-664.55536 -52.885006 1.1675633 0
-664.54913 -52.76379 1.1412699 0
-664.53723 -51.861984 1.129003 0
-664.84753 -50.990761 1.1950804 0
-664.5011 -50.991131 1.1198912 0
-664.50684 -50.865585 1.1157762 0
-664.46967 -50.823372 1.1242298 0
-664.49689 -50.730637 1.1155907 0
-661.98621 -59.608681 1.2275896 0
-660.3642 -59.603909 1.2049806 0
-665.08203 -59.52346 1.2197493 0
-664.36346 -59.519505 1.2826024 0
-663.52649 -59.548809 1.2330995 0
-661.92657 -59.542416 1.2855107 0
-661.14056 -59.588558 1.248786 0
-660.36578 -59.58773 1.2349154 0
-665.11621 -59.449402 1.2610404 0
-665.05786 -59.470303 1.2445667 0
-665.15259 -59.266937 1.2248056 0
-665.13239 -58.732605 1.2030033 0
-665.09802 -58.777931 1.2068509 0
-665.07526 -58.359913 1.2399744 0
-664.96021 -58.35598 1.2182589 0
-665.07947 -57.898262 1.2626181 0
-665.03217 -57.255592 1.2349656 0
-665.02631 -56.966011 1.284754 0
-664.76794 -55.921902 1.2599447 0
-664.67029 -55.958958 1.2509849 0
-665.07172 -55.782135 1.2465893 0
-664.99658 -55.460888 1.2964346 0
-664.98035 -55.106979 1.2597922 0
-664.98669 -54.854416 1.2316869 0
-664.98132 -54.586712 1.2675729 0
-664.89734 -54.254513 1.2972529 0
-664.93146 -53.68063 1.2884029 0
-664.52087 -52.985687 1.2031066 0
-664.91278 -52.895615 1.2241664 0
-664.92157 -51.115013 1.2558864 0
-664.8761 -51.170685 1.2478826 0
-664.85504 -50.89259 1.2981826 0
-664.60895 -50.45929 1.2597712 0
-650.82812 -59.90361 1.3314147 0
-651.62927 -59.864269 1.3724768 0
-653.3576 -59.791386 1.3502225 0
-661.92407 -59.60498 1.3993911 0
-665.11865 -59.508713 1.3225913 0
-665.021 -59.569866 1.3802421 0
-662.6842 -59.547337 1.3255394 0
-662.00647 -59.573662 1.3041966 0
-665.15222 -59.443832 1.3256873 0
-665.09436 -59.329422 1.3710457 0
-665.1012 -58.715267 1.3698524 0
-665.0127 -58.353043 1.3490068 0
-665.09247 -58.122856 1.3405213 0
-665.08423 -57.628365 1.3521204 0
-665.02429 -57.531765 1.3942635 0
-665.05237 -57.235821 1.3988377 0
-665.07971 -56.98822 1.3897477 0
-665.08459 -56.702507 1.391643 0
-664.85461 -56.399235 1.3388295 0
-665.08417 -55.935425 1.3073852 0
-664.85901 -55.981731 1.3252395 0
-665.00085 -55.304844 1.3476804 0
-665.039 -54.989998 1.3211745 0
-664.99316 -54.691185 1.3879284 0
-664.99548 -54.422092 1.335162 0
-664.91339 -54.207607 1.3481785 0
-664.94183 -54.12138 1.3502631 0
-664.56207 -52.916836 1.3332381 0
-664.95325 -52.890575 1.3309711 0
-664.59692 -52.864288 1.3984028 0
-664.95648 -52.036922 1.3245914 0
-664.97113 -51.636711 1.3214854 0
-664.8363 -51.1731 1.3954716 0
-664.91864 -51.049633 1.3995805 0
-664.85199 -51.038082 1.3163462 0
-664.81671 -50.958862 1.3367108 0
-664.87982 -50.810059 1.3082069 0
-664.91815 -50.690517 1.3630794 0
-664.84424 -50.527008 1.3491139 0
-650.07556 -60.00848 1.4656987 0
-653.23767 -59.914257 1.4739312 0
-653.15942 -59.940292 1.4907949 0
-654.73999 -59.832718 1.4685415 0
-658.67322 -59.746593 1.4873729 0
-657.88824 -59.762791 1.4754045 0
-658.83142 -59.614891 1.4446747 0
-656.38525 -59.692692 1.4765848 0
-665.00244 -59.539959 1.4866725 0
-661.96777 -59.55447 1.4272997 0
-665.10352 -59.482212 1.4934801 0
-665.10284 -59.332264 1.4789144 0
-665.10394 -58.568275 1.4911413 0
-665.09473 -58.315342 1.4360274 0
-665.02283 -57.946037 1.4700845 0
-665.12061 -57.098766 1.4416699 0
-665.05719 -57.032848 1.4604485 0
-665.12433 -56.926941 1.4236584 0
-664.99323 -56.789146 1.4331343 0
-664.65155 -55.950073 1.4533861 0
-664.95172 -55.173801 1.4148502 0
-664.93066 -54.160427 1.4993228 0
-664.98651 -54.085651 1.4572171 0
-664.95221 -53.876545 1.4349568 0
-664.94427 -52.915871 1.4786017 0
-664.76636 -52.970474 1.4710126 0
-664.53223 -52.909084 1.4800391 0
-664.91351 -52.884811 1.4498503 0
-664.82172 -52.868618 1.4741504 0
-664.75055 -52.843712 1.4230593 0
-664.54181 -52.888241 1.4626738 0
-664.96429 -52.71534 1.465224 0
-665.00415 -52.669804 1.4463075 0
-664.94617 -52.449203 1.4264148 0
-664.92078 -51.814957 1.456288 0
-664.91907 -51.726475 1.4419934 0
-664.88812 -51.780045 1.4756728 0
-664.90936 -51.696651 1.4344506 0
-664.91254 -51.538776 1.4040093 0
-664.85492 -51.466339 1.4334052 0
-664.91003 -51.352005 1.4814888 0
-664.87708 -51.114357 1.4060144 0
-664.8501 -50.89817 1.4453075 0
-664.87463 -50.593185 1.4464269 0
-664.85168 -50.485832 1.4171703 0
-664.41187 -50.007965 1.487921 0
-664.32501 -50.007343 1.4647406 0
-664.95654 -62.93618 1.5663151 0
-652.41425 -59.927113 1.5139067 0
-653.24432 -59.878777 1.5575526 0
-652.49518 -59.886112 1.5139273 0
-661.05505 -59.66777 1.5354874 0
-658.00787 -59.685024 1.5178003 0
-665.16345 -58.362602 1.5920136 0
-665.04321 -58.312164 1.5341116 0
-665.14008 -57.85453 1.5318308 0
-665.0661 -57.363293 1.5234338 0
-664.90009 -55.920208 1.5568771 0
-664.60217 -55.916916 1.5905578 0
-664.9986 -55.82571 1.5964122 0
-664.99701 -54.001289 1.5878803 0
-664.94214 -53.694843 1.5455127 0
-664.95166 -53.542572 1.5407827 0
-664.461 -52.997452 1.554686 0
-664.99188 -52.842957 1.541081 0
-664.63861 -52.885288 1.5714979 0
-664.59894 -52.884636 1.5047861 0
-664.88916 -51.268501 1.5999651 0
-664.8233 -50.743454 1.5382037 0
-664.84564 -50.635761 1.5388063 0
-664.8573 -50.453857 1.5471505 0
-650.88385 -59.980526 1.6160125 0
-654.88788 -59.818939 1.6114929 0
-652.52905 -59.828098 1.6732357 0
-652.46161 -59.896679 1.6782113 0
-652.36121 -59.886131 1.6247927 0
-658.0097 -59.709728 1.6764416 0
-657.3114 -59.649044 1.6216767 0
-664.2832 -59.509697 1.6604788 0
-662.75836 -59.52684 1.6103656 0
-661.89612 -59.589111 1.6296388 0
-665.06769 -59.24263 1.6507627 0
-665.17572 -59.083275 1.6733305 0
-665.06738 -59.009144 1.681623 0
-665.0556 -58.859226 1.6315801 0
-665.10596 -58.788494 1.6872617 0
-665.06793 -58.787136 1.6613781 0
-665.07434 -58.030205 1.6398572 0
-665.01587 -57.948055 1.654804 0
-665.08252 -57.068653 1.6537455 0
-664.99188 -56.93507 1.6377213 0
-665.00195 -55.934261 1.6348217 0
-664.91144 -55.985935 1.6672775 0
-664.72131 -55.902935 1.6915593 0
-665.03131 -55.149662 1.6356268 0
-665.00812 -54.179703 1.626256 0
-664.97253 -54.173733 1.6911396 0
-664.90405 -53.697807 1.64402 0
-664.90063 -53.560818 1.6403021 0
-664.89905 -52.954357 1.6156883 0
-664.93555 -52.858299 1.6433691 0
-664.81323 -52.877426 1.6540146 0
-664.6394 -52.88274 1.6123885 0
-664.56451 -52.878677 1.6861826 0
-664.96552 -52.290993 1.6318666 0
-664.85645 -50.717941 1.6214924 0
-664.86658 -50.614658 1.6444151 0
-664.92328 -50.573399 1.6636575 0
-664.8761 -50.445442 1.6238601 0
-664.53497 -50.128277 1.6510386 0
-653.19128 -59.904922 1.7357501 0
-650.83087 -59.964874 1.7117329 0
-654.83154 -59.806103 1.740712 0
-662.59314 -59.605244 1.798445 0
-659.5368 -59.674244 1.7799062 0
-659.49658 -59.679665 1.7738276 0
-663.56464 -59.512451 1.7030776 0
-662.63727 -59.582104 1.7092206 0
-664.99268 -59.409832 1.7264314 0
-665.07446 -59.02129 1.7930585 0
-665.14545 -58.72765 1.789957 0
-665.0918 -57.018929 1.7949991 0
-664.9776 -56.934097 1.7858889 0
-664.92578 -55.936283 1.776756 0
-664.90967 -54.231537 1.751019 0
-664.93164 -54.100922 1.7577777 0
-664.95703 -53.939999 1.7730093 0
-664.89001 -53.723949 1.7246164 0
-664.66565 -52.99939 1.7426482 0
-664.50452 -52.975765 1.757512 0
-664.87561 -52.830997 1.7008051 0
-664.59875 -52.8284 1.7736393 0
-664.87262 -51.741806 1.7048818 0
-664.93719 -51.562191 1.7841372 0
-664.90137 -51.473675 1.7667372 0
-664.87372 -51.26926 1.7838856 0
-664.87268 -51.035957 1.7033172 0
-664.87146 -50.843086 1.7861447 0
-664.85266 -50.74649 1.7855278 0
-664.82129 -50.642593 1.7754902 0
-664.82605 -50.539116 1.7623914 0
-664.83142 -50.473488 1.7660539 0
-664.59235 -50.090752 1.7090871 0
-665.39978 -69.020706 1.8289909 0
-651.677 -59.911289 1.8895979 0
-650.11249 -59.940552 1.8385921 0
-650.08862 -59.987133 1.8808032 0
-653.2843 -59.823746 1.8135011 0
-652.53076 -59.866127 1.8697776 0
-652.48767 -59.872063 1.8375551 0
-657.2796 -59.720474 1.8756322 0
-663.45337 -59.641895 1.8419629 0
-660.35944 -59.625648 1.8817991 0
-661.91327 -59.54686 1.8040682 0
-665.12091 -59.02774 1.8110471 0
-665.05829 -58.770973 1.8694928 0
-665.02563 -57.263535 1.8850468 0
-665.04218 -56.852177 1.8141146 0
-665.02051 -55.938377 1.8506231 0
-664.95667 -55.961613 1.858793 0
-664.83337 -55.967285 1.8198059 0
-664.57568 -55.997669 1.8224837 0
-664.89459 -55.889694 1.8250477 0
-664.72906 -55.88715 1.8199511 0
-665.05823 -55.634468 1.8078275 0
-664.9679 -54.246468 1.8225993 0
-664.53534 -52.955208 1.8262144 0
-664.54602 -52.864319 1.8710902 0
-664.90607 -52.507595 1.8490428 0
-664.85345 -51.203041 1.8061535 0
-664.87531 -51.128448 1.8299993 0
-664.83618 -51.073822 1.8421525 0
-664.81818 -50.902836 1.8120122 0
-664.83704 -50.840012 1.804884 0
-664.86823 -50.777241 1.8148059 0
-651.62238 -59.94479 1.9427605 0
-650.57062 -59.958065 1.9854732 0
-650.00409 -59.962193 1.9309096 0
-650.65137 -59.864357 1.979587 0
-659.57867 -59.707134 1.9397497 0
-660.35004 -59.676224 1.9811128 0
-658.0838 -59.673656 1.9221587 0
-657.99994 -59.694592 1.9189843 0
-665.02832 -59.50806 1.9827218 0
-662.65137 -59.511078 1.9636418 0
-662.03638 -59.546913 1.9446405 0
-661.94891 -59.518646 1.918861 0
-661.87323 -59.581833 1.9212729 0
-664.29938 -59.472511 1.9319235 0
-665.03741 -59.326756 1.9602284 0
-665.03668 -59.140259 1.9378552 0
-665.03638 -58.93338 1.9062841 0
-665.13879 -58.864082 1.9247251 0
-664.9942 -56.964451 1.9811196 0
-665.00751 -55.910313 1.981941 0
-664.91968 -55.968468 1.9731719 0
-664.78461 -55.947014 1.9534142 0
-664.65997 -55.954746 1.9335178 0
-664.53326 -55.952549 1.9160914 0
-664.98755 -55.201527 1.9738705 0
-664.89069 -54.309681 1.9229923 0
-664.94244 -54.170109 1.9443164 0
-664.93909 -53.8032 1.9073944 0
-664.95599 -52.844425 1.9537089 0
-664.83044 -52.851509 1.9939133 0
-664.92401 -52.217964 1.9933258 0
-664.95361 -52.187675 1.9909337 0
-664.95435 -52.099091 1.9593071 0
-664.89197 -51.193405 1.9978497 0
-664.86584 -50.523079 1.9046911 0
-653.23572 -59.936714 2.0442522 0
-650.05804 -59.96088 2.0516088 0
-653.2832 -59.868416 2.0129898 0
-653.10864 -59.880856 2.0321205 0
-652.85016 -59.875908 2.0655856 0
-652.51544 -59.847466 2.0229764 0
-650.7677 -59.87693 2.0843678 0
-650.336 -59.880924 2.0535467 0
-657.125 -59.761921 2.0250607 0
-655.37793 -59.726784 2.0978491 0
-659.64453 -59.643482 2.0188577 0
-665.03003 -59.581024 2.0366864 0
-662.7135 -59.52763 2.0527122 0
-665.07965 -59.473591 2.0973492 0
-664.99304 -59.471046 2.0617743 0
-664.31677 -59.481178 2.0853534 0
-665.13824 -59.397392 2.0913448 0
-665.03955 -58.941509 2.00949 0
-665.0686 -58.76857 2.0452921 0
-665.05084 -57.226196 2.0322361 0
-664.86353 -56.796818 2.0862823 0
-664.57483 -56.007286 2.0098896 0
-664.82501 -55.938782 2.0222924 0
-664.72577 -55.958313 2.0319896 0
-664.63812 -55.919621 2.0899045 0
-665.1145 -55.846474 2.0309408 0
-664.97614 -55.896736 2.0407619 0
-664.95728 -54.05661 2.0822241 0
-664.9425 -53.773552 2.0793707 0
-664.70886 -52.916183 2.0714943 0
-664.6424 -52.902653 2.0402975 0
-664.4873 -52.981735 2.0360873 0
-664.99506 -52.800655 2.0955994 0
-664.81622 -52.875435 2.0554271 0
-664.77283 -52.890621 2.0638285 0
-664.57837 -52.8727 2.0306523 0
-665.00494 -52.769848 2.0087104 0
-664.97247 -52.536861 2.0657673 0
-664.87585 -52.243156 2.0518889 0
-664.93195 -52.160789 2.0603933 0
-664.82831 -51.178635 2.087162 0
-664.86542 -51.071453 2.0358014 0
-664.78467 -51.032352 2.0134649 0
-664.90594 -50.981152 2.0558324 0
-664.85614 -50.904892 2.0301616 0
-664.85852 -50.862572 2.0505877 0
-664.86206 -50.649414 2.021313 0
-664.79987 -50.598698 2.0409212 0
-664.86395 -50.419415 2.0421529 0
-653.245 -59.901974 2.1367807 0
-654.78357 -59.832775 2.1751091 0
-652.47876 -59.859291 2.1054287 0
-652.38208 -59.883072 2.1640897 0
-656.41772 -59.754898 2.1270051 0
-655.5257 -59.700607 2.1012168 0
-654.76697 -59.789383 2.1735294 0
-661.79816 -59.648697 2.1753702 0
-658.70703 -59.666138 2.1801324 0
-658.55182 -59.676086 2.1437528 0
-664.33899 -59.476749 2.1419349 0
-665.06 -58.835011 2.1695225 0
-665.1181 -58.753155 2.1789479 0
-665.1756 -58.658222 2.1953762 0
-664.90436 -57.297539 2.1334312 0
-664.90106 -56.619263 2.1390481 0
-664.61121 -56.056034 2.1585047 0
-664.56433 -56.034279 2.1404743 0
-665.02161 -55.924278 2.1681662 0
-664.94678 -55.949123 2.1531832 0
-664.85516 -55.933788 2.1670256 0
-664.74854 -55.939583 2.1667969 0
-664.64807 -55.950005 2.1255517 0
-664.56812 -55.974659 2.1549273 0
-665.04443 -55.886574 2.1473656 0
-664.98438 -53.974697 2.1144114 0
-664.96069 -53.874905 2.1959503 0
-664.92377 -53.7995 2.1957483 0
-665.00092 -53.646671 2.1909883 0
-664.62543 -53.184948 2.1631582 0
-664.81012 -52.910534 2.1011033 0
-664.78674 -52.903214 2.1787031 0
-664.68054 -52.92992 2.1631103 0
-664.49921 -52.993835 2.1703639 0
-665.39008 -52.885509 2.1981761 0
-664.64893 -52.868919 2.1784568 0
-664.8764 -51.136719 2.1976674 0
-664.88086 -51.087376 2.1879241 0
-664.90393 -50.810272 2.1535125 0
-664.89203 -50.856518 2.1563909 0
-664.91058 -50.630035 2.1782284 0
-656.33459 -59.775967 2.2591655 0
-654.76672 -59.78743 2.2029567 0
-652.48621 -59.761574 2.2644689 0
-658.72565 -59.666542 2.2286479 0
-664.24359 -59.515972 2.2880294 0
-663.2796 -59.517784 2.2564054 0
-663.19934 -59.565907 2.2379205 0
-663.04895 -59.546593 2.2480035 0
-661.94965 -59.58691 2.289474 0
-665.06104 -59.134945 2.2086508 0
-665.15424 -58.881977 2.2565928 0
-665.12482 -58.620674 2.2844582 0
-665.21466 -58.579861 2.2252715 0
-665.00409 -57.221245 2.2371681 0
-665.03546 -57.184971 2.297477 0
-664.96899 -57.087902 2.2116668 0
-664.71155 -56.290024 2.207531 0
-664.99542 -56.010632 2.2327967 0
-664.58643 -56.067467 2.2425375 0
-665.05267 -55.985252 2.2263656 0
-664.71301 -55.929008 2.2697444 0
-665.04437 -55.863289 2.2500749 0
-664.92615 -54.151878 2.2553153 0
-664.90009 -54.025982 2.2443883 0
-664.927 -53.919182 2.2258165 0
-665.04211 -53.886971 2.2847068 0
-664.61475 -52.920876 2.241416 0
-664.86731 -52.833828 2.2330728 0
-664.96033 -52.091862 2.2805808 0
-664.8728 -51.161484 2.2507288 0
-664.86554 -51.023247 2.247788 0
-664.90155 -50.805027 2.2392051 0
-664.85663 -50.890675 2.2486935 0
-664.85669 -50.752178 2.256485 0
-664.8576 -50.644512 2.2305942 0
-664.8559 -50.533916 2.2020061 0
-664.83118 -50.48769 2.2340074 0
-653.34857 -59.903564 2.3380246 0
-652.44226 -59.95269 2.3414092 0
-651.67834 -59.927345 2.3375332 0
-651.53503 -59.963142 2.3483686 0
-650.80975 -59.971397 2.3891718 0
-650.03662 -59.92503 2.3536217 0
-654.10193 -59.820484 2.3674028 0
-652.37756 -59.858131 2.300715 0
-650.86359 -59.894535 2.3517075 0
-659.47009 -59.700626 2.3488081 0
-658.03387 -59.701591 2.365916 0
-654.04297 -59.783184 2.3703506 0
-661.15106 -59.635342 2.3744931 0
-660.28668 -59.661064 2.3979738 0
-658.78259 -59.697598 2.3141053 0
-657.224 -59.679424 2.3942869 0
-656.38654 -59.687546 2.3397493 0
-665.03485 -59.51482 2.3117571 0
-663.46826 -59.584888 2.3350313 0
-662.71716 -59.590134 2.3524125 0
-665.09302 -59.394188 2.3177361 0
-665.06042 -58.824268 2.3671274 0
-665.11902 -58.320061 2.3771424 0
-665.02234 -57.212605 2.308562 0
-665.00763 -57.064209 2.3986113 0
-664.8421 -55.962692 2.3905821 0
-664.72443 -55.956104 2.3641877 0
-664.58429 -55.968365 2.3487713 0
-664.73688 -55.871944 2.3474092 0
-665.086 -55.777279 2.3899932 0
-664.9928 -55.604889 2.3829174 0
-664.90155 -54.240879 2.3272171 0
-664.94995 -53.999893 2.3477714 0
-664.95215 -53.885262 2.358752 0
-664.9502 -53.698589 2.3152018 0
-664.65363 -52.906658 2.3738279 0
-664.86322 -52.871922 2.3431828 0
-664.97076 -52.529648 2.331681 0
-664.80286 -51.016945 2.3803718 0
-664.83148 -50.863144 2.3821719 0
-664.82147 -50.669849 2.3976636 0
-664.81927 -62.905834 2.4285345 0
-653.24896 -59.915821 2.4093671 0
-654.92712 -59.843544 2.4242582 0
-653.9964 -59.866554 2.4935608 0
-652.35614 -59.8596 2.4801188 0
-651.66254 -59.856773 2.4862523 0
-658.75757 -59.743675 2.4707222 0
-654.80389 -59.773621 2.4231818 0
-660.36182 -59.654766 2.4723542 0
-659.60205 -59.664993 2.496439 0
-659.55676 -59.661613 2.4410982 0
-659.47955 -59.69257 2.4114468 0
-658.74957 -59.688087 2.4516928 0
-662.76923 -59.512753 2.4438107 0
-665.09601 -59.433323 2.4289339 0
-664.24323 -59.479301 2.4758599 0
-665.06079 -59.347569 2.461767 0
-665.10431 -58.991188 2.4292836 0
-664.99823 -57.209473 2.4314034 0
-664.75684 -55.980377 2.4385557 0
-665.07861 -55.899612 2.4270468 0
-665.05408 -55.623169 2.4640934 0
-665.02332 -55.338421 2.4190719 0
-664.97192 -55.232502 2.4825788 0
-664.9494 -55.142982 2.4232562 0
-664.94873 -53.826626 2.4863064 0
-664.58466 -53.051491 2.4167469 0
-664.60327 -52.900272 2.4045632 0
-665.10773 -52.804413 2.445996 0
-664.71564 -52.887318 2.4299772 0
-664.61743 -52.880791 2.4686234 0
-664.95911 -52.567154 2.4184246 0
-664.85675 -52.165039 2.4756782 0
-664.87897 -51.219658 2.4900856 0
-664.83594 -51.16568 2.4552867 0
-664.84729 -51.068588 2.4430416 0
-664.74402 -50.927303 2.4491956 0
-664.78656 -50.801556 2.4761164 0
-651.59601 -59.906624 2.5054383 0
-653.22455 -59.859116 2.5627356 0
-662.7049 -59.602539 2.5441318 0
-661.1543 -59.552536 2.5193624 0
-665.11511 -59.498123 2.5040097 0
-665.06958 -59.490734 2.5276783 0
-664.93896 -59.489799 2.5730107 0
-665.10907 -58.353291 2.5722942 0
-665.06158 -57.184242 2.5980628 0
-665.01001 -57.059212 2.542629 0
-665.00909 -56.97559 2.5243168 0
-664.82794 -56.606995 2.5377457 0
-664.6366 -56.117294 2.5488291 0
-665.29431 -55.921829 2.5297685 0
-664.60822 -55.96629 2.5044918 0
-665.00989 -55.561005 2.5958557 0
-665.00568 -55.188801 2.5564847 0
-664.97119 -55.188034 2.5454826 0
-664.96576 -54.290394 2.5866013 0
-664.92944 -54.016174 2.5739315 0
-664.8634 -53.477108 2.5831108 0
-664.73999 -52.905754 2.5577407 0
-664.67603 -52.910488 2.5763841 0
-664.51929 -52.941818 2.5386972 0
-664.48096 -52.938629 2.5289497 0
-664.95654 -52.835087 2.5933268 0
-664.85583 -51.134418 2.5852115 0
-664.83417 -50.790604 2.5175638 0
-664.87299 -50.666931 2.5433316 0
-664.87122 -50.359249 2.561058 0
-665.12445 -60.113678 2.606251 0
-650.01581 -60.00177 2.6783381 0
-651.61133 -59.954823 2.6741476 0
-654.83521 -59.804714 2.6507392 0
-654.0575 -59.809566 2.6352115 0
-652.44141 -59.868053 2.68083 0
-652.39288 -59.887608 2.6273675 0
-651.5448 -59.892361 2.6603596 0
-650.75482 -59.867306 2.6126254 0
-658.73315 -59.667038 2.6023769 0
-657.95844 -59.672905 2.6991787 0
-660.38037 -59.573849 2.6075795 0
-665.05597 -57.043251 2.6625972 0
-664.96954 -56.771202 2.6318014 0
-664.4751 -56.072395 2.6652107 0
-665.17804 -55.905663 2.6931119 0
-664.87097 -55.947159 2.6375754 0
-664.71924 -55.950279 2.6602559 0
-664.63013 -55.947517 2.682744 0
-665.06403 -55.878914 2.6461155 0
-665.05072 -55.657413 2.6388416 0
-664.97693 -53.713104 2.6002414 0
-664.56445 -53.394829 2.6878841 0
-664.72675 -53.235683 2.6706827 0
-664.89935 -52.896488 2.6629241 0
-664.75494 -52.890018 2.6360741 0
-664.98431 -52.737827 2.6731758 0
-664.85858 -50.957916 2.6564829 0
-664.85712 -50.34417 2.6444211 0
-664.46057 -50.049568 2.6412702 0
-650.96094 -59.920044 2.7944496 0
-650.77075 -59.966095 2.7247169 0
-652.38837 -59.86837 2.7761648 0
-656.43024 -59.727444 2.7358339 0
-662.65326 -59.600311 2.7910995 0
-658.85553 -59.671658 2.7525101 0
-657.88849 -59.692642 2.795562 0
-657.23907 -59.673843 2.7521827 0
-665.03375 -59.544243 2.7397161 0
-664.32965 -59.511406 2.7266595 0
-664.28448 -59.548904 2.7568417 0
-661.08655 -59.597717 2.7518725 0
-658.87482 -59.579273 2.7367787 0
-665.0816 -58.880089 2.7096922 0
-665.12604 -58.73933 2.7707765 0
-665.05719 -58.737988 2.7587163 0
-664.96484 -56.857655 2.7365801 0
-665.02124 -56.706215 2.7094584 0
-664.54236 -56.13657 2.7406597 0
-665.02466 -55.975727 2.7484093 0
-664.94409 -55.960777 2.7353244 0
-664.86365 -55.950417 2.7276199 0
-664.76648 -55.953369 2.7205906 0
-664.97852 -54.206219 2.7863085 0
-664.82007 -54.25098 2.7957559 0
-664.88757 -53.90535 2.7579999 0
-664.90131 -53.693378 2.7368317 0
-664.87714 -53.578339 2.7121716 0
-664.45923 -53.011208 2.7251394 0
-664.61914 -52.9659 2.7635036 0
-664.54877 -52.951324 2.769206 0
-664.85596 -52.880257 2.7426546 0
-664.62378 -52.871689 2.737448 0
-664.86731 -52.17268 2.7307785 0
-664.81622 -51.092884 2.7459369 0
-664.83789 -50.809845 2.7566772 0
-664.80945 -50.675728 2.7184825 0
-664.84137 -50.556065 2.7515101 0
-664.47858 -50.020874 2.7950022 0
-665.12012 -62.89156 2.8567655 0
-650.8194 -60.012047 2.8620913 0
-652.45923 -59.924511 2.8367858 0
-652.35895 -59.922005 2.8624055 0
-651.62122 -59.908157 2.8804271 0
-651.54541 -59.902115 2.8287163 0
-650.87506 -59.933502 2.81915 0
-650.73206 -59.957348 2.8096828 0
-650.05865 -59.957359 2.8972685 0
-656.26727 -59.80302 2.8819668 0
-653.96082 -59.824165 2.8926046 0
-653.37329 -59.852726 2.8764756 0
-651.53247 -59.86055 2.8096678 0
-657.79059 -59.720123 2.8355305 0
-657.26141 -59.737206 2.8150258 0
-657.12732 -59.783875 2.864506 0
-655.61951 -59.774879 2.8507261 0
-654.07855 -59.729767 2.8582082 0
-660.09357 -59.627666 2.8734243 0
-659.65247 -59.630417 2.8411005 0
-659.55151 -59.66095 2.8968966 0
-658.78717 -59.666389 2.8532665 0
-660.37573 -59.578228 2.8227136 0
-665.11279 -59.459316 2.8483267 0
-663.41559 -59.433956 2.8762488 0
-665.14435 -59.37986 2.874157 0
-665.08813 -58.987663 2.8988061 0
-665.13428 -58.25967 2.8263209 0
-664.96246 -57.263584 2.8355467 0
-665.01953 -57.19342 2.8298678 0
-664.59363 -56.164223 2.8227632 0
-664.53131 -56.06155 2.8599098 0
-665.21332 -55.914108 2.850143 0
-664.95367 -55.983582 2.8535388 0
-664.77441 -55.947578 2.8957319 0
-665.05872 -55.144119 2.8452353 0
-664.8913 -54.18351 2.806524 0
-664.85608 -54.02943 2.8706713 0
-664.9389 -53.905991 2.8744838 0
-664.85547 -53.764351 2.8489695 0
-664.88586 -53.683792 2.8562183 0
-664.86035 -52.919701 2.8159504 0
-664.46533 -52.968933 2.8767676 0
-664.92358 -52.499062 2.8541298 0
-664.93243 -52.150345 2.8539877 0
-664.8551 -51.206253 2.8211961 0
-664.92029 -50.994839 2.865056 0
-664.92786 -50.792709 2.8408213 0
-665.46899 -75.082428 2.9501836 0
-665.37408 -75.090698 2.9435108 0
-665.151 -65.93895 2.9285116 0
-654.00336 -59.903931 2.9474041 0
-653.20068 -59.926346 2.9193623 0
-656.38831 -59.800594 2.9915674 0
-654.83002 -59.892971 2.9330766 0
-654.05743 -59.88422 2.9432595 0
-658.00073 -59.75695 2.9330263 0
-657.79254 -59.765453 2.957021 0
-657.20502 -59.734409 2.9620275 0
-661.14368 -59.609127 2.9533849 0
-660.33978 -59.633026 2.9227626 0
-660.25977 -59.672462 2.9286869 0
-659.87036 -59.661362 2.9088833 0
-659.79529 -59.655003 2.9051144 0
-659.53021 -59.652489 2.9002602 0
-658.81427 -59.676708 2.971148 0
-658.68481 -59.637455 2.9804556 0
-664.43323 -59.500069 2.9603209 0
-661.95789 -59.549278 2.954062 0
-661.12915 -59.596462 2.9671648 0
-661.07745 -59.586777 2.9533825 0
-659.9317 -59.597656 2.9014688 0
-664.98938 -59.473579 2.9220672 0
-664.41486 -59.43317 2.9186108 0
-665.14136 -59.205795 2.9239728 0
-665.06476 -59.042328 2.9443133 0
-665.07129 -58.977215 2.9599364 0
-665.07037 -58.893612 2.9415329 0
-665.09442 -58.730309 2.9383359 0
-665.04126 -57.183426 2.9432309 0
-665.03394 -56.732029 2.9148722 0
-664.95544 -55.938042 2.9634185 0
-664.63959 -55.941444 2.9028041 0
-664.51819 -55.915905 2.917557 0
-665.0769 -55.636887 2.9819467 0
-664.9342 -54.217892 2.9226511 0
-664.90015 -54.199066 2.9225986 0
-664.59344 -53.040634 2.9399657 0
-664.58368 -52.912212 2.9692903 0
-665.32037 -52.838505 2.9721146 0
-665.14471 -52.847324 2.9509366 0
-664.83917 -52.855072 2.9901829 0
-664.79132 -52.845375 2.9306993 0
-664.84381 -51.222828 2.9386442 0
-664.88177 -51.169048 2.9450879 0
-664.78809 -50.898537 2.9390109 0
-664.84375 -50.781921 2.932822 0
-664.86206 -50.447037 2.9716516 0
-664.47858 -50.132256 2.9540031 0
-664.44031 -50.036629 2.9107525 0
-653.30554 -59.912891 3.0786877 0
-651.45807 -59.931915 3.0896032 0
-650.74463 -59.952538 3.060189 0
-653.28186 -59.870628 3.0167227 0
-651.57684 -59.896736 3.0469594 0
-659.51642 -59.704136 3.022368 0
-661.14136 -59.607834 3.0267878 0
-661.06989 -59.612591 3.0248346 0
-659.55231 -59.671883 3.0211101 0
-658.80072 -59.660286 3.0659153 0
-662.75751 -59.550362 3.0005054 0
-664.32404 -59.457172 3.0086498 0
-664.21838 -59.497639 3.0001037 0
-665.04102 -59.151325 3.0286965 0
-665.14264 -58.676395 3.0525088 0
-665.19153 -58.274174 3.0079589 0
-665.02325 -57.012821 3.0315657 0
-664.57715 -56.154358 3.0907612 0
-664.62317 -56.019402 3.0409567 0
-664.59064 -56.005264 3.0776017 0
-664.89008 -55.939888 3.0920837 0
-664.90802 -54.252762 3.0866208 0
-664.93524 -54.102283 3.0442507 0
-665.00531 -54.009495 3.0463452 0
-664.93494 -53.566647 3.0298753 0
-664.80493 -52.942135 3.0724871 0
-664.78906 -52.907192 3.0871928 0
-664.64276 -52.91547 3.0812054 0
-664.495 -52.928497 3.0674834 0
-664.97095 -52.812515 3.0377831 0
-664.87091 -52.893604 3.0387709 0
-664.65106 -52.891731 3.0188136 0
-664.55481 -52.868748 3.0574417 0
-665.14777 -52.796368 3.0015359 0
-664.83429 -51.049389 3.099272 0
-664.81818 -50.954689 3.0072947 0
-664.84814 -50.758453 3.0424123 0
-664.76025 -50.522373 3.0961843 0
-664.85095 -50.358036 3.0296657 0
-664.53497 -50.147167 3.0334561 0
-652.41266 -59.917622 3.1099844 0
-652.349 -59.94318 3.1703553 0
-651.53595 -59.96492 3.1265094 0
-654.59351 -59.868153 3.1994011 0
-654.48834 -59.859837 3.1889126 0
-654.14307 -59.837399 3.1642349 0
-654.00879 -59.858044 3.1241188 0
-653.2168 -59.899555 3.1339483 0
-653.15112 -59.882347 3.1401892 0
-652.33423 -59.858498 3.139123 0
-657.99512 -59.729679 3.1172369 0
-661.07202 -59.637787 3.1614223 0
-660.3429 -59.66494 3.1581097 0
-663.55243 -59.512157 3.103992 0
-661.97314 -59.523483 3.1921792 0
-665.11163 -59.445896 3.1427565 0
-663.51031 -59.491673 3.1855695 0
-665.11035 -58.755577 3.1765351 0
-664.91882 -56.51384 3.1291862 0
-664.59119 -56.011192 3.1776757 0
-665.04865 -55.909264 3.1465852 0
-664.71436 -55.917847 3.1887839 0
-664.62244 -55.973751 3.1385245 0
-665.02197 -55.869522 3.1721935 0
-664.97998 -55.852871 3.1093392 0
-664.9541 -54.152645 3.1898251 0
-664.88007 -53.803215 3.1676259 0
-664.59277 -52.87299 3.1181691 0
-664.8479 -51.027546 3.1480749 0
-664.83264 -50.507664 3.1362894 0
-653.20203 -59.910511 3.2629564 0
-652.47168 -59.930634 3.2482438 0
-651.56958 -59.935333 3.2195539 0
-650.77399 -59.989281 3.2334654 0
-655.93115 -59.822533 3.2129581 0
-654.73218 -59.82983 3.2043452 0
-659.53571 -59.710037 3.2739575 0
-657.98181 -59.709579 3.2943237 0
-654.14136 -59.790672 3.2143884 0
-661.82086 -59.611294 3.2646959 0
-661.46338 -59.607323 3.2887487 0
-660.99353 -59.622826 3.2501698 0
-663.80957 -59.557533 3.2783849 0
-663.5188 -59.552544 3.2724495 0
-662.70868 -59.567482 3.278841 0
-660.37201 -59.573139 3.2360568 0
-665.04504 -59.397587 3.2792528 0
-665.10077 -58.976082 3.2430737 0
-665.07373 -58.709858 3.222367 0
-665.12457 -58.69492 3.2518134 0
-664.97284 -56.861259 3.2836862 0
-664.65204 -55.935146 3.2984049 0
-664.57092 -55.953915 3.2923882 0
-665.38861 -55.874294 3.2442229 0
-664.9942 -55.780098 3.2757473 0
-664.96222 -55.173126 3.2792363 0
-664.96008 -54.118973 3.2895479 0
-664.89563 -54.145088 3.2580359 0
-664.89142 -54.008141 3.2209108 0
-664.95447 -53.704292 3.2455571 0
-664.92542 -52.922142 3.2850833 0
-664.85864 -52.93124 3.2775986 0
-664.75989 -52.925247 3.2575376 0
-664.96149 -52.833897 3.276968 0
-664.84741 -51.038395 3.2321181 0
-664.78522 -51.0186 3.2503085 0
-664.88739 -50.905224 3.2230108 0
-664.90387 -50.663925 3.2201028 0
-651.57312 -59.945354 3.3974757 0
-650.82947 -59.918198 3.3043118 0
-650.77057 -59.963093 3.342242 0
-650.00629 -59.919495 3.3584082 0
-654.76733 -59.807728 3.3551679 0
-653.18561 -59.862206 3.3722842 0
-657.89978 -59.749302 3.3869252 0
-655.56519 -59.760418 3.3266776 0
-652.33936 -59.798622 3.3917472 0
-661.91595 -59.619614 3.3854828 0
-657.1026 -59.662415 3.3441074 0
-663.84369 -59.562504 3.3038352 0
-663.75159 -59.506012 3.3866162 0
-663.61804 -59.538067 3.3744617 0
-661.91937 -59.594406 3.3547115 0
-664.92316 -59.433216 3.3633695 0
-664.31177 -59.482548 3.3302338 0
-663.57422 -59.494366 3.3529253 0
-665.06891 -59.261868 3.3505342 0
-665.0387 -58.809544 3.3279026 0
-665.08484 -58.739059 3.3617079 0
-665.13422 -58.328396 3.3992426 0
-664.96252 -57.03793 3.3235428 0
-665.18494 -55.920891 3.3824 0
-664.93011 -55.951141 3.3320801 0
-664.83044 -55.932163 3.3934736 0
-664.7345 -55.94738 3.3191917 0
-665.04669 -55.883549 3.3888068 0
-664.82849 -54.243999 3.3558335 0
-664.91895 -54.038219 3.3827083 0
-664.86786 -53.91695 3.3447332 0
-664.88739 -53.872375 3.3356962 0
-664.82452 -53.571659 3.3093836 0
-664.63287 -53.176647 3.3257689 0
-664.4754 -53.017117 3.3804793 0
-664.74152 -52.914856 3.3137164 0
-664.68152 -52.923573 3.3844142 0
-665.24445 -52.86739 3.3774459 0
-664.58362 -52.877438 3.3933451 0
-664.90222 -52.78373 3.3550513 0
-664.91058 -52.166962 3.388478 0
-664.83044 -51.178722 3.3208649 0
-664.65308 -50.335358 3.318172 0
-664.83765 -50.268093 3.3865776 0
-657.08875 -59.80492 3.4167337 0
-654.06671 -59.886173 3.4610229 0
-652.36267 -59.86174 3.4234805 0
-656.34772 -59.793331 3.419008 0
-661.08667 -59.664337 3.4692469 0
-658.67657 -59.686821 3.4380691 0
-662.66541 -59.595284 3.4398441 0
-665.04364 -59.049469 3.414161 0
-665.03363 -58.972721 3.4395998 0
-665.04492 -57.173244 3.4495919 0
-664.94824 -57.178146 3.4969478 0
-664.81458 -55.916245 3.4229846 0
-664.76617 -55.914852 3.4826944 0
-664.67584 -55.946911 3.4249237 0
-664.59106 -55.967129 3.4814346 0
-665.01654 -55.167606 3.4127808 0
-664.9353 -54.064976 3.4418571 0
-664.95087 -53.709995 3.4013305 0
-664.56097 -52.904972 3.4423382 0
-664.93036 -52.830181 3.4520264 0
-664.49219 -52.890228 3.4930205 0
-664.95624 -52.657608 3.4463141 0
-664.98511 -52.597076 3.4355452 0
-664.77155 -51.218906 3.4129944 0
-664.82629 -50.935215 3.4717925 0
-664.83344 -50.651295 3.4206913 0
-653.94788 -59.803169 3.5431538 0
-653.15204 -59.844376 3.5810521 0
-658.7298 -59.728012 3.5536239 0
-656.33905 -59.74292 3.5552113 0
-655.56055 -59.738495 3.578541 0
-653.96783 -59.765369 3.579896 0
-660.3313 -59.64418 3.5997305 0
-659.67328 -59.648808 3.5453353 0
-665.13196 -59.039291 3.5211303 0
-664.98621 -55.929035 3.5197001 0
-664.80792 -55.961449 3.5499153 0
-664.63629 -55.958447 3.599303 0
-664.93835 -54.50787 3.5097804 0
-664.85028 -53.897816 3.583456 0
-664.81079 -53.583401 3.5523546 0
-664.83124 -52.917206 3.5742733 0
-664.76678 -52.949326 3.5825441 0
-664.53699 -52.934792 3.5468569 0
-664.81628 -52.869373 3.5308862 0
-664.76007 -52.883762 3.5442104 0
-665.05872 -52.751472 3.5602586 0
-664.9776 -52.789963 3.500674 0
-664.82135 -52.503239 3.5390933 0
-664.85498 -52.462025 3.5397463 0
-664.8465 -51.236408 3.5315254 0
-664.82379 -51.145142 3.5049641 0
-664.78162 -51.028873 3.5547602 0
-664.40137 -50.016212 3.5748394 0
-652.30249 -59.893032 3.6974716 0
-651.63123 -59.895679 3.6123469 0
-657.21887 -59.768677 3.6912727 0
-657.15491 -59.76133 3.6577365 0
-656.33398 -59.759201 3.6783545 0
-657.94189 -59.676132 3.689183 0
-657.22754 -59.69775 3.6776164 0
-655.66455 -59.696247 3.6116276 0
-664.26874 -59.473267 3.607264 0
-665.09583 -59.10907 3.6159635 0
-665.02026 -58.925331 3.6618683 0
-664.91608 -55.956188 3.6948891 0
-664.78247 -55.927773 3.6703312 0
-664.85498 -54.301861 3.6179972 0
-664.93481 -54.094986 3.6784151 0
-664.96307 -53.908207 3.6883082 0
-664.96002 -53.70068 3.6464746 0
-664.66992 -53.200695 3.6040475 0
-664.51581 -53.137943 3.6213448 0
-664.87048 -52.929878 3.6605883 0
-664.74146 -52.916611 3.6533241 0
-664.66815 -52.915325 3.6584759 0
-664.73816 -52.870026 3.6386619 0
-664.85016 -51.105255 3.6152105 0
-664.84143 -51.051704 3.6815991 0
-664.84662 -50.852325 3.6383705 0
-664.82489 -50.739155 3.6605346 0
-652.42322 -59.912338 3.7558093 0
-651.57446 -59.943127 3.7012079 0
-654.84552 -59.843403 3.7989902 0
-654.77307 -59.852287 3.7511885 0
-654.01434 -59.856094 3.7558765 0
-657.90289 -59.728527 3.7636273 0
-660.349 -59.636387 3.7699788 0
-665.00146 -59.50333 3.707674 0
-663.42468 -59.563347 3.746063 0
-662.63367 -59.576633 3.7833817 0
-665.03314 -59.45768 3.7583218 0
-664.93573 -57.022732 3.7560098 0
-665.03888 -56.851269 3.7348938 0
-664.94641 -55.969566 3.7822723 0
-664.87201 -53.911652 3.7038922 0
-664.87646 -53.822456 3.7116945 0
-664.87415 -53.622715 3.7474666 0
-664.74396 -53.556602 3.736393 0
-664.82532 -52.96405 3.7385957 0
-664.42401 -52.961029 3.7251835 0
-664.80798 -51.259018 3.7406383 0
-664.77594 -50.912201 3.7685175 0
-664.84631 -50.864204 3.7490654 0
-664.80914 -50.785393 3.7153707 0
-664.83801 -50.455597 3.7324185 0
-664.80023 -50.397854 3.7922506 0
-664.65472 -50.197433 3.7059348 0
-653.23956 -59.915558 3.8166692 0
-651.62317 -59.94997 3.8385963 0
-650.8222 -59.980907 3.8144026 0
-655.53137 -59.822189 3.8910131 0
-657.95349 -59.77235 3.8933568 0
-660.36108 -59.653568 3.8426757 0
-664.3053 -59.478481 3.8608828 0
-664.91772 -57.253525 3.800467 0
-665.02106 -57.054401 3.8163629 0
-664.92767 -56.961121 3.8617678 0
-664.69391 -55.950314 3.8606296 0
-664.51807 -55.970108 3.88241 0
-664.86926 -54.330933 3.8760941 0
-664.87415 -54.027008 3.8628373 0
-664.89349 -53.792446 3.8358498 0
-664.88324 -53.690029 3.8494165 0
-664.46899 -53.143902 3.8940883 0
-664.73871 -52.949501 3.8924098 0
-664.69336 -52.940247 3.8892231 0
-664.44965 -52.992931 3.8620157 0
-665.27783 -52.85424 3.8426728 0
-664.89276 -52.837894 3.891479 0
-664.91321 -52.77779 3.8756468 0
-664.84033 -51.122452 3.838655 0
-664.79688 -51.167427 3.8450329 0
-664.76007 -50.970684 3.8685503 0
-664.70233 -50.324615 3.8289187 0
-664.4751 -50.119282 3.8627651 0
-664.48358 -50.045551 3.8983889 0
-650.75037 -59.939018 3.923192 0
-652.47876 -59.849197 3.9917946 0
-652.38416 -59.896053 3.9551079 0
-651.513 -59.887566 3.9437027 0
-657.97144 -59.759911 3.9219615 0
-657.15875 -59.760387 3.9928284 0
-654.73212 -59.785194 3.9795125 0
-661.94971 -59.622631 3.9787376 0
-661.15887 -59.646641 3.9497969 0
-661.09845 -59.656422 3.9126599 0
-659.58942 -59.646881 3.9748709 0
-663.50952 -59.592823 3.9073944 0
-662.70032 -59.547585 3.9013419 0
-662.64655 -59.571732 3.9500711 0
-661.87122 -59.591793 3.9400086 0
-665.08167 -58.782303 3.9542229 0
-664.97186 -57.247097 3.9516876 0
-664.62994 -56.372379 3.9660933 0
-664.67859 -56.052818 3.9604704 0
-664.56433 -56.021439 3.9615848 0
-665.13623 -55.907963 3.9128485 0
-664.84265 -55.970108 3.9803257 0
-664.63629 -55.998432 3.9947674 0
-664.58594 -55.959389 3.9516275 0
-665.36023 -55.877579 3.9390488 0
-664.90784 -54.230976 3.942704 0
-664.88855 -54.287338 3.9544671 0
-664.93311 -54.002529 3.9395151 0
-664.89783 -54.092194 3.9328713 0
-664.80554 -53.354305 3.971272 0
-664.39862 -53.009972 3.9516931 0
-664.82397 -52.912399 3.9380615 0
-664.75812 -52.92421 3.9904087 0
-664.56146 -52.934525 3.9238801 0
-664.44513 -52.993305 3.920706 0
-664.94373 -52.825077 3.964175 0
-664.75079 -52.884792 3.9161983 0
-664.63831 -52.881744 3.936558 0
-664.85693 -51.133072 3.9354501 0
-664.81573 -51.056225 3.9925094 0
-664.79614 -51.070271 3.9423954 0
-651.51208 -59.91037 4.0480804 0
-650.77301 -59.944065 4.0889115 0
-652.36591 -59.863811 4.0165458 0
-651.62244 -59.878487 4.0893979 0
-659.52692 -59.724758 4.036376 0
-659.42889 -59.713802 4.0738292 0
-657.01813 -59.753922 4.0048046 0
-653.92603 -59.754635 4.0667686 0
-661.0979 -59.632511 4.0486598 0
-660.21527 -59.670895 4.097939 0
-659.60706 -59.676395 4.0086284 0
-659.54767 -59.689041 4.006062 0
-664.33881 -59.457268 4.0947886 0
-665.04822 -59.131798 4.0677629 0
-664.99487 -56.804756 4.070519 0
-664.63074 -56.098701 4.0625653 0
-665.27222 -55.902042 4.030221 0
-664.92413 -55.91708 4.0872574 0
-664.71704 -55.946903 4.0932789 0
-664.64728 -55.94812 4.0168853 0
-664.92328 -54.102737 4.0022135 0
-664.49225 -53.131424 4.0417376 0
-664.47101 -53.003788 4.0113773 0
-665.04999 -52.90078 4.0006814 0
-664.8512 -52.919083 4.0828462 0
-664.77887 -52.911339 4.0481009 0
-664.66949 -52.915142 4.0213614 0
-664.53809 -52.932632 4.0412393 0
-664.83392 -50.97694 4.0271807 0
-664.76477 -50.869404 4.0366774 0
-664.76776 -50.659664 4.0712538 0
-664.85529 -50.536045 4.0102181 0
-664.76654 -50.548607 4.0769172 0
-664.7627 -50.443428 4.0527296 0
-664.67755 -50.320263 4.0225635 0
-651.07581 -60.028404 4.1391506 0
-650.09869 -60.014137 4.1705966 0
-653.16583 -59.914303 4.1025524 0
-650.64929 -59.923523 4.1878061 0
-650.54932 -59.981522 4.1642008 0
-650.36914 -59.976608 4.1484299 0
-653.15228 -59.802265 4.1875696 0
-653.09625 -59.86845 4.1494584 0
-650.26703 -59.880024 4.1818938 0
-657.0946 -59.781521 4.1615176 0
-653.25018 -59.787258 4.104979 0
-659.5946 -59.640648 4.102983 0
-657.89203 -59.681004 4.1259222 0
-665.00958 -59.516068 4.1453629 0
-661.94543 -59.563889 4.1691294 0
-665.03424 -59.016014 4.1161356 0
-665.05402 -58.930672 4.1435809 0
-665.09503 -58.834282 4.1091328 0
-664.98706 -58.857246 4.1049924 0
-664.95807 -57.215012 4.1077456 0
-665.0257 -57.014584 4.1606736 0
-664.79785 -56.005005 4.17729 0
-664.85999 -55.97541 4.1851454 0
-664.75256 -55.997345 4.1706367 0
-664.65723 -55.972992 4.1600528 0
-731.19788 -55.108715 4.1692762 0
-664.87335 -54.265205 4.1951947 0
-664.91827 -54.113861 4.1528177 0
-664.88171 -54.103699 4.1941786 0
-664.84979 -53.971096 4.1789498 0
-664.85455 -53.788586 4.1776581 0
-664.54218 -53.039249 4.1746264 0
-664.91852 -52.961655 4.1824584 0
-664.82977 -52.924316 4.1640916 0
-664.76001 -52.930462 4.1592193 0
-664.62805 -52.937157 4.1500859 0
-664.54285 -52.919594 4.1658063 0
-664.46631 -52.931103 4.1613798 0
-664.93353 -52.858753 4.1583633 0
-664.86176 -52.798733 4.1241117 0
-664.77979 -51.028465 4.1698675 0
-664.80365 -50.904129 4.1813116 0
-664.78162 -50.938808 4.1347227 0
-664.7785 -50.852589 4.1157904 0
-664.77185 -50.575684 4.1249127 0
-664.84344 -50.37392 4.1166863 0
-664.42737 -50.167923 4.1970363 0
-651.63873 -60.008545 4.2166686 0
-652.40509 -59.92284 4.2818742 0
-651.59167 -59.944992 4.2733746 0
-651.37268 -59.937637 4.2416086 0
-650.92004 -59.948597 4.2829251 0
-650.65881 -59.925228 4.2135968 0
-650.55237 -59.92527 4.2367496 0
-650.43042 -59.961136 4.2555485 0
-650.28778 -59.979565 4.2791409 0
-650.14746 -59.976307 4.2684641 0
-650.09845 -59.955364 4.2658677 0
-654.24774 -59.86092 4.2792807 0
-654.19128 -59.84544 4.2616463 0
-653.87958 -59.82552 4.2910786 0
-653.67395 -59.820213 4.2712746 0
-653.45892 -59.818199 4.2611265 0
-653.38623 -59.805256 4.2882843 0
-653.00702 -59.812599 4.2722483 0
-652.96002 -59.861301 4.2973542 0
-652.85309 -59.854095 4.260839 0
-652.75201 -59.843655 4.237607 0
-652.64337 -59.882786 4.2475119 0
-652.52551 -59.86293 4.2446575 0
-652.45642 -59.87709 4.2595034 0
-652.29541 -59.836731 4.2666216 0
-652.16547 -59.855988 4.223525 0
-651.97388 -59.843849 4.2419996 0
-651.76971 -59.885212 4.2199225 0
-651.52454 -59.890869 4.2268343 0
-651.47437 -59.884335 4.2637715 0
-651.30359 -59.847458 4.2088571 0
-651.08704 -59.872192 4.2261801 0
-656.28796 -59.738464 4.2363553 0
-655.23163 -59.794518 4.2891407 0
-660.24695 -59.642883 4.2922983 0
-659.47021 -59.663589 4.236176 0
-658.36804 -59.656979 4.2660208 0
-665.12952 -59.383793 4.2229776 0
-665.02295 -58.751503 4.2685494 0
-664.94659 -56.976849 4.2879229 0
-665.0332 -56.807529 4.2519088 0
-664.97217 -56.845966 4.2907619 0
-664.57916 -56.127483 4.2430487 0
-665.06665 -55.931988 4.2545199 0
-664.99115 -55.934887 4.2021284 0
-664.7229 -55.949265 4.2377806 0
-664.87506 -54.087479 4.2610917 0
-664.84979 -53.938255 4.248105 0
-664.86877 -52.905769 4.2094474 0
-664.91583 -52.871483 4.2680063 0
-664.7207 -51.228733 4.2688847 0
-664.82184 -51.033699 4.2043967 0
-664.78284 -50.991989 4.2821703 0
-664.79004 -50.802212 4.2180009 0
-664.81952 -50.708164 4.2674532 0
-664.75916 -50.712368 4.2797756 0
-664.87476 -50.459362 4.2414184 0
-664.75916 -50.452927 4.2818956 0
-664.39471 -50.0989 4.2220039 0
-652.92773 -59.900635 4.360415 0
-651.7959 -59.940674 4.3174763 0
-651.59619 -59.939899 4.3468122 0
-651.31519 -59.927677 4.3421636 0
-650.97998 -59.925564 4.3494987 0
-650.57074 -59.938721 4.3662868 0
-650.46368 -59.931168 4.3561921 0
-650.12268 -59.932961 4.3623381 0
-650.00751 -59.935352 4.3626733 0
-655.76752 -59.86478 4.3727903 0
-655.67468 -59.831661 4.3702993 0
-655.10846 -59.838177 4.3929496 0
-655.09912 -59.870792 4.3975158 0
-654.68829 -59.874531 4.3499074 0
-654.37738 -59.894329 4.3805757 0
-654.27026 -59.805462 4.3132992 0
-654.02911 -59.853554 4.3415632 0
-653.9715 -59.849232 4.359767 0
-653.80591 -59.870327 4.3442698 0
-653.65942 -59.866241 4.3346691 0
-653.35266 -59.872864 4.3214726 0
-653.24426 -59.843491 4.3055582 0
-653.04572 -59.862743 4.3811364 0
-652.94653 -59.84967 4.3969088 0
-652.63153 -59.869198 4.3930583 0
-652.49658 -59.866688 4.385294 0
-652.09143 -59.877594 4.3788605 0
-651.50616 -59.891151 4.3692279 0
-650.7276 -59.895096 4.3937564 0
-658.10333 -59.713646 4.3950286 0
-657.95398 -59.725761 4.3669295 0
-657.89203 -59.707619 4.3194208 0
-657.05444 -59.729481 4.3081064 0
-656.48199 -59.745415 4.32582 0
-656.21887 -59.784878 4.3356876 0
-656.04401 -59.768368 4.3029609 0
-655.59357 -59.738911 4.3800611 0
-655.42047 -59.724472 4.3580251 0
-655.26227 -59.786076 4.377111 0
-655.10828 -59.744667 4.3233247 0
-655.02246 -59.755177 4.3102789 0
-654.85327 -59.752857 4.339849 0
-660.77911 -59.607204 4.3893933 0
-660.51758 -59.604553 4.3547058 0
-660.24152 -59.652557 4.3581986 0
-659.99438 -59.651676 4.3496432 0
-659.82581 -59.673477 4.3436041 0
-659.20569 -59.606743 4.3260064 0
-659.17517 -59.678864 4.3561153 0
-659.07483 -59.64621 4.3920846 0
-658.84344 -59.659927 4.3516102 0
-658.67706 -59.640198 4.3443789 0
-658.43616 -59.692772 4.3627319 0
-658.12488 -59.696335 4.3543806 0
-664.92078 -59.534302 4.3749752 0
-663.50433 -59.551338 4.3603249 0
-663.44269 -59.542187 4.3298988 0
-661.17999 -59.592674 4.3718319 0
-660.88177 -59.581951 4.3838701 0
-660.61743 -59.597656 4.3607335 0
-665.04681 -59.464653 4.3604603 0
-665.01172 -59.257053 4.3655119 0
-664.88837 -58.864746 4.3404346 0
-665.00134 -58.711624 4.3905292 0
-664.95148 -57.32119 4.3582506 0
-665.06622 -57.229866 4.3883777 0
-664.91235 -57.243141 4.344841 0
-665.05908 -57.037994 4.3508825 0
-665.04156 -56.836441 4.3034959 0
-664.85303 -56.60363 4.3156061 0
-664.58948 -56.210384 4.3280034 0
-664.48889 -56.013344 4.3215108 0
-664.90997 -54.165703 4.3079081 0
-664.82593 -54.019127 4.3836775 0
-664.91626 -53.800079 4.3708091 0
-664.81415 -52.996738 4.3784947 0
-664.66083 -52.906322 4.3739667 0
-664.88385 -52.823112 4.3903875 0
-664.77118 -51.19894 4.3303342 0
-664.7912 -50.959435 4.3481779 0
-664.82349 -50.852959 4.3639131 0
-664.78711 -50.867432 4.350976 0
-664.78162 -50.738174 4.3274493 0
-664.82599 -50.678394 4.3477244 0
-664.78394 -50.651817 4.3106709 0
-664.89111 -50.567936 4.3016419 0
-650.328 -60.006508 4.4374461 0
-653.52081 -59.907543 4.4906187 0
-653.35779 -59.931343 4.4265962 0
-652.80444 -59.908424 4.4726963 0
-652.17023 -59.966347 4.4669523 0
-652.01636 -59.908291 4.4641986 0
-651.90668 -59.904686 4.4903531 0
-651.8335 -59.959709 4.4169593 0
-651.75793 -59.944752 4.4518952 0
-651.34406 -59.926819 4.4782109 0
-651.03888 -59.943672 4.4813223 0
-650.97644 -59.952927 4.481019 0
-650.84277 -59.961662 4.432086 0
-650.76532 -59.934387 4.448473 0
-650.63403 -59.951363 4.4085741 0
-650.5459 -59.947102 4.470397 0
-650.04395 -59.953091 4.4734168 0
-656.39594 -59.801151 4.4870024 0
-656.25165 -59.812935 4.4639587 0
-656.18134 -59.835983 4.4781952 0
-655.99609 -59.813545 4.4929314 0
-655.81866 -59.8288 4.4659514 0
-655.40228 -59.814987 4.4594874 0
-655.39032 -59.843254 4.4593372 0
-655.0097 -59.818359 4.4415708 0
-654.7475 -59.818893 4.4868894 0
-654.37744 -59.840603 4.4232626 0
-654.11627 -59.820248 4.4402528 0
-654.07935 -59.859459 4.4012494 0
-653.84247 -59.833817 4.4040642 0
-653.44147 -59.841476 4.4151497 0
-653.17841 -59.883266 4.4837794 0
-651.81348 -59.898907 4.4877501 0
-651.59216 -59.889923 4.4448037 0
-659.49658 -59.707966 4.4808602 0
-656.14319 -59.750359 4.458178 0
-655.53406 -59.780636 4.4476762 0
-661.67249 -59.609447 4.4211383 0
-661.25018 -59.628601 4.4012041 0
-660.87842 -59.639103 4.4689131 0
-660.43591 -59.678852 4.4794822 0
-660.1438 -59.668392 4.4456635 0
-659.69257 -59.646988 4.4770947 0
-659.30975 -59.666023 4.4385471 0
-659.26666 -59.624016 4.4344306 0
-658.4743 -59.614605 4.4333596 0
-658.1886 -59.636574 4.4150453 0
-664.97034 -59.507389 4.4108553 0
-664.50946 -59.516979 4.4516492 0
-664.42499 -59.505688 4.4808893 0
-662.94873 -59.532246 4.4707718 0
-662.80469 -59.587902 4.436614 0
-662.76556 -59.504951 4.4656177 0
-662.62457 -59.576466 4.4085412 0
-662.49072 -59.513752 4.4514589 0
-661.97705 -59.522003 4.4708705 0
-661.83478 -59.581078 4.4101067 0
-661.55463 -59.579018 4.4950943 0
-661.37476 -59.482517 4.4125829 0
-665.03168 -59.312939 4.4713879 0
-665.1062 -58.71748 4.4338913 0
-664.95306 -56.996574 4.4772682 0
-664.88354 -55.929996 4.4180579 0
-664.72485 -55.934391 4.4330916 0
-664.52856 -55.969463 4.4893231 0
-665.09735 -55.894382 4.4485402 0
-664.98718 -55.869167 4.4606771 0
-664.93085 -54.186588 4.4248662 0
-664.9433 -53.665367 4.4290223 0
-664.83539 -53.651096 4.4466186 0
-664.41302 -53.000298 4.4350839 0
-664.90112 -52.921021 4.4872622 0
-664.51453 -52.977348 4.4839416 0
-664.48511 -52.98225 4.4413543 0
-665.21918 -52.859264 4.4659581 0
-664.88507 -52.874317 4.4948406 0
-664.64606 -52.877907 4.4593477 0
-664.82483 -50.956207 4.4391785 0
-664.77484 -50.871155 4.4173174 0
-664.83124 -50.606068 4.4052467 0
-664.70911 -50.629356 4.4350491 0
-664.78802 -50.589924 4.4614611 0
-664.74707 -50.314857 4.4658909 0
-664.46136 -50.030094 4.4545956 0
-653.40002 -59.906715 4.5611138 0
-652.95093 -59.903816 4.5546679 0
-651.59607 -59.9184 4.5792999 0
-651.43195 -59.97467 4.5960665 0
-651.08521 -59.92696 4.5989113 0
-650.55219 -59.987324 4.5881357 0
-650.49506 -59.960003 4.5600076 0
-656.41455 -59.804802 4.5137773 0
-656.31476 -59.825138 4.5018973 0
-656.16248 -59.809963 4.5002542 0
-655.6543 -59.819077 4.5523911 0
-655.37781 -59.83173 4.5288424 0
-655.28839 -59.843227 4.5338411 0
-654.95203 -59.86499 4.5738463 0
-654.21661 -59.828957 4.5188613 0
-653.47125 -59.863487 4.5575271 0
-653.37567 -59.86388 4.5681868 0
-653.07098 -59.878323 4.5749393 0
-652.85107 -59.871864 4.5095291 0
-652.66815 -59.868473 4.5185428 0
-652.43323 -59.882221 4.541008 0
-652.14337 -59.899189 4.5117216 0
-658.64838 -59.724899 4.5190082 0
-658.21387 -59.763184 4.5410004 0
-658.1394 -59.759735 4.5354323 0
-657.5517 -59.776466 4.5179563 0
-657.16315 -59.730164 4.5442801 0
-657.04333 -59.78603 4.5130873 0
-656.94867 -59.763992 4.5172362 0
-656.86389 -59.770767 4.5091186 0
-656.0274 -59.77737 4.5904069 0
-662.29303 -59.624088 4.5408101 0
-661.82092 -59.639484 4.5889416 0
-661.70062 -59.633331 4.5223746 0
-661.66083 -59.622551 4.5071239 0
-661.15857 -59.66254 4.535182 0
-660.96423 -59.668571 4.5210972 0
-660.75421 -59.609241 4.5256071 0
-659.65302 -59.698803 4.5093918 0
-659.4295 -59.695961 4.5397124 0
-664.09644 -59.531033 4.5837421 0
-663.39783 -59.531754 4.5003414 0
-662.5332 -59.593994 4.5499473 0
-661.80902 -59.5844 4.5256186 0
-661.49463 -59.593765 4.5985174 0
-663.09308 -59.49342 4.5060987 0
-665.06006 -59.309769 4.570158 0
-665.03253 -59.106083 4.5417728 0
-665.03589 -58.814911 4.528213 0
-664.97662 -57.007492 4.525496 0
-665.00677 -56.757698 4.5198536 0
-664.72882 -55.988178 4.5055909 0
-664.84418 -53.970554 4.528152 0
-664.43933 -53.014992 4.5063457 0
-665.01263 -52.973961 4.542016 0
-664.82343 -52.905258 4.5451603 0
-664.60791 -52.90649 4.5329466 0
-664.53595 -52.923504 4.5467391 0
-664.91974 -52.849739 4.5371766 0
-664.83997 -52.866318 4.5500426 0
-664.60834 -52.889584 4.5464544 0
-664.76636 -51.229797 4.5062079 0
-664.79547 -51.142384 4.5546441 0
-664.83606 -51.055122 4.5687914 0
-664.81525 -50.923656 4.5795183 0
-664.836 -50.848042 4.5651484 0
-664.81799 -50.764725 4.551568 0
-664.76941 -50.77462 4.5740099 0
-664.82654 -50.559296 4.543673 0
-650.0708 -60.022289 4.6835427 0
-651.24048 -59.930729 4.6003137 0
-650.34387 -59.940773 4.646697 0
-650.24835 -59.968807 4.6723337 0
-656.47516 -59.825832 4.6587324 0
-656.38678 -59.805973 4.6500955 0
-656.25287 -59.847801 4.6315494 0
-655.73682 -59.810673 4.671175 0
-655.51642 -59.836704 4.6884942 0
-655.26147 -59.815411 4.6208706 0
-654.66589 -59.859653 4.6354594 0
-654.328 -59.862675 4.6743488 0
-654.15515 -59.832649 4.6570845 0
-654.08765 -59.839458 4.6089993 0
-653.83301 -59.844414 4.6447005 0
-653.73022 -59.870274 4.6495404 0
-652.58972 -59.884953 4.6153774 0
-660.50146 -59.725815 4.656908 0
-659.83295 -59.70612 4.6025729 0
-659.13507 -59.781311 4.6641178 0
-659.05267 -59.720131 4.6574354 0
-658.82471 -59.719624 4.6454387 0
-658.6582 -59.7295 4.6343427 0
-658.56915 -59.748577 4.6633892 0
-658.37781 -59.719093 4.6474895 0
-658.14948 -59.75824 4.643898 0
-657.91754 -59.708508 4.6790118 0
-657.54266 -59.7673 4.6390634 0
-657.17511 -59.771423 4.6087914 0
-656.72504 -59.799526 4.6783824 0
-656.57855 -59.763645 4.643908 0
-656.41016 -59.799103 4.6490917 0
-662.70276 -59.61414 4.6576772 0
-662.3645 -59.633484 4.6312466 0
-661.86322 -59.624111 4.6794872 0
-660.66541 -59.671406 4.635767 0
-660.17816 -59.626453 4.6228051 0
-659.45435 -59.695187 4.6042166 0
-658.71936 -59.687202 4.673677 0
-658.61182 -59.674946 4.6386013 0
-662.83679 -59.572289 4.6617889 0
-661.90485 -59.584614 4.640666 0
-664.24438 -59.499596 4.618598 0
-663.46515 -59.495247 4.6900702 0
-663.08655 -59.480263 4.6118922 0
-665.06494 -59.157673 4.6739049 0
-665.0542 -58.897453 4.6964869 0
-664.9834 -57.699375 4.6697793 0
-665.02594 -57.519958 4.6116486 0
-664.98242 -57.465576 4.6808496 0
-665.05756 -56.929214 4.6341453 0
-665.04266 -56.619049 4.614326 0
-664.8811 -55.96788 4.6804595 0
-664.77802 -55.934956 4.6434898 0
-664.63446 -55.981274 4.6488948 0
-665.03284 -55.77623 4.6662869 0
-664.92596 -54.957226 4.6845403 0
-664.91418 -54.262421 4.6216412 0
-664.86224 -53.989155 4.6624494 0
-664.81158 -53.797272 4.6421485 0
-664.69409 -52.916466 4.6934457 0
-664.55908 -52.963509 4.6667504 0
-664.48431 -52.934883 4.6506553 0
-665.16913 -52.845272 4.6116815 0
-664.90533 -52.888672 4.62327 0
-664.65027 -52.898743 4.663806 0
-664.56061 -52.895679 4.6128702 0
-664.83942 -51.34129 4.6718092 0
-664.82391 -51.140511 4.68854 0
-664.84949 -50.758118 4.681108 0
-664.78912 -50.531521 4.6767883 0
-652.73761 -59.914272 4.7596946 0
-652.17834 -59.905159 4.750145 0
-651.91229 -59.941261 4.7859039 0
-651.84375 -59.940811 4.7854843 0
-651.7442 -59.938049 4.7575173 0
-651.67639 -59.934502 4.7647209 0
-651.51575 -59.928398 4.7613678 0
-651.40527 -59.967789 4.7738538 0
-651.3443 -59.92625 4.7864332 0
-651.20502 -59.943504 4.7565293 0
-651.1192 -59.906288 4.7809677 0
-651.04297 -59.914841 4.7019949 0
-650.97144 -59.964268 4.7550535 0
-650.85413 -59.954029 4.7288599 0
-650.77197 -59.950577 4.7278967 0
-650.50726 -59.918888 4.7432027 0
-650.34973 -59.950432 4.7241673 0
-650.29846 -59.974957 4.7666745 0
-657.4303 -59.808277 4.7412524 0
-655.96875 -59.804726 4.7652326 0
-654.20764 -59.852592 4.7496791 0
-654.17749 -59.842636 4.7603054 0
-653.62225 -59.839989 4.7665277 0
-653.3866 -59.83778 4.7574453 0
-653.15039 -59.871971 4.7645302 0
-653.03143 -59.898445 4.765326 0
-651.83136 -59.896755 4.7500238 0
-651.22284 -59.893951 4.7001057 0
-650.89423 -59.886112 4.7705317 0
-660.75916 -59.703766 4.7769852 0
-659.72723 -59.703514 4.7182288 0
-658.69812 -59.7155 4.7416253 0
-658.18549 -59.741871 4.7928424 0
-657.96075 -59.749722 4.791636 0
-657.46417 -59.744064 4.7748761 0
-657.38843 -59.744621 4.7751312 0
-657.10352 -59.764652 4.7730293 0
-656.92908 -59.740791 4.7363362 0
-656.53302 -59.76955 4.7649846 0
-655.97009 -59.786579 4.7422881 0
-661.68634 -59.610657 4.7606883 0
-661.12903 -59.642952 4.798861 0
-661.08136 -59.642857 4.7672954 0
-660.8667 -59.682281 4.7915397 0
-660.79053 -59.604809 4.71945 0
-660.67322 -59.634239 4.7761564 0
-660.57898 -59.629829 4.7365904 0
-660.42957 -59.637161 4.7005 0
-660.263 -59.64304 4.7184253 0
-660.08771 -59.63168 4.7703028 0
-659.90033 -59.680695 4.7094312 0
-659.74365 -59.62859 4.7356534 0
-659.13092 -59.692738 4.7813678 0
-663.94495 -59.507347 4.7489238 0
-663.45074 -59.581207 4.7830973 0
-663.20941 -59.524399 4.7684488 0
-663.0462 -59.598347 4.7303658 0
-662.87531 -59.566025 4.7425852 0
-662.5611 -59.531361 4.7843466 0
-662.46582 -59.59523 4.7004218 0
-665.07751 -59.450977 4.7131824 0
-665.00885 -58.949398 4.7291994 0
-664.97797 -58.16106 4.7624326 0
-664.97162 -57.586452 4.7955656 0
-664.97906 -57.279221 4.7778401 0
-665.00372 -57.198666 4.7786355 0
-664.95837 -57.047882 4.752748 0
-664.71295 -56.003143 4.7650437 0
-664.54712 -56.039413 4.7326851 0
-664.85443 -55.961468 4.7012634 0
-664.74585 -55.94603 4.7589407 0
-664.66437 -55.944061 4.7316961 0
-664.93188 -55.066673 4.720572 0
-664.84528 -54.195351 4.7204828 0
-664.85193 -53.61116 4.7765889 0
-664.51068 -52.941242 4.7606187 0
-664.44666 -52.926048 4.7514486 0
-664.83289 -52.486225 4.7705078 0
-664.83417 -51.13607 4.7919645 0
-664.81219 -51.024769 4.7843308 0
-664.79205 -50.928116 4.7011166 0
-664.88342 -50.839085 4.727026 0
-664.76416 -50.844521 4.7572861 0
-664.8291 -50.72316 4.7770462 0
-664.76178 -50.724319 4.7384825 0
-664.78094 -50.619244 4.7728629 0
-664.81738 -50.437328 4.7461162 0
-664.4469 -50.15868 4.7456193 0
-650.89148 -60.009457 4.8193355 0
-651.47339 -59.926922 4.8750319 0
-651.28656 -59.905167 4.858685 0
-650.7832 -59.904896 4.8317175 0
-650.13269 -59.953083 4.8317814 0
-650.03937 -59.942287 4.8591652 0
-656.45465 -59.868801 4.8435302 0
-655.46698 -59.80666 4.807682 0
-653.94855 -59.806694 4.8712487 0
-653.86029 -59.882446 4.8640795 0
-653.67554 -59.82428 4.8504272 0
-653.52765 -59.878723 4.8445144 0
-653.24164 -59.864208 4.8445177 0
-653.11401 -59.88736 4.8456135 0
-652.90521 -59.876823 4.833467 0
-652.55725 -59.883274 4.846622 0
-651.59076 -59.872704 4.8439522 0
-650.1864 -59.882408 4.8255768 0
-659.42078 -59.702572 4.8153992 0
-659.22028 -59.71159 4.8111463 0
-658.81635 -59.726887 4.8799324 0
-657.74121 -59.725235 4.8963866 0
-657.46503 -59.712452 4.8386559 0
-657.28394 -59.728786 4.8008718 0
-656.52582 -59.798206 4.8452334 0
-656.3476 -59.756397 4.8408303 0
-656.21326 -59.788647 4.8161821 0
-655.51154 -59.750595 4.8299174 0
-655.37122 -59.794338 4.8779731 0
-655.23096 -59.794491 4.8743296 0
-654.66461 -59.791901 4.8680372 0
-653.78033 -59.753342 4.8659658 0
-662.04877 -59.634235 4.8449907 0
-661.8349 -59.631775 4.8850837 0
-661.75848 -59.659317 4.8871398 0
-661.63226 -59.657909 4.82583 0
-661.50897 -59.616085 4.8605204 0
-661.4776 -59.627079 4.823626 0
-661.2226 -59.653908 4.8133631 0
-660.97498 -59.606785 4.8602223 0
-660.34723 -59.621017 4.8240676 0
-659.93353 -59.674805 4.8260522 0
-659.49011 -59.684681 4.8052254 0
-658.97821 -59.694004 4.8005815 0
-658.39551 -59.690422 4.890749 0
-664.88922 -59.542614 4.8535495 0
-664.12134 -59.526394 4.8701172 0
-663.77411 -59.529453 4.837266 0
-663.41302 -59.506954 4.8928466 0
-662.69513 -59.58123 4.81389 0
-661.89972 -59.578526 4.86166 0
-660.90637 -59.598103 4.843915 0
-665.1145 -59.213081 4.8301682 0
-664.97339 -59.117599 4.8995757 0
-664.98126 -58.79501 4.8989983 0
-665.02515 -58.013409 4.8747292 0
-664.86176 -57.40942 4.8656735 0
-664.93384 -57.310352 4.8666697 0
-664.97516 -56.761932 4.8538642 0
-664.52875 -56.07827 4.8238564 0
-664.93689 -55.957146 4.8507733 0
-664.85229 -55.974472 4.8739705 0
-664.76056 -55.950508 4.8533077 0
-664.66479 -55.958672 4.8541679 0
-664.57581 -55.979916 4.813262 0
-664.97894 -55.844852 4.8622923 0
-664.81964 -54.28352 4.8526864 0
-664.8512 -54.113197 4.8838415 0
-664.93726 -54.095932 4.8214216 0
-664.83289 -54.00267 4.8602338 0
-664.65363 -52.901264 4.874495 0
-664.47632 -52.931587 4.8228693 0
-664.83398 -52.777275 4.8725128 0
-664.78204 -50.752289 4.8363252 0
-664.81006 -50.534431 4.8830061 0
-653.96472 -59.901379 4.94174 0
-652.70221 -59.920448 4.9342203 0
-652.64209 -59.923416 4.9058514 0
-652.26166 -59.901459 4.927125 0
-651.85645 -59.90279 4.9146967 0
-651.63129 -59.906029 4.9107966 0
-651.53271 -59.945 4.9763594 0
-651.36115 -59.909916 4.9060998 0
-651.13611 -59.932564 4.9091134 0
-650.91589 -59.940205 4.9107704 0
-650.77582 -59.942238 4.9082413 0
-650.37103 -59.97686 4.9299326 0
-650.23254 -59.982819 4.9524727 0
-650.12646 -59.968437 4.9177637 0
-650.03284 -59.928444 4.9866991 0
-655.49506 -59.839314 4.9915257 0
-654.78235 -59.818245 4.9277554 0
-654.55444 -59.874729 4.9271126 0
-654.35583 -59.850124 4.9551573 0
-653.98145 -59.844059 4.982985 0
-653.53662 -59.841377 4.9793425 0
-653.41681 -59.841507 4.9948378 0
-659.7265 -59.710316 4.9459953 0
-658.97424 -59.702789 4.9039726 0
-658.7406 -59.711727 4.9247699 0
-658.59442 -59.722023 4.9059048 0
-655.0506 -59.760292 4.9248018 0
-653.58038 -59.776958 4.9045305 0
-662.69379 -59.613808 4.9630618 0
-662.30731 -59.643845 4.9115663 0
-662.22064 -59.661583 4.904325 0
-662.17615 -59.615238 4.9986634 0
-661.90906 -59.63007 4.9428077 0
-661.74829 -59.628788 4.9298344 0
-661.50873 -59.627075 4.9236751 0
-661.01935 -59.667244 4.9359741 0
-660.91315 -59.65694 4.9866858 0
-660.87726 -59.691727 4.9949374 0
-660.27808 -59.631847 4.9047079 0
-660.15857 -59.688084 4.9705477 0
-659.30524 -59.677746 4.9655604 0
-658.68793 -59.696442 4.9699249 0
-657.99573 -59.679413 4.9400983 0
-664.88885 -59.516891 4.9757171 0
-664.35626 -59.524288 4.9806395 0
-663.51404 -59.532234 4.9141273 0
-662.63776 -59.549717 4.9667921 0
-661.93121 -59.590004 4.9870219 0
-661.84503 -59.590103 4.9706631 0
-664.96783 -59.47953 4.9282722 0
-664.71942 -59.486755 4.9447641 0
-664.24652 -59.482838 4.9162006 0
-664.992 -59.195358 4.9977889 0
-664.99591 -59.060806 4.9776478 0
-665.02454 -58.977871 4.9507523 0
-664.98187 -58.982498 4.946352 0
-665.05408 -58.683681 4.9576669 0
-665.04816 -58.513645 4.93819 0
-665.03394 -58.31329 4.9126096 0
-664.9563 -58.243088 4.9643974 0
-664.95715 -58.053478 4.9192104 0
-665.0166 -57.998932 4.977993 0
-665.02161 -57.559715 4.9786687 0
-664.93872 -57.394539 4.9762268 0
-664.95056 -56.986111 4.9511638 0
-664.55139 -56.039604 4.9083848 0
-664.9259 -55.987408 4.9585028 0
-664.71277 -55.996555 4.9408031 0
-664.85803 -54.26049 4.9240398 0
-664.84149 -53.920845 4.9711986 0
-664.86652 -53.81226 4.933713 0
-664.48999 -53.135281 4.9632096 0
-664.67932 -52.947319 4.9381208 0
-664.45673 -52.944969 4.9774723 0
-664.73059 -52.88039 4.9296126 0
-664.81799 -51.191341 4.9956694 0
-664.79321 -51.130566 4.9230857 0
-664.74921 -50.93475 4.9108825 0
-664.77399 -50.866936 4.9968648 0
-664.77478 -50.767479 4.9656758 0
-664.75867 -50.666779 4.9999347 0
-664.55701 -50.151398 4.990201 0
-664.35535 -50.028198 4.9258432 0
-652.61615 -59.911373 5.0787339 0
-652.42291 -59.900612 5.068749 0
-651.81891 -59.907032 5.0828986 0
-651.0238 -59.972088 5.0480838 0
-650.81891 -59.917755 5.0811715 0
-650.55267 -59.947407 5.0952082 0
-650.44873 -59.966244 5.0304728 0
-650.35065 -59.961506 5.0278525 0
-650.11029 -59.961037 5.0271225 0
-654.64722 -59.857208 5.03297 0
-654.36621 -59.812714 5.0951896 0
-653.98151 -59.855415 5.0539823 0
-653.80951 -59.855122 5.0456905 0
-653.58655 -59.836327 5.0059061 0
-653.36243 -59.848934 5.0982375 0
-653.284 -59.898735 5.0969501 0
-652.50885 -59.871437 5.099194 0
-652.44666 -59.885738 5.0782881 0
-660.14032 -59.702942 5.094614 0
-658.57373 -59.71841 5.0595932 0
-658.27966 -59.750546 5.0317917 0
-663.86322 -59.600143 5.0498643 0
-663.68542 -59.630211 5.0351858 0
-662.23914 -59.624889 5.0072312 0
-660.97766 -59.678905 5.0064416 0
-660.50226 -59.613609 5.0058074 0
-660.32416 -59.665825 5.0540199 0
-659.85352 -59.680271 5.0019674 0
-664.96881 -59.549057 5.0731106 0
-663.76892 -59.592178 5.0371184 0
-662.3244 -59.542084 5.0208726 0
-664.97852 -59.481533 5.0240936 0
-664.99744 -59.392937 5.044785 0
-665.02356 -59.201874 5.0009279 0
-665.05267 -59.173893 5.0265555 0
-664.99713 -58.580658 5.0962858 0
-665.00201 -58.171852 5.0047879 0
-665.01367 -57.763165 5.0865488 0
-664.92468 -57.366882 5.0635304 0
-664.91333 -57.156815 5.0756941 0
-664.42126 -56.126839 5.0119333 0
-664.88959 -55.996849 5.059598 0
-664.67804 -55.972698 5.0161595 0
-664.91406 -54.927799 5.0805478 0
-664.90814 -54.709103 5.0635939 0
-664.93921 -54.222565 5.0443926 0
-664.84076 -54.034138 5.063745 0
-664.42957 -53.021126 5.0342646 0
-664.82397 -52.941307 5.0280209 0
-664.67993 -52.947872 5.0805416 0
-664.43658 -52.998737 5.0275369 0
-664.91632 -52.865284 5.0629745 0
-664.83441 -52.874958 5.0178552 0
-664.75714 -52.891979 5.0059214 0
-664.90686 -52.729458 5.035511 0
-664.83392 -51.312584 5.0379548 0
-664.7948 -51.195007 5.0607657 0
-664.82678 -51.057781 5.0921907 0
-664.76569 -51.048798 5.095221 0
-664.82562 -50.970253 5.0718422 0
-664.82532 -50.646286 5.0542202 0
-652.53125 -59.905479 5.1671557 0
-651.2702 -59.98452 5.1953602 0
-651.18591 -59.957993 5.1053753 0
-650.33142 -59.952545 5.1743484 0
-655.64496 -59.83419 5.1586986 0
-655.53784 -59.807739 5.137177 0
-655.4455 -59.805347 5.1380644 0
-655.00165 -59.817963 5.110249 0
-654.73303 -59.835445 5.1051016 0
-654.0769 -59.858109 5.1280036 0
-653.84167 -59.835609 5.1574788 0
-653.74371 -59.864109 5.1234384 0
-653.54724 -59.844337 5.149487 0
-653.25476 -59.862556 5.1986051 0
-652.86389 -59.878815 5.1529169 0
-652.73938 -59.865364 5.1060152 0
-652.69434 -59.868534 5.1046214 0
-652.53455 -59.859039 5.1529899 0
-660.95923 -59.762505 5.1587548 0
-659.66449 -59.706657 5.1308575 0
-659.59448 -59.708954 5.1603866 0
-659.26422 -59.715237 5.1296406 0
-658.94696 -59.752808 5.1171236 0
-657.61163 -59.742607 5.1756887 0
-657.4762 -59.75037 5.1709433 0
-657.17029 -59.756596 5.1614466 0
-657.03046 -59.757301 5.1429472 0
-656.57874 -59.788548 5.147563 0
-656.20831 -59.780907 5.1900425 0
-655.59515 -59.789707 5.1510139 0
-654.85364 -59.795967 5.126236 0
-662.82709 -59.638756 5.1321526 0
-662.0545 -59.64912 5.1651659 0
-661.92334 -59.617859 5.1568995 0
-661.40161 -59.631004 5.1693311 0
-661.07886 -59.655346 5.1259136 0
-660.95782 -59.615955 5.1383777 0
-660.31177 -59.679691 5.178947 0
-660.23474 -59.691826 5.1225772 0
-660.16583 -59.681511 5.1484671 0
-659.71844 -59.669693 5.1625795 0
-659.65405 -59.69191 5.1614461 0
-659.45343 -59.678757 5.1379638 0
-658.50854 -59.679276 5.1986423 0
-657.6759 -59.696365 5.1701002 0
-663.51459 -59.557533 5.1086979 0
-663.44672 -59.523373 5.1341577 0
-662.78937 -59.536209 5.1031566 0
-661.87061 -59.574417 5.1489315 0
-665.03357 -59.490356 5.1530213 0
-664.96869 -58.246914 5.1163478 0
-664.93604 -58.151024 5.1763949 0
-665.03406 -57.711304 5.107439 0
-664.9502 -57.778374 5.1719327 0
-664.96722 -57.090691 5.1173639 0
-664.57751 -56.226738 5.1890268 0
-664.80933 -55.90704 5.1026196 0
-664.63708 -55.934601 5.1698565 0
-664.89636 -54.817635 5.1727538 0
-664.84924 -54.279015 5.1226006 0
-664.90021 -54.129013 5.1320581 0
-664.86713 -54.154064 5.1276188 0
-664.86462 -54.055458 5.1705399 0
-664.86511 -53.726532 5.1304827 0
-664.75513 -53.704006 5.1524329 0
-664.6972 -52.920986 5.1212521 0
-664.53625 -52.939156 5.1906934 0
-664.43689 -52.935814 5.1592197 0
-664.8598 -52.83284 5.1145687 0
-664.7915 -51.256058 5.1955566 0
-664.77283 -51.008209 5.1232619 0
-664.7533 -50.960953 5.1716838 0
-654.24542 -59.916489 5.202044 0
-652.39801 -59.925896 5.2190657 0
-652.16223 -59.93063 5.2482848 0
-651.7699 -59.913994 5.2201796 0
-651.62274 -59.941563 5.2486696 0
-651.55261 -59.954594 5.2189598 0
-651.11078 -59.944748 5.294898 0
-650.70691 -59.942307 5.2234688 0
-650.45776 -59.954086 5.2230487 0
-656.45709 -59.850262 5.2988515 0
-656.18286 -59.817951 5.2521191 0
-655.96863 -59.824787 5.2825494 0
-655.45404 -59.842468 5.283421 0
-654.83014 -59.840221 5.2850938 0
-654.74902 -59.85516 5.267962 0
-654.39594 -59.8554 5.2406855 0
-654.10791 -59.846813 5.2338357 0
-654.03436 -59.86544 5.2955923 0
-653.88501 -59.85881 5.23141 0
-653.70599 -59.840935 5.2528167 0
-653.66888 -59.863457 5.2740927 0
-653.53882 -59.860233 5.2413268 0
-653.34668 -59.875088 5.2667069 0
-653.29193 -59.87035 5.2611184 0
-653.07916 -59.891449 5.2649088 0
-652.59717 -59.846813 5.2401447 0
-661.68988 -59.722622 5.2158794 0
-659.36121 -59.744301 5.2353897 0
-658.7804 -59.72086 5.2586493 0
-657.94647 -59.716545 5.2852001 0
-657.86237 -59.723663 5.2795649 0
-657.5274 -59.759235 5.2221899 0
-657.23529 -59.740028 5.2645383 0
-656.92114 -59.776836 5.2504497 0
-656.26947 -59.77224 5.2392893 0
-663.07147 -59.617107 5.2822127 0
-662.87701 -59.626205 5.2646108 0
-662.78326 -59.615948 5.2508297 0
-662.68353 -59.620365 5.2419286 0
-661.74799 -59.643299 5.220448 0
-661.69666 -59.63995 5.2933922 0
-661.56805 -59.662071 5.2871208 0
-661.43323 -59.659973 5.2737803 0
-661.22266 -59.637726 5.2470431 0
-660.83575 -59.684227 5.2266374 0
-660.73431 -59.644985 5.2716613 0
-660.5874 -59.690956 5.2151346 0
-659.50226 -59.683586 5.2470255 0
-659.33453 -59.694027 5.2149801 0
-656.20612 -59.689373 5.2300911 0
-664.30579 -59.530704 5.2227063 0
-664.2489 -59.47908 5.2264223 0
-664.1842 -59.494419 5.219595 0
-663.79681 -59.489269 5.2860541 0
-665.05029 -58.848026 5.2322216 0
-665.03802 -58.426823 5.264092 0
-665.07428 -58.308872 5.2611141 0
-664.82935 -58.275982 5.2871222 0
-664.95496 -58.171822 5.2683854 0
-664.96088 -58.058163 5.2125163 0
-664.84076 -58.018448 5.2878447 0
-664.94183 -57.890419 5.2169042 0
-664.93591 -57.665825 5.2195396 0
-664.94873 -57.397549 5.245863 0
-664.93695 -56.863445 5.2752037 0
-664.5188 -56.076546 5.2928948 0
-664.93768 -55.951836 5.2025347 0
-664.57245 -55.979996 5.26862 0
-665.01697 -55.881882 5.272326 0
-664.86884 -53.949665 5.2129927 0
-664.82141 -53.761089 5.2106323 0
-664.83429 -53.601345 5.2956467 0
-664.88904 -53.578445 5.241394 0
-664.7774 -52.925781 5.2653885 0
-664.52454 -52.937336 5.2994165 0
-664.48047 -52.949764 5.2722397 0
-664.83209 -52.820545 5.2521491 0
-664.60999 -52.897854 5.2094536 0
-664.84528 -51.707676 5.2062902 0
-664.7262 -51.170116 5.2942386 0
-664.80005 -51.002625 5.2722225 0
-664.78015 -51.049839 5.2648153 0
-664.76147 -50.864059 5.265697 0
-664.79077 -50.694668 5.2974591 0
-664.78479 -50.508018 5.2046795 0
-664.40045 -50.048992 5.2050443 0
-650.22034 -60.000122 5.325995 0
-652.97491 -59.913162 5.3329225 0
-652.56958 -59.909801 5.369761 0
-652.31122 -59.915379 5.345799 0
-652.13184 -59.90377 5.3313413 0
-652.03247 -59.924957 5.3502111 0
-651.96777 -59.921165 5.3271999 0
-651.54547 -59.921108 5.3943238 0
-651.43011 -59.91753 5.3911934 0
-651.33936 -59.948135 5.3050475 0
-651.23346 -59.954716 5.3727307 0
-651.07617 -59.946766 5.3897767 0
-650.71655 -59.982788 5.3313966 0
-650.6059 -59.952911 5.3786492 0
-650.56348 -59.99213 5.3208308 0
-650.23883 -59.961388 5.3206406 0
-650.0675 -59.982643 5.377913 0
-656.97913 -59.802929 5.3120022 0
-656.87219 -59.802505 5.3813868 0
-656.7074 -59.804039 5.3330541 0
-656.5246 -59.802498 5.3710451 0
-656.03564 -59.804821 5.3495364 0
-655.90399 -59.820782 5.3547626 0
-655.74506 -59.808296 5.3235674 0
-655.48438 -59.827923 5.3342137 0
-655.22778 -59.847496 5.3272972 0
-655.15594 -59.837681 5.3091288 0
-654.81793 -59.876667 5.3408113 0
-654.76123 -59.824165 5.3171926 0
-654.59229 -59.820938 5.3377309 0
-654.35217 -59.848045 5.3195343 0
-653.90845 -59.866497 5.3090801 0
-653.37463 -59.885422 5.3959422 0
-653.18719 -59.885273 5.3829622 0
-652.95947 -59.886642 5.3735905 0
-652.43646 -59.874401 5.3172865 0
-650.37427 -59.872032 5.3756647 0
-658.4295 -59.732243 5.3618388 0
-658.05609 -59.740528 5.3591189 0
-657.84564 -59.740364 5.3211479 0
-657.77649 -59.765934 5.339715 0
-657.26379 -59.776657 5.3173823 0
-657.18921 -59.752491 5.3244915 0
-656.94788 -59.74604 5.3797674 0
-656.82996 -59.756695 5.3413844 0
-656.64307 -59.775005 5.3477297 0
-655.19611 -59.787292 5.3298416 0
-662.04504 -59.617729 5.3505983 0
-660.72565 -59.6329 5.3041992 0
-659.96442 -59.666588 5.3383346 0
-659.45764 -59.684311 5.3708267 0
-658.70184 -59.698555 5.3394809 0
-658.61249 -59.694851 5.3256688 0
-664.95264 -59.51675 5.3775048 0
-664.43512 -59.54435 5.3116465 0
-664.33081 -59.583965 5.3084707 0
-664.25189 -59.523983 5.3644943 0
-664.13733 -59.50824 5.3674531 0
-664.09766 -59.533638 5.3693547 0
-663.04669 -59.576679 5.3908248 0
-662.98303 -59.549465 5.372654 0
-662.85052 -59.585476 5.3746357 0
-662.67694 -59.569427 5.3230839 0
-661.97931 -59.596245 5.3712139 0
-665.06854 -59.400528 5.3072462 0
-665.07025 -59.355263 5.3540621 0
-664.99634 -59.134018 5.3990622 0
-665.03442 -59.085506 5.3174858 0
-665.08258 -58.607552 5.3343725 0
-664.96814 -58.417576 5.3072925 0
-664.99713 -58.215633 5.3022146 0
-664.96368 -57.857235 5.3399177 0
-664.93268 -57.586918 5.3144159 0
-664.96509 -57.24865 5.3675981 0
-664.93433 -55.937569 5.3742657 0
-664.63074 -55.969597 5.357264 0
-664.89563 -55.367657 5.352675 0
-664.83746 -54.903866 5.3904886 0
-664.66132 -54.368916 5.3153419 0
-664.82971 -54.18903 5.3184953 0
-664.90393 -53.86644 5.3134017 0
-664.67804 -53.531219 5.3910146 0
-664.59357 -53.014778 5.3958268 0
-664.53625 -52.960712 5.3138967 0
-664.85077 -52.844505 5.3020897 0
-664.82617 -52.769855 5.3878422 0
-664.7818 -51.299332 5.3500047 0
-664.78857 -51.071651 5.3089743 0
-664.71179 -50.558441 5.3190928 0
-664.8573 -50.3102 5.3830957 0
-664.33679 -50.01395 5.345571 0
-653.052 -59.906921 5.4510865 0
-652.3158 -59.941109 5.4403763 0
-652.02643 -59.921165 5.4674711 0
-651.71204 -59.9533 5.4531803 0
-651.1875 -59.949081 5.4812479 0
-650.59296 -59.916031 5.4879665 0
-650.48999 -59.951809 5.4514952 0
-656.2536 -59.813194 5.4691157 0
-655.55255 -59.812454 5.4345484 0
-655.44806 -59.853195 5.4410276 0
-655.36194 -59.85841 5.4401789 0
-655.22992 -59.81506 5.4054546 0
-654.65686 -59.861732 5.4380474 0
-654.59442 -59.853294 5.4776807 0
-654.3125 -59.881706 5.4040184 0
-653.91467 -59.865707 5.4757581 0
-653.87244 -59.845474 5.4873276 0
-653.72003 -59.840439 5.4587617 0
-653.38153 -59.856384 5.4959831 0
-653.20087 -59.849201 5.4493179 0
-653.15454 -59.870018 5.4408693 0
-653.0863 -59.87188 5.4367943 0
-652.8866 -59.874245 5.4787159 0
-652.76221 -59.869045 5.4303923 0
-652.43634 -59.876076 5.4656219 0
-652.24341 -59.883026 5.4854159 0
-652.15002 -59.875259 5.4539952 0
-660.00531 -59.702057 5.4409046 0
-659.84235 -59.717804 5.4748335 0
-659.61682 -59.70863 5.4656415 0
-659.48297 -59.706486 5.4849515 0
-659.39575 -59.70356 5.4009728 0
-659.26306 -59.733654 5.4575505 0
-658.75928 -59.73782 5.437459 0
-658.6886 -59.716801 5.4000297 0
-658.24194 -59.713696 5.4459553 0
-658.14545 -59.720688 5.4560404 0
-657.18378 -59.775372 5.499043 0
-655.94543 -59.758839 5.4840536 0
-663.2713 -59.608055 5.4429846 0
-660.91345 -59.690762 5.4890833 0
-660.31421 -59.696236 5.4355912 0
-660.29681 -59.622765 5.4766049 0
-659.53308 -59.662205 5.4699244 0
-663.81415 -59.521667 5.4812813 0
-663.67255 -59.582813 5.4631891 0
-663.53955 -59.587444 5.4676757 0
-663.46094 -59.551876 5.4593229 0
-663.19574 -59.592857 5.4299898 0
-664.5575 -59.499485 5.440186 0
-665.10913 -59.036686 5.4378629 0
-664.97723 -58.716511 5.4073286 0
-664.94617 -58.591164 5.4674911 0
-664.93988 -58.227798 5.4500217 0
-665.01752 -58.164696 5.4183831 0
-664.96259 -57.584076 5.408258 0
-664.94019 -57.103497 5.4845591 0
-664.90985 -56.793884 5.4507146 0
-664.75378 -55.954773 5.4515018 0
-664.78241 -55.715881 5.4670677 0
-664.92554 -55.509228 5.4560246 0
-664.49744 -55.470261 5.4894781 0
-664.71417 -55.317219 5.4536681 0
-664.93652 -55.191822 5.4427228 0
-664.4978 -55.113182 5.4597549 0
-664.43005 -54.805313 5.4967737 0
-664.79053 -54.767685 5.4500651 0
-664.45972 -54.603363 5.4664626 0
-664.8382 -54.51107 5.4722953 0
-664.75909 -54.556572 5.4542747 0
-664.51154 -54.523598 5.4603596 0
-664.573 -54.459217 5.458744 0
-664.6745 -54.270782 5.4815788 0
-664.49805 -54.270874 5.4782519 0
-664.44965 -54.131268 5.4915557 0
-664.88672 -54.044788 5.4581785 0
-664.4375 -53.948341 5.4692454 0
-664.71887 -53.748428 5.4353251 0
-664.44135 -53.70673 5.4183879 0
-664.58752 -53.605389 5.4900737 0
-664.60669 -53.551178 5.4694576 0
-664.68494 -53.427074 5.4635925 0
-664.50568 -53.471592 5.4252524 0
-664.51971 -53.304203 5.4962597 0
-664.42383 -53.133751 5.4482327 0
-664.38403 -53.118927 5.4071116 0
-664.64514 -52.962257 5.4094033 0
-664.64087 -52.82666 5.4529662 0
-664.57416 -52.767467 5.4912868 0
-664.81384 -52.664558 5.4917893 0
-664.46442 -52.675381 5.4767623 0
-664.86255 -52.536125 5.4650259 0
-664.68945 -52.437946 5.4843998 0
-664.74573 -52.378437 5.4825678 0
-664.78229 -52.278057 5.4914756 0
-664.8681 -52.161022 5.4740658 0
-664.55518 -52.015968 5.485909 0
-664.78381 -51.917854 5.4879713 0
-664.64679 -51.923168 5.4653273 0
-664.46594 -51.853111 5.4858823 0
-664.80835 -51.602085 5.4923544 0
-664.58344 -51.625393 5.4664717 0
-664.41565 -51.532383 5.4887943 0
-664.45557 -51.465866 5.4847269 0
-664.70239 -51.317745 5.49826 0
-664.62531 -51.338753 5.4908094 0
-664.59857 -51.385044 5.487803 0
-664.75879 -51.285797 5.4243784 0
-664.41309 -51.104324 5.4732566 0
-664.73291 -51.024902 5.4444327 0
-664.88617 -50.939281 5.4325056 0
-664.40314 -50.925602 5.472929 0
-664.7052 -50.782101 5.4866815 0
-664.40106 -50.770252 5.4891453 0
-664.45361 -50.663876 5.4960103 0
-664.74567 -50.567608 5.40909 0
-664.56146 -50.578423 5.4996591 0
-664.32916 -50.483738 5.4771109 0
-664.36536 -50.245094 5.49751 0
-664.42926 -50.15036 5.4844894 0
-664.32709 -50.047615 5.4630466 0
-653.02936 -59.921036 5.5445771 0
-651.75195 -59.939522 5.568532 0
-651.63507 -59.937275 5.5445395 0
-651.42865 -59.90625 5.5963836 0
-651.19141 -59.920452 5.5965948 0
-650.95508 -59.924961 5.5396175 0
-650.71692 -59.937977 5.541626 0
-650.57764 -59.942646 5.5933208 0
-650.33295 -59.952953 5.5703969 0
-650.2301 -59.922436 5.5406356 0
-650.13464 -59.914707 5.5598807 0
-650.05798 -59.908531 5.539361 0
-656.12634 -59.828506 5.528306 0
-655.53589 -59.811123 5.5834093 0
-654.80109 -59.826679 5.5688028 0
-654.29633 -59.83567 5.540606 0
-653.84009 -59.810692 5.576941 0
-653.55212 -59.813919 5.5263786 0
-653.30743 -59.876259 5.5340118 0
-653.18506 -59.864758 5.5034618 0
-652.72028 -59.899364 5.5895829 0
-652.54138 -59.871025 5.5302148 0
-652.4657 -59.871567 5.5304441 0
-650.86469 -59.878658 5.5088878 0
-650.15442 -59.893253 5.558485 0
-658.6521 -59.757637 5.584713 0
-658.49719 -59.714146 5.5937347 0
-657.84283 -59.704685 5.5743318 0
-657.53827 -59.746208 5.5592484 0
-657.06757 -59.768677 5.5538239 0
-656.98334 -59.753868 5.5271983 0
-656.46167 -59.781597 5.5435066 0
-656.35876 -59.777287 5.5149193 0
-655.91162 -59.783146 5.5476499 0
-662.47607 -59.612576 5.5995646 0
-661.8963 -59.628246 5.5370364 0
-661.5824 -59.638329 5.5156608 0
-661.4967 -59.610477 5.5033097 0
-661.35162 -59.653526 5.5422382 0
-660.70026 -59.692364 5.5151277 0
-660.61743 -59.667191 5.5334969 0
-660.3382 -59.676632 5.5623908 0
-660.24243 -59.640263 5.560257 0
-660.1687 -59.659103 5.5273209 0
-659.61493 -59.690254 5.5439401 0
-659.52521 -59.690449 5.5190849 0
-659.1311 -59.698261 5.5672903 0
-664.83466 -59.551666 5.5954142 0
-664.21014 -59.514019 5.5964499 0
-664.18915 -59.524815 5.5511088 0
-663.73242 -59.566269 5.5149922 0
-663.36932 -59.573643 5.5512805 0
-662.66895 -59.595554 5.5801401 0
-662.56512 -59.591389 5.5740619 0
-661.0827 -59.581676 5.5596538 0
-665.05609 -59.476387 5.5338712 0
-665.08954 -58.970531 5.5114722 0
-664.992 -58.878117 5.5945253 0
-664.9801 -58.656845 5.5429897 0
-664.99292 -58.564514 5.5327163 0
-664.95221 -58.308769 5.5327401 0
-664.88129 -57.400005 5.5679421 0
-664.93542 -57.393875 5.5118313 0
-664.92883 -57.226891 5.5883222 0
-664.78424 -56.439697 5.5277243 0
-664.82874 -55.916466 5.5215635 0
-664.47369 -55.8871 5.5394669 0
-664.50098 -55.644791 5.5314255 0
-664.51166 -55.525066 5.5973625 0
-664.43677 -55.056679 5.5850935 0
-664.43561 -54.95042 5.5453768 0
-664.50598 -54.87886 5.5664935 0
-664.43768 -54.876583 5.5236049 0
-664.44189 -54.593334 5.5621166 0
-664.4469 -54.462616 5.5765762 0
-664.44049 -54.33699 5.5445633 0
-664.84363 -54.020351 5.5282421 0
-664.46521 -53.979504 5.5444651 0
-664.44397 -53.49588 5.5681491 0
-664.43616 -53.327415 5.5660672 0
-664.49786 -53.215614 5.5016956 0
-664.45935 -53.186272 5.5868659 0
-664.45813 -53.0116 5.5243773 0
-664.38519 -53.059486 5.5856156 0
-664.41376 -52.927887 5.5306721 0
-664.73566 -52.791256 5.5235748 0
-664.43988 -52.705433 5.5618324 0
-664.39691 -52.625755 5.597445 0
-664.53406 -52.519085 5.5228319 0
-664.45947 -52.577957 5.5425587 0
-664.42438 -52.350601 5.5770569 0
-664.3811 -52.329323 5.5437393 0
-664.41992 -52.187283 5.5243564 0
-664.41119 -52.062191 5.5417643 0
-664.38745 -52.087803 5.5958729 0
-664.66608 -51.887352 5.5196428 0
-664.39777 -51.843197 5.5993037 0
-664.40167 -51.678368 5.538034 0
-664.39966 -51.549316 5.5449562 0
-664.40302 -51.487938 5.5681777 0
-664.5824 -51.376038 5.5029302 0
-664.44684 -51.252102 5.5735717 0
-664.3623 -51.265282 5.5902996 0
-664.44318 -51.191353 5.5558677 0
-664.48071 -50.990906 5.5147071 0
-664.38733 -50.733219 5.5272536 0
-664.67853 -50.52203 5.5312514 0
-664.35571 -50.551529 5.531085 0
-664.37244 -50.46172 5.5335588 0
-664.42719 -50.30397 5.5138125 0
-664.33075 -50.19944 5.5347552 0
-651.2475 -60.149124 5.6401434 0
-652.70111 -59.915459 5.6983452 0
-652.62622 -59.905312 5.6860156 0
-651.70807 -59.922913 5.6141663 0
-650.61316 -59.90554 5.6542215 0
-654.16455 -59.812889 5.6232638 0
-653.96667 -59.865124 5.6980109 0
-653.50494 -59.841892 5.6724796 0
-653.31506 -59.862049 5.6641355 0
-653.172 -59.86208 5.655674 0
-652.76929 -59.885086 5.6306467 0
-652.18231 -59.893875 5.623754 0
-660.24536 -59.76973 5.6623988 0
-659.07379 -59.772747 5.6097713 0
-658.74683 -59.75243 5.6409469 0
-658.35962 -59.741539 5.657011 0
-657.96008 -59.734989 5.646553 0
-657.29675 -59.777412 5.6719799 0
-657.08026 -59.765656 5.6597881 0
-656.86646 -59.776344 5.6616201 0
-656.44891 -59.790745 5.6832843 0
-656.23096 -59.755981 5.6441774 0
-655.8988 -59.745113 5.6188035 0
-655.70703 -59.757 5.6780195 0
-662.55127 -59.620388 5.6053057 0
-662.41931 -59.640057 5.6019659 0
-661.97137 -59.651627 5.6301742 0
-661.85358 -59.627419 5.6155248 0
-660.49213 -59.677608 5.6785989 0
-660.22559 -59.660095 5.6737418 0
-660.12854 -59.666462 5.6244969 0
-659.75916 -59.629585 5.6135874 0
-664.18768 -59.568371 5.6880069 0
-663.3894 -59.563404 5.6409483 0
-662.63062 -59.578411 5.6011543 0
-662.24084 -59.552616 5.639009 0
-661.89807 -59.579456 5.6945758 0
-661.01373 -59.588928 5.6536617 0
-659.92792 -59.598335 5.6167898 0
-664.98822 -59.426857 5.6488695 0
-664.96606 -59.267643 5.6944032 0
-664.95673 -58.369095 5.6386786 0
-664.93317 -57.810089 5.6332579 0
-664.94458 -57.569233 5.6446486 0
-664.62744 -56.268394 5.6929193 0
-664.46411 -55.196659 5.6414003 0
-664.47845 -55.069664 5.6285911 0
-664.46948 -53.825649 5.6043029 0
-664.48468 -53.422482 5.6052475 0
-664.44885 -52.915207 5.6287408 0
-664.42688 -52.853722 5.6352611 0
-664.42883 -52.703968 5.6035566 0
-664.3949 -52.341362 5.6411586 0
-664.67029 -51.922855 5.6009879 0
-664.36096 -51.978966 5.6141953 0
-664.44336 -51.49667 5.6558399 0
-664.38281 -50.936775 5.6050124 0
-664.36517 -50.820213 5.6528111 0
-664.29883 -50.311302 5.6820288 0
-664.34546 -50.166237 5.6630416 0
-664.35883 -50.034897 5.6096478 0
-653.31171 -59.977871 5.7262774 0
-653.22546 -59.921692 5.7058454 0
-658.06439 -59.837227 5.7563953 0
-656.28784 -59.801243 5.7508426 0
-655.92523 -59.808056 5.7129579 0
-655.01721 -59.835697 5.703661 0
-654.94739 -59.807831 5.7498231 0
-654.21912 -59.836826 5.7145114 0
-658.94739 -59.701962 5.7379937 0
-658.48157 -59.701893 5.7761216 0
-657.99683 -59.709473 5.7183218 0
-657.72559 -59.707577 5.7079458 0
-656.85004 -59.712379 5.7174716 0
-656.77527 -59.720741 5.7157044 0
-656.20776 -59.740822 5.7367449 0
-662.28424 -59.605179 5.7460303 0
-661.74438 -59.618855 5.7369347 0
-661.34253 -59.611652 5.7267256 0
-661.18329 -59.63192 5.7376323 0
-661.09174 -59.64418 5.7146177 0
-660.95984 -59.633072 5.7508335 0
-660.82977 -59.621986 5.7244773 0
-660.62512 -59.622803 5.7300138 0
-659.73907 -59.678432 5.7870188 0
-659.18927 -59.683945 5.7659888 0
-659.06659 -59.694939 5.7093678 0
-658.89551 -59.675949 5.7576933 0
-658.7804 -59.682755 5.7630844 0
-658.64575 -59.697929 5.7865705 0
-658.33301 -59.687679 5.7278972 0
-658.25049 -59.634666 5.7090869 0
-658.1604 -59.663971 5.7449293 0
-657.94739 -59.691753 5.7132611 0
-657.89722 -59.697205 5.7187314 0
-657.64899 -59.68129 5.7108569 0
-664.86926 -59.501453 5.7712531 0
-664.7182 -59.557732 5.731473 0
-664.49097 -59.574272 5.7177644 0
-663.16028 -59.559376 5.7049837 0
-662.85022 -59.541325 5.7533031 0
-662.64105 -59.54604 5.7988143 0
-662.5368 -59.590881 5.770093 0
-662.4834 -59.541031 5.7877254 0
-662.35931 -59.577026 5.7659574 0
-662.21918 -59.597317 5.7863097 0
-661.74683 -59.5798 5.7137399 0
-661.6424 -59.591492 5.7906752 0
-661.53333 -59.574558 5.7651443 0
-661.41718 -59.540836 5.7534142 0
-660.82178 -59.592873 5.7645249 0
-660.36414 -59.584126 5.7151737 0
-665.01758 -59.435356 5.7354007 0
-664.93646 -59.452827 5.7679839 0
-664.97498 -58.755863 5.7666917 0
-665.01898 -58.556896 5.7842474 0
-664.9801 -58.489502 5.7988725 0
-664.94318 -57.912727 5.7554526 0
-664.90839 -57.425636 5.7852335 0
-664.89154 -57.301079 5.7301555 0
-664.90387 -56.92141 5.7682915 0
-664.68811 -55.026146 5.7570906 0
-664.86304 -54.456741 5.7768397 0
-664.56366 -52.948441 5.7756267 0
-664.42352 -51.299896 5.7022905 0
-664.44568 -51.180092 5.7399406 0
-664.44348 -50.66835 5.7598577 0
-653.0921 -60.291687 5.8742161 0
-658.35895 -60.050034 5.824882 0
-657.27301 -59.870453 5.8417501 0
-659.23291 -59.79493 5.8577681 0
-661.84784 -59.628647 5.8690319 0
-661.5296 -59.629997 5.8554606 0
-661.22235 -59.690231 5.8536177 0
-659.88165 -59.651176 5.8451185 0
-659.34381 -59.662994 5.8034363 0
-663.51343 -59.564075 5.8469005 0
-663.08624 -59.572792 5.8743391 0
-662.66858 -59.592098 5.8812108 0
-662.45752 -59.547997 5.8481531 0
-662.12262 -59.562069 5.8215895 0
-661.80273 -59.5891 5.8209229 0
-661.72369 -59.594307 5.8552051 0
-661.66315 -59.578632 5.8235917 0
-661.07617 -59.59594 5.8117523 0
-660.23578 -59.563362 5.8730278 0
-664.99591 -59.469341 5.8152061 0
-663.77948 -59.487331 5.8949585 0
-663.56293 -59.474964 5.8155966 0
-665.05682 -59.094433 5.8561268 0
-665.02991 -58.731312 5.8074923 0
-664.95856 -58.517708 5.8940921 0
-664.94342 -58.202751 5.8196049 0
-664.97742 -58.062889 5.8225698 0
-664.96185 -57.823582 5.8668633 0
-664.92651 -57.748558 5.8485804 0
-664.89899 -56.243248 5.8941145 0
-664.9151 -56.085281 5.806354 0
-664.78296 -55.65313 5.8640838 0
-664.85724 -55.435322 5.8905387 0
-664.90778 -55.056198 5.873414 0
-664.79718 -53.733669 5.8839717 0
-664.68365 -53.761162 5.8174763 0
-664.84302 -52.570503 5.8811197 0
-664.72064 -51.956905 5.8852792 0
-664.70917 -51.040585 5.8907847 0
-664.72473 -50.820312 5.8829284 0
-664.7923 -50.665306 5.8520465 0
-664.78693 -50.443069 5.8554139 0
-664.63434 -50.443798 5.8148813 0
-664.77618 -50.364223 5.8771358 0
-664.69403 -50.310356 5.8070889 0
-664.73755 -50.173897 5.8202758 0
-664.65271 -50.13723 5.8580623 0
-653.43103 -60.334167 5.9120059 0
-653.29028 -60.333866 5.90309 0
-651.96228 -60.326069 5.9417601 0
-663.84778 -59.643833 5.9207773 0
-663.05817 -59.610195 5.9161744 0
-660.62549 -59.621902 5.941823 0
-664.18164 -59.586613 5.9157391 0
-663.36517 -59.546307 5.9071345 0
-664.99426 -58.785862 5.9933858 0
-664.95355 -58.662766 5.9285259 0
-665.05792 -58.5182 5.9480562 0
-664.92438 -58.032372 5.9356003 0
-664.89807 -57.585827 5.9063292 0
-664.93457 -57.471279 5.9857111 0
-664.91913 -57.118397 5.9383287 0
-664.95135 -56.164135 5.9300928 0
-664.85608 -56.101673 5.9123516 0
-664.92816 -56.00507 5.9820867 0
-664.86548 -56.071083 5.9858208 0
-664.86243 -55.932327 5.9483461 0
-664.72046 -55.944332 5.9291353 0
-664.8573 -55.843803 5.9347296 0
-664.81427 -54.290363 5.9658632 0
-664.82098 -54.009018 5.9198375 0
-664.85236 -53.910873 5.9418125 0
-664.9104 -53.716042 5.989974 0
-664.76764 -53.291634 5.9913545 0
-664.7948 -52.498211 5.947412 0
-664.83026 -52.077099 5.9306197 0
-664.81891 -51.423286 5.9585848 0
-664.69806 -51.322929 5.9844069 0
-664.69928 -51.278187 5.9145308 0
-664.74493 -51.007732 5.9875011 0
-664.80035 -50.928238 5.9069147 0
-664.76587 -50.527206 5.9064827 0
-664.74078 -50.252926 5.9932189 0
-664.73297 -50.166458 5.9704251 0
-664.71558 -50.077675 5.991323 0
-650.48584 -60.414352 6.0012217 0
-664.9967 -59.644882 6.0556126 0
-664.95898 -59.272812 6.0668664 0
-664.96252 -58.613914 6.0478492 0
-664.94122 -58.489498 6.0758624 0
-664.94049 -58.049095 6.0332232 0
-664.89972 -57.773525 6.0799084 0
-664.93884 -57.506542 6.0300102 0
-664.92029 -57.069336 6.0902662 0
-664.91083 -56.712322 6.0322089 0
-664.96246 -56.595085 6.0481944 0
-664.88989 -56.418015 6.0069504 0
-664.72723 -56.403664 6.0055618 0
-664.849 -56.110611 6.0408168 0
-664.83966 -56.029625 6.0123711 0
-664.90375 -55.860733 6.0050488 0
-664.84698 -55.128632 6.0245667 0
-664.82751 -54.633884 6.0220833 0
-664.92792 -54.539978 6.0853581 0
-664.91272 -54.400867 6.0657372 0
-664.81848 -54.442669 6.0878887 0
-664.8479 -54.153538 6.047123 0
-664.85364 -54.065788 6.0348577 0
-664.8363 -53.792488 6.0869169 0
-664.79187 -53.041824 6.0122991 0
-664.80206 -52.826027 6.0405788 0
-664.77307 -52.361168 6.0769691 0
-664.7536 -52.15036 6.0493221 0
-664.74792 -51.862202 6.0457897 0
-664.74182 -51.737373 6.0335636 0
-664.78253 -51.682556 6.0088291 0
-664.76447 -51.560471 6.0896082 0
-664.61786 -50.974388 6.024622 0
-664.76721 -50.825153 6.0212259 0
-664.74048 -50.629936 6.0904689 0
-664.72614 -50.349888 6.0252204 0
-664.72693 -50.296383 6.091352 0
-651.13782 -60.421913 6.1096225 0
-650.73853 -60.415993 6.1715097 0
-653.14215 -60.313519 6.1617141 0
-653.26324 -60.295708 6.1149945 0
-664.99811 -59.936996 6.1526875 0
-664.98883 -59.477692 6.1220813 0
-665.08362 -59.354145 6.1752505 0
-664.91107 -58.431366 6.1031094 0
-664.9364 -58.183872 6.1860571 0
-664.98309 -57.969929 6.1006732 0
-664.9115 -57.836071 6.1961575 0
-664.94611 -57.688652 6.1943836 0
-664.7641 -57.208099 6.1469297 0
-664.88672 -56.617214 6.1659422 0
-664.91119 -56.575562 6.1425962 0
-664.86829 -56.46101 6.1336231 0
-664.89008 -56.354706 6.1070776 0
-664.85419 -56.108166 6.1112165 0
-664.89575 -55.973366 6.1261606 0
-664.8725 -55.102432 6.1759405 0
-664.86053 -54.924091 6.1973805 0
-664.84167 -54.734928 6.1503067 0
-664.82361 -54.656071 6.1491346 0
-664.84149 -54.529671 6.1195502 0
-664.90656 -54.41259 6.1606789 0
-664.85669 -54.366203 6.1845174 0
-664.8465 -54.07679 6.138164 0
-664.76154 -53.263142 6.1835656 0
-664.84753 -53.104366 6.1982031 0
-664.77313 -53.036724 6.1802897 0
-664.86908 -52.888016 6.1695118 0
-664.75769 -52.877804 6.142437 0
-664.80066 -52.792492 6.1337214 0
-664.76532 -52.627281 6.1233926 0
-664.79181 -52.206123 6.1259031 0
-664.80023 -52.19281 6.1878576 0
-664.78088 -52.131016 6.1864028 0
-664.79279 -51.969482 6.1257749 0
-664.74396 -51.751499 6.1004539 0
-664.77643 -51.547104 6.1521845 0
-664.62366 -51.46854 6.1115303 0
-664.74695 -50.734383 6.1295509 0
-664.7395 -50.665131 6.1195045 0
-664.75842 -50.376759 6.1864142 0
-664.73523 -50.256203 6.1863079 0
-664.76904 -50.174377 6.1462202 0
-664.72516 -50.053024 6.1200104 0
-664.68951 -50.028976 6.1432333 0
-651.53864 -60.402382 6.2764263 0
-651.33759 -60.406605 6.2691994 0
-650.87994 -60.419498 6.2689271 0
-650.62671 -60.439548 6.2951069 0
-650.55151 -60.435989 6.2831116 0
-652.96252 -60.310467 6.2964721 0
-650.42346 -60.391418 6.2563396 0
-661.69775 -60.080704 6.2184095 0
-665.01575 -59.827461 6.238728 0
-665.00433 -59.27549 6.2261357 0
-664.95227 -59.107899 6.2161951 0
-664.96338 -58.795822 6.2551808 0
-665.03748 -58.473568 6.2761817 0
-664.96533 -58.339699 6.248457 0
-665.01886 -58.269691 6.2510824 0
-664.92834 -57.85894 6.2117958 0
-664.86499 -57.283875 6.2653265 0
-664.91144 -57.097881 6.2942419 0
-664.90979 -56.931335 6.2445436 0
-664.8432 -56.997604 6.2072434 0
-664.88055 -56.77306 6.2891593 0
-664.86609 -56.606136 6.226594 0
-664.93585 -56.496643 6.2221375 0
-664.8573 -56.477242 6.278729 0
-664.93646 -55.305599 6.2995868 0
-664.85242 -55.372139 6.2215014 0
-664.92181 -54.881485 6.2333641 0
-664.87567 -54.424976 6.2806697 0
-664.77356 -54.32391 6.2891207 0
-664.8244 -54.196953 6.2625275 0
-664.84326 -54.001801 6.2703953 0
-664.78937 -53.98344 6.2441602 0
-664.83093 -53.884495 6.2320981 0
-664.82233 -53.677837 6.2912278 0
-664.79211 -52.990776 6.2131701 0
-664.72754 -52.681519 6.262538 0
-664.78583 -52.323353 6.2461462 0
-664.77319 -51.934364 6.2584853 0
-664.77081 -51.424419 6.296041 0
-664.73132 -51.271755 6.2195334 0
-664.73157 -51.165649 6.2286129 0
-664.7373 -50.988033 6.2399187 0
-664.75482 -50.704502 6.232265 0
-664.7088 -50.567829 6.2935886 0
-664.67462 -50.524563 6.2846727 0
-664.76147 -50.371925 6.2062755 0
-664.66235 -50.25079 6.22791 0
-652.81055 -60.357353 6.3069215 0
-655.14923 -60.247208 6.3933029 0
-664.95093 -59.756695 6.3000636 0
-664.99017 -59.310081 6.3036814 0
-664.97351 -59.182259 6.3389635 0
-664.98193 -59.025932 6.3670115 0
-664.87268 -58.267014 6.3869481 0
-665.01031 -57.638382 6.347765 0
-665.00903 -57.095024 6.3812547 0
-664.88715 -57.038319 6.3872781 0
-664.89044 -56.892155 6.353405 0
-664.85931 -56.022209 6.3137336 0
-664.87579 -55.992653 6.336431 0
-664.86829 -55.666748 6.3161721 0
-664.88269 -55.167992 6.3747001 0
-664.8338 -55.047321 6.3733959 0
-664.87769 -54.977325 6.3632145 0
-664.85181 -54.810749 6.3734179 0
-664.83295 -54.733307 6.3832393 0
-664.82159 -53.895538 6.346724 0
-664.83569 -53.696941 6.3616076 0
-664.79712 -53.660484 6.3934455 0
-664.7998 -53.311172 6.3099694 0
-664.78491 -53.110626 6.3470592 0
-664.82861 -53.009476 6.3133717 0
-664.79639 -52.858345 6.3065114 0
-664.74738 -52.716335 6.359221 0
-664.79871 -52.69297 6.3445864 0
-664.81812 -52.558018 6.3327479 0
-664.74286 -52.571602 6.3392816 0
-664.77173 -52.446655 6.3185329 0
-664.78003 -52.246323 6.3796816 0
-664.81866 -51.882408 6.3965812 0
-664.78107 -51.880001 6.3188095 0
-664.71625 -51.745842 6.3974133 0
-664.7738 -51.682602 6.3755922 0
-664.81372 -51.501007 6.3492327 0
-664.71875 -51.559223 6.3469849 0
-664.78851 -51.441662 6.3501272 0
-664.73926 -50.966888 6.3346133 0
-664.67462 -50.899509 6.336935 0
-664.72266 -50.648689 6.3667474 0
-664.72559 -50.305096 6.3362031 0
-664.67615 -50.381615 6.3194132 0
-664.72437 -50.251289 6.3441324 0
-664.71436 -50.034882 6.3427668 0
-655.08453 -60.275074 6.428134 0
-661.38965 -60.107113 6.4704032 0
-662.2149 -60.029129 6.4865375 0
-662.05048 -60.047688 6.4704657 0
-665.0614 -59.747173 6.4239302 0
-664.96082 -59.762691 6.487793 0
-664.99329 -59.628311 6.4054513 0
-664.96759 -59.566151 6.4493833 0
-664.97235 -59.476089 6.4900517 0
-664.96265 -59.387547 6.4942946 0
-664.92712 -58.976372 6.4940844 0
-664.94073 -58.834621 6.4111142 0
-664.96075 -58.687225 6.4814935 0
-664.97083 -58.2584 6.427999 0
-665.0119 -57.831436 6.4050865 0
-664.88928 -57.254688 6.4506488 0
-664.90344 -57.099693 6.4163947 0
-664.93262 -55.330048 6.4621477 0
-664.80524 -55.238945 6.4701567 0
-664.85938 -54.860394 6.4920287 0
-664.87134 -54.654099 6.4891591 0
-664.90442 -54.513657 6.4155922 0
-664.84729 -54.595985 6.4505558 0
-664.84424 -54.319683 6.4475436 0
-664.83545 -53.865543 6.4435334 0
-664.79059 -53.899929 6.4291329 0
-664.82782 -53.790394 6.441998 0
-664.81708 -53.647148 6.4162464 0
-664.80713 -52.977913 6.429831 0
-664.81006 -52.744492 6.4663525 0
-664.82245 -52.656235 6.4823637 0
-664.80212 -52.552254 6.4356952 0
-664.80225 -52.452549 6.4073067 0
-664.83777 -52.265728 6.4873519 0
-664.80853 -52.111473 6.465827 0
-664.78882 -52.100136 6.4140377 0
-664.81036 -51.780781 6.4816718 0
-664.70135 -51.703938 6.4064436 0
-664.7652 -51.535767 6.4762788 0
-664.77295 -51.36084 6.4456406 0
-664.6958 -51.362953 6.4844193 0
-664.75897 -51.116161 6.4340472 0
-664.71295 -51.097103 6.4441009 0
-664.7796 -50.998112 6.4231777 0
-664.75867 -50.868706 6.4930067 0
-664.73615 -50.558514 6.4338045 0
-664.71521 -50.432964 6.4949613 0
-664.71649 -50.343563 6.4687405 0
-664.77673 -50.235634 6.4059048 0
-664.69891 -50.269535 6.4366193 0
-664.7359 -50.002373 6.4127517 0
-655.11456 -63.692341 6.5475931 0
-664.71143 -59.736843 6.5670123 0
-664.99994 -59.631416 6.5597086 0
-664.95471 -59.334026 6.5669107 0
-664.96136 -57.637756 6.5786281 0
-664.94336 -57.20916 6.5112586 0
-664.98926 -56.796738 6.5301375 0
-664.91553 -56.344635 6.5561767 0
-664.98291 -55.614609 6.5964231 0
-664.73865 -55.574944 6.5449557 0
-664.86639 -55.29118 6.5246124 0
-664.87488 -55.153088 6.5297704 0
-664.72357 -55.067703 6.5896273 0
-664.89111 -54.941498 6.5875044 0
-664.87646 -54.491898 6.5957274 0
-664.75177 -54.316185 6.5978222 0
-664.83405 -54.299641 6.5784197 0
-664.90186 -54.020012 6.5104747 0
-664.79669 -53.94305 6.5711789 0
-664.69269 -53.760651 6.5287113 0
-664.88477 -53.468048 6.5989542 0
-664.66425 -53.224499 6.5581002 0
-664.84033 -53.173149 6.564095 0
-664.81909 -53.062428 6.569016 0
-664.80353 -52.683193 6.5421853 0
-664.78229 -52.616547 6.521636 0
-664.76892 -52.26461 6.5335722 0
-664.75073 -52.187702 6.5015469 0
-664.76208 -51.997864 6.5441194 0
-664.77234 -51.860134 6.5307188 0
-664.76721 -51.684021 6.5443463 0
-664.7738 -51.127968 6.5438385 0
-664.78058 -50.979828 6.5264521 0
-664.61005 -50.90781 6.5937157 0
-664.75964 -50.680161 6.5752134 0
-664.76514 -50.563965 6.5525742 0
-664.74738 -50.485264 6.5440555 0
-664.71582 -50.330368 6.5466862 0
-664.77448 -50.187668 6.5374618 0
-664.73419 -50.083031 6.5084529 0
-653.70404 -63.802258 6.666522 0
-658.45959 -63.747711 6.6851463 0
-654.19885 -63.724899 6.652245 0
-654.02368 -63.725468 6.6556296 0
-653.33002 -63.720219 6.6741724 0
-653.06067 -63.779549 6.6737671 0
-661.31946 -63.650539 6.6746712 0
-658.70728 -63.608292 6.6104836 0
-655.84546 -63.657154 6.6787105 0
-664.89697 -59.406017 6.6364431 0
-664.84601 -57.387505 6.6169763 0
-665.05176 -57.193432 6.6003203 0
-664.79224 -56.341896 6.6662073 0
-664.85876 -55.878071 6.6220961 0
-664.76715 -55.897583 6.6713862 0
-664.74139 -54.668098 6.6423645 0
-664.72357 -54.41251 6.6690459 0
-664.80096 -54.265957 6.6140795 0
-664.77759 -54.232723 6.623147 0
-664.71399 -53.926033 6.6798863 0
-664.73267 -53.72924 6.6271296 0
-664.85364 -53.656261 6.6470623 0
-664.90894 -53.476265 6.6028295 0
-664.88391 -53.460526 6.6227188 0
-664.72272 -53.4044 6.6851425 0
-664.81036 -53.299419 6.6670847 0
-664.68042 -53.041149 6.6570168 0
-664.76862 -52.834675 6.6031389 0
-664.84796 -52.797989 6.6110306 0
-664.63586 -52.532757 6.6502643 0
-664.90015 -52.43589 6.6138177 0
-664.85437 -52.468079 6.6165686 0
-664.78442 -52.109718 6.6174607 0
-664.65735 -52.111755 6.6975193 0
-664.6814 -52.034794 6.6533771 0
-664.84412 -51.700966 6.6621537 0
-664.86328 -51.677021 6.6222377 0
-664.74335 -51.594604 6.6417084 0
-664.85791 -51.291843 6.6891398 0
-664.77228 -51.163139 6.6299748 0
-664.63885 -51.109718 6.6947894 0
-664.77747 -51.059414 6.671349 0
-664.62427 -51.053406 6.6478052 0
-664.65503 -50.956421 6.6590614 0
-664.71411 -50.822075 6.6111326 0
-664.63849 -50.862106 6.6628952 0
-664.75317 -50.749428 6.6021595 0
-664.83307 -50.666599 6.6123581 0
-664.64667 -50.453003 6.6729679 0
-664.66431 -50.368752 6.645853 0
-664.63251 -50.134689 6.6538329 0
-652.71564 -64.543282 6.7626848 0
-658.6745 -63.748646 6.7009454 0
-655.33344 -63.746933 6.7949309 0
-654.05017 -63.749882 6.7459497 0
-653.88568 -63.736057 6.7703962 0
-653.72437 -63.751865 6.7948952 0
-661.07892 -63.603325 6.7359643 0
-659.3728 -63.620777 6.79986 0
-661.26672 -63.539082 6.7723045 0
-660.56921 -63.585941 6.7747698 0
-660.38757 -63.56707 6.7567296 0
-659.70996 -63.571835 6.793613 0
-663.60242 -63.407112 6.749887 0
-662.39966 -63.461594 6.7976756 0
-664.7016 -52.074726 6.7133594 0
-664.6969 -52.005554 6.7500153 0
-654.02136 -63.825539 6.8311071 0
-653.49335 -63.811031 6.8133082 0
-653.05054 -63.82135 6.8031735 0
-655.68951 -63.766792 6.8741283 0
-654.84839 -63.759201 6.8628125 0
-654.44202 -63.77647 6.8102856 0
-654.3031 -63.762005 6.8902173 0
-654.12622 -63.753021 6.855906 0
-653.62775 -63.74522 6.8047814 0
-653.21234 -63.779629 6.8402467 0
-662.61945 -63.611301 6.8355784 0
-661.04022 -63.673744 6.8935552 0
-656.82648 -63.643887 6.803607 0
-655.85461 -63.699009 6.8765821 0
-654.81519 -63.640232 6.8107452 0
-663.10864 -63.506519 6.8810582 0
-662.37512 -63.520809 6.8958483 0
-662.28601 -63.556732 6.8047009 0
-662.03424 -63.512623 6.887023 0
-661.84973 -63.55793 6.8253803 0
-661.65857 -63.545906 6.8178024 0
-661.48199 -63.516365 6.8825212 0
-661.30267 -63.522839 6.8592782 0
-660.76819 -63.511505 6.8707156 0
-660.10144 -63.547958 6.8992014 0
-663.69562 -63.404396 6.8989477 0
-653.0191 -64.596725 6.962522 0
-652.7547 -64.509132 6.9197063 0
-652.07263 -64.540146 6.9003878 0
-651.91162 -64.586174 6.9167347 0
-658.18146 -63.741093 6.9709787 0
-658.08075 -63.718788 6.9580851 0
-657.4671 -63.747108 6.9366632 0
-655.56628 -63.739658 6.9276562 0
-655.41705 -63.705967 6.9593258 0
-655.20258 -63.732292 6.953052 0
-655.17828 -63.720715 6.9534507 0
-654.92914 -63.725937 6.9970713 0
-654.64551 -63.713333 6.9373517 0
-653.86145 -63.713879 6.9127655 0
-653.72144 -63.742546 6.9158816 0
-663.34143 -63.606083 6.9318051 0
-661.93024 -63.653175 6.9715128 0
-657.23108 -63.600662 6.9585199 0
-657.14502 -63.61702 6.9571223 0
-656.74811 -63.63921 6.9220958 0
-656.36169 -63.685345 6.9397511 0
-656.13702 -63.614902 6.9424968 0
-654.85095 -63.688576 6.9383235 0
-663.01685 -63.550362 6.9395976 0
-662.65558 -63.509113 6.9475145 0
-662.53015 -63.528076 6.9654436 0
-662.32886 -63.545689 6.9363718 0
-662.12238 -63.532223 6.9189935 0
-662.04327 -63.510464 6.9537873 0
-661.89557 -63.523144 6.9767122 0
-661.75757 -63.504696 6.9114361 0
-660.54102 -63.56813 6.9143443 0
-660.21912 -63.582108 6.9632163 0
-659.11462 -63.5914 6.9922981 0
-656.39758 -63.598789 6.9137421 0
-656.23193 -63.597141 6.9089074 0
-662.74048 -63.448566 6.9383178 0
-661.97125 -63.451927 6.9318542 0
-653.01678 -64.557739 7.0108223 0
-652.83752 -64.597748 7.051537 0
-652.12036 -64.521294 7.056993 0
-652.28052 -64.498253 7.0516777 0
-654.92633 -63.760101 7.0290532 0
-654.72803 -63.740807 7.0785322 0
-654.22034 -63.702988 7.0796642 0
-654.06567 -63.765076 7.0770626 0
-653.83789 -63.742916 7.0811563 0
-653.66937 -63.766304 7.0790777 0
-659.56573 -63.603676 7.0320024 0
-659.40234 -63.612972 7.0951533 0
-659.25153 -63.672318 7.0061936 0
-659.14044 -63.641922 7.0846992 0
-659.01416 -63.601208 7.038187 0
-657.11902 -63.629166 7.090199 0
-656.94952 -63.648621 7.0370116 0
-656.86603 -63.647072 7.0087886 0
-656.54883 -63.654678 7.0924129 0
-656.33087 -63.683556 7.0977049 0
-655.59039 -63.656185 7.0994773 0
-655.37653 -63.679909 7.0834384 0
-654.88416 -63.687481 7.0587311 0
-654.61786 -63.697968 7.0440311 0
-662.29376 -63.508381 7.0160918 0
-661.72028 -63.518925 7.0133042 0
-660.66663 -63.510502 7.0865774 0
-660.41223 -63.571964 7.0011196 0
-659.89954 -63.546597 7.053297 0
-659.48328 -63.560303 7.0341182 0
-657.56342 -63.534557 7.0893188 0
-656.90497 -63.594837 7.0247464 0
-663.39575 -63.482708 7.0058451 0
-663.12457 -63.42347 7.0231009 0
-663.0603 -63.484337 7.0852356 0
-656.55133 -63.742027 7.108881 0
-656.27454 -63.708908 7.1810331 0
-655.72632 -63.707165 7.1443734 0
-655.26538 -63.734825 7.1232343 0
-654.73645 -63.755444 7.1969533 0
-654.47803 -63.731113 7.1151109 0
-654.29517 -63.748104 7.1077385 0
-654.18036 -63.740261 7.1552157 0
-654.03973 -63.783669 7.188622 0
-653.55219 -63.776436 7.1107054 0
-661.73566 -63.617523 7.1327791 0
-660.09424 -63.62096 7.1371155 0
-659.45917 -63.630169 7.1829844 0
-658.67242 -63.622719 7.1862626 0
-657.95825 -63.655155 7.160181 0
-657.58093 -63.633087 7.1116838 0
-656.73865 -63.682617 7.1148257 0
-656.64819 -63.632088 7.163291 0
-656.53741 -63.686802 7.1542544 0
-656.47687 -63.683681 7.102385 0
-656.03827 -63.687206 7.1259484 0
-655.1123 -63.678627 7.1384287 0
-662.91193 -63.511124 7.1411476 0
-662.13788 -63.543682 7.1409922 0
-662.02332 -63.539055 7.1225266 0
-661.80225 -63.548992 7.1052904 0
-661.25195 -63.529388 7.1052909 0
-661.12738 -63.508793 7.1119785 0
-661.09308 -63.506458 7.1107626 0
-660.53113 -63.574211 7.1825261 0
-659.29694 -63.586948 7.194087 0
-663.45721 -63.473534 7.142693 0
-662.50171 -63.493565 7.1819 0
-662.3692 -63.494717 7.190064 0
-662.12091 -63.45961 7.1632786 0
-661.43408 -63.494259 7.1249967 0
-652.86737 -64.582764 7.2403812 0
-653.01874 -64.431236 7.2043366 0
-653.30762 -63.801773 7.2432241 0
-653.14856 -63.81279 7.2396889 0
-656.82129 -63.708389 7.2921257 0
-656.65851 -63.710579 7.2400742 0
-655.65027 -63.72168 7.2099667 0
-655.26624 -63.744247 7.2065401 0
-654.90314 -63.732216 7.2262735 0
-654.64746 -63.743683 7.2186971 0
-654.3797 -63.765957 7.2762437 0
-654.20111 -63.748123 7.2038369 0
-653.83667 -63.778358 7.2545252 0
-660.62469 -63.613914 7.2500181 0
-660.38721 -63.645931 7.2461958 0
-660.00897 -63.612148 7.2546716 0
-659.85028 -63.604733 7.2434196 0
-659.72601 -63.678127 7.2123561 0
-659.54425 -63.618462 7.2587881 0
-657.90875 -63.694267 7.2799087 0
-656.96643 -63.699291 7.2443824 0
-656.83075 -63.679729 7.2143211 0
-656.6416 -63.676826 7.2648964 0
-656.58771 -63.664112 7.2242551 0
-656.47461 -63.680248 7.2486815 0
-656.24847 -63.660244 7.281651 0
-655.90387 -63.642231 7.2410879 0
-655.26581 -63.676044 7.286303 0
-660.42554 -63.544788 7.2906518 0
-660.31281 -63.552204 7.2805028 0
-659.9364 -63.563046 7.2468786 0
-659.8985 -63.566059 7.2341833 0
-659.02472 -63.591534 7.288518 0
-658.83966 -63.529732 7.2386665 0
-662.99377 -63.440849 7.2162728 0
-662.81628 -63.499924 7.2148328 0
-662.65509 -63.478199 7.249999 0
-652.87006 -64.604095 7.3998461 0
-652.50885 -64.633972 7.3739891 0
-652.94598 -64.59771 7.3993726 0
-652.79175 -64.556396 7.3855319 0
-652.65906 -64.546745 7.3444376 0
-653.42883 -63.822914 7.3259912 0
-657.81085 -63.708961 7.3474112 0
-657.69849 -63.742115 7.3626404 0
-655.86456 -63.705379 7.353447 0
-653.12738 -63.752617 7.3746862 0
-659.93585 -63.611946 7.3793077 0
-659.44507 -63.602913 7.3860188 0
-659.25446 -63.606838 7.3707328 0
-659.15411 -63.608379 7.3629465 0
-659.05438 -63.604996 7.3501201 0
-658.88806 -63.65966 7.3251595 0
-658.60077 -63.636749 7.3228025 0
-657.01227 -63.69146 7.3314457 0
-656.87689 -63.695801 7.3074484 0
-656.78613 -63.680466 7.3010988 0
-656.60217 -63.696541 7.3654356 0
-656.22021 -63.68573 7.3302851 0
-655.61041 -63.652809 7.3431864 0
-662.13989 -63.516422 7.3421221 0
-662.03979 -63.510777 7.3285642 0
-661.58972 -63.522552 7.3296938 0
-661.47021 -63.578449 7.301846 0
-661.09283 -63.571754 7.3970828 0
-660.92004 -63.538044 7.3379841 0
-660.84863 -63.56057 7.3616471 0
-660.6037 -63.53801 7.3099775 0
-660.53857 -63.544102 7.3048635 0
-659.71661 -63.57835 7.3559785 0
-659.63721 -63.524925 7.3363733 0
-659.34021 -63.599049 7.3780456 0
-658.96918 -63.573929 7.3372808 0
-663.13281 -63.45219 7.3226528 0
-661.92908 -63.498825 7.3455849 0
-653.04999 -64.612381 7.4509315 0
-652.96649 -64.640892 7.4420652 0
-653.13745 -64.590096 7.4652314 0
-653.08185 -64.583786 7.4589272 0
-652.92908 -64.573593 7.4485745 0
-653.55957 -63.822857 7.4220757 0
-658.0802 -63.734432 7.4063187 0
-657.69977 -63.706806 7.4695983 0
-657.13483 -63.70797 7.4560905 0
-657.07312 -63.709393 7.4344745 0
-655.66107 -63.714802 7.4879885 0
-655.42712 -63.749973 7.4578247 0
-654.98572 -63.702854 7.4560742 0
-654.63873 -63.731201 7.4262447 0
-654.51569 -63.771278 7.4200807 0
-654.47809 -63.708225 7.4228706 0
-654.36658 -63.785736 7.4184966 0
-654.27374 -63.714619 7.4135766 0
-653.93494 -63.72826 7.4017057 0
-660.83331 -63.60569 7.4420104 0
-659.79333 -63.615204 7.4532757 0
-659.56464 -63.643223 7.4459004 0
-658.50806 -63.69487 7.4913378 0
-657.56348 -63.680279 7.4412293 0
-657.39105 -63.698921 7.4399991 0
-656.9516 -63.638374 7.4985609 0
-656.77594 -63.699303 7.4922581 0
-656.48206 -63.69463 7.497529 0
-656.10107 -63.666069 7.435379 0
-656.05127 -63.646088 7.4242692 0
-655.84814 -63.656864 7.4859862 0
-655.49878 -63.656826 7.4627576 0
-654.81689 -63.694614 7.4347391 0
-663.05823 -63.501873 7.4216409 0
-661.74384 -63.543041 7.4251161 0
-661.68915 -63.535206 7.4689493 0
-661.24634 -63.555035 7.4110994 0
-660.79364 -63.561897 7.4423542 0
-660.06189 -63.535576 7.4271107 0
-662.50995 -63.464756 7.4999433 0
-653.05829 -63.813084 7.589138 0
-658.55841 -63.77092 7.5089183 0
-656.79285 -63.706654 7.5676188 0
-656.38324 -63.705711 7.592927 0
-656.10425 -63.715534 7.5521274 0
-655.97882 -63.702023 7.583147 0
-655.828 -63.712517 7.5795231 0
-655.38654 -63.737465 7.5805011 0
-655.23761 -63.707348 7.5361385 0
-655.11896 -63.776318 7.5728531 0
-654.25922 -63.752552 7.569438 0
-653.66632 -63.786465 7.582643 0
-653.53265 -63.774746 7.5182157 0
-653.30988 -63.789215 7.5844016 0
-653.27252 -63.776123 7.5660167 0
-653.12091 -63.791851 7.5045676 0
-660.72308 -63.603176 7.5458241 0
-660.23077 -63.62851 7.5348387 0
-659.66211 -63.632404 7.5544028 0
-658.99011 -63.672428 7.5732589 0
-658.87616 -63.62109 7.5845413 0
-657.6571 -63.675293 7.5105939 0
-657.43726 -63.677826 7.5674157 0
-657.09991 -63.692333 7.5323033 0
-656.88519 -63.63813 7.5488801 0
-663.01196 -63.526096 7.5976806 0
-662.74133 -63.516014 7.561759 0
-662.58612 -63.508198 7.5551224 0
-662.24536 -63.510902 7.5207219 0
-662.07452 -63.559914 7.5977445 0
-661.90881 -63.555347 7.5876546 0
-661.83154 -63.523201 7.583046 0
-661.63843 -63.520802 7.5803547 0
-661.25085 -63.552101 7.559267 0
-661.14191 -63.536354 7.5474968 0
-659.94971 -63.574226 7.5831504 0
-662.45233 -63.481071 7.5200458 0
-661.81543 -63.493073 7.5859327 0
-652.81561 -64.630867 7.6496153 0
-652.97095 -64.534889 7.6184063 0
-652.85522 -64.593704 7.6208439 0
-653.74054 -63.806175 7.6247263 0
-655.80548 -63.700577 7.6770821 0
-655.73914 -63.745766 7.6652613 0
-655.60345 -63.736671 7.6030283 0
-655.34515 -63.722942 7.6253166 0
-655.23059 -63.700729 7.6274586 0
-655.19147 -63.767815 7.6504841 0
-655.00171 -63.723045 7.6128645 0
-654.85663 -63.737949 7.6660733 0
-654.1264 -63.75663 7.6423173 0
-653.67102 -63.764946 7.6696968 0
-653.5639 -63.74593 7.6686754 0
-659.70349 -63.627632 7.6969123 0
-659.42578 -63.648731 7.6908655 0
-659.39893 -63.640739 7.6395111 0
-659.23846 -63.662117 7.6259251 0
-659.0744 -63.626999 7.6074057 0
-658.84705 -63.651707 7.661006 0
-658.63971 -63.602734 7.6723447 0
-658.54321 -63.638073 7.6595545 0
-657.86804 -63.636608 7.6218863 0
-657.72925 -63.654385 7.6150312 0
-657.58374 -63.637989 7.6003022 0
-657.35852 -63.657745 7.6088238 0
-657.10883 -63.62994 7.6227899 0
-656.70959 -63.648891 7.6012177 0
-656.44263 -63.662834 7.6084986 0
-655.99963 -63.670151 7.6093431 0
-663.2702 -63.513252 7.6395936 0
-662.9632 -63.50259 7.6740136 0
-662.81097 -63.501755 7.6447268 0
-662.55969 -63.514839 7.6227126 0
-662.11987 -63.528332 7.6251149 0
-662.03131 -63.518723 7.6355982 0
-661.96832 -63.561565 7.6760273 0
-661.79694 -63.544621 7.6712446 0
-661.39703 -63.581421 7.6176534 0
-660.43036 -63.595718 7.6988797 0
-660.38531 -63.56089 7.6213503 0
-660.18768 -63.548969 7.6159987 0
-659.8161 -63.559128 7.6080656 0
-659.75171 -63.594368 7.6738577 0
-659.66608 -63.574387 7.6760392 0
-662.92725 -63.481178 7.692255 0
-663.29858 -63.380859 7.6580482 0
-654.26599 -63.800838 7.7410994 0
-653.76202 -63.813992 7.7164516 0
-653.30249 -63.80051 7.7875094 0
-653.13367 -63.800114 7.7430854 0
-655.69067 -63.707737 7.726234 0
-655.44452 -63.715443 7.7082858 0
-655.02655 -63.760059 7.7927198 0
-654.70886 -63.775795 7.7967005 0
-654.61505 -63.779247 7.7769523 0
-654.27087 -63.757774 7.7433171 0
-653.93195 -63.798157 7.7416458 0
-653.87292 -63.772018 7.7361479 0
-653.55737 -63.773361 7.7903757 0
-653.49182 -63.795643 7.7182984 0
-653.2879 -63.792759 7.7815351 0
-653.18567 -63.757744 7.705749 0
-660.81036 -63.671936 7.7537293 0
-660.63934 -63.607567 7.7703481 0
-659.90326 -63.615723 7.7202616 0
-658.98926 -63.632008 7.7308879 0
-658.86389 -63.630024 7.7438827 0
-658.76971 -63.659512 7.7220573 0
-657.0694 -63.697681 7.7223873 0
-655.91846 -63.693279 7.7569337 0
-662.31042 -63.573307 7.7229509 0
-661.36774 -63.566757 7.735755 0
-661.17896 -63.58276 7.7669649 0
-660.68958 -63.579792 7.78194 0
-660.12439 -63.54171 7.7251215 0
-659.64874 -63.563095 7.7549076 0
-659.51367 -63.567932 7.7460651 0
-663.59711 -63.462765 7.7658796 0
-662.89172 -63.480156 7.7973762 0
-663.5047 -63.39764 7.7027431 0
-652.97357 -64.516953 7.8260183 0
-653.65436 -63.806057 7.8768315 0
-653.28247 -63.814056 7.8669415 0
-653.02698 -63.803185 7.8685455 0
-656.33557 -63.70322 7.8661132 0
-656.11389 -63.753159 7.8753066 0
-655.85748 -63.778446 7.8685894 0
-655.73669 -63.744865 7.8580322 0
-655.61261 -63.732567 7.8152208 0
-655.32355 -63.728062 7.8536186 0
-655.23517 -63.76601 7.8445425 0
-655.13123 -63.752327 7.8455367 0
-655.05518 -63.787014 7.843503 0
-654.96301 -63.793034 7.8426509 0
-654.69617 -63.707516 7.8366437 0
-654.57043 -63.774349 7.8873014 0
-654.35718 -63.763096 7.803812 0
-654.2688 -63.738445 7.861063 0
-653.23065 -63.796947 7.8760629 0
-660.37207 -63.631824 7.8413792 0
-659.72052 -63.64201 7.80861 0
-659.38373 -63.628262 7.831893 0
-659.24786 -63.633911 7.8188419 0
-656.75775 -63.651035 7.8839116 0
-656.33661 -63.673923 7.89466 0
-656.26385 -63.68914 7.8736596 0
-656.00549 -63.676266 7.865047 0
-662.77686 -63.538902 7.8744254 0
-662.52075 -63.51646 7.8353305 0
-662.42279 -63.543209 7.8475218 0
-662.34039 -63.536133 7.8479519 0
-662.02356 -63.547009 7.8567214 0
-661.8822 -63.573521 7.8307328 0
-661.55487 -63.516895 7.8498569 0
-661.33337 -63.546993 7.845849 0
-661.16223 -63.584114 7.8283653 0
-661.04224 -63.51223 7.8429856 0
-660.76575 -63.524529 7.8075323 0
-660.67206 -63.54113 7.8415794 0
-660.53497 -63.554295 7.8626556 0
-660.29358 -63.556889 7.8076677 0
-659.92395 -63.580002 7.8122163 0
-659.28418 -63.568802 7.8107834 0
-662.85706 -63.492718 7.8904128 0
-662.58154 -63.492928 7.8375134 0
-662.81152 -63.39872 7.8117266 0
-653.42542 -63.807053 7.9509597 0
-657.81702 -63.719059 7.9461117 0
-657.63721 -63.729366 7.9393206 0
-657.54059 -63.737976 7.9335008 0
-655.65784 -63.720287 7.9794464 0
-655.48853 -63.723763 7.9712186 0
-655.32983 -63.737213 7.9723806 0
-654.93231 -63.75787 7.965951 0
-654.8548 -63.756622 7.9460931 0
-654.72772 -63.759903 7.9300017 0
-654.67615 -63.726929 7.9626913 0
-654.56689 -63.749615 7.9202495 0
-654.41614 -63.707825 7.9597301 0
-654.30951 -63.768463 7.9924903 0
-654.29413 -63.750664 7.94877 0
-654.04248 -63.751602 7.9447594 0
-653.66357 -63.789501 7.9541116 0
-653.37732 -63.773144 7.9704885 0
-653.13062 -63.758759 7.9721127 0
-662.34375 -63.64109 7.9597363 0
-661.9754 -63.643715 7.9088044 0
-660.71863 -63.685703 7.9726691 0
-660.06378 -63.692768 7.9103785 0
-659.6936 -63.648796 7.9049716 0
-657.763 -63.652977 7.9370937 0
-657.69061 -63.670399 7.9220209 0
-657.51007 -63.663792 7.9473858 0
-657.43475 -63.665115 7.9427319 0
-657.20782 -63.68808 7.9411783 0
-656.60065 -63.688084 7.9153414 0
-655.63635 -63.648724 7.9401264 0
-655.13788 -63.691635 7.9776993 0
-662.86774 -63.516151 7.9516797 0
-662.72266 -63.529442 7.9524493 0
-662.53271 -63.541489 7.9598756 0
-662.12494 -63.511086 7.9317675 0
-661.48041 -63.571457 7.9843497 0
-661.39978 -63.55423 7.9729629 0
-660.98254 -63.560432 7.9167037 0
-660.7348 -63.577152 7.9013462 0
-660.57129 -63.526524 7.9513531 0
-660.39294 -63.558743 7.9303007 0
-659.53986 -63.576191 7.9015579 0
-663.62036 -63.459393 7.9187789 0
-663.50494 -63.468479 7.941134 0
-662.36017 -63.491035 7.9961672 0
-661.98651 -63.498158 7.9579153 0
-658.8996 -63.709976 8.0003862 0
-655.56885 -63.716805 8.0693617 0
-655.12964 -63.727428 8.0732756 0
-655.04425 -63.7239 8.0678425 0
-654.85724 -63.759979 8.0195599 0
-654.74939 -63.748497 8.0491762 0
-654.62317 -63.757477 8.0433598 0
-654.5899 -63.738113 8.0636091 0
-654.45581 -63.768978 8.0191298 0
-654.24939 -63.784729 8.030962 0
-654.05988 -63.742359 8.029254 0
-653.89764 -63.776451 8.0561705 0
-653.55621 -63.763844 8.0155172 0
-653.47656 -63.771793 8.0034857 0
-653.211 -63.799488 8.0523958 0
-661.59393 -63.654682 8.0554218 0
-659.56927 -63.625591 8.031702 0
-659.40247 -63.613346 8.0948715 0
-659.10651 -63.628056 8.0703373 0
-658.94012 -63.62027 8.0702486 0
-658.52423 -63.642235 8.0227938 0
-658.17517 -63.642654 8.0769434 0
-658.0882 -63.650845 8.0897427 0
-657.9823 -63.662506 8.0015593 0
-657.63599 -63.643944 8.0638409 0
-657.57843 -63.668015 8.0395784 0
-657.03577 -63.677963 8.0901432 0
-656.78796 -63.633846 8.0755844 0
-656.67834 -63.638798 8.0616961 0
-656.49707 -63.650711 8.0130205 0
-656.01898 -63.668079 8.0012531 0
-655.23267 -63.678246 8.0692549 0
-663.07416 -63.505745 8.0860872 0
-662.84943 -63.500946 8.046814 0
-662.17932 -63.512695 8.0674791 0
-661.74268 -63.554893 8.0114326 0
-660.79297 -63.576828 8.0460548 0
-660.57751 -63.574783 8.0651569 0
-660.34479 -63.571507 8.0428619 0
-659.06049 -63.586704 8.0056143 0
-663.3454 -63.447746 8.0960035 0
-663.01703 -63.462677 8.0887766 0
-662.53638 -63.464165 8.0431223 0
-662.18622 -63.475399 8.0909901 0
-656.65869 -63.710175 8.1449471 0
-656.48962 -63.721558 8.1213017 0
-656.15161 -63.720905 8.1251984 0
-655.76477 -63.727184 8.1021214 0
-655.5791 -63.706032 8.1648436 0
-655.47839 -63.707127 8.1555386 0
-655.13159 -63.727528 8.1715117 0
-655.06342 -63.712784 8.1509314 0
-654.86072 -63.720596 8.1580887 0
-654.50867 -63.737434 8.1615334 0
-654.10626 -63.717045 8.1098242 0
-653.76251 -63.731926 8.1644707 0
-653.52618 -63.766197 8.1978493 0
-653.37585 -63.788292 8.1678391 0
-653.21057 -63.758106 8.1733627 0
-653.1709 -63.793941 8.194418 0
-653.0459 -63.773212 8.1789293 0
-662.9491 -63.616665 8.1948385 0
-662.27454 -63.618282 8.1224318 0
-661.93182 -63.607838 8.1616259 0
-661.46259 -63.622524 8.1308002 0
-659.54559 -63.600124 8.1181793 0
-659.25604 -63.630543 8.1217422 0
-659.14203 -63.641209 8.1175556 0
-659.05176 -63.636307 8.1089621 0
-658.9613 -63.619583 8.1007805 0
-658.52777 -63.605927 8.1020384 0
-658.23865 -63.651867 8.1327696 0
-657.64563 -63.603737 8.1712427 0
-657.57239 -63.664074 8.1708097 0
-657.45581 -63.66156 8.102047 0
-657.27087 -63.685886 8.1747189 0
-657.11084 -63.696995 8.1607571 0
-657.09241 -63.695526 8.1138659 0
-656.90063 -63.680447 8.1160231 0
-656.84229 -63.652679 8.1670856 0
-656.54376 -63.694771 8.1750174 0
-656.47168 -63.687191 8.1257477 0
-656.36115 -63.686939 8.1010466 0
-656.07532 -63.660038 8.1481094 0
-655.95801 -63.674786 8.1623898 0
-655.81775 -63.677303 8.1282454 0
-655.62451 -63.662067 8.1105881 0
-655.46436 -63.671001 8.1785383 0
-663.50842 -63.552742 8.1145821 0
-663.26355 -63.522003 8.1718988 0
-662.76508 -63.521969 8.1317854 0
-662.68512 -63.524742 8.1203976 0
-662.11151 -63.596992 8.1734848 0
-661.87982 -63.573475 8.1441593 0
-660.2204 -63.586292 8.1722555 0
-659.68054 -63.561115 8.1429234 0
-659.59869 -63.566509 8.151228 0
-663.58441 -63.438946 8.1159468 0
-663.4754 -63.429478 8.1721611 0
-663.36896 -63.470951 8.197361 0
-663.18439 -63.447269 8.1307211 0
-662.8371 -63.468174 8.1919584 0
-653.31335 -63.806568 8.2799463 0
-653.26904 -63.800755 8.2027559 0
-657.21503 -63.717297 8.2616167 0
-656.28351 -63.712494 8.2464619 0
-655.17792 -63.73127 8.2896919 0
-654.95636 -63.71685 8.2575312 0
-654.75226 -63.728203 8.2486362 0
-654.51398 -63.712635 8.2039928 0
-654.30383 -63.74892 8.2858334 0
-654.25067 -63.755276 8.2456999 0
-654.03296 -63.762352 8.219017 0
-653.98352 -63.78054 8.2514906 0
-653.80505 -63.769939 8.2594118 0
-653.46716 -63.785988 8.2449512 0
-653.39081 -63.791084 8.2087116 0
-653.02441 -63.794453 8.2152138 0
-660.40216 -63.61982 8.2572241 0
-660.31152 -63.608177 8.2612505 0
-659.87097 -63.625843 8.2983074 0
-659.68262 -63.623177 8.2977247 0
-659.3761 -63.626308 8.2675495 0
-658.4552 -63.658325 8.2715244 0
-658.37457 -63.653709 8.2599945 0
-658.20343 -63.657352 8.2785826 0
-657.90192 -63.666882 8.2293158 0
-657.81842 -63.637432 8.2678556 0
-657.70068 -63.675476 8.2319803 0
-657.63177 -63.616215 8.2609882 0
-657.44696 -63.610611 8.2457733 0
-656.44104 -63.688152 8.2106504 0
-656.01367 -63.660072 8.216217 0
-655.52423 -63.680977 8.2473669 0
-655.42816 -63.674091 8.2411366 0
-655.07684 -63.69659 8.2327328 0
-654.98071 -63.689697 8.2265053 0
-654.8877 -63.692822 8.2335882 0
-663.44409 -63.505222 8.2059259 0
-663.29449 -63.596149 8.2258253 0
-663.05878 -63.585304 8.2365437 0
-662.16956 -63.542412 8.2515011 0
-661.60309 -63.547398 8.2130775 0
-661.37048 -63.554321 8.2556543 0
-661.2041 -63.562458 8.273263 0
-661.11835 -63.548161 8.2602129 0
-661.07288 -63.542969 8.2437897 0
-660.63696 -63.595974 8.2674751 0
-660.59406 -63.548244 8.2110596 0
-660.4353 -63.546162 8.2665167 0
-660.36652 -63.591499 8.2868423 0
-660.2428 -63.595692 8.2278099 0
-660.14355 -63.589108 8.2331123 0
-660.05853 -63.58749 8.2409611 0
-658.88434 -63.598049 8.2934952 0
-658.62262 -63.583881 8.2906599 0
-663.56079 -63.413994 8.2790956 0
-663.11786 -63.454304 8.2195311 0
-653.40765 -63.821507 8.3275452 0
-653.37793 -63.805531 8.3956795 0
-656.42609 -63.723324 8.3547564 0
-656.35034 -63.724415 8.3500404 0
-656.27399 -63.729889 8.350832 0
-656.1825 -63.723755 8.3679314 0
-655.8844 -63.714272 8.3667974 0
-655.75879 -63.70874 8.3127136 0
-655.6203 -63.714661 8.3890324 0
-655.36432 -63.722942 8.3669643 0
-654.81689 -63.742287 8.323638 0
-654.63702 -63.737942 8.3966389 0
-654.4859 -63.751736 8.3832006 0
-654.2099 -63.780159 8.3077888 0
-654.19946 -63.758247 8.3650084 0
-659.54987 -63.61377 8.387414 0
-659.34882 -63.620953 8.3713121 0
-659.23364 -63.623764 8.3438492 0
-659.12561 -63.609894 8.3386116 0
-659.04614 -63.625702 8.3498631 0
-658.95691 -63.614693 8.3298025 0
-658.87561 -63.64814 8.3166351 0
-658.68274 -63.646301 8.3601627 0
-658.5874 -63.628201 8.3371029 0
-658.47015 -63.634415 8.3407516 0
-658.26276 -63.623875 8.3589344 0
-658.14569 -63.636784 8.302762 0
-657.8739 -63.61813 8.3371668 0
-657.79333 -63.64629 8.3821564 0
-657.63055 -63.672646 8.3516617 0
-657.48877 -63.665287 8.3256416 0
-657.22339 -63.62048 8.3199615 0
-656.63361 -63.680248 8.3480272 0
-656.47211 -63.690784 8.3511133 0
-656.12305 -63.695679 8.3282871 0
-655.8988 -63.642605 8.3230972 0
-655.7135 -63.667538 8.3109818 0
-662.82428 -63.506622 8.354063 0
-662.44006 -63.506218 8.3480492 0
-662.39044 -63.500515 8.3712482 0
-662.20868 -63.532314 8.3658352 0
-662.06653 -63.524532 8.3538847 0
-661.80389 -63.527138 8.3354654 0
-661.65021 -63.530453 8.3135271 0
-660.95465 -63.510674 8.3903799 0
-659.83661 -63.575714 8.3906937 0
-659.3056 -63.594276 8.3435812 0
-659.21552 -63.574177 8.371459 0
-658.37976 -63.594227 8.32162 0
-663.40338 -63.455948 8.3932362 0
-662.84235 -63.497612 8.3905516 0
-657.41278 -63.70348 8.4583893 0
-657.23877 -63.702499 8.4723587 0
-656.85016 -63.704861 8.403739 0
-655.90027 -63.710011 8.4139681 0
-655.31061 -63.710941 8.4336977 0
-655.01874 -63.727261 8.41502 0
-654.90759 -63.746086 8.4625998 0
-654.89819 -63.728813 8.4087372 0
-654.14288 -63.787983 8.4329453 0
-653.70789 -63.795197 8.4107361 0
-653.64795 -63.796501 8.4046898 0
-653.59283 -63.792255 8.403266 0
-652.97644 -63.777477 8.4962463 0
-660.16046 -63.617481 8.4564905 0
-660.00763 -63.632336 8.451169 0
-659.95093 -63.609104 8.429883 0
-659.84253 -63.622276 8.4454918 0
-659.26453 -63.647987 8.4246902 0
-658.76636 -63.609371 8.4119539 0
-658.37872 -63.638981 8.4362679 0
-658.15601 -63.639515 8.4666758 0
-658.00366 -63.65918 8.4326096 0
-657.8302 -63.685493 8.428791 0
-657.47089 -63.661831 8.4513435 0
-657.33173 -63.63343 8.4757452 0
-657.05414 -63.689358 8.4102726 0
-656.98669 -63.688629 8.4886618 0
-656.86743 -63.683342 8.4423513 0
-656.71429 -63.693035 8.4097204 0
-656.57721 -63.699932 8.410265 0
-656.08881 -63.681423 8.4322329 0
-655.81702 -63.695831 8.4199095 0
-663.58466 -63.500809 8.474905 0
-663.30841 -63.540894 8.4459314 0
-662.4231 -63.515636 8.4050741 0
-662.16125 -63.544891 8.4568357 0
-661.62305 -63.59293 8.4016161 0
-661.4259 -63.510406 8.4853249 0
-661.24371 -63.576145 8.4996758 0
-661.0545 -63.559742 8.4777565 0
-660.51801 -63.570358 8.4114704 0
-660.4057 -63.557793 8.4901247 0
-660.36285 -63.551651 8.4421635 0
-660.21954 -63.595367 8.4326534 0
-659.9184 -63.544228 8.4565401 0
-659.78052 -63.553707 8.4644194 0
-659.50287 -63.573845 8.42278 0
-659.41766 -63.579006 8.4435883 0
-659.20538 -63.578796 8.44063 0
-658.828 -63.581741 8.410284 0
-663.27063 -63.4888 8.4201727 0
-663.04523 -63.498047 8.4828787 0
-653.85107 -63.809166 8.5517263 0
-653.35333 -63.811501 8.5560303 0
-656.57013 -63.71487 8.5272169 0
-656.07263 -63.739799 8.5771322 0
-655.66162 -63.729279 8.5620632 0
-655.24304 -63.730499 8.5524797 0
-654.53149 -63.774826 8.5331774 0
-654.30627 -63.778412 8.5927076 0
-654.09583 -63.767605 8.5866623 0
-653.59235 -63.77858 8.5601177 0
-653.14453 -63.778881 8.5438375 0
-661.09143 -63.617603 8.5796022 0
-660.99109 -63.611004 8.5264053 0
-659.66095 -63.607292 8.58957 0
-659.56171 -63.609394 8.5054789 0
-659.21698 -63.608299 8.5491772 0
-659.08344 -63.630745 8.5428219 0
-658.93066 -63.627361 8.521513 0
-658.78766 -63.623703 8.5570469 0
-658.56708 -63.675098 8.5246849 0
-658.31097 -63.615856 8.552701 0
-657.87701 -63.610527 8.5208941 0
-657.54974 -63.653927 8.5140362 0
-657.32971 -63.659672 8.5993433 0
-657.25415 -63.672138 8.5915384 0
-657.07355 -63.670776 8.5787239 0
-656.83105 -63.690872 8.5806913 0
-656.79688 -63.671864 8.571085 0
-656.67078 -63.687706 8.5748339 0
-656.55573 -63.684399 8.5478745 0
-656.18414 -63.699371 8.5015173 0
-663.03308 -63.535053 8.5712061 0
-662.63953 -63.537231 8.5202246 0
-662.46198 -63.535019 8.5108738 0
-661.89465 -63.533241 8.5095177 0
-661.67798 -63.551384 8.5593872 0
-661.56616 -63.548691 8.5390339 0
-661.23981 -63.524734 8.5331593 0
-661.19031 -63.539307 8.5676184 0
-660.97137 -63.5438 8.5476665 0
-660.82825 -63.533188 8.5558529 0
-660.73529 -63.510681 8.5465298 0
-660.54736 -63.536812 8.5165987 0
-660.4389 -63.535702 8.5311117 0
-660.34674 -63.530693 8.5262671 0
-660.16339 -63.552719 8.5189495 0
-660.06287 -63.552891 8.5075159 0
-659.98267 -63.550007 8.5013332 0
-661.78015 -63.491295 8.5642786 0
-653.23444 -63.820381 8.6604757 0
-655.82739 -63.756287 8.6035891 0
-655.45331 -63.736374 8.6659803 0
-655.25671 -63.743198 8.6463203 0
-655.04254 -63.74247 8.6565504 0
-654.92145 -63.740181 8.6916332 0
-654.66479 -63.752266 8.6245308 0
-654.08624 -63.766121 8.6557579 0
-653.93732 -63.785343 8.6690626 0
-653.625 -63.787643 8.636529 0
-659.80664 -63.616108 8.6390686 0
-658.96704 -63.619865 8.6455498 0
-658.44507 -63.649162 8.6338663 0
-658.38489 -63.632584 8.6956882 0
-658.06561 -63.626366 8.6278687 0
-657.55988 -63.67709 8.6267815 0
-657.31073 -63.652859 8.6991243 0
-657.22266 -63.643005 8.6810951 0
-657.14111 -63.6689 8.6684895 0
-656.94421 -63.674473 8.6208925 0
-655.56226 -63.693909 8.692194 0
-662.56909 -63.51841 8.6658316 0
-662.26593 -63.538746 8.6416912 0
-662.16217 -63.523609 8.6673508 0
-661.88037 -63.538864 8.6358385 0
-661.76624 -63.525642 8.6493835 0
-661.54724 -63.598007 8.6442947 0
-661.42059 -63.500824 8.6211977 0
-660.24792 -63.583893 8.634675 0
-660.03528 -63.592361 8.6422567 0
-659.86975 -63.595039 8.6085196 0
-659.77783 -63.599751 8.6408339 0
-663.33832 -63.455105 8.6465654 0
-662.50629 -63.474361 8.656002 0
-662.34149 -63.486195 8.6757555 0
-662.21356 -63.463341 8.6920195 0
-662.03577 -63.499847 8.6212616 0
-661.9624 -63.479534 8.6017427 0
-661.85156 -63.497421 8.6969213 0
-661.68909 -63.472904 8.6228943 0
-661.40643 -63.499123 8.6002579 0
-668.2356 -72.224342 8.7576065 0
-670.93506 -72.195503 8.7819662 0
-654.07581 -63.800468 8.7883816 0
-652.93921 -63.823097 8.7755127 0
-656.17371 -63.724808 8.7366295 0
-656.09418 -63.755466 8.7517643 0
-655.9798 -63.729481 8.7254725 0
-655.48877 -63.714008 8.7102518 0
-654.65723 -63.765453 8.7180214 0
-654.46881 -63.751743 8.787344 0
-654.32367 -63.794788 8.7600355 0
-654.22791 -63.751541 8.7825279 0
-653.78308 -63.759933 8.7952223 0
-653.62305 -63.794785 8.771287 0
-653.3205 -63.797817 8.7786503 0
-653.01788 -63.798756 8.7784548 0
-652.97485 -63.771065 8.7381687 0
-659.99536 -63.603027 8.784626 0
-659.5791 -63.624001 8.732357 0
-659.06915 -63.635792 8.7711477 0
-658.77441 -63.637932 8.7366009 0
-658.47955 -63.640118 8.7070513 0
-658.11755 -63.628803 8.7169342 0
-658.06799 -63.644669 8.7208042 0
-655.44617 -63.682281 8.7957163 0
-663.11066 -63.505196 8.7598982 0
-662.83447 -63.520294 8.7178831 0
-662.4458 -63.563114 8.7540159 0
-661.72021 -63.531475 8.7980871 0
-661.63904 -63.546989 8.7945099 0
-661.3335 -63.544167 8.7440119 0
-661.25916 -63.553486 8.7379932 0
-661.18427 -63.552845 8.7311821 0
-661.04236 -63.5481 8.7511787 0
-660.75726 -63.573406 8.7079849 0
-660.5813 -63.582802 8.7318087 0
-659.97455 -63.50547 8.7918673 0
-663.61121 -63.455673 8.7919149 0
-663.46509 -63.469719 8.7367144 0
-663.36938 -63.452293 8.7882576 0
-663.14673 -63.451473 8.7439337 0
-662.98877 -63.485725 8.7016945 0
-662.80188 -63.457771 8.7878428 0
-662.71411 -63.480774 8.7193041 0
-662.53015 -63.466396 8.7270021 0
-669.55811 -72.134079 8.8447704 0
-669.42615 -72.146164 8.838047 0
-669.05231 -72.164642 8.807951 0
-667.95111 -72.132454 8.8823357 0
-653.82092 -63.805698 8.8177824 0
-653.58325 -63.815487 8.8441286 0
-656.81079 -63.723831 8.8669538 0
-656.55542 -63.741306 8.8876638 0
-656.02441 -63.704826 8.8790007 0
-655.57288 -63.705482 8.8502274 0
-655.31635 -63.713181 8.8332815 0
-655.23993 -63.714874 8.8281441 0
-655.06842 -63.736427 8.8268318 0
-654.82739 -63.760597 8.8381958 0
-654.71417 -63.732162 8.8274059 0
-654.45905 -63.741596 8.8886671 0
-654.1615 -63.781429 8.849987 0
-654.06433 -63.78038 8.8244152 0
-653.75726 -63.741688 8.8318367 0
-653.60291 -63.769081 8.8686323 0
-653.58887 -63.772694 8.8871946 0
-653.34869 -63.78825 8.888998 0
-658.9173 -63.642593 8.822629 0
-658.20508 -63.6371 8.8833418 0
-658.14014 -63.6605 8.8882666 0
-657.63739 -63.680222 8.8419952 0
-657.33612 -63.670998 8.8654089 0
-656.93182 -63.67696 8.8540373 0
-656.8103 -63.665695 8.8962879 0
-655.97772 -63.680347 8.885252 0
-655.51129 -63.688053 8.8917723 0
-654.87146 -63.689636 8.8232355 0
-662.95386 -63.574467 8.860014 0
-662.22894 -63.501316 8.8317604 0
-661.61652 -63.546646 8.856863 0
-661.36877 -63.552452 8.8208599 0
-661.09576 -63.561401 8.8476992 0
-660.51703 -63.547894 8.8168478 0
-660.18457 -63.581829 8.8042011 0
-663.41614 -63.450951 8.809042 0
-663.1767 -63.434116 8.8693533 0
-662.46442 -63.450237 8.8018188 0
-668.97034 -72.207031 8.9109001 0
-669.92682 -72.157486 8.9643888 0
-656.06244 -63.719723 8.9360847 0
-655.71918 -63.711456 8.9974337 0
-655.06348 -63.721485 8.9419661 0
-654.91461 -63.700428 8.9776554 0
-654.60315 -63.759262 8.9253902 0
-654.4433 -63.720318 8.9352407 0
-654.24292 -63.748779 8.9174976 0
-654.13605 -63.716366 8.9295416 0
-653.95947 -63.774899 8.9608612 0
-653.64185 -63.771233 8.9068985 0
-653.36829 -63.751007 8.9216757 0
-653.15594 -63.780602 8.9738064 0
-661.11285 -63.642719 8.9326668 0
-659.53503 -63.607891 8.9991455 0
-659.36224 -63.606468 8.915657 0
-659.07092 -63.612831 8.9319134 0
-658.98328 -63.683998 8.9064293 0
-658.8725 -63.641327 8.9641924 0
-658.65131 -63.636318 8.9429598 0
-658.52777 -63.696648 8.981576 0
-658.43402 -63.658829 8.9216518 0
-657.7475 -63.639622 8.990448 0
-657.69098 -63.656029 8.9839888 0
-657.55017 -63.667789 8.9708347 0
-657.34912 -63.651566 8.9712591 0
-656.83527 -63.650768 8.9967556 0
-656.67554 -63.67165 8.9708271 0
-656.27667 -63.667427 8.9651146 0
-655.97809 -63.663834 8.9669752 0
-655.51904 -63.673847 8.9523554 0
-655.0108 -63.691128 8.986702 0
-663.36133 -63.501747 8.9732571 0
-663.07153 -63.500462 8.9316177 0
-662.76862 -63.511677 8.9088917 0
-662.19318 -63.534134 8.9708672 0
-661.87683 -63.529594 8.9101295 0
-661.77484 -63.542007 8.9530582 0
-661.44342 -63.530132 8.945178 0
-660.84619 -63.561584 8.9648809 0
-659.84058 -63.585308 8.9230251 0
-659.73096 -63.581589 8.9059563 0
-659.68048 -63.57988 8.9691086 0
-659.24927 -63.598923 8.9500141 0
-659.17371 -63.590572 8.9400272 0
-661.38324 -63.498959 8.9132986 0
-670.2652 -72.035942 9.0174608 0
-653.19257 -63.867321 9.0167923 0
-656.30438 -63.704861 9.0242968 0
-655.80389 -63.709026 9.0107317 0
-655.63641 -63.711006 9.0282469 0
-655.53137 -63.703526 9.0177612 0
-655.22437 -63.71685 9.0865812 0
-654.91559 -63.741169 9.0262089 0
-654.81958 -63.733555 9.0986042 0
-654.73236 -63.714069 9.0744381 0
-654.63293 -63.725601 9.0326691 0
-654.54437 -63.747803 9.0888262 0
-654.06384 -63.763912 9.0654955 0
-653.78894 -63.78812 9.0607176 0
-653.5636 -63.77372 9.0458822 0
-653.30292 -63.789352 9.0373297 0
-653.23779 -63.791527 9.0361967 0
-661.16846 -63.601978 9.0558729 0
-660.45038 -63.629822 9.0841656 0
-660.13287 -63.615242 9.0645266 0
-660.0733 -63.609531 9.0933409 0
-659.93158 -63.623859 9.0541029 0
-659.82507 -63.640797 9.0596247 0
-659.39069 -63.62339 9.0139771 0
-659.00537 -63.609215 9.0436001 0
-658.80908 -63.638073 9.0530148 0
-658.79565 -63.625782 9.0703268 0
-658.64447 -63.635868 9.0400724 0
-658.31525 -63.631741 9.019165 0
-658.16016 -63.655357 9.050025 0
-658.05176 -63.643055 9.0993853 0
-657.87341 -63.663376 9.0465231 0
-657.14893 -63.624363 9.0047712 0
-656.93616 -63.680683 9.0689859 0
-656.26733 -63.662682 9.0727549 0
-655.75391 -63.670124 9.0096359 0
-655.2774 -63.670704 9.0219975 0
-655.1861 -63.685642 9.0085182 0
-662.70154 -63.516289 9.0601645 0
-662.18109 -63.518806 9.0490608 0
-661.56458 -63.541767 9.0305901 0
-660.94977 -63.547874 9.0465841 0
-660.31989 -63.55378 9.098773 0
-660.17987 -63.577381 9.0059891 0
-659.19684 -63.570225 9.0870638 0
-658.72284 -63.571537 9.0583696 0
-658.46655 -63.595535 9.0434408 0
-663.50659 -63.436859 9.0069504 0
-662.6178 -63.481857 9.07794 0
-662.1864 -63.49662 9.0450163 0
-668.87085 -72.315491 9.1876879 0
-669.56696 -72.202934 9.1783276 0
-669.02399 -72.23156 9.1196108 0
-668.15076 -72.209312 9.1122446 0
-668.04395 -72.176224 9.1372213 0
-653.69952 -63.810726 9.1662254 0
-656.51831 -63.709724 9.1541891 0
-656.05225 -63.709267 9.1454725 0
-655.7616 -63.760773 9.1963654 0
-655.69781 -63.704884 9.1167641 0
-655.15625 -63.717613 9.1460514 0
-655.00555 -63.73661 9.1623363 0
-654.95459 -63.729015 9.1109552 0
-654.61707 -63.73597 9.1548233 0
-654.5556 -63.738941 9.1767216 0
-654.41266 -63.760979 9.1294441 0
-654.3551 -63.758232 9.1289625 0
-654.24152 -63.729103 9.1090117 0
-653.85632 -63.764847 9.1636238 0
-653.60956 -63.777668 9.1834831 0
-653.54565 -63.761745 9.1295881 0
-653.21838 -63.792141 9.1526222 0
-653.11133 -63.791382 9.1068745 0
-661.64264 -63.603863 9.1594038 0
-661.38324 -63.629551 9.1544638 0
-661.00281 -63.613605 9.1159439 0
-660.92389 -63.617058 9.1026068 0
-660.80957 -63.630661 9.1092243 0
-660.2085 -63.637497 9.129653 0
-659.75232 -63.606045 9.1988316 0
-659.41675 -63.606495 9.1616735 0
-659.37024 -63.608124 9.118247 0
-658.63116 -63.651653 9.1271067 0
-658.54962 -63.675674 9.1535311 0
-658.19104 -63.658562 9.1770449 0
-657.81982 -63.654778 9.1644325 0
-656.547 -63.642006 9.1940689 0
-656.31714 -63.673195 9.1770258 0
-656.10425 -63.677887 9.1118908 0
-655.96094 -63.678345 9.1502018 0
-655.70178 -63.694691 9.1635666 0
-655.4812 -63.682438 9.1823654 0
-663.04218 -63.50441 9.1597729 0
-662.8324 -63.509628 9.1299191 0
-662.61932 -63.530941 9.1051693 0
-661.79895 -63.59594 9.1954803 0
-661.44409 -63.581451 9.1139812 0
-661.36084 -63.571533 9.161274 0
-660.85339 -63.563831 9.1684227 0
-660.77722 -63.568737 9.1839685 0
-660.36426 -63.574406 9.1568518 0
-660.23572 -63.542191 9.1405945 0
-659.6756 -63.564182 9.117012 0
-663.3374 -63.49514 9.181838 0
-663.14325 -63.469242 9.1538248 0
-662.82666 -63.478821 9.1285067 0
-662.58984 -63.487514 9.1577415 0
-670.9129 -72.251419 9.2013226 0
-666.92798 -72.255722 9.2433081 0
-669.38434 -72.147118 9.2745905 0
-669.26923 -72.160622 9.2651539 0
-669.10992 -72.14325 9.2837286 0
-668.94928 -72.134773 9.231863 0
-653.98499 -63.82901 9.2702856 0
-656.0293 -63.716736 9.2710657 0
-655.8017 -63.709053 9.2500391 0
-655.69647 -63.702988 9.2850838 0
-655.30731 -63.736671 9.2011347 0
-654.95831 -63.79211 9.2267904 0
-654.68842 -63.783943 9.2324133 0
-654.54102 -63.736702 9.214694 0
-654.03168 -63.75452 9.2908468 0
-653.41565 -63.76461 9.2515068 0
-653.38171 -63.791241 9.2113085 0
-659.3833 -63.605556 9.2852907 0
-658.44421 -63.642212 9.2668533 0
-658.03906 -63.601036 9.297596 0
-657.96472 -63.630821 9.2451019 0
-657.74121 -63.640484 9.2821541 0
-657.66034 -63.65107 9.2857914 0
-657.5553 -63.672897 9.2798538 0
-657.49536 -63.674927 9.2923355 0
-657.3158 -63.642776 9.2134552 0
-657.25293 -63.650318 9.2862749 0
-656.94232 -63.658794 9.2247458 0
-656.87946 -63.687386 9.2205601 0
-656.63171 -63.697411 9.2250643 0
-656.35352 -63.67485 9.243885 0
-655.93945 -63.68795 9.2537441 0
-655.75708 -63.689964 9.2543297 0
-662.59863 -63.587658 9.2882891 0
-662.30176 -63.507343 9.2934589 0
-662.29871 -63.557346 9.2943249 0
-662.03613 -63.547657 9.2448025 0
-661.69983 -63.535263 9.2441149 0
-661.56384 -63.521175 9.2597809 0
-661.17743 -63.513138 9.2832222 0
-660.95935 -63.56929 9.2821894 0
-660.67645 -63.585152 9.2933178 0
-660.56708 -63.567802 9.2831373 0
-660.01398 -63.583271 9.23804 0
-659.37189 -63.584843 9.2537823 0
-657.59625 -63.584946 9.2360802 0
-663.53375 -63.483944 9.2668839 0
-663.32233 -63.489159 9.2069626 0
-661.8595 -63.495846 9.2380219 0
-666.61304 -72.318718 9.3971691 0
-670.9566 -72.178604 9.3437185 0
-669.6485 -72.131927 9.3049002 0
-669.44843 -72.140755 9.3278532 0
-669.0824 -72.180504 9.3102922 0
-653.57202 -63.800465 9.346797 0
-653.11414 -63.834579 9.3066797 0
-653.00946 -63.824429 9.3852816 0
-655.30225 -63.744144 9.3645859 0
-654.13049 -63.725861 9.3608961 0
-653.79919 -63.733719 9.3413506 0
-653.48737 -63.793133 9.3356466 0
-653.21906 -63.793068 9.3864841 0
-659.73187 -63.618481 9.3373938 0
-659.62054 -63.616169 9.3608189 0
-659.55981 -63.627632 9.3445702 0
-659.45416 -63.615963 9.3562136 0
-659.04437 -63.627064 9.338397 0
-658.76343 -63.608143 9.3291063 0
-658.63336 -63.647484 9.3266163 0
-658.44391 -63.646641 9.3218307 0
-658.36444 -63.624435 9.338254 0
-658.28442 -63.622341 9.3335676 0
-658.04242 -63.649445 9.3396263 0
-657.93164 -63.634281 9.3909521 0
-657.63873 -63.65033 9.3526487 0
-657.36444 -63.632927 9.3179884 0
-657.16571 -63.690697 9.3486042 0
-656.55255 -63.682602 9.3041563 0
-656.44495 -63.689873 9.3464108 0
-655.11261 -63.696011 9.3484459 0
-662.7262 -63.518326 9.3378286 0
-662.2157 -63.537479 9.3587389 0
-661.90686 -63.534187 9.3151102 0
-661.36572 -63.568645 9.3799381 0
-660.4469 -63.579758 9.3948593 0
-660.3772 -63.574005 9.3560963 0
-660.27618 -63.58889 9.3804359 0
-660.02429 -63.575867 9.3455687 0
-658.48529 -63.598011 9.3515768 0
-663.16315 -63.485355 9.3590975 0
-662.99402 -63.48753 9.3431845 0
-661.97217 -63.477219 9.3595114 0
-667.44556 -72.323914 9.4598808 0
-670.58618 -72.149551 9.4270487 0
-669.63367 -72.127563 9.4672031 0
-654.62042 -63.752762 9.4565277 0
-654.36151 -63.775921 9.4546757 0
-660.04083 -63.631878 9.4147625 0
-659.73743 -63.60136 9.4663324 0
-659.61792 -63.60051 9.4921055 0
-659.46283 -63.60083 9.4744234 0
-659.24414 -63.632946 9.4881649 0
-658.81757 -63.61795 9.4081631 0
-658.54706 -63.642139 9.4711103 0
-657.61719 -63.657333 9.4422379 0
-657.01434 -63.67836 9.4812431 0
-656.62482 -63.671288 9.4628201 0
-656.04333 -63.689888 9.4490452 0
-663.08728 -63.522671 9.4831123 0
-662.77386 -63.562977 9.4005299 0
-662.69391 -63.539829 9.4270887 0
-662.48016 -63.526024 9.4940453 0
-662.05981 -63.541409 9.471755 0
-661.60211 -63.528679 9.4039984 0
-661.54144 -63.535625 9.4373512 0
-661.00269 -63.563503 9.4574146 0
-660.84814 -63.549629 9.4541721 0
-660.76086 -63.533272 9.4878922 0
-660.09424 -63.569035 9.4944668 0
-659.10083 -63.599358 9.4032831 0
-658.88892 -63.593163 9.4056473 0
-663.4964 -63.467834 9.4013147 0
-662.79846 -63.472477 9.4580288 0
-662.34546 -63.49028 9.4068441 0
-668.50757 -72.283081 9.5231562 0
-668.9137 -72.174797 9.5528574 0
-668.80072 -72.145569 9.587327 0
-667.24487 -72.13372 9.5825682 0
-666.80353 -72.143379 9.5536432 0
-656.44122 -63.703999 9.5603456 0
-655.79791 -63.720074 9.5207376 0
-655.5213 -63.70055 9.5405169 0
-655.06964 -63.746563 9.5002432 0
-654.87689 -63.709476 9.5848036 0
-654.77246 -63.737442 9.5674543 0
-654.54565 -63.788578 9.5408525 0
-654.30713 -63.73951 9.5658379 0
-654.13477 -63.765011 9.5491323 0
-653.97058 -63.749699 9.5421619 0
-653.15021 -63.794853 9.5279856 0
-653.0509 -63.771969 9.5929079 0
-660.79401 -63.621372 9.5525055 0
-659.76819 -63.605354 9.5147123 0
-659.52356 -63.605267 9.5923691 0
-658.60779 -63.665417 9.5744591 0
-658.09729 -63.648727 9.5499563 0
-657.94849 -63.640884 9.528986 0
-657.81592 -63.645771 9.5090895 0
-657.52625 -63.655155 9.588953 0
-656.51923 -63.657372 9.5537109 0
-662.54327 -63.556976 9.5199099 0
-661.57892 -63.549023 9.530652 0
-661.19556 -63.512005 9.5997543 0
-660.62286 -63.558064 9.5550156 0
-660.46387 -63.567608 9.5328712 0
-660.35046 -63.573387 9.5592613 0
-660.1665 -63.564991 9.5672846 0
-660.07971 -63.553585 9.5679178 0
-659.96783 -63.566486 9.5369682 0
-659.71954 -63.596149 9.5352325 0
-659.54749 -63.57616 9.5790396 0
-663.53998 -63.477764 9.5473127 0
-662.04486 -63.491142 9.5683889 0
-669.76135 -72.141586 9.6500587 0
-669.59387 -72.142838 9.6524754 0
-669.31055 -72.141205 9.6065884 0
-669.03381 -72.134712 9.6193724 0
-668.01703 -72.106743 9.6355343 0
-655.36169 -63.7258 9.6604776 0
-654.65515 -63.742538 9.6855097 0
-653.7923 -63.757263 9.6725597 0
-653.69812 -63.765465 9.65802 0
-653.38074 -63.760067 9.6960964 0
-653.2655 -63.766453 9.6939535 0
-659.77197 -63.615921 9.6913748 0
-659.51434 -63.603348 9.6093197 0
-659.33771 -63.601685 9.6576653 0
-659.22296 -63.606884 9.6608677 0
-659.14868 -63.622204 9.6615114 0
-659.06744 -63.620609 9.6633863 0
-658.78998 -63.643944 9.607523 0
-658.35437 -63.655323 9.6618881 0
-657.97491 -63.65929 9.6642914 0
-657.68304 -63.680317 9.6299601 0
-657.38989 -63.62215 9.6889687 0
-657.23828 -63.678585 9.6727991 0
-657.19635 -63.641071 9.6651506 0
-657.02393 -63.68985 9.6566238 0
-656.97211 -63.683716 9.682929 0
-656.74249 -63.686401 9.6566362 0
-656.43054 -63.695408 9.6356421 0
-656.34094 -63.6619 9.6758099 0
-656.02759 -63.690163 9.6555529 0
-655.83246 -63.682716 9.6421022 0
-655.76154 -63.693657 9.604969 0
-662.63232 -63.533718 9.6801481 0
-661.86462 -63.539673 9.6540833 0
-661.76184 -63.54425 9.6694899 0
-661.5686 -63.541878 9.6522598 0
-661.47729 -63.546463 9.6283321 0
-661.39099 -63.543015 9.6643105 0
-661.1532 -63.543507 9.6670237 0
-660.85596 -63.543053 9.660368 0
-660.5108 -63.560284 9.6069613 0
-659.30664 -63.588295 9.6601686 0
-659.27771 -63.594543 9.6475515 0
-663.30804 -63.487675 9.6396379 0
-662.76392 -63.466274 9.6284237 0
-662.49854 -63.48209 9.6098671 0
-662.02264 -63.498241 9.6898241 0
-661.68964 -63.49213 9.6540165 0
-669.52667 -72.148567 9.7000971 0
-667.79095 -72.121887 9.706378 0
-653.25244 -63.809864 9.7249765 0
-653.08069 -63.806675 9.7283468 0
-655.78107 -63.719933 9.7808428 0
-654.70886 -63.763111 9.735239 0
-654.64246 -63.76284 9.7573614 0
-654.11334 -63.731979 9.7393074 0
-653.75128 -63.761482 9.7538748 0
-653.24402 -63.787186 9.7683544 0
-653.17236 -63.793503 9.7192612 0
-658.34735 -63.637157 9.7886124 0
-658.2699 -63.653412 9.7654152 0
-658.1264 -63.640438 9.7697077 0
-657.91089 -63.659 9.7542601 0
-657.56641 -63.642899 9.7805958 0
-657.43835 -63.652428 9.7698231 0
-657.2605 -63.661823 9.7330208 0
-656.75934 -63.681713 9.73594 0
-656.53949 -63.683914 9.7030764 0
-663.13367 -63.517166 9.7185001 0
-662.84253 -63.520477 9.7274342 0
-662.71637 -63.536972 9.7550869 0
-662.61609 -63.50589 9.7589178 0
-662.25232 -63.519955 9.7476625 0
-662.02905 -63.530327 9.7520418 0
-661.96484 -63.532097 9.7658634 0
-661.72742 -63.55761 9.7286549 0
-661.62848 -63.513176 9.7245474 0
-661.54987 -63.537354 9.7481012 0
-661.46753 -63.531349 9.7921228 0
-661.12329 -63.548561 9.7691031 0
-661.06274 -63.535896 9.7398539 0
-660.94739 -63.561493 9.7624369 0
-660.86292 -63.547489 9.7504244 0
-660.76178 -63.542477 9.7969313 0
-660.51575 -63.57135 9.7320976 0
-660.42902 -63.518585 9.782156 0
-660.37531 -63.537933 9.7394218 0
-660.19171 -63.564007 9.7197666 0
-659.99707 -63.590351 9.7032671 0
-662.96191 -63.468102 9.7940884 0
-662.3335 -63.456379 9.781415 0
-668.71271 -72.207253 9.8656845 0
-669.37244 -72.133728 9.8858242 0
-668.68243 -72.152824 9.8991795 0
-668.5871 -72.186943 9.8948669 0
-671.11359 -72.096207 9.8838434 0
-653.88995 -63.815639 9.8359642 0
-653.5625 -63.803734 9.8370972 0
-653.45068 -63.818375 9.8512564 0
-653.23547 -63.80632 9.8297329 0
-656.69519 -63.746082 9.8301191 0
-656.24933 -63.725632 9.8099928 0
-655.4668 -63.717007 9.8541355 0
-655.36145 -63.742992 9.8931923 0
-655.12024 -63.709419 9.8749695 0
-655.0174 -63.705418 9.8103447 0
-654.95038 -63.730213 9.8807678 0
-654.86121 -63.72731 9.8594017 0
-654.74408 -63.725933 9.8561726 0
-654.68951 -63.740681 9.8101406 0
-654.44403 -63.719841 9.8084955 0
-654.34869 -63.74559 9.8549576 0
-654.12207 -63.749512 9.8218136 0
-653.99127 -63.76038 9.8417253 0
-653.73621 -63.777954 9.87251 0
-653.61237 -63.777481 9.8428125 0
-653.46704 -63.775223 9.8612366 0
-653.36688 -63.785866 9.8435488 0
-653.01013 -63.795353 9.8244219 0
-659.76941 -63.645584 9.8745222 0
-659.35272 -63.629986 9.8757725 0
-659.15143 -63.632832 9.859087 0
-658.86157 -63.639332 9.873786 0
-658.67407 -63.649513 9.8325233 0
-658.02417 -63.683685 9.8777561 0
-657.10553 -63.682816 9.8289394 0
-657.00037 -63.671604 9.8908873 0
-656.9798 -63.691921 9.8263235 0
-656.70294 -63.657082 9.8981953 0
-656.22797 -63.675076 9.8917522 0
-655.95898 -63.696022 9.8890409 0
-655.47784 -63.680916 9.8488913 0
-663.10284 -63.524937 9.8771324 0
-662.85114 -63.500404 9.8551579 0
-662.65198 -63.529259 9.8119593 0
-662.52277 -63.518799 9.8223667 0
-662.23047 -63.59639 9.8244448 0
-661.91064 -63.512699 9.8444347 0
-661.56653 -63.556572 9.8079033 0
-660.71686 -63.551697 9.8893814 0
-660.66229 -63.567627 9.873086 0
-660.26495 -63.5924 9.8357506 0
-658.6908 -63.5867 9.8721266 0
-663.16125 -63.473186 9.8162928 0
-662.75153 -63.498493 9.8565607 0
-662.01733 -63.489712 9.8514309 0
-667.15973 -72.22979 9.9004564 0
-670.23907 -72.141502 9.9822083 0
-668.495 -72.188164 9.9965448 0
-668.26166 -72.177277 9.9746742 0
-668.06024 -72.158539 9.9852228 0
-667.48969 -72.195747 9.9158697 0
-671.24249 -72.095032 9.90837 0
-652.98578 -66.06073 9.9561586 0
-652.96558 -65.428589 9.9955187 0
-653.13086 -63.821308 9.9947891 0
-658.37073 -63.732719 9.9699888 0
-656.88843 -63.708805 9.9161482 0
-656.44556 -63.708542 9.9121809 0
-655.89923 -63.705334 9.9318304 0
-655.37378 -63.723942 9.9514799 0
-655.22156 -63.705261 9.9657164 0
-655.1485 -63.734493 9.9190111 0
-654.4801 -63.744198 9.971777 0
-654.23218 -63.762402 9.9693546 0
-660.46063 -63.610428 9.9623003 0
-660.20123 -63.60783 9.9936047 0
-659.02197 -63.627865 9.9207134 0
-658.94757 -63.604351 9.9089241 0
-658.65918 -63.617367 9.9942265 0
-658.54553 -63.622635 9.9895887 0
-658.42712 -63.622696 9.9844809 0
-658.39758 -63.639645 9.9996796 0
-658.07129 -63.614491 9.964323 0
-657.81079 -63.649704 9.9639282 0
-657.62146 -63.656471 9.9664974 0
-657.41315 -63.650734 9.9359045 0
-657.17554 -63.671028 9.9173059 0
-656.84491 -63.671089 9.9333439 0
-656.65472 -63.66045 9.9747295 0
-656.54993 -63.683605 9.9078817 0
-655.58698 -63.696838 9.9055376 0
-655.35626 -63.685707 9.9680748 0
-663.17529 -63.512566 9.9020691 0
-662.89789 -63.517021 9.904355 0
-662.32202 -63.584564 9.9238024 0
-662.091 -63.523987 9.9293804 0
-661.4306 -63.513634 9.9945583 0
-661.37067 -63.524651 9.9298096 0
-661.23962 -63.532333 9.9663582 0
-661.17944 -63.533806 9.9535751 0
-660.76544 -63.563732 9.940321 0
-660.66229 -63.548031 9.9211273 0
-660.56207 -63.573845 9.9312878 0
-659.95367 -63.59465 9.9423246 0
-659.34753 -63.591084 9.929821 0
-659.14447 -63.586792 9.9246998 0
-663.52771 -63.468601 9.9260912 0
-663.43866 -63.457287 9.9304028 0
-662.5451 -63.480175 9.9347992 0
-669.71106 -72.274925 10.050698 0
-667.93536 -72.241447 10.018318 0
-667.25433 -72.246292 10.034515 0
-670.14215 -72.192871 10.090375 0
-668.78918 -72.165916 10.073375 0
-668.17206 -72.167824 10.030658 0
-654.1814 -63.81834 10.094547 0
-653.82397 -63.850182 10.081415 0
-653.35614 -63.823776 10.010412 0
-653.04126 -63.862316 10.038047 0
-656.60931 -63.710682 10.021523 0
-656.25653 -63.740707 10.000588 0
-654.79572 -63.738045 10.097964 0
-654.60272 -63.775532 10.077656 0
-654.34241 -63.747864 10.039449 0
-654.20123 -63.785347 10.05352 0
-653.97803 -63.792648 10.03854 0
-653.61548 -63.745655 10.07666 0
-653.52728 -63.765171 10.083565 0
-653.47156 -63.799931 10.043995 0
-653.3681 -63.780106 10.086895 0
-653.22498 -63.772835 10.059621 0
-653.15338 -63.76619 10.070561 0
-652.99908 -63.775997 10.074061 0
-660.24677 -63.605511 10.086868 0
-659.69434 -63.621502 10.055107 0
-659.47363 -63.617672 10.046096 0
-659.12933 -63.618664 10.042821 0
-659.05756 -63.630199 10.027663 0
-657.8963 -63.686089 10.089855 0
-657.61322 -63.680679 10.037976 0
-657.51129 -63.671883 10.004227 0
-657.45856 -63.646503 10.04806 0
-657.01215 -63.656555 10.013554 0
-656.95245 -63.686596 10.037667 0
-656.58246 -63.684036 10.091635 0
-656.47241 -63.662952 10.052458 0
-655.94995 -63.673904 10.040995 0
-663.24298 -63.525627 10.068631 0
-662.23541 -63.505798 10.09849 0
-661.53656 -63.574245 10.098474 0
-661.48065 -63.534538 10.023766 0
-661.34692 -63.553402 10.0312 0
-661.04297 -63.555069 10.067585 0
-660.01697 -63.57354 10.024984 0
-659.41095 -63.567699 10.010748 0
-658.9458 -63.589241 10.07659 0
-663.49603 -63.430328 10.03393 0
-662.40015 -63.489948 10.015596 0
-668.67706 -72.244972 10.182384 0
-667.01257 -72.256058 10.187186 0
-670.92065 -72.116684 10.142933 0
-669.13422 -72.138611 10.142497 0
-668.62024 -72.136093 10.122935 0
-667.92737 -72.193207 10.156825 0
-667.66663 -72.182732 10.187853 0
-671.5213 -72.070763 10.117229 0
-671.33752 -72.09034 10.193336 0
-669.01843 -72.086044 10.199863 0
-656.35907 -63.727386 10.170101 0
-655.05597 -63.76902 10.118316 0
-654.86249 -63.709919 10.152752 0
-654.64087 -63.727852 10.166251 0
-654.50366 -63.730297 10.152027 0
-654.34692 -63.737289 10.144846 0
-654.27802 -63.735558 10.130539 0
-653.90387 -63.751347 10.149508 0
-653.74054 -63.775925 10.180824 0
-661.28516 -63.609341 10.110969 0
-660.18359 -63.60955 10.195044 0
-659.96594 -63.686214 10.145181 0
-659.44366 -63.635899 10.194766 0
-658.93524 -63.624424 10.155149 0
-658.71747 -63.614349 10.166729 0
-658.68854 -63.617287 10.112029 0
-658.25659 -63.676506 10.150955 0
-657.96118 -63.661343 10.160082 0
-657.53314 -63.636894 10.145904 0
-656.56256 -63.675785 10.144052 0
-656.24109 -63.666611 10.197593 0
-656.0069 -63.668114 10.180749 0
-655.74445 -63.66222 10.187332 0
-655.64203 -63.698288 10.128023 0
-655.44666 -63.69149 10.130104 0
-655.33868 -63.693275 10.159832 0
-655.24854 -63.690689 10.16779 0
-655.10089 -63.699135 10.156025 0
-663.48053 -63.51091 10.108898 0
-662.17194 -63.52179 10.125459 0
-661.82263 -63.562321 10.196577 0
-661.74988 -63.5271 10.147537 0
-661.6499 -63.542446 10.160156 0
-661.45477 -63.557514 10.165644 0
-661.36877 -63.546879 10.102955 0
-661.22852 -63.560932 10.146604 0
-661.19031 -63.538307 10.146549 0
-660.96649 -63.564056 10.165776 0
-660.86456 -63.55125 10.154613 0
-660.77887 -63.534866 10.141479 0
-660.68854 -63.523998 10.133104 0
-660.44537 -63.54546 10.114873 0
-659.48865 -63.576004 10.165188 0
-662.96454 -63.48312 10.186954 0
-662.67438 -63.499756 10.190115 0
-668.23364 -72.245209 10.252937 0
-668.12256 -72.246948 10.248419 0
-667.94641 -72.228653 10.233944 0
-666.86859 -72.229141 10.281834 0
-670.88782 -72.128357 10.272151 0
-670.59973 -72.107819 10.234032 0
-670.31445 -72.101883 10.240416 0
-669.70984 -72.168724 10.28621 0
-668.08679 -72.194016 10.269282 0
-655.17145 -63.813625 10.273576 0
-653.11975 -63.807529 10.234096 0
-656.84009 -63.716949 10.266387 0
-656.56073 -63.735924 10.238588 0
-655.37244 -63.706734 10.273123 0
-655.12878 -63.750671 10.262609 0
-654.98016 -63.718903 10.237053 0
-654.6673 -63.792477 10.299447 0
-653.95581 -63.7686 10.258902 0
-660.62549 -63.684139 10.222565 0
-659.85162 -63.600204 10.277178 0
-659.59375 -63.645844 10.286766 0
-659.37451 -63.649075 10.261838 0
-658.90997 -63.660259 10.269738 0
-658.70166 -63.604515 10.250555 0
-658.6319 -63.668106 10.219084 0
-657.90283 -63.647346 10.252114 0
-657.83783 -63.640057 10.241939 0
-657.5285 -63.681252 10.202459 0
-657.43286 -63.643066 10.20945 0
-657.28308 -63.632343 10.262155 0
-657.04242 -63.671623 10.227346 0
-656.7348 -63.679764 10.288305 0
-656.55011 -63.684242 10.260541 0
-656.39557 -63.667324 10.20876 0
-655.86426 -63.674759 10.29123 0
-655.77008 -63.661449 10.200562 0
-655.68335 -63.681137 10.248294 0
-663.12134 -63.518013 10.249075 0
-662.75519 -63.533051 10.263959 0
-662.40601 -63.509312 10.228391 0
-662.2923 -63.535393 10.214453 0
-662.11566 -63.588463 10.241739 0
-662.08594 -63.504848 10.286958 0
-661.89307 -63.527405 10.22949 0
-661.50049 -63.553249 10.265941 0
-660.93188 -63.578632 10.220109 0
-660.84344 -63.586388 10.201355 0
-660.48138 -63.584206 10.281423 0
-660.26691 -63.584057 10.25271 0
-660.12952 -63.580227 10.275832 0
-659.96112 -63.583614 10.213799 0
-659.66974 -63.5895 10.235074 0
-659.51349 -63.573921 10.240843 0
-659.14899 -63.588886 10.274507 0
-658.8822 -63.599686 10.278751 0
-663.41357 -63.445282 10.295076 0
-662.96838 -63.482815 10.220307 0
-662.25366 -63.495392 10.285606 0
-670.34808 -72.144699 10.356545 0
-670.14307 -72.159653 10.315732 0
-669.88043 -72.13324 10.30696 0
-668.86316 -72.18959 10.300071 0
-668.33044 -72.198044 10.370995 0
-671.51801 -72.074364 10.378949 0
-669.91779 -72.036293 10.370229 0
-653.9212 -63.807896 10.319408 0
-653.58337 -63.813416 10.381029 0
-653.24438 -63.839108 10.362551 0
-653.15155 -63.827068 10.369199 0
-653.01239 -63.825024 10.3578 0
-655.87366 -63.733265 10.331686 0
-655.52911 -63.765347 10.300689 0
-655.01001 -63.742371 10.351445 0
-654.5293 -63.761917 10.35565 0
-654.36395 -63.748005 10.300041 0
-654.15021 -63.787079 10.301478 0
-653.1908 -63.79792 10.369245 0
-660.39948 -63.60339 10.362432 0
-659.81213 -63.623493 10.300139 0
-659.55695 -63.63559 10.382406 0
-659.25519 -63.603794 10.344876 0
-658.42474 -63.6404 10.314789 0
-658.07349 -63.610748 10.318056 0
-657.77972 -63.627216 10.342302 0
-657.69934 -63.638893 10.374071 0
-657.52942 -63.655193 10.354521 0
-657.14111 -63.666912 10.328813 0
-656.8288 -63.685253 10.302524 0
-656.30518 -63.683483 10.341101 0
-656.24036 -63.697304 10.351352 0
-655.92725 -63.691338 10.310821 0
-655.47351 -63.696957 10.392425 0
-655.25446 -63.69352 10.3244 0
-663.47742 -63.511715 10.367245 0
-662.75299 -63.532429 10.344121 0
-661.65424 -63.542339 10.31075 0
-661.57581 -63.529709 10.312675 0
-661.23199 -63.568386 10.342464 0
-660.89642 -63.563 10.380342 0
-660.70038 -63.558147 10.333033 0
-660.40015 -63.54287 10.341544 0
-660.22247 -63.552231 10.317928 0
-660.0257 -63.572697 10.315538 0
-659.97845 -63.567924 10.310241 0
-659.8114 -63.5732 10.301206 0
-659.36835 -63.582813 10.357687 0
-658.99951 -63.580814 10.395769 0
-658.22919 -63.58876 10.312233 0
-663.43903 -63.469025 10.311793 0
-663.34857 -63.480785 10.361996 0
-663.25281 -63.489429 10.359367 0
-663.13318 -63.491127 10.369017 0
-662.79883 -63.481983 10.391256 0
-662.58801 -63.488609 10.359981 0
-662.30267 -63.488705 10.318018 0
-661.58868 -63.490196 10.374234 0
-671.5462 -72.077751 10.460011 0
-652.95734 -64.373352 10.46728 0
-654.22357 -63.868984 10.476111 0
-656.85883 -63.716915 10.450246 0
-655.79407 -63.712563 10.499301 0
-655.64429 -63.725002 10.451992 0
-655.31189 -63.752308 10.485415 0
-655.25623 -63.70929 10.481439 0
-654.99384 -63.713882 10.424007 0
-654.71082 -63.763371 10.435674 0
-654.65436 -63.763794 10.422486 0
-654.55353 -63.753185 10.461995 0
-654.44025 -63.777348 10.423277 0
-654.36023 -63.770416 10.412951 0
-654.20227 -63.780567 10.456713 0
-654.11945 -63.795269 10.405326 0
-654.0697 -63.756958 10.498373 0
-653.65192 -63.761456 10.481144 0
-653.53107 -63.763428 10.474057 0
-662.73126 -63.606384 10.469161 0
-662.4007 -63.632362 10.433323 0
-660.98792 -63.607445 10.436677 0
-660.12805 -63.620949 10.490985 0
-659.36047 -63.625015 10.473639 0
-659.12262 -63.603336 10.422176 0
-658.91571 -63.614517 10.418417 0
-658.74451 -63.631989 10.434528 0
-658.26105 -63.615185 10.446198 0
-658.0592 -63.644188 10.452534 0
-657.98492 -63.617306 10.469995 0
-657.69647 -63.650158 10.450486 0
-657.40472 -63.651485 10.426342 0
-656.69043 -63.687565 10.481273 0
-656.20288 -63.690117 10.470299 0
-655.97699 -63.688942 10.436946 0
-655.52222 -63.697506 10.418275 0
-663.29883 -63.534977 10.432649 0
-662.52161 -63.526596 10.436207 0
-662.49268 -63.530846 10.499763 0
-661.61292 -63.509312 10.484519 0
-661.20776 -63.53244 10.439611 0
-661.04254 -63.538864 10.420713 0
-660.62408 -63.555805 10.479808 0
-660.3988 -63.553581 10.450891 0
-659.92352 -63.576012 10.454285 0
-659.63257 -63.589214 10.460179 0
-659.54083 -63.559914 10.403022 0
-659.07935 -63.583641 10.401277 0
-663.36505 -63.478024 10.416083 0
-662.94312 -63.482613 10.473831 0
-662.12878 -63.464642 10.468526 0
-661.52484 -63.483582 10.401043 0
-669.66699 -72.208145 10.561338 0
-667.24365 -72.241776 10.554073 0
-666.96808 -72.243546 10.513041 0
-671.05371 -72.11869 10.541291 0
-670.7403 -72.132545 10.504967 0
-670.56732 -72.15345 10.589157 0
-669.20471 -72.135773 10.586752 0
-668.78851 -72.14653 10.565769 0
-653.57196 -63.82122 10.564105 0
-656.80939 -63.707005 10.59586 0
-656.43115 -63.720245 10.553818 0
-656.38605 -63.709724 10.581219 0
-656.22607 -63.718719 10.571432 0
-656.05841 -63.765064 10.533575 0
-655.94885 -63.735806 10.510722 0
-655.80322 -63.741898 10.573448 0
-655.57043 -63.702194 10.510708 0
-655.13501 -63.733566 10.575402 0
-654.51953 -63.758694 10.541438 0
-654.39996 -63.793327 10.560035 0
-654.15839 -63.740307 10.515341 0
-654.00928 -63.779613 10.513338 0
-653.95404 -63.789333 10.535332 0
-663.08069 -63.615757 10.52056 0
-660.40155 -63.610973 10.541176 0
-659.80566 -63.660118 10.53414 0
-659.5069 -63.622574 10.556196 0
-658.45276 -63.629322 10.515992 0
-658.02448 -63.62402 10.5727 0
-657.31927 -63.671104 10.554476 0
-657.05176 -63.66291 10.563917 0
-656.99359 -63.672256 10.548174 0
-656.83582 -63.679558 10.547118 0
-656.4071 -63.671917 10.593493 0
-656.02979 -63.695972 10.522511 0
-655.8186 -63.688885 10.504624 0
-655.78754 -63.669067 10.502429 0
-662.36206 -63.51424 10.554023 0
-662.10712 -63.555416 10.559021 0
-661.80347 -63.563835 10.522497 0
-661.21069 -63.54604 10.576701 0
-660.95013 -63.512882 10.508999 0
-660.89209 -63.546192 10.580478 0
-659.8172 -63.562592 10.555707 0
-658.78229 -63.586094 10.502548 0
-658.07166 -63.574856 10.556052 0
-663.58893 -63.435825 10.505537 0
-662.77887 -63.46381 10.586317 0
-662.36975 -63.497871 10.591597 0
-662.10846 -63.490437 10.551226 0
-666.50513 -72.335869 10.653676 0
-671.16675 -72.225815 10.683385 0
-670.58453 -72.280083 10.603396 0
-667.06097 -72.219231 10.618335 0
-670.94189 -72.137917 10.672083 0
-670.3642 -72.198517 10.6491 0
-669.57739 -72.121597 10.647128 0
-669.48132 -72.135269 10.6194 0
-669.32703 -72.145035 10.617983 0
-669.21173 -72.152702 10.634204 0
-669.07727 -72.160118 10.611673 0
-667.76215 -72.189934 10.61037 0
-667.63904 -72.1614 10.695989 0
-669.59912 -72.057831 10.674123 0
-653.63831 -63.801708 10.646876 0
-653.57745 -63.820728 10.655034 0
-653.3634 -63.815945 10.691394 0
-653.29132 -63.81675 10.63252 0
-657.42773 -63.701485 10.687016 0
-657.396 -63.701008 10.616787 0
-656.33002 -63.722046 10.608347 0
-656.1618 -63.718452 10.631109 0
-655.92023 -63.724014 10.653463 0
-655.67145 -63.713795 10.668839 0
-655.1496 -63.712231 10.663324 0
-654.5036 -63.741776 10.689219 0
-660.54236 -63.67527 10.620741 0
-659.57379 -63.605152 10.691789 0
-658.95099 -63.620949 10.631547 0
-658.34552 -63.653339 10.653815 0
-658.21429 -63.652893 10.640779 0
-657.93762 -63.621174 10.693751 0
-657.75427 -63.687599 10.631241 0
-657.34332 -63.649639 10.606862 0
-657.2182 -63.693016 10.606813 0
-656.96497 -63.674259 10.693122 0
-656.61499 -63.697353 10.60243 0
-656.55951 -63.696209 10.667549 0
-656.40161 -63.685421 10.615693 0
-655.79755 -63.670799 10.650157 0
-655.56073 -63.690903 10.689375 0
-662.72003 -63.552502 10.643324 0
-662.48499 -63.537323 10.606543 0
-661.94641 -63.541542 10.642416 0
-661.58038 -63.524815 10.662484 0
-661.20551 -63.528095 10.61322 0
-661.07184 -63.591 10.667665 0
-660.79614 -63.542488 10.64924 0
-660.62897 -63.584526 10.637959 0
-660.50281 -63.55159 10.649336 0
-660.2514 -63.567989 10.610925 0
-660.03699 -63.575623 10.603702 0
-659.9549 -63.561527 10.642628 0
-659.63916 -63.55917 10.603374 0
-658.60358 -63.59045 10.654766 0
-662.86157 -63.421955 10.6786 0
-661.77271 -63.493389 10.668198 0
-667.82007 -72.330475 10.752965 0
-667.34412 -72.354347 10.722351 0
-670.2934 -72.266571 10.727327 0
-668.44604 -72.22831 10.761118 0
-666.83185 -72.280609 10.727534 0
-671.34564 -72.170113 10.773576 0
-670.36694 -72.119316 10.79764 0
-668.72345 -72.194504 10.747 0
-671.46875 -72.058777 10.771841 0
-670.7616 -72.06218 10.779374 0
-670.61774 -72.063858 10.769099 0
-653.91815 -63.801498 10.784272 0
-653.80066 -63.811138 10.778377 0
-653.74194 -63.813786 10.775784 0
-653.64246 -63.804859 10.798044 0
-653.55884 -63.809391 10.74181 0
-653.41919 -63.822884 10.759718 0
-653.39722 -63.81049 10.7546 0
-653.29333 -63.818352 10.750177 0
-653.159 -63.813446 10.754185 0
-652.83295 -63.834915 10.799382 0
-656.12012 -63.712276 10.780449 0
-655.49792 -63.727875 10.774849 0
-655.35193 -63.717865 10.744186 0
-655.24475 -63.746941 10.738977 0
-654.81055 -63.743862 10.742063 0
-654.70087 -63.754372 10.718572 0
-654.52441 -63.740673 10.712434 0
-654.14404 -63.765987 10.755272 0
-654.03107 -63.794682 10.784039 0
-653.93799 -63.786659 10.772019 0
-653.81531 -63.790154 10.770466 0
-660.20013 -63.633675 10.763235 0
-659.60944 -63.628761 10.717769 0
-659.51031 -63.623112 10.720304 0
-659.23145 -63.632538 10.781866 0
-659.04639 -63.611118 10.749962 0
-658.93921 -63.601448 10.739308 0
-658.68402 -63.621521 10.716636 0
-658.53448 -63.606995 10.709972 0
-658.4483 -63.63509 10.740349 0
-658.21106 -63.639027 10.705329 0
-656.59882 -63.657097 10.783747 0
-656.42029 -63.68261 10.726138 0
-662.95215 -63.517838 10.762858 0
-662.13379 -63.529942 10.795401 0
-661.94373 -63.530556 10.741562 0
-661.8147 -63.526161 10.727827 0
-661.65918 -63.517555 10.791197 0
-661.37152 -63.520161 10.721025 0
-661.2757 -63.539799 10.743015 0
-661.13232 -63.51165 10.78715 0
-661.07935 -63.542332 10.755875 0
-660.95398 -63.542946 10.734562 0
-659.55023 -63.597187 10.728849 0
-659.42853 -63.561134 10.793006 0
-663.64105 -63.41795 10.734114 0
-663.53674 -63.468296 10.758556 0
-663.47986 -63.496605 10.731892 0
-662.34314 -63.491161 10.704827 0
-662.23395 -63.471024 10.730558 0
-662.17126 -63.493507 10.721004 0
-667.16663 -72.216782 10.827772 0
-667.06006 -72.21389 10.803931 0
-669.54517 -72.139908 10.854873 0
-668.47333 -72.156342 10.82182 0
-667.82147 -72.147156 10.851498 0
-671.21893 -72.064034 10.82705 0
-670.4845 -72.064537 10.885499 0
-654.53186 -63.82066 10.833145 0
-653.89594 -63.811661 10.826754 0
-653.72662 -63.813614 10.803841 0
-656.61444 -63.718124 10.889471 0
-656.38654 -63.711613 10.869668 0
-656.2287 -63.710606 10.851632 0
-656.16663 -63.712471 10.845861 0
-655.94812 -63.73941 10.852439 0
-655.85718 -63.70385 10.80241 0
-655.73865 -63.731129 10.80703 0
-655.56482 -63.743935 10.88175 0
-655.41522 -63.737595 10.861235 0
-655.24554 -63.759449 10.839094 0
-655.07422 -63.750504 10.84325 0
-654.99994 -63.771843 10.863752 0
-654.87024 -63.775818 10.84202 0
-654.76788 -63.770859 10.846718 0
-654.60388 -63.77137 10.820058 0
-654.46136 -63.780384 10.820942 0
-654.39355 -63.773445 10.806422 0
-654.21075 -63.776527 10.804552 0
-653.77838 -63.793724 10.883546 0
-653.64941 -63.799568 10.871365 0
-653.42786 -63.789276 10.845585 0
-660.89294 -63.609135 10.863159 0
-660.68018 -63.628948 10.828925 0
-659.83337 -63.620407 10.855421 0
-659.62976 -63.602745 10.818622 0
-659.03076 -63.661377 10.886559 0
-658.64148 -63.678665 10.847733 0
-658.39899 -63.610359 10.88768 0
-658.18207 -63.675705 10.816026 0
-657.73419 -63.648464 10.879585 0
-657.61554 -63.681343 10.848328 0
-657.34106 -63.65263 10.854514 0
-656.86279 -63.697006 10.809443 0
-662.90186 -63.507805 10.83187 0
-662.86127 -63.56197 10.870564 0
-662.76123 -63.530907 10.857533 0
-662.45709 -63.548481 10.814661 0
-662.32532 -63.502293 10.829461 0
-662.13342 -63.528656 10.867695 0
-661.92725 -63.576385 10.834124 0
-661.88434 -63.516945 10.818268 0
-661.23688 -63.563519 10.818272 0
-660.25092 -63.560196 10.841162 0
-659.948 -63.576027 10.855636 0
-659.63379 -63.577385 10.820822 0
-663.50128 -63.481579 10.899687 0
-663.46198 -63.472027 10.882353 0
-663.36407 -63.494762 10.886102 0
-662.93848 -63.492416 10.810932 0
-662.54688 -63.490456 10.848089 0
-662.36847 -63.485394 10.826624 0
-666.94739 -72.273087 10.990229 0
-670.29211 -72.130753 10.965494 0
-669.55365 -72.15255 10.966236 0
-669.1153 -72.190559 10.966946 0
-668.51477 -72.186584 10.925332 0
-669.51654 -72.099304 10.99696 0
-652.93585 -64.442284 10.908382 0
-653.92181 -63.82925 10.990781 0
-653.12408 -63.806103 10.962049 0
-657.75806 -63.710758 10.95532 0
-656.96863 -63.705532 10.988513 0
-656.65656 -63.707878 10.93437 0
-656.34882 -63.717743 10.932167 0
-655.98004 -63.72987 10.913974 0
-655.52539 -63.766258 10.94801 0
-654.93579 -63.754772 10.943686 0
-654.65216 -63.766151 10.950637 0
-654.31976 -63.748085 10.907146 0
-654.22217 -63.767479 10.9925 0
-654.07324 -63.782063 10.96989 0
-660.30975 -63.612263 10.91332 0
-659.45654 -63.61264 10.944921 0
-658.88702 -63.610054 10.919158 0
-658.23883 -63.64444 10.972214 0
-658.08209 -63.691063 10.966212 0
-657.84174 -63.674122 10.955359 0
-657.67737 -63.677193 10.947127 0
-657.44806 -63.669426 10.9359 0
-657.2467 -63.677795 10.943439 0
-657.1272 -63.676369 10.934094 0
-657.09503 -63.694416 10.91457 0
-656.86902 -63.682068 10.921403 0
-662.70502 -63.50338 10.92645 0
-662.41168 -63.550411 10.926294 0
-662.23816 -63.541283 10.952411 0
-661.92664 -63.518551 10.92625 0
-660.9848 -63.56657 10.991537 0
-660.85205 -63.570541 10.945461 0
-660.78387 -63.573959 10.96541 0
-658.69641 -63.586594 10.958438 0
-663.33282 -63.498737 10.986145 0
-663.03058 -63.491863 10.974516 0
-662.64368 -63.488632 10.958771 0
-667.18982 -72.265617 11.038671 0
-671.64709 -72.117157 11.097584 0
-671.09424 -72.106804 11.019213 0
-670.52618 -72.134445 11.001934 0
-667.25873 -72.16217 11.065258 0
-671.3902 -72.086769 11.073721 0
-653.45648 -63.819016 11.041892 0
-653.07245 -63.815208 11.023946 0
-656.15729 -63.715492 11.069115 0
-655.93896 -63.703747 11.073601 0
-655.37854 -63.736782 11.01691 0
-655.26819 -63.734104 11.003913 0
-655.17517 -63.716663 11.095246 0
-654.49536 -63.772858 11.034031 0
-654.30353 -63.799412 11.079262 0
-653.75 -63.795147 11.044888 0
-653.12982 -63.798485 11.097016 0
-660.23352 -63.610809 11.099636 0
-660.06097 -63.654816 11.032221 0
-659.79266 -63.61536 11.080393 0
-659.55933 -63.631622 11.06734 0
-659.36444 -63.631393 11.064552 0
-659.29315 -63.633709 11.054415 0
-659.19153 -63.625477 11.025289 0
-658.99292 -63.668251 11.020217 0
-658.88641 -63.613052 11.03742 0
-658.71655 -63.648285 11.021843 0
-658.65912 -63.682613 11.004021 0
-658.34198 -63.697895 11.023671 0
-657.87561 -63.655327 11.066978 0
-657.64789 -63.697006 11.081096 0
-657.5976 -63.681221 11.04073 0
-657.4707 -63.695141 11.069529 0
-657.21313 -63.687256 11.042747 0
-662.66815 -63.511356 11.084502 0
-661.47644 -63.55455 11.059525 0
-661.38696 -63.532421 11.037848 0
-661.10815 -63.558144 11.080066 0
-661.0296 -63.562366 11.076612 0
-660.61938 -63.56435 11.045136 0
-660.56458 -63.563526 11.029725 0
-659.88141 -63.596027 11.085379 0
-663.43048 -63.497536 11.011207 0
-663.32916 -63.470905 11.0085 0
-663.14612 -63.449089 11.052218 0
-662.85992 -63.4785 11.036305 0
-668.13318 -72.225471 11.161281 0
-667.07678 -72.214317 11.183183 0
-671.61151 -72.108467 11.166843 0
-667.72272 -72.182899 11.127885 0
-670.78601 -72.095627 11.118738 0
-654.03784 -63.804935 11.196743 0
-653.94763 -63.826023 11.184645 0
-653.49402 -63.825657 11.172001 0
-653.29224 -63.806885 11.144096 0
-659.11395 -63.718403 11.182628 0
-656.6236 -63.707493 11.179783 0
-656.29279 -63.718666 11.116802 0
-656.08521 -63.702431 11.140789 0
-655.70172 -63.713245 11.117523 0
-655.2016 -63.706127 11.120728 0
-654.96704 -63.73098 11.190847 0
-654.77148 -63.728321 11.14049 0
-654.55432 -63.766151 11.147091 0
-654.49622 -63.778889 11.189169 0
-654.22095 -63.782452 11.16713 0
-654.05872 -63.79285 11.12598 0
-660.6781 -63.600941 11.107445 0
-660.49072 -63.637371 11.127296 0
-660.13727 -63.624657 11.115876 0
-660.04688 -63.613537 11.102503 0
-659.95862 -63.615082 11.190894 0
-659.62164 -63.668606 11.109561 0
-659.56177 -63.605591 11.165418 0
-659.3197 -63.689106 11.197979 0
-658.93616 -63.638447 11.166629 0
-658.87109 -63.6399 11.172121 0
-658.66608 -63.643257 11.155737 0
-658.55536 -63.639351 11.155976 0
-658.49469 -63.657795 11.154149 0
-658.0329 -63.631863 11.192493 0
-657.38287 -63.66853 11.17302 0
-656.73462 -63.689846 11.156876 0
-662.87781 -63.524616 11.13607 0
-662.60565 -63.514198 11.197671 0
-662.51587 -63.575569 11.148266 0
-662.25409 -63.533138 11.185548 0
-662.10461 -63.533028 11.175337 0
-661.92554 -63.514935 11.126412 0
-661.68811 -63.54007 11.124054 0
-661.34625 -63.501968 11.171535 0
-662.99908 -63.488235 11.149733 0
-662.54498 -63.487408 11.184773 0
-662.47906 -63.48592 11.181849 0
-662.36603 -63.486618 11.121293 0
-667.64154 -72.248962 11.274765 0
-667.1084 -72.207146 11.261827 0
-671.05524 -72.12455 11.233044 0
-670.76794 -72.147346 11.238183 0
-669.28345 -72.106674 11.248837 0
-668.82611 -72.183464 11.240561 0
-668.31329 -72.191231 11.207594 0
-654.38519 -63.802086 11.23781 0
-653.88843 -63.802265 11.279161 0
-653.45972 -63.81562 11.264509 0
-653.07764 -63.81797 11.245185 0
-659.54889 -63.710228 11.234119 0
-656.62646 -63.713852 11.235275 0
-656.43701 -63.703312 11.282593 0
-656.03992 -63.726448 11.27704 0
-655.90527 -63.736179 11.294816 0
-655.81494 -63.725723 11.265635 0
-655.75293 -63.734543 11.252689 0
-655.68347 -63.741215 11.28421 0
-655.5636 -63.733009 11.263647 0
-655.38953 -63.726505 11.25022 0
-655.1311 -63.758255 11.263417 0
-655.0163 -63.770218 11.295276 0
-654.81689 -63.761021 11.207128 0
-654.6488 -63.763489 11.252854 0
-654.53497 -63.795757 11.250379 0
-654.38458 -63.79866 11.20874 0
-653.18951 -63.786507 11.238129 0
-662.03229 -63.602676 11.289657 0
-661.5589 -63.608772 11.24819 0
-660.06616 -63.608768 11.293833 0
-659.98047 -63.609718 11.277467 0
-659.74023 -63.652676 11.257531 0
-659.42456 -63.608868 11.245877 0
-658.7749 -63.625065 11.230049 0
-657.39081 -63.696323 11.235929 0
-657.2309 -63.680595 11.22016 0
-656.96191 -63.675945 11.28555 0
-656.67542 -63.692272 11.296113 0
-656.10413 -63.696426 11.252812 0
-663.03223 -63.517754 11.280245 0
-661.96313 -63.549927 11.26813 0
-661.52106 -63.524899 11.25195 0
-661.38324 -63.542217 11.285127 0
-661.1416 -63.573448 11.252326 0
-661.04272 -63.572639 11.216413 0
-660.85901 -63.583374 11.278984 0
-660.6286 -63.58445 11.269518 0
-660.13788 -63.597378 11.238462 0
-660.08313 -63.595234 11.270844 0
-659.97272 -63.566319 11.229918 0
-659.86279 -63.588539 11.258085 0
-659.698 -63.558361 11.203039 0
-663.40485 -63.48357 11.239307 0
-663.33447 -63.483494 11.241234 0
-663.28638 -63.489002 11.25613 0
-669.4306 -72.221313 11.30927 0
-668.82751 -72.236496 11.377493 0
-668.3111 -72.211006 11.35824 0
-666.94891 -72.251152 11.368691 0
-669.65631 -72.116096 11.309551 0
-668.77545 -72.17318 11.380398 0
-668.69391 -72.176826 11.350196 0
-667.92267 -72.192619 11.327685 0
-671.52155 -72.064789 11.367401 0
-670.41803 -72.099648 11.360448 0
-653.01569 -63.978058 11.310885 0
-653.53662 -63.808971 11.386148 0
-653.008 -63.806335 11.342103 0
-660.19861 -63.702835 11.316387 0
-657.4248 -63.733604 11.373974 0
-656.94849 -63.702442 11.354962 0
-656.87061 -63.709629 11.377212 0
-656.61407 -63.717461 11.355268 0
-656.17413 -63.737942 11.338049 0
-655.87872 -63.729851 11.304557 0
-655.70551 -63.706112 11.357307 0
-655.60211 -63.749226 11.326332 0
-655.55359 -63.731224 11.303864 0
-655.32288 -63.770927 11.308211 0
-655.26086 -63.737385 11.353815 0
-654.93701 -63.731472 11.364246 0
-654.61523 -63.739643 11.377584 0
-654.55853 -63.791264 11.320344 0
-654.20294 -63.785004 11.320132 0
-653.56586 -63.795471 11.354319 0
-653.078 -63.789352 11.338312 0
-661.62506 -63.644573 11.357055 0
-660.85388 -63.675598 11.398415 0
-659.85986 -63.600025 11.366708 0
-659.48315 -63.627281 11.311096 0
-659.16302 -63.628334 11.381045 0
-658.849 -63.626591 11.348778 0
-658.46088 -63.647022 11.315331 0
-658.38159 -63.664326 11.314262 0
-658.1601 -63.678238 11.384369 0
-657.60107 -63.663509 11.305672 0
-657.36267 -63.657043 11.388056 0
-657.24158 -63.673206 11.351097 0
-657.19659 -63.677589 11.317228 0
-656.05237 -63.671356 11.379004 0
-663.48969 -63.504444 11.360309 0
-663.3186 -63.557476 11.375151 0
-663.14716 -63.519115 11.359471 0
-663.04272 -63.500946 11.35973 0
-662.95276 -63.55167 11.354052 0
-662.30432 -63.564602 11.347637 0
-661.72992 -63.547939 11.397495 0
-661.58081 -63.556995 11.379681 0
-661.44659 -63.546181 11.370162 0
-661.33044 -63.561611 11.314594 0
-660.41614 -63.537987 11.37885 0
-663.55035 -63.480068 11.376839 0
-663.43311 -63.482807 11.367882 0
-663.19012 -63.481277 11.361433 0
-662.17291 -63.496876 11.367356 0
-670.13098 -72.149216 11.40035 0
-669.64636 -72.117104 11.4592 0
-669.49103 -72.125343 11.458555 0
-668.84833 -72.124054 11.464827 0
-668.48853 -72.158218 11.433817 0
-668.0061 -72.197952 11.460652 0
-667.64465 -72.160049 11.407781 0
-670.95856 -72.099846 11.466029 0
-652.86841 -64.426048 11.433105 0
-652.85541 -64.038261 11.419831 0
-654.89886 -63.805962 11.442472 0
-653.22931 -63.807438 11.499597 0
-656.9649 -63.750671 11.465937 0
-656.64514 -63.705643 11.479884 0
-656.53168 -63.718452 11.450898 0
-656.1637 -63.724178 11.421339 0
-655.97156 -63.779766 11.410503 0
-655.68536 -63.712357 11.442435 0
-655.5946 -63.702087 11.419487 0
-655.11633 -63.751629 11.444111 0
-653.79962 -63.790371 11.461008 0
-660.74554 -63.607441 11.425497 0
-660.49817 -63.614559 11.433108 0
-659.89343 -63.602192 11.446861 0
-659.79803 -63.605774 11.49515 0
-659.3537 -63.610554 11.410015 0
-658.76215 -63.641514 11.487174 0
-657.66217 -63.649334 11.492534 0
-656.02631 -63.699894 11.478575 0
-663.15588 -63.521282 11.477789 0
-662.81256 -63.562321 11.426023 0
-662.65051 -63.511879 11.448584 0
-662.29114 -63.512146 11.426451 0
-661.7359 -63.549026 11.449261 0
-661.11792 -63.532188 11.433406 0
-660.83075 -63.521736 11.482801 0
-660.26337 -63.594425 11.490011 0
-659.71399 -63.587929 11.44302 0
-663.54596 -63.485947 11.434289 0
-663.46613 -63.462643 11.417014 0
-663.19629 -63.458977 11.416329 0
-662.54333 -63.495888 11.448053 0
-670.38092 -72.216797 11.575968 0
-670.1134 -72.256348 11.539352 0
-669.86682 -72.226349 11.535136 0
-669.28699 -72.214851 11.513945 0
-668.11884 -72.222023 11.517463 0
-668.0282 -72.23925 11.505362 0
-666.80359 -72.28241 11.554499 0
-671.0097 -72.115128 11.593655 0
-670.85663 -72.118507 11.547239 0
-670.50507 -72.106133 11.515851 0
-669.49097 -72.164665 11.524031 0
-669.26727 -72.182701 11.53056 0
-668.5708 -72.177101 11.595201 0
-669.89093 -72.065445 11.560328 0
-654.03406 -63.817932 11.54936 0
-653.68268 -63.801479 11.530225 0
-657.75049 -63.724739 11.551769 0
-655.6676 -63.741291 11.589843 0
-655.1358 -63.76186 11.56592 0
-654.78906 -63.77602 11.536606 0
-654.5462 -63.770866 11.586872 0
-654.46295 -63.773682 11.581429 0
-654.31146 -63.755386 11.581761 0
-654.16779 -63.778076 11.580181 0
-653.6897 -63.799561 11.56065 0
-662.19354 -63.651775 11.577972 0
-659.0321 -63.633308 11.590943 0
-658.92096 -63.662289 11.567605 0
-658.8316 -63.635593 11.569728 0
-658.54572 -63.66209 11.522516 0
-658.47797 -63.604328 11.594202 0
-658.30731 -63.674198 11.522469 0
-657.67444 -63.671436 11.504124 0
-657.49109 -63.693024 11.500726 0
-657.23602 -63.640404 11.524956 0
-656.68463 -63.688042 11.59626 0
-656.37213 -63.686897 11.519818 0
-662.63666 -63.556549 11.599209 0
-662.36926 -63.518597 11.524806 0
-661.67682 -63.560772 11.504852 0
-661.52051 -63.554684 11.515547 0
-660.87787 -63.582569 11.563065 0
-660.69019 -63.574329 11.564677 0
-660.5993 -63.568386 11.516629 0
-663.46918 -63.448826 11.515354 0
-663.21552 -63.406616 11.579447 0
-662.94928 -63.48568 11.583841 0
-662.89838 -63.4758 11.521831 0
-668.5769 -72.257553 11.694452 0
-668.26123 -72.218201 11.668742 0
-668.16315 -72.207489 11.652766 0
-667.69312 -72.27607 11.634277 0
-671.66205 -72.1063 11.621871 0
-670.03461 -72.165329 11.652876 0
-668.23981 -72.134918 11.608293 0
-671.62183 -72.078934 11.613697 0
-671.33527 -72.035042 11.684381 0
-653.0556 -66.523155 11.674395 0
-653.04016 -63.933548 11.643559 0
-653.61987 -63.819782 11.658136 0
-653.12738 -63.805923 11.617466 0
-657.77551 -63.70322 11.624546 0
-657.21576 -63.703426 11.61364 0
-656.66931 -63.724365 11.621086 0
-656.07391 -63.714725 11.628079 0
-655.02429 -63.771618 11.609075 0
-654.92914 -63.779057 11.602571 0
-653.96588 -63.793797 11.681412 0
-653.46356 -63.797989 11.642216 0
-659.86591 -63.620205 11.602314 0
-659.75311 -63.645763 11.687353 0
-659.6189 -63.653671 11.63849 0
-659.50256 -63.634415 11.659003 0
-659.30798 -63.627453 11.627573 0
-659.16687 -63.600643 11.676892 0
-659.07092 -63.60601 11.642564 0
-658.81805 -63.619972 11.681695 0
-658.69 -63.608242 11.625963 0
-658.47314 -63.652451 11.63604 0
-658.35681 -63.632683 11.654933 0
-658.24115 -63.671314 11.618835 0
-657.91364 -63.666195 11.691859 0
-657.65472 -63.692497 11.603421 0
-657.36371 -63.644375 11.642901 0
-657.29944 -63.653404 11.636515 0
-657.18512 -63.664391 11.62422 0
-656.33813 -63.699505 11.677872 0
-663.34265 -63.508221 11.617617 0
-662.1153 -63.538986 11.600946 0
-661.92261 -63.504677 11.653502 0
-661.28882 -63.558052 11.603379 0
-660.85852 -63.561501 11.698743 0
-660.48199 -63.575035 11.625207 0
-659.94434 -63.564518 11.697713 0
-659.83075 -63.59248 11.688549 0
-659.55969 -63.577007 11.624434 0
-658.99414 -63.595001 11.660911 0
-662.50525 -63.49622 11.694845 0
-670.23572 -72.203644 11.709433 0
-668.0163 -72.228104 11.766654 0
-669.09283 -72.170937 11.772372 0
-667.91162 -72.180206 11.753832 0
-670.98602 -72.039047 11.719314 0
-670.64215 -72.023575 11.79076 0
-652.83905 -64.403313 11.789075 0
-654.15198 -63.804005 11.777105 0
-653.71289 -63.831039 11.741858 0
-653.5777 -63.818176 11.779271 0
-653.20233 -63.821793 11.738103 0
-656.8136 -63.735283 11.796367 0
-656.74243 -63.712395 11.77177 0
-656.52924 -63.703262 11.734864 0
-656.33417 -63.732231 11.739088 0
-656.29871 -63.707752 11.785244 0
-655.94904 -63.746841 11.703077 0
-655.75995 -63.749668 11.749962 0
-655.62646 -63.747074 11.772938 0
-655.5553 -63.716492 11.744203 0
-655.28107 -63.753769 11.74694 0
-654.90411 -63.739037 11.734013 0
-654.76031 -63.764088 11.710615 0
-654.57764 -63.757801 11.732454 0
-654.49695 -63.724186 11.755867 0
-654.32379 -63.746368 11.768519 0
-654.09106 -63.777576 11.72305 0
-653.63171 -63.762737 11.781327 0
-663.22382 -63.614594 11.716231 0
-659.91296 -63.635319 11.716702 0
-659.41931 -63.622372 11.794508 0
-658.94946 -63.638096 11.713142 0
-658.8692 -63.641785 11.763188 0
-658.6438 -63.659344 11.725701 0
-658.40137 -63.659908 11.708266 0
-658.20343 -63.675175 11.795949 0
-658.01825 -63.644688 11.748878 0
-657.755 -63.671356 11.716047 0
-657.20251 -63.661736 11.748828 0
-657.02429 -63.698124 11.768706 0
-656.8775 -63.683502 11.756493 0
-656.45917 -63.699459 11.789986 0
-655.79871 -63.685658 11.739766 0
-663.16235 -63.511208 11.773872 0
-663.04523 -63.531548 11.752152 0
-662.58344 -63.525566 11.763395 0
-662.32629 -63.504406 11.751709 0
-662.25562 -63.504105 11.735295 0
-661.59454 -63.574394 11.711045 0
-659.82642 -63.56636 11.780446 0
-659.50372 -63.563831 11.783667 0
-659.0614 -63.585884 11.773663 0
-658.43231 -63.598713 11.757797 0
-663.68011 -63.407562 11.701549 0
-663.25275 -63.495716 11.785401 0
-669.47052 -72.289574 11.871407 0
-668.74951 -72.265068 11.88267 0
-669.69861 -72.141495 11.814495 0
-668.27527 -72.155518 11.803007 0
-653.07263 -69.896172 11.879125 0
-653.9726 -63.819496 11.865537 0
-653.31604 -63.82143 11.807052 0
-653.23596 -63.815456 11.803288 0
-653.16205 -63.829685 11.808419 0
-653.07697 -63.82399 11.804685 0
-657.05444 -63.707344 11.802692 0
-656.75226 -63.718819 11.867494 0
-656.62305 -63.745621 11.836446 0
-656.48486 -63.718914 11.885409 0
-656.33905 -63.716278 11.850821 0
-656.17078 -63.744415 11.898396 0
-655.5788 -63.724293 11.828909 0
-655.12659 -63.762253 11.834029 0
-654.90588 -63.765274 11.822013 0
-654.83374 -63.777 11.860756 0
-654.78302 -63.774368 11.803305 0
-654.57477 -63.785782 11.824254 0
-660.65259 -63.607254 11.859204 0
-659.89801 -63.607391 11.873325 0
-659.77588 -63.622581 11.851689 0
-659.57831 -63.605473 11.802384 0
-659.41589 -63.616249 11.884287 0
-659.30212 -63.625168 11.830222 0
-659.23407 -63.632999 11.846008 0
-659.04651 -63.630466 11.800963 0
-658.70386 -63.656948 11.852514 0
-658.36548 -63.624752 11.876752 0
-658.21021 -63.642986 11.872151 0
-658.03625 -63.671013 11.845531 0
-657.87939 -63.669849 11.862896 0
-657.72961 -63.668297 11.835405 0
-657.55878 -63.662018 11.827552 0
-657.46936 -63.687973 11.861754 0
-657.04633 -63.687317 11.814152 0
-656.78467 -63.697308 11.875417 0
-655.96863 -63.697948 11.870695 0
-663.50427 -63.500462 11.825182 0
-663.33673 -63.533836 11.824725 0
-662.43256 -63.520115 11.878346 0
-662.34424 -63.544769 11.865807 0
-661.7522 -63.519329 11.874718 0
-660.89795 -63.553253 11.897751 0
-660.6449 -63.558407 11.89106 0
-660.58014 -63.579853 11.889379 0
-660.46039 -63.546009 11.854353 0
-660.16663 -63.550133 11.810541 0
-659.60815 -63.585155 11.81467 0
-662.72247 -63.484489 11.83546 0
-667.22693 -72.32032 11.976242 0
-666.39227 -72.332932 11.909616 0
-670.06726 -72.280212 11.967278 0
-668.84052 -72.201721 11.941759 0
-667.5423 -72.23423 11.994911 0
-667.09479 -72.213715 11.914303 0
-670.30347 -72.178787 11.948482 0
-670.15479 -72.120872 11.993887 0
-667.8288 -72.192505 11.956758 0
-653.11603 -70.577408 11.990959 0
-653.12012 -68.397568 11.954507 0
-654.09796 -63.822735 11.925622 0
-653.64844 -63.81065 11.910132 0
-653.5564 -63.814552 11.997553 0
-653.44348 -63.825905 11.966099 0
-656.72137 -63.710854 11.936779 0
-656.54602 -63.710182 11.961023 0
-655.75293 -63.725891 11.999868 0
-655.65118 -63.761246 11.928759 0
-655.1698 -63.724087 11.983111 0
-654.82239 -63.751621 11.998423 0
-654.70795 -63.746338 11.946906 0
-654.57037 -63.776981 11.942834 0
-654.23334 -63.754417 11.916685 0
-653.69763 -63.780586 11.997638 0
-661.23138 -63.624462 11.919467 0
-660.69861 -63.604855 11.907071 0
-660.10004 -63.644463 11.990423 0
-660.01392 -63.655991 11.986336 0
-659.93365 -63.648277 11.975568 0
-659.60193 -63.635971 11.944111 0
-659.30768 -63.614513 11.99343 0
-658.64148 -63.646103 11.915962 0
-658.50623 -63.642242 11.911676 0
-658.35333 -63.653053 11.971175 0
-658.04028 -63.65744 11.940216 0
-657.68304 -63.659088 11.956906 0
-657.51862 -63.608105 11.97404 0
-661.8335 -63.543472 11.971997 0
-661.69806 -63.546661 11.951172 0
-661.47473 -63.544773 11.999623 0
-661.36719 -63.552856 11.942884 0
-661.13489 -63.52029 11.943665 0
-663.38507 -63.458035 11.989874 0
-662.88861 -63.49667 11.94399 0
-661.58435 -63.497864 11.998148 0
-668.05054 -72.296356 12.041997 0
-666.74475 -72.270981 12.029387 0
-671.68762 -72.120857 12.042271 0
-670.422 -72.101791 12.048486 0
-671.80328 -72.063614 12.059437 0
-654.12213 -63.820908 12.017509 0
-653.97247 -63.815136 12.00648 0
-653.8985 -63.827572 12.093959 0
-653.55725 -63.810528 12.045532 0
-653.45282 -63.827595 12.001581 0
-653.35114 -63.822727 12.032731 0
-653.23694 -63.826885 12.073027 0
-658.15979 -63.704369 12.063928 0
-658.06555 -63.706245 12.057726 0
-657.43225 -63.728073 12.020461 0
-656.99957 -63.767353 12.011689 0
-656.84973 -63.707108 12.041893 0
-655.85931 -63.73035 12.083659 0
-655.74316 -63.730717 12.029141 0
-655.45728 -63.718575 12.014627 0
-655.34363 -63.734272 12.012323 0
-655.26764 -63.753956 12.085276 0
-655.15753 -63.75383 12.063271 0
-655.01294 -63.741875 12.062809 0
-654.87732 -63.757664 12.091536 0
-654.75549 -63.759396 12.051122 0
-654.66046 -63.768589 12.075928 0
-654.34564 -63.789043 12.015171 0
-654.22327 -63.768559 12.045162 0
-654.11176 -63.787045 12.031084 0
-654.06531 -63.782528 12.084605 0
-653.94073 -63.771866 12.036628 0
-653.74127 -63.779667 12.078176 0
-653.65564 -63.789108 12.037619 0
-661.08728 -63.610115 12.077616 0
-660.49005 -63.600777 12.001914 0
-659.91577 -63.601624 12.068385 0
-659.73572 -63.620026 12.067529 0
-659.56311 -63.627277 12.032463 0
-659.49219 -63.621971 12.041934 0
-658.95264 -63.648472 12.095833 0
-658.86414 -63.666786 12.047048 0
-658.65216 -63.61385 12.080034 0
-658.46204 -63.651249 12.068472 0
-658.36401 -63.627026 12.010615 0
-658.2677 -63.621666 12.054066 0
-662.54578 -63.525406 12.086398 0
-662.30078 -63.563667 12.078113 0
-661.76868 -63.511631 12.038648 0
-661.68475 -63.524593 12.028948 0
-660.90363 -63.586281 12.036079 0
-660.84912 -63.573914 12.060749 0
-660.64136 -63.580566 12.028233 0
-660.30768 -63.583279 12.008256 0
-660.10303 -63.575989 12.010863 0
-663.46759 -63.497501 12.066663 0
-663.03882 -63.497978 12.011441 0
-667.07629 -72.258171 12.144148 0
-671.17059 -72.144363 12.125035 0
-671.01764 -72.109077 12.190943 0
-669.77252 -72.181511 12.122127 0
-653.17352 -72.166924 12.149301 0
-653.01013 -71.539703 12.181608 0
-653.0105 -65.057083 12.186136 0
-654.24939 -63.809727 12.140656 0
-654.15973 -63.806099 12.134869 0
-654.07965 -63.824169 12.154947 0
-653.73578 -63.823746 12.10752 0
-653.52112 -63.850143 12.106203 0
-653.05615 -63.825062 12.136416 0
-658.32501 -63.707664 12.193103 0
-657.07458 -63.701511 12.168789 0
-656.45667 -63.70348 12.11902 0
-655.82178 -63.720955 12.164902 0
-655.23669 -63.721664 12.198316 0
-654.57892 -63.73658 12.109959 0
-654.44604 -63.753613 12.1733 0
-654.01868 -63.781178 12.10777 0
-661.31488 -63.600288 12.117455 0
-660.25842 -63.622658 12.133492 0
-660.10809 -63.619556 12.187899 0
-659.99835 -63.616562 12.17119 0
-659.54669 -63.605701 12.149918 0
-659.38251 -63.633659 12.14834 0
-659.24054 -63.651943 12.1289 0
-659.12622 -63.638718 12.141473 0
-658.55542 -63.634388 12.192307 0
-658.37305 -63.633091 12.108906 0
-658.04059 -63.633053 12.156999 0
-657.80005 -63.63662 12.133131 0
-657.67627 -63.649544 12.199791 0
-656.68152 -63.699333 12.123742 0
-655.80133 -63.698898 12.186543 0
-663.08569 -63.509361 12.153744 0
-662.90643 -63.521675 12.148802 0
-662.83746 -63.54351 12.164678 0
-662.73663 -63.558865 12.148127 0
-662.38678 -63.540466 12.154608 0
-662.16284 -63.50034 12.143249 0
-661.96497 -63.520725 12.144419 0
-661.65045 -63.55172 12.184926 0
-661.34363 -63.576912 12.190464 0
-661.1347 -63.57336 12.105803 0
-661.08514 -63.575027 12.168899 0
-660.91559 -63.571674 12.188103 0
-660.62585 -63.595207 12.15807 0
-660.54755 -63.588898 12.145758 0
-660.32324 -63.587772 12.115349 0
-662.88702 -63.490601 12.189606 0
-662.10498 -63.480656 12.158398 0
-662.04596 -63.499924 12.156067 0
-653.14337 -73.324966 12.267603 0
-668.63635 -72.208672 12.265731 0
-670.42615 -72.124153 12.24546 0
-669.31079 -72.124794 12.22282 0
-671.57422 -72.035721 12.278991 0
-671.37708 -72.03759 12.230209 0
-653.10767 -69.966164 12.290065 0
-654.13293 -63.803886 12.249596 0
-653.71082 -63.815269 12.241828 0
-653.62769 -63.810394 12.237744 0
-653.52155 -63.823837 12.210876 0
-653.03381 -63.821934 12.226049 0
-656.23401 -63.73344 12.294943 0
-655.64777 -63.711143 12.284482 0
-655.49188 -63.714893 12.2297 0
-655.32599 -63.717945 12.211818 0
-654.72839 -63.750778 12.216187 0
-654.552 -63.769958 12.253805 0
-654.45831 -63.757999 12.201369 0
-662.13568 -63.610973 12.277884 0
-660.35089 -63.637848 12.215164 0
-660.02997 -63.618263 12.287615 0
-659.6377 -63.607811 12.246904 0
-659.25226 -63.610786 12.23793 0
-658.98486 -63.62207 12.247438 0
-658.88885 -63.628803 12.210941 0
-658.68256 -63.637695 12.29764 0
-658.38702 -63.653942 12.248294 0
-658.13544 -63.649109 12.269665 0
-657.07538 -63.671276 12.287624 0
-656.9342 -63.683319 12.212368 0
-663.28052 -63.533825 12.226758 0
-663.16144 -63.538654 12.239177 0
-663.07764 -63.512501 12.257161 0
-662.78003 -63.528316 12.220625 0
-662.66034 -63.517899 12.296983 0
-662.19995 -63.55106 12.269277 0
-662.06934 -63.52562 12.278978 0
-661.86078 -63.537861 12.238347 0
-661.6665 -63.569122 12.274822 0
-661.57422 -63.568218 12.219002 0
-661.44897 -63.568424 12.217443 0
-661.0968 -63.574947 12.265872 0
-660.81628 -63.586155 12.201532 0
-660.38647 -63.58572 12.292773 0
-660.02679 -63.591393 12.219615 0
-659.78284 -63.599651 12.248109 0
-659.38782 -63.583832 12.255441 0
-659.24237 -63.588207 12.263384 0
-663.06378 -63.491943 12.247531 0
-662.55402 -63.467278 12.270646 0
-667.5105 -72.237671 12.335155 0
-670.12146 -72.16227 12.32913 0
-668.12756 -72.133385 12.322386 0
-653.1239 -69.938568 12.332064 0
-652.93329 -66.84549 12.376183 0
-652.90509 -64.202232 12.391844 0
-654.68396 -63.806171 12.340295 0
-653.90985 -63.80677 12.344072 0
-653.84479 -63.826248 12.309129 0
-653.69879 -63.818539 12.300851 0
-653.55939 -63.801453 12.303955 0
-653.47412 -63.833412 12.364264 0
-653.28925 -63.835892 12.35726 0
-653.11755 -63.81921 12.343121 0
-657.98901 -63.704544 12.398555 0
-656.47833 -63.708759 12.361452 0
-656.27649 -63.707584 12.367721 0
-655.87372 -63.739666 12.388728 0
-655.37769 -63.720066 12.321258 0
-655.28223 -63.726051 12.372516 0
-655.14685 -63.761322 12.341822 0
-654.90771 -63.740025 12.397374 0
-654.69794 -63.749966 12.37341 0
-654.45581 -63.780552 12.376491 0
-654.35437 -63.767982 12.351179 0
-653.98474 -63.792282 12.301536 0
-661.75769 -63.615902 12.333934 0
-660.75708 -63.608791 12.383882 0
-659.43396 -63.613865 12.357097 0
-659.23047 -63.628204 12.351947 0
-658.60718 -63.672562 12.372383 0
-658.51373 -63.624523 12.340702 0
-658.32947 -63.669605 12.316083 0
-658.1098 -63.654842 12.336044 0
-657.91522 -63.647755 12.30964 0
-657.55371 -63.657005 12.347562 0
-657.4472 -63.677509 12.387571 0
-657.36499 -63.669975 12.32272 0
-656.97491 -63.677391 12.35049 0
-656.89496 -63.675514 12.351533 0
-663.34241 -63.510246 12.316359 0
-663.14532 -63.533974 12.369098 0
-662.93921 -63.539448 12.373491 0
-662.80634 -63.553368 12.337951 0
-662.71436 -63.576561 12.382918 0
-662.48035 -63.508518 12.341702 0
-662.35394 -63.551842 12.348692 0
-662.13849 -63.531265 12.303528 0
-661.40295 -63.559776 12.357585 0
-661.0614 -63.550446 12.327331 0
-660.9223 -63.59539 12.355207 0
-660.82385 -63.562508 12.355007 0
-660.74695 -63.578224 12.318688 0
-660.69714 -63.593197 12.321284 0
-660.43005 -63.595615 12.332368 0
-659.97852 -63.58065 12.357012 0
-659.40497 -63.597263 12.325592 0
-659.13495 -63.594402 12.365815 0
-663.57635 -63.488976 12.352934 0
-662.93799 -63.452843 12.361298 0
-662.65942 -63.499016 12.364573 0
-667.84528 -72.232704 12.499822 0
-667.57947 -72.265297 12.431553 0
-667.18805 -72.241203 12.483327 0
-653.45886 -63.916401 12.492995 0
-653.37885 -63.827785 12.41004 0
-656.6554 -63.702538 12.446638 0
-656.58154 -63.713623 12.436718 0
-656.46393 -63.716442 12.431458 0
-656.37457 -63.708927 12.418883 0
-655.90302 -63.7108 12.455008 0
-655.55695 -63.73188 12.413982 0
-654.87286 -63.73703 12.464741 0
-654.77612 -63.744064 12.400864 0
-654.41425 -63.768219 12.418057 0
-654.06897 -63.768665 12.429344 0
-653.85303 -63.778637 12.48997 0
-653.72937 -63.779968 12.437473 0
-653.60852 -63.792629 12.410915 0
-653.25964 -63.777901 12.439205 0
-661.11487 -63.640812 12.456138 0
-660.41125 -63.62281 12.4907 0
-660.33105 -63.604691 12.475623 0
-659.98383 -63.604378 12.444824 0
-659.67206 -63.613655 12.428194 0
-659.36542 -63.610378 12.4828 0
-659.07196 -63.643646 12.456077 0
-658.83252 -63.630669 12.479151 0
-658.56531 -63.63438 12.456123 0
-658.05341 -63.657589 12.423923 0
-657.11279 -63.670589 12.4384 0
-657.04602 -63.667881 12.452215 0
-656.55609 -63.69418 12.433777 0
-663.5542 -63.512154 12.485817 0
-663.31775 -63.572186 12.498959 0
-663.27246 -63.520332 12.429625 0
-662.97583 -63.524326 12.4554 0
-662.89172 -63.528336 12.471602 0
-662.06543 -63.529324 12.406665 0
-661.82196 -63.566113 12.42496 0
-661.70746 -63.557949 12.403211 0
-661.25159 -63.574841 12.446243 0
-661.08051 -63.5662 12.41791 0
-660.98303 -63.570736 12.467278 0
-660.33368 -63.599758 12.463977 0
-660.22089 -63.584305 12.4165 0
-659.72809 -63.550438 12.468488 0
-659.49182 -63.564941 12.410252 0
-663.38208 -63.474644 12.461807 0
-663.08875 -63.489269 12.448169 0
-668.25116 -72.250908 12.552184 0
-668.14441 -72.263367 12.543224 0
-671.66473 -72.111122 12.545593 0
-671.57623 -72.153496 12.543856 0
-669.56165 -72.149185 12.539696 0
-669.40979 -72.15033 12.582421 0
-669.30499 -72.147057 12.564667 0
-668.50024 -72.175179 12.524144 0
-668.09155 -72.18779 12.579309 0
-671.32562 -72.096123 12.58427 0
-668.78308 -72.063492 12.58752 0
-653.21466 -71.309639 12.517421 0
-653.08276 -68.321739 12.570285 0
-653.01886 -64.644188 12.524513 0
-652.909 -64.611656 12.597853 0
-653.76855 -63.917339 12.572991 0
-654.58276 -63.82151 12.546814 0
-653.92444 -63.822197 12.557764 0
-653.67859 -63.828144 12.593446 0
-653.5166 -63.856487 12.556123 0
-653.48047 -63.804798 12.540848 0
-652.99469 -63.811104 12.512462 0
-659.29883 -63.748337 12.514659 0
-657.33264 -63.713875 12.506824 0
-656.86951 -63.717312 12.524472 0
-656.64539 -63.730812 12.51227 0
-656.38361 -63.715122 12.518071 0
-656.13635 -63.739723 12.554432 0
-656.04913 -63.702717 12.561082 0
-655.87415 -63.754097 12.50287 0
-655.54901 -63.710484 12.530292 0
-655.22235 -63.732456 12.555549 0
-655.12628 -63.771614 12.524019 0
-654.23663 -63.794342 12.583938 0
-652.97943 -63.778931 12.598301 0
-660.17712 -63.601406 12.597839 0
-659.53638 -63.636375 12.551247 0
-659.39471 -63.60989 12.533406 0
-658.81329 -63.620075 12.554889 0
-657.99152 -63.632404 12.5917 0
-657.75391 -63.644245 12.541367 0
-657.67377 -63.688057 12.572793 0
-657.55511 -63.664791 12.506021 0
-657.34857 -63.682854 12.522023 0
-657.1059 -63.677441 12.512508 0
-655.82245 -63.690098 12.545105 0
-663.19476 -63.509644 12.51231 0
-662.45581 -63.563416 12.52493 0
-661.98889 -63.532738 12.524511 0
-661.81793 -63.566483 12.529004 0
-661.7771 -63.542007 12.562954 0
-660.08704 -63.598572 12.506577 0
-659.96161 -63.5825 12.537667 0
-659.70264 -63.58997 12.524435 0
-663.56812 -63.495399 12.520554 0
-669.20331 -72.206146 12.640047 0
-669.00989 -72.229645 12.630383 0
-668.66302 -72.215302 12.682444 0
-668.47357 -72.247246 12.627338 0
-668.35632 -72.274315 12.623552 0
-667.67493 -72.257339 12.614673 0
-670.14038 -72.127151 12.680084 0
-669.88049 -72.105385 12.699025 0
-668.05042 -72.171883 12.696088 0
-652.93835 -64.966736 12.668897 0
-654.03668 -63.823387 12.653758 0
-653.8808 -63.828312 12.645032 0
-653.73413 -63.820236 12.682664 0
-653.32751 -63.824619 12.652388 0
-653.14832 -63.822514 12.615831 0
-653.04871 -63.822472 12.627676 0
-656.52643 -63.73307 12.657066 0
-656.25061 -63.713161 12.675991 0
-656.1203 -63.724335 12.637702 0
-655.9494 -63.735935 12.636181 0
-655.52112 -63.757999 12.63819 0
-655.40186 -63.729904 12.649193 0
-654.99146 -63.738808 12.617061 0
-654.53748 -63.789627 12.656804 0
-654.18646 -63.754257 12.648348 0
-661.94916 -63.654861 12.617308 0
-660.10016 -63.61298 12.658474 0
-659.14624 -63.656307 12.688579 0
-658.4931 -63.669403 12.638139 0
-658.30536 -63.667358 12.638536 0
-658.05945 -63.649414 12.66608 0
-657.69232 -63.66954 12.692787 0
-657.52905 -63.672863 12.68654 0
-657.36115 -63.640064 12.677446 0
-657.01257 -63.650612 12.645057 0
-655.58417 -63.679653 12.65837 0
-655.46436 -63.67981 12.661829 0
-663.28973 -63.546127 12.653132 0
-662.82489 -63.548401 12.6819 0
-662.4101 -63.571671 12.621723 0
-662.38208 -63.528713 12.617675 0
-661.92346 -63.529934 12.662878 0
-661.69141 -63.524441 12.693584 0
-661.20471 -63.55965 12.612022 0
-661.03278 -63.575626 12.673995 0
-660.68561 -63.571274 12.616009 0
-660.46497 -63.57906 12.624876 0
-660.36169 -63.577965 12.621386 0
-660.22504 -63.584808 12.600373 0
-670.68542 -72.141579 12.757017 0
-670.46021 -72.11879 12.731506 0
-669.99939 -72.151321 12.725932 0
-669.79077 -72.144363 12.742111 0
-669.67407 -72.150421 12.738078 0
-671.46051 -72.050987 12.796459 0
-670.78986 -72.082993 12.73369 0
-670.33301 -72.065681 12.787315 0
-652.94012 -65.927536 12.799144 0
-652.93005 -65.34996 12.716686 0
-652.97388 -64.45694 12.736618 0
-652.96448 -64.344986 12.798787 0
-653.20203 -64.002037 12.779263 0
-653.29346 -63.930706 12.777129 0
-652.97522 -63.906567 12.720388 0
-652.84106 -63.929405 12.700765 0
-653.91974 -63.826015 12.737791 0
-652.93591 -63.834385 12.757873 0
-657.05219 -63.707329 12.75719 0
-656.96643 -63.725739 12.745074 0
-656.61328 -63.702885 12.720228 0
-656.52289 -63.711796 12.748659 0
-656.39813 -63.749367 12.792573 0
-655.65527 -63.739407 12.702622 0
-655.28229 -63.770061 12.733104 0
-655.14746 -63.759483 12.797069 0
-654.95691 -63.747292 12.763908 0
-654.87451 -63.770336 12.768425 0
-654.63922 -63.7799 12.771421 0
-654.54944 -63.762733 12.725071 0
-654.45514 -63.775146 12.782676 0
-654.3443 -63.746712 12.727564 0
-654.21454 -63.79491 12.745512 0
-662.41583 -63.641514 12.707415 0
-660.44025 -63.607323 12.797015 0
-660.27014 -63.642853 12.7909 0
-659.20526 -63.647537 12.74669 0
-658.70551 -63.639187 12.745127 0
-658.62683 -63.654991 12.729253 0
-658.53229 -63.645699 12.717777 0
-658.15381 -63.637264 12.765985 0
-658.00409 -63.631851 12.741984 0
-657.86078 -63.681076 12.707837 0
-656.43884 -63.689167 12.719061 0
-656.05499 -63.676937 12.770229 0
-663.33545 -63.532753 12.75312 0
-663.10858 -63.525021 12.750928 0
-662.90326 -63.50172 12.739242 0
-662.85767 -63.531631 12.709567 0
-661.2027 -63.551029 12.743279 0
-661.00171 -63.519135 12.748663 0
-660.88684 -63.521378 12.72054 0
-660.48889 -63.598923 12.724769 0
-653.31091 -77.555832 12.884934 0
-666.81903 -72.348869 12.84127 0
-671.32202 -72.112572 12.839832 0
-670.59583 -72.142006 12.848486 0
-670.46735 -72.178406 12.866932 0
-670.1264 -72.145439 12.801041 0
-669.62292 -72.177559 12.864927 0
-669.16772 -72.174187 12.860122 0
-652.87305 -64.023476 12.82023 0
-653.62311 -63.808193 12.84828 0
-653.30634 -63.815422 12.835818 0
-653.25012 -63.845737 12.868755 0
-653.11975 -63.831604 12.841806 0
-653.00867 -63.825649 12.891235 0
-652.935 -63.865643 12.831162 0
-652.83301 -63.829144 12.820418 0
-657.00928 -63.700031 12.843441 0
-656.65295 -63.755821 12.863341 0
-656.55548 -63.712036 12.865825 0
-656.30237 -63.717709 12.836484 0
-656.05322 -63.750244 12.841578 0
-655.75861 -63.726704 12.836674 0
-655.64856 -63.726822 12.837054 0
-655.5296 -63.724422 12.842735 0
-655.44678 -63.723175 12.810159 0
-655.3717 -63.75304 12.848095 0
-655.20502 -63.757782 12.839009 0
-655.18182 -63.753773 12.805446 0
-654.33569 -63.763596 12.828655 0
-654.05798 -63.77132 12.860929 0
-653.95941 -63.7887 12.86142 0
-653.76404 -63.790482 12.857065 0
-663.13086 -63.601402 12.838169 0
-660.90607 -63.606754 12.883277 0
-660.2724 -63.649616 12.834316 0
-659.51477 -63.636707 12.860785 0
-659.09021 -63.616173 12.866451 0
-658.94031 -63.610344 12.847437 0
-658.79041 -63.604519 12.828423 0
-658.33954 -63.66153 12.833765 0
-657.89093 -63.674171 12.852571 0
-657.79144 -63.635723 12.857709 0
-657.61359 -63.652905 12.836341 0
-657.30353 -63.648571 12.869762 0
-656.85211 -63.677532 12.846508 0
-656.73969 -63.685394 12.831675 0
-656.18665 -63.651756 12.842748 0
-663.44873 -63.50742 12.890143 0
-663.08496 -63.545956 12.836717 0
-662.98962 -63.523079 12.816693 0
-662.64874 -63.519218 12.843295 0
-662.508 -63.515862 12.873143 0
-662.05536 -63.530117 12.883515 0
-661.55792 -63.551826 12.805706 0
-661.18201 -63.557072 12.826151 0
-660.51782 -63.57888 12.807443 0
-660.39185 -63.596668 12.849866 0
-659.37061 -63.598427 12.815413 0
-663.52112 -63.451874 12.884336 0
-663.09546 -63.491005 12.885998 0
-662.91553 -63.496929 12.867301 0
-669.73291 -72.201805 12.909339 0
-667.40869 -72.281776 12.945252 0
-671.09875 -72.115585 12.926495 0
-670.46783 -72.120529 12.982773 0
-670.36908 -72.105721 12.961047 0
-669.76514 -72.177704 12.905239 0
-669.18134 -72.171776 12.975213 0
-671.08014 -72.027481 12.953115 0
-671.65753 -71.992645 12.973166 0
-652.95404 -65.714134 12.991485 0
-652.93347 -64.576874 12.932199 0
-652.86261 -64.380684 12.921386 0
-655.20734 -63.84832 12.990947 0
-655.11804 -63.815063 12.9726 0
-654.50232 -63.837608 12.95102 0
-653.86938 -63.837936 12.915277 0
-653.66547 -63.805664 12.949732 0
-653.43304 -63.848106 12.907742 0
-653.35822 -63.865562 12.903241 0
-653.21155 -63.811974 12.956113 0
-657.30951 -63.705135 12.98602 0
-657.1629 -63.708481 12.954937 0
-656.99915 -63.721676 12.958567 0
-656.83307 -63.713398 12.933278 0
-656.76221 -63.707607 12.929117 0
-656.66089 -63.712437 12.963773 0
-656.55457 -63.722336 12.934252 0
-656.32916 -63.719452 12.950496 0
-655.7691 -63.71032 12.963645 0
-655.51886 -63.782986 12.941763 0
-655.12286 -63.729469 12.927828 0
-653.46246 -63.791763 12.960732 0
-653.07959 -63.785892 12.976273 0
-660.38892 -63.605938 12.93279 0
-659.67407 -63.601101 12.965872 0
-659.55133 -63.622475 12.974715 0
-658.61975 -63.657402 12.984068 0
-658.55701 -63.634064 12.96917 0
-658.41187 -63.653122 12.997631 0
-658.26288 -63.655746 12.957584 0
-657.66895 -63.677116 12.957247 0
-657.59998 -63.666992 12.941442 0
-657.46747 -63.658207 12.981591 0
-657.24536 -63.667854 12.956409 0
-656.28394 -63.675011 12.997014 0
-656.15631 -63.698792 12.996588 0
-655.76526 -63.692543 12.925044 0
-662.92249 -63.530365 12.926127 0
-662.2616 -63.518105 12.914595 0
-662.05371 -63.53281 12.975695 0
-661.82593 -63.512264 12.950765 0
-661.65479 -63.545967 12.9526 0
-661.38599 -63.593487 12.982915 0
-661.29211 -63.56382 12.967179 0
-661.02966 -63.575706 12.953684 0
-660.86365 -63.576294 12.907864 0
-660.56531 -63.572704 12.930573 0
-660.47699 -63.589252 12.929187 0
-660.20148 -63.581566 12.957454 0
-660.10309 -63.571072 12.907175 0
-667.91656 -72.331734 13.060535 0
-669.57739 -72.213196 13.057387 0
-669.49707 -72.226387 13.046002 0
-670.53156 -72.16082 13.074545 0
-669.76392 -72.183678 13.071642 0
-669.56818 -72.172501 13.069651 0
-652.94891 -64.257957 13.02585 0
-655.92389 -63.825813 13.024014 0
-654.03607 -63.825146 13.064364 0
-653.40021 -63.827301 13.051022 0
-657.61615 -63.70422 13.088849 0
-656.30511 -63.719723 13.082807 0
-656.15753 -63.754528 13.056991 0
-656.08685 -63.748089 13.001025 0
-655.36993 -63.708809 13.007749 0
-655.22333 -63.741142 13.038648 0
-654.19824 -63.768883 13.046501 0
-653.56824 -63.79924 13.075799 0
-659.83606 -63.602619 13.073998 0
-659.47144 -63.607979 13.077511 0
-659.39795 -63.631767 13.077153 0
-658.41095 -63.648731 13.087411 0
-657.77905 -63.662033 13.018139 0
-657.19214 -63.668079 13.094469 0
-656.72913 -63.681885 13.041429 0
-656.14441 -63.673649 13.052855 0
-663.05225 -63.516399 13.065026 0
-662.90979 -63.510391 13.022659 0
-662.85559 -63.535412 13.087851 0
-662.5451 -63.535984 13.047029 0
-662.4906 -63.540356 13.093191 0
-661.94281 -63.542152 13.002701 0
-661.83533 -63.545673 13.097244 0
-661.58783 -63.561367 13.078376 0
-661.38501 -63.561661 13.042652 0
-660.13336 -63.579403 13.034949 0
-659.97418 -63.564156 13.003665 0
-659.65259 -63.599323 13.093214 0
-668.96338 -72.218658 13.129548 0
-670.72235 -72.142159 13.107826 0
-670.51929 -72.138985 13.178539 0
-671.86377 -72.017487 13.138683 0
-652.94983 -65.556831 13.107009 0
-653.63043 -63.804489 13.10053 0
-658.44769 -63.777348 13.17508 0
-657.80402 -63.744205 13.119051 0
-657.11768 -63.70557 13.129246 0
-657.01862 -63.710175 13.143301 0
-656.54022 -63.726234 13.107806 0
-654.84625 -63.737923 13.145243 0
-660.08899 -63.613911 13.100945 0
-659.94714 -63.64146 13.107291 0
-659.87805 -63.611538 13.132124 0
-659.68408 -63.600849 13.130632 0
-658.96729 -63.635818 13.155061 0
-658.66754 -63.650753 13.194696 0
-658.56555 -63.632935 13.10149 0
-658.13318 -63.683826 13.170813 0
-657.95581 -63.652748 13.113177 0
-657.76343 -63.663387 13.148134 0
-657.52356 -63.657631 13.135259 0
-657.43988 -63.663197 13.163039 0
-657.25427 -63.670563 13.15554 0
-656.48254 -63.685486 13.111859 0
-662.7171 -63.50909 13.195705 0
-662.65027 -63.50766 13.196879 0
-662.59082 -63.530117 13.175936 0
-662.46637 -63.520554 13.142721 0
-662.35919 -63.549976 13.126156 0
-662.2951 -63.559063 13.102366 0
-661.51477 -63.520554 13.135448 0
-661.16846 -63.528187 13.101179 0
-661.03821 -63.583866 13.181536 0
-660.86835 -63.541458 13.130924 0
-660.34753 -63.586044 13.174017 0
-659.98688 -63.597519 13.172552 0
-663.33887 -63.48518 13.104878 0
-662.71063 -63.496376 13.14382 0
-662.58374 -63.479301 13.136937 0
-662.2016 -63.470516 13.188559 0
-661.59967 -63.498772 13.135044 0
-669.73395 -72.201309 13.230799 0
-671.50903 -72.110977 13.28339 0
-671.28229 -72.159943 13.282523 0
-670.98236 -72.122711 13.249928 0
-670.40778 -72.199883 13.241732 0
-670.2655 -72.165436 13.220683 0
-668.46942 -72.193916 13.242068 0
-668.36945 -72.186958 13.292293 0
-658.6059 -63.645962 13.216545 0
-658.1604 -63.681377 13.247877 0
-662.79541 -63.538723 13.223434 0
-662.69434 -63.537716 13.200034 0
-658.23969 -63.58226 13.278248 0
-663.60571 -63.473816 13.267733 0
-663.22296 -63.491432 13.247593 0
-661.96002 -63.499893 13.235279 0
-669.07263 -72.237762 13.34082 0
-668.28296 -72.243538 13.344941 0
-668.79797 -72.186852 13.355171 0
-668.46942 -72.199768 13.312614 0
-671.67548 -72.066116 13.308115 0
-671.21954 -72.125298 13.408484 0
-669.54547 -72.170883 13.489223 0
-669.35999 -72.141296 13.413368 0
-668.56799 -72.137421 13.408749 0
-670.91473 -72.079727 13.419016 0
